{
"type": "FeatureCollection",
"name": "mar_territorial",
"crs": { "type": "name", "properties": { "name": "urn:ogc:def:crs:OGC:1.3:CRS84" } },
"features": [
{ "type": "Feature", "properties": { "name": "Límite 12 millas (Mar Territorial Argentino)", "cmt": null, "desc": null, "src": null, "link1_href": null, "link1_text": null, "link1_type": null, "link2_href": null, "link2_text": null, "link2_type": null, "number": null, "type": null, "gpxx_TrackExtension": "<gpxx:DisplayColor>Red</gpxx:DisplayColor>", "ogr_tessellate": -1, "ogr_extrude": 0, "ogr_visibility": -1, "ogr_entidad": null, "ogr_objeto": null, "ogr_fdc": null, "ogr_sag": null }, "geometry": { "type": "MultiLineString", "coordinates": [ [ [ -26.2619449, -57.595867098, 0.0 ], [ -26.2415082, -57.598610298, 0.0 ], [ -26.1546525, -57.631511598, 0.0 ], [ -26.0780152, -57.672596298, 0.0 ], [ -26.0575785, -57.699960098, 0.0 ], [ -26.0422511, -57.724569898, 0.0 ], [ -26.0422511, -57.732769398, 0.0 ], [ -26.0371419, -57.776468598, 0.0 ], [ -26.0524694, -57.825566898, 0.0 ], [ -26.0780152, -57.866430898, 0.0 ], [ -26.0831243, -57.874598098, 0.0 ], [ -26.1188884, -57.909967897999898, 0.0 ], [ -26.1291068, -57.918125198, 0.0 ], [ -26.2210716, -57.961599398, 0.0 ], [ -26.3283639, -57.991457198, 0.0 ], [ -26.4050013, -58.002308398, 0.0 ], [ -26.4816387, -58.010444698, 0.0 ], [ -26.5684943, -58.002308398, 0.0 ], [ -26.65535, -57.980602698, 0.0 ], [ -26.7370966, -57.942585897999898, 0.0 ], [ -26.7984064, -57.893647697999903, 0.0 ], [ -26.8443889, -57.844642498, 0.0 ], [ -26.8597163, -57.792842198, 0.0 ], [ -26.8443889, -57.735502098, 0.0 ], [ -26.7984064, -57.680807597999902, 0.0 ], [ -26.7013324, -57.617806398, 0.0 ], [ -26.6349134, -57.598610298, 0.0 ], [ -26.5684943, -57.590380298, 0.0 ], [ -26.4816387, -57.579403998, 0.0 ], [ -26.3385822, -57.582148398, 0.0 ], [ -26.3181456, -57.584892497999903, 0.0 ], [ -26.2619449, -57.595867098, 0.0 ] ] ] } },
{ "type": "Feature", "properties": { "name": null, "cmt": null, "desc": null, "src": null, "link1_href": null, "link1_text": null, "link1_type": null, "link2_href": null, "link2_text": null, "link2_type": null, "number": null, "type": null, "gpxx_TrackExtension": "<gpxx:DisplayColor>Red</gpxx:DisplayColor>", "ogr_tessellate": -1, "ogr_extrude": 0, "ogr_visibility": -1, "ogr_entidad": 4, "ogr_objeto": "Límite del Mar Territorial Argentino", "ogr_fdc": "Servicio de Hidrografía Naval", "ogr_sag": "Servicio de Hidrografía Naval" }, "geometry": { "type": "MultiLineString", "coordinates": [ [ [ -59.5245833, -52.928240597999903, 0.0 ], [ -59.5223638, -52.916167898, 0.0 ], [ -59.5112663, -52.882614998, 0.0 ], [ -59.5090468, -52.873215498, 0.0 ], [ -59.5023883, -52.863813897999897, 0.0 ], [ -59.4801934, -52.834252897999903, 0.0 ], [ -59.4446815, -52.797945698, 0.0 ], [ -59.4025111, -52.769685798, 0.0 ], [ -59.3514628, -52.745448298, 0.0 ], [ -59.298195, -52.730629797999903, 0.0 ], [ -59.2382687, -52.721197198, 0.0 ], [ -59.1694644, -52.723892398, 0.0 ], [ -59.1006601, -52.733324398, 0.0 ], [ -59.0385143, -52.752182298, 0.0 ], [ -58.983027, -52.779107798, 0.0 ], [ -58.9452956, -52.808706598, 0.0 ], [ -58.9142227, -52.8409730979999, 0.0 ], [ -58.9097837, -52.849035898, 0.0 ], [ -58.8986862, -52.862470698, 0.0 ], [ -58.8875888, -52.877244097999899, 0.0 ], [ -58.8809303, -52.906775697999898, 0.0 ], [ -58.8787108, -52.914826298, 0.0 ], [ -58.8787108, -52.920192497999899, 0.0 ], [ -58.8787108, -52.945672897999899, 0.0 ], [ -58.8831498, -52.973817897999901, 0.0 ], [ -58.8831498, -52.975157698, 0.0 ], [ -58.8898083, -52.991231797999902, 0.0 ], [ -58.8942472, -53.004622298, 0.0 ], [ -58.9186617, -53.034066697999897, 0.0 ], [ -58.9541735, -53.060816798, 0.0 ], [ -58.9985634, -53.084877698, 0.0 ], [ -59.0096609, -53.088886498, 0.0 ], [ -59.0185388, -53.092894897999898, 0.0 ], [ -59.0540507, -53.106253697999897, 0.0 ], [ -59.0562702, -53.106253697999897, 0.0 ], [ -59.1050991, -53.120943597999897, 0.0 ], [ -59.1095381, -53.122278798, 0.0 ], [ -59.1827813, -53.1342935979999, 0.0 ], [ -59.2205127, -53.1342935979999, 0.0 ], [ -59.2582441, -53.1342935979999, 0.0 ], [ -59.280439, -53.131623998, 0.0 ], [ -59.3092924, -53.127619098, 0.0 ], [ -59.3115119, -53.127619098, 0.0 ], [ -59.3492433, -53.116937798, 0.0 ], [ -59.3603408, -53.112931597999903, 0.0 ], [ -59.4047306, -53.096902998, 0.0 ], [ -59.4113891, -53.092894897999898, 0.0 ], [ -59.446901, -53.074185598, 0.0 ], [ -59.4579985, -53.066164797999903, 0.0 ], [ -59.4646569, -53.059479698, 0.0 ], [ -59.4801934, -53.048781297999902, 0.0 ], [ -59.4868519, -53.040755798, 0.0 ], [ -59.4935104, -53.032728797999901, 0.0 ], [ -59.5068273, -53.019346997999897, 0.0 ], [ -59.5090468, -53.015331698, 0.0 ], [ -59.5201443, -52.991231797999902, 0.0 ], [ -59.5268027, -52.960417897999903, 0.0 ], [ -59.5268027, -52.959077598, 0.0 ], [ -59.5268027, -52.951035298, 0.0 ], [ -59.5268027, -52.942991498, 0.0 ], [ -59.5245833, -52.928240597999903, 0.0 ] ] ] } },
{ "type": "Feature", "properties": { "name": null, "cmt": null, "desc": null, "src": null, "link1_href": null, "link1_text": null, "link1_type": null, "link2_href": null, "link2_text": null, "link2_type": null, "number": null, "type": null, "gpxx_TrackExtension": "<gpxx:DisplayColor>Red</gpxx:DisplayColor>", "ogr_tessellate": -1, "ogr_extrude": 0, "ogr_visibility": -1, "ogr_entidad": 4, "ogr_objeto": "Límite del Mar Territorial Argentino", "ogr_fdc": "Servicio de Hidrografía Naval", "ogr_sag": "Servicio de Hidrografía Naval" }, "geometry": { "type": "MultiLineString", "coordinates": [ [ [ -42.2014402, -53.357951797999903, 0.0 ], [ -42.2080987, -53.360607297999898, 0.0 ], [ -42.2413911, -53.372555098, 0.0 ], [ -42.2436106, -53.372555098, 0.0 ], [ -42.2880005, -53.392460698, 0.0 ], [ -42.3079759, -53.404399498, 0.0 ], [ -42.3257319, -53.416334998, 0.0 ], [ -42.3346098, -53.425615798, 0.0 ], [ -42.3368293, -53.4282670979999, 0.0 ], [ -42.3568048, -53.448146397999899, 0.0 ], [ -42.3590243, -53.449471398, 0.0 ], [ -42.3789997, -53.483905697999901, 0.0 ], [ -42.3834387, -53.502435598, 0.0 ], [ -42.3900972, -53.523602798, 0.0 ], [ -42.3923166, -53.530215298, 0.0 ], [ -42.3945361, -53.542115297999899, 0.0 ], [ -42.3945361, -53.550046698, 0.0 ], [ -42.3945361, -53.577794997999902, 0.0 ], [ -42.3834387, -53.613444498, 0.0 ], [ -42.3656827, -53.645107598, 0.0 ], [ -42.3346098, -53.671475298, 0.0 ], [ -42.2968784, -53.7004605979999, 0.0 ], [ -42.2524886, -53.724160898, 0.0 ], [ -42.1703673, -53.749163398, 0.0 ], [ -42.1015631, -53.758371097999898, 0.0 ], [ -42.0971241, -53.758371097999898, 0.0 ], [ -42.0638317, -53.787296297999902, 0.0 ], [ -41.9972469, -53.820141497999899, 0.0 ], [ -41.966174, -53.829333597999899, 0.0 ], [ -41.9173451, -53.842461498, 0.0 ], [ -41.8662968, -53.849023998, 0.0 ], [ -41.7930535, -53.851648597999898, 0.0 ], [ -41.7264687, -53.845086598, 0.0 ], [ -41.6576645, -53.831959497999897, 0.0 ], [ -41.6310305, -53.824081197999902, 0.0 ], [ -41.6043966, -53.816201497999899, 0.0 ], [ -41.5977381, -53.813574498, 0.0 ], [ -41.5466898, -53.789924898, 0.0 ], [ -41.5089584, -53.767576698, 0.0 ], [ -41.5000805, -53.761001498, 0.0 ], [ -41.4912025, -53.753109798, 0.0 ], [ -41.4623491, -53.728109698, 0.0 ], [ -41.4401541, -53.696509197999902, 0.0 ], [ -41.4357152, -53.680700097999903, 0.0 ], [ -41.4290567, -53.663566698, 0.0 ], [ -41.4290567, -53.653019698, 0.0 ], [ -41.4290567, -53.621362497999897, 0.0 ], [ -41.4445931, -53.579115897999898, 0.0 ], [ -41.4579101, -53.547403098, 0.0 ], [ -41.4778855, -53.518311997999902, 0.0 ], [ -41.5178364, -53.485229498, 0.0 ], [ -41.5755432, -53.457420198, 0.0 ], [ -41.6621034, -53.430918198, 0.0 ], [ -41.7619806, -53.412356798, 0.0 ], [ -41.804151, -53.404399498, 0.0 ], [ -41.8263459, -53.391133898, 0.0 ], [ -41.8707358, -53.368572898, 0.0 ], [ -41.9284426, -53.349984198, 0.0 ], [ -41.9883689, -53.339358498, 0.0 ], [ -42.0482952, -53.334044597999899, 0.0 ], [ -42.1126605, -53.336701597999898, 0.0 ], [ -42.1592699, -53.345999897999903, 0.0 ], [ -42.1792453, -53.349984198, 0.0 ], [ -42.2014402, -53.357951797999903, 0.0 ] ] ] } },
{ "type": "Feature", "properties": { "name": null, "cmt": null, "desc": null, "src": null, "link1_href": null, "link1_text": null, "link1_type": null, "link2_href": null, "link2_text": null, "link2_type": null, "number": null, "type": null, "gpxx_TrackExtension": "<gpxx:DisplayColor>Red</gpxx:DisplayColor>", "ogr_tessellate": -1, "ogr_extrude": 0, "ogr_visibility": -1, "ogr_entidad": 4, "ogr_objeto": "Límite del Mar Territorial Argentino", "ogr_fdc": "Servicio de Hidrografía Naval", "ogr_sag": "Servicio de Hidrografía Naval" }, "geometry": { "type": "MultiLineString", "coordinates": [ [ [ -28.0041677, -56.464887898, 0.0 ], [ -27.9326395, -56.481854198, 0.0 ], [ -27.8560022, -56.5129392979999, 0.0 ], [ -27.8151289, -56.532707398, 0.0 ], [ -27.7844739, -56.555286797999898, 0.0 ], [ -27.753819, -56.586311498, 0.0 ], [ -27.7333824, -56.620127398, 0.0 ], [ -27.723164, -56.648284197999899, 0.0 ], [ -27.723164, -56.679232198, 0.0 ], [ -27.7333824, -56.710154798, 0.0 ], [ -27.7384915, -56.718583797999898, 0.0 ], [ -27.7487098, -56.741051797999901, 0.0 ], [ -27.7742556, -56.763506397999898, 0.0 ], [ -27.7793648, -56.769117897999898, 0.0 ], [ -27.8100197, -56.791555698, 0.0 ], [ -27.8662205, -56.822385498, 0.0 ], [ -27.9326395, -56.841991298, 0.0 ], [ -27.9990586, -56.853189997999898, 0.0 ], [ -28.0092769, -56.855989098, 0.0 ], [ -28.0808051, -56.858787998, 0.0 ], [ -28.1829883, -56.853189997999898, 0.0 ], [ -28.2596256, -56.841991298, 0.0 ], [ -28.3260447, -56.819583898, 0.0 ], [ -28.3873546, -56.785947498, 0.0 ], [ -28.3924637, -56.783143098, 0.0 ], [ -28.433337, -56.749473898, 0.0 ], [ -28.4588828, -56.707344698, 0.0 ], [ -28.4691011, -56.670794397999899, 0.0 ], [ -28.463992, -56.634208498, 0.0 ], [ -28.4537736, -56.600405198, 0.0 ], [ -28.4282278, -56.569392098, 0.0 ], [ -28.3822454, -56.524236598, 0.0 ], [ -28.3260447, -56.493160798, 0.0 ], [ -28.2545165, -56.470544198, 0.0 ], [ -28.1829883, -56.459230798, 0.0 ], [ -28.1012417, -56.456401898, 0.0 ], [ -28.0041677, -56.464887898, 0.0 ] ] ] } },
{ "type": "Feature", "properties": { "name": null, "cmt": null, "desc": null, "src": null, "link1_href": null, "link1_text": null, "link1_type": null, "link2_href": null, "link2_text": null, "link2_type": null, "number": null, "type": null, "gpxx_TrackExtension": "<gpxx:DisplayColor>Red</gpxx:DisplayColor>", "ogr_tessellate": -1, "ogr_extrude": 0, "ogr_visibility": -1, "ogr_entidad": 4, "ogr_objeto": "Límite del Mar Territorial Argentino", "ogr_fdc": "Servicio de Hidrografía Naval", "ogr_sag": "Servicio de Hidrografía Naval" }, "geometry": { "type": "MultiLineString", "coordinates": [ [ [ -37.3163361, -54.672793698, 0.0 ], [ -37.3718234, -54.643197898, 0.0 ], [ -37.4006768, -54.623884598, 0.0 ], [ -37.4339692, -54.581362898, 0.0 ], [ -37.4650421, -54.555570498, 0.0 ], [ -37.5072125, -54.533634097999901, 0.0 ], [ -37.5360659, -54.518142398, 0.0 ], [ -37.5582609, -54.505228197999898, 0.0 ], [ -37.5782363, -54.494893798, 0.0 ], [ -37.5915532, -54.484556897999902, 0.0 ], [ -37.6248456, -54.458702898, 0.0 ], [ -37.6403821, -54.447063297999897, 0.0 ], [ -37.6514796, -54.439301698, 0.0 ], [ -37.6869914, -54.417302498, 0.0 ], [ -37.7202838, -54.401766498, 0.0 ], [ -37.7424788, -54.392701098, 0.0 ], [ -37.7446983, -54.391405898, 0.0 ], [ -37.8401365, -54.359011998, 0.0 ], [ -37.8889653, -54.336969597999897, 0.0 ], [ -37.9444526, -54.313617498, 0.0 ], [ -38.004379, -54.295445598, 0.0 ], [ -38.0643053, -54.281161998, 0.0 ], [ -38.2085723, -54.257778098, 0.0 ], [ -38.2884741, -54.243481398, 0.0 ], [ -38.3661563, -54.222677298, 0.0 ], [ -38.4416191, -54.194054397999899, 0.0 ], [ -38.5082039, -54.154991098, 0.0 ], [ -38.5592522, -54.119802498, 0.0 ], [ -38.5992031, -54.081973798, 0.0 ], [ -38.6280565, -54.038885197999903, 0.0 ], [ -38.6458124, -53.997059497999899, 0.0 ], [ -38.6458124, -53.987904398, 0.0 ], [ -38.6480319, -53.969588298, 0.0 ], [ -38.6480319, -53.955191398, 0.0 ], [ -38.630276, -53.913281098, 0.0 ], [ -38.625837, -53.908039297999899, 0.0 ], [ -38.6147395, -53.893621098, 0.0 ], [ -38.6036421, -53.880509198, 0.0 ], [ -38.5659107, -53.8529608979999, 0.0 ], [ -38.5614717, -53.851648597999898, 0.0 ], [ -38.5414963, -53.841148898, 0.0 ], [ -38.5148623, -53.829333597999899, 0.0 ], [ -38.4615945, -53.8122609979999, 0.0 ], [ -38.3639368, -53.795181498, 0.0 ], [ -38.2840351, -53.792553298, 0.0 ], [ -38.2063528, -53.795181498, 0.0 ], [ -38.0776222, -53.808320197999898, 0.0 ], [ -37.9400137, -53.8122609979999, 0.0 ], [ -37.8179415, -53.804378997999898, 0.0 ], [ -37.6825525, -53.782038598, 0.0 ], [ -37.6403821, -53.774150898, 0.0 ], [ -37.6248456, -53.770206497999901, 0.0 ], [ -37.6159677, -53.768891697999898, 0.0 ], [ -37.5937727, -53.764946798, 0.0 ], [ -37.5871143, -53.763631698, 0.0 ], [ -37.522749, -53.759686298, 0.0 ], [ -37.4894566, -53.761001498, 0.0 ], [ -37.4583837, -53.761001498, 0.0 ], [ -37.4517252, -53.762316598, 0.0 ], [ -37.3984574, -53.767576698, 0.0 ], [ -37.34297, -53.779409598, 0.0 ], [ -37.3407505, -53.779409598, 0.0 ], [ -37.338531, -53.779409598, 0.0 ], [ -37.3163361, -53.784667498, 0.0 ], [ -37.3030192, -53.787296297999902, 0.0 ], [ -37.2186784, -53.805692797999903, 0.0 ], [ -37.0056071, -53.850336297999903, 0.0 ], [ -36.8347061, -53.884443198, 0.0 ], [ -36.6815611, -53.911970697999898, 0.0 ], [ -36.6127568, -53.919832398, 0.0 ], [ -36.550611, -53.931622097999899, 0.0 ], [ -36.4596118, -53.961736098, 0.0 ], [ -36.3908075, -53.9957516979999, 0.0 ], [ -36.3242227, -54.032352698, 0.0 ], [ -36.1954921, -54.085888698, 0.0 ], [ -36.1777362, -54.093717497999897, 0.0 ], [ -36.1533218, -54.104153498, 0.0 ], [ -36.1289073, -54.114586797999898, 0.0 ], [ -36.0889565, -54.135445597999897, 0.0 ], [ -36.0512251, -54.161504298, 0.0 ], [ -36.0245912, -54.181037397999901, 0.0 ], [ -36.0201522, -54.183641198, 0.0 ], [ -35.9491284, -54.236981198, 0.0 ], [ -35.938031, -54.244781298, 0.0 ], [ -35.906958, -54.266873398, 0.0 ], [ -35.8492512, -54.305830498, 0.0 ], [ -35.758252, -54.365492898, 0.0 ], [ -35.6650333, -54.423774098, 0.0 ], [ -35.6073265, -54.470339198, 0.0 ], [ -35.5562782, -54.520724797999897, 0.0 ], [ -35.4941323, -54.563309998, 0.0 ], [ -35.4541815, -54.609715697999903, 0.0 ], [ -35.4319865, -54.641910598, 0.0 ], [ -35.4186696, -54.675366197999899, 0.0 ], [ -35.4164501, -54.716504298, 0.0 ], [ -35.4186696, -54.725497698, 0.0 ], [ -35.4364255, -54.752465797999903, 0.0 ], [ -35.4364255, -54.767868098, 0.0 ], [ -35.4231086, -54.805065898, 0.0 ], [ -35.4186696, -54.839667498, 0.0 ], [ -35.4275476, -54.858877698, 0.0 ], [ -35.451962, -54.894712198, 0.0 ], [ -35.4941323, -54.926680298, 0.0 ], [ -35.5407417, -54.961177098, 0.0 ], [ -35.5740341, -54.973946198, 0.0 ], [ -35.609546, -54.9841584979999, 0.0 ], [ -35.6494969, -54.998196198, 0.0 ], [ -35.7160816, -55.021156398, 0.0 ], [ -35.7804469, -55.044103298, 0.0 ], [ -35.8559097, -55.067036997999899, 0.0 ], [ -35.924714, -55.082318798, 0.0 ], [ -36.0001768, -55.095049198, 0.0 ], [ -36.082298, -55.100140198, 0.0 ], [ -36.1355658, -55.098867497999898, 0.0 ], [ -36.1843947, -55.092503398, 0.0 ], [ -36.2376625, -55.081045597999903, 0.0 ], [ -36.2842719, -55.0632155979999, 0.0 ], [ -36.3286617, -55.041554297999902, 0.0 ], [ -36.3308812, -55.041554297999902, 0.0 ], [ -36.3508567, -55.028806797999898, 0.0 ], [ -36.3552956, -55.027531798, 0.0 ], [ -36.3730516, -55.017330597999901, 0.0 ], [ -36.3752711, -55.017330597999901, 0.0 ], [ -36.3863685, -55.0096778979999, 0.0 ], [ -36.4374169, -54.981605698, 0.0 ], [ -36.4573923, -54.971392697999903, 0.0 ], [ -36.4995627, -54.948403997999897, 0.0 ], [ -36.5239771, -54.935626798, 0.0 ], [ -36.5372941, -54.927958498, 0.0 ], [ -36.5439525, -54.925401998, 0.0 ], [ -36.5617085, -54.916453298, 0.0 ], [ -36.5772449, -54.906223597999897, 0.0 ], [ -36.6482687, -54.887036098, 0.0 ], [ -36.7192925, -54.867839298, 0.0 ], [ -36.8768765, -54.826855498, 0.0 ], [ -37.0255825, -54.784547198, 0.0 ], [ -37.1298987, -54.742194398, 0.0 ], [ -37.2519708, -54.697225998, 0.0 ], [ -37.3163361, -54.672793698, 0.0 ] ] ] } },
{ "type": "Feature", "properties": { "name": null, "cmt": null, "desc": null, "src": null, "link1_href": null, "link1_text": null, "link1_type": null, "link2_href": null, "link2_text": null, "link2_type": null, "number": null, "type": null, "gpxx_TrackExtension": "<gpxx:DisplayColor>Red</gpxx:DisplayColor>", "ogr_tessellate": -1, "ogr_extrude": 0, "ogr_visibility": -1, "ogr_entidad": 4, "ogr_objeto": "Límite del Mar Territorial Argentino", "ogr_fdc": "Servicio de Hidrografía Naval", "ogr_sag": "Servicio de Hidrografía Naval" }, "geometry": { "type": "MultiLineString", "coordinates": [ [ [ -34.5264334, -54.851194698, 0.0 ], [ -34.5242139, -54.851194698, 0.0 ], [ -34.4753851, -54.860157998, 0.0 ], [ -34.4731656, -54.861438398, 0.0 ], [ -34.4554096, -54.866559197999898, 0.0 ], [ -34.4309952, -54.874239298, 0.0 ], [ -34.4176782, -54.881917798, 0.0 ], [ -34.4021418, -54.890874298, 0.0 ], [ -34.3755079, -54.904944798, 0.0 ], [ -34.3533129, -54.924123798, 0.0 ], [ -34.339996, -54.935626798, 0.0 ], [ -34.3200205, -54.950958898, 0.0 ], [ -34.2978256, -54.982882097999898, 0.0 ], [ -34.2889476, -55.016055197999897, 0.0 ], [ -34.2867281, -55.064489497999901, 0.0 ], [ -34.3111426, -55.114137098, 0.0 ], [ -34.3577519, -55.158639998, 0.0 ], [ -34.4221172, -55.191666998, 0.0 ], [ -34.4598486, -55.206900998, 0.0 ], [ -34.502019, -55.218322698, 0.0 ], [ -34.5441893, -55.222129197999898, 0.0 ], [ -34.5841402, -55.225935298, 0.0 ], [ -34.6906759, -55.236083097999902, 0.0 ], [ -34.80387, -55.229740998, 0.0 ], [ -34.8571379, -55.220860398, 0.0 ], [ -34.8926497, -55.215784798, 0.0 ], [ -34.8948692, -55.214515798, 0.0 ], [ -34.9192837, -55.205631798, 0.0 ], [ -34.974771, -55.186587797999898, 0.0 ], [ -34.9925269, -55.177697398, 0.0 ], [ -35.0169413, -55.164993497999902, 0.0 ], [ -35.0457948, -55.149743397999899, 0.0 ], [ -35.0613312, -55.135758998, 0.0 ], [ -35.0746482, -55.124313598, 0.0 ], [ -35.0790872, -55.120497698, 0.0 ], [ -35.0857456, -55.115409298, 0.0 ], [ -35.0924041, -55.103957997999899, 0.0 ], [ -35.1101601, -55.075952098, 0.0 ], [ -35.1212575, -55.045377698, 0.0 ], [ -35.119038, -55.013504398, 0.0 ], [ -35.114599, -54.981605698, 0.0 ], [ -35.1035016, -54.949681498, 0.0 ], [ -35.0724287, -54.911338798, 0.0 ], [ -35.0369168, -54.883197498, 0.0 ], [ -34.97921, -54.853755898, 0.0 ], [ -34.9104057, -54.828136898, 0.0 ], [ -34.8349429, -54.816603098, 0.0 ], [ -34.7661386, -54.812757698, 0.0 ], [ -34.7372852, -54.815321298, 0.0 ], [ -34.7350657, -54.815321298, 0.0 ], [ -34.7217488, -54.816603098, 0.0 ], [ -34.7039928, -54.817884798, 0.0 ], [ -34.6995538, -54.817884798, 0.0 ], [ -34.6884564, -54.819166397999901, 0.0 ], [ -34.6862369, -54.819166397999901, 0.0 ], [ -34.6684809, -54.823011198, 0.0 ], [ -34.6018962, -54.837105397999899, 0.0 ], [ -34.5663843, -54.843510197999898, 0.0 ], [ -34.5441893, -54.847352698, 0.0 ], [ -34.5264334, -54.851194698, 0.0 ] ] ] } },
{ "type": "Feature", "properties": { "name": null, "cmt": null, "desc": null, "src": null, "link1_href": null, "link1_text": null, "link1_type": null, "link2_href": null, "link2_text": null, "link2_type": null, "number": null, "type": null, "gpxx_TrackExtension": "<gpxx:DisplayColor>Red</gpxx:DisplayColor>", "ogr_tessellate": -1, "ogr_extrude": 0, "ogr_visibility": -1, "ogr_entidad": 4, "ogr_objeto": "Límite del Mar Territorial Argentino", "ogr_fdc": "Servicio de Hidrografía Naval", "ogr_sag": "Servicio de Hidrografía Naval" }, "geometry": { "type": "MultiLineString", "coordinates": [ [ [ -27.2071391, -56.995678298, 0.0 ], [ -27.1764841, -56.964991697999899, 0.0 ], [ -27.1458292, -56.939865598, 0.0 ], [ -27.1305017, -56.928692998, 0.0 ], [ -27.1509384, -56.931486498, 0.0 ], [ -27.2326849, -56.925899297999898, 0.0 ], [ -27.3144314, -56.914722497999897, 0.0 ], [ -27.3808505, -56.900746797999901, 0.0 ], [ -27.4370512, -56.881171897999899, 0.0 ], [ -27.4932519, -56.850390597999898, 0.0 ], [ -27.5443435, -56.819583898, 0.0 ], [ -27.5749985, -56.783143098, 0.0 ], [ -27.6005443, -56.738244097999903, 0.0 ], [ -27.6056534, -56.696102197999899, 0.0 ], [ -27.5903259, -56.645469498, 0.0 ], [ -27.559671, -56.600405198, 0.0 ], [ -27.5239069, -56.569392098, 0.0 ], [ -27.4728153, -56.541176298, 0.0 ], [ -27.4268329, -56.524236598, 0.0 ], [ -27.3808505, -56.510114398, 0.0 ], [ -27.3042131, -56.490334498, 0.0 ], [ -27.2480124, -56.484681198, 0.0 ], [ -27.1867025, -56.481854198, 0.0 ], [ -27.1100651, -56.484681198, 0.0 ], [ -27.0334277, -56.498812898, 0.0 ], [ -26.9363537, -56.527060397999897, 0.0 ], [ -26.8852621, -56.549643198, 0.0 ], [ -26.8443889, -56.569392098, 0.0 ], [ -26.783079, -56.617310598, 0.0 ], [ -26.7473149, -56.673607198, 0.0 ], [ -26.7422057, -56.701723898, 0.0 ], [ -26.7422057, -56.729819498, 0.0 ], [ -26.7626423, -56.783143098, 0.0 ], [ -26.783079, -56.813979898, 0.0 ], [ -26.8188431, -56.844791298, 0.0 ], [ -26.8341706, -56.853189997999898, 0.0 ], [ -26.8137339, -56.853189997999898, 0.0 ], [ -26.8035156, -56.853189997999898, 0.0 ], [ -26.6911141, -56.853189997999898, 0.0 ], [ -26.6093676, -56.858787998, 0.0 ], [ -26.5378394, -56.869981697999897, 0.0 ], [ -26.4560929, -56.897950997999899, 0.0 ], [ -26.3896738, -56.931486498, 0.0 ], [ -26.3488005, -56.962200798, 0.0 ], [ -26.3232548, -56.992889598, 0.0 ], [ -26.3079273, -57.015192898, 0.0 ], [ -26.3079273, -57.017979898, 0.0 ], [ -26.297709, -57.070892297999897, 0.0 ], [ -26.297709, -57.079239997999899, 0.0 ], [ -26.297709, -57.104271697999899, 0.0 ], [ -26.3079273, -57.123729098, 0.0 ], [ -26.3181456, -57.145953597999899, 0.0 ], [ -26.3334731, -57.162613098, 0.0 ], [ -26.3845647, -57.204228998, 0.0 ], [ -26.4356562, -57.231946897999897, 0.0 ], [ -26.461202, -57.245797898, 0.0 ], [ -26.4663112, -57.2485674979999, 0.0 ], [ -26.5020753, -57.262412298, 0.0 ], [ -26.5531669, -57.279019198, 0.0 ], [ -26.6604592, -57.298384397999897, 0.0 ], [ -26.7575332, -57.303915398, 0.0 ], [ -26.7779698, -57.303915398, 0.0 ], [ -26.8239522, -57.306680598, 0.0 ], [ -26.8443889, -57.306680598, 0.0 ], [ -26.8903713, -57.306680598, 0.0 ], [ -26.9005896, -57.306680598, 0.0 ], [ -27.0027728, -57.295618598, 0.0 ], [ -27.0794101, -57.270716697999902, 0.0 ], [ -27.1305017, -57.243028098, 0.0 ], [ -27.14072, -57.234717498, 0.0 ], [ -27.1662658, -57.209774298, 0.0 ], [ -27.1918116, -57.182039698, 0.0 ], [ -27.2275757, -57.1292864979999, 0.0 ], [ -27.2326849, -57.084803998, 0.0 ], [ -27.2326849, -57.065326098, 0.0 ], [ -27.2326849, -57.040267997999898, 0.0 ], [ -27.2173574, -57.015192898, 0.0 ], [ -27.2071391, -56.995678298, 0.0 ] ] ] } },
{ "type": "Feature", "properties": { "name": null, "cmt": null, "desc": null, "src": null, "link1_href": null, "link1_text": null, "link1_type": null, "link2_href": null, "link2_text": null, "link2_type": null, "number": null, "type": null, "gpxx_TrackExtension": "<gpxx:DisplayColor>Red</gpxx:DisplayColor>", "ogr_tessellate": -1, "ogr_extrude": 0, "ogr_visibility": -1, "ogr_entidad": 4, "ogr_objeto": "Límite del Mar Territorial Argentino", "ogr_fdc": "Servicio de Hidrografía Naval", "ogr_sag": "Servicio de Hidrografía Naval" }, "geometry": { "type": "MultiLineString", "coordinates": [ [ [ -26.2874906, -58.194368697999899, 0.0 ], [ -26.1853075, -58.207854998, 0.0 ], [ -26.0677969, -58.242895298, 0.0 ], [ -25.9860503, -58.294045497999903, 0.0 ], [ -25.9298496, -58.350493797999903, 0.0 ], [ -25.909413, -58.414895397999899, 0.0 ], [ -25.909413, -58.503255098, 0.0 ], [ -25.9043038, -58.543344998, 0.0 ], [ -25.9247404, -58.578052297999903, 0.0 ], [ -25.9247404, -58.580720697999901, 0.0 ], [ -25.9553954, -58.602060298, 0.0 ], [ -25.9656137, -58.612725198, 0.0 ], [ -25.9962686, -58.626051698, 0.0 ], [ -26.006487, -58.628716397999902, 0.0 ], [ -26.0575785, -58.650026598, 0.0 ], [ -26.1188884, -58.668662398, 0.0 ], [ -26.1495434, -58.676645998, 0.0 ], [ -26.1648709, -58.679306897999901, 0.0 ], [ -26.2619449, -58.692607897999899, 0.0 ], [ -26.3539097, -58.692607897999899, 0.0 ], [ -26.3794555, -58.692607897999899, 0.0 ], [ -26.3998921, -58.689948097999903, 0.0 ], [ -26.4969661, -58.676645998, 0.0 ], [ -26.5991493, -58.647363598, 0.0 ], [ -26.7013324, -58.607393198, 0.0 ], [ -26.7779698, -58.562037797999899, 0.0 ], [ -26.8290614, -58.503255098, 0.0 ], [ -26.8597163, -58.425617598, 0.0 ], [ -26.8443889, -58.347807798, 0.0 ], [ -26.8239522, -58.302115097999902, 0.0 ], [ -26.7779698, -58.261748698, 0.0 ], [ -26.6911141, -58.224031797999899, 0.0 ], [ -26.5940401, -58.199763898, 0.0 ], [ -26.4663112, -58.194368697999899, 0.0 ], [ -26.3181456, -58.191670898, 0.0 ], [ -26.2874906, -58.194368697999899, 0.0 ] ] ] } },
{ "type": "Feature", "properties": { "name": null, "cmt": null, "desc": null, "src": null, "link1_href": null, "link1_text": null, "link1_type": null, "link2_href": null, "link2_text": null, "link2_type": null, "number": null, "type": null, "gpxx_TrackExtension": "<gpxx:DisplayColor>Red</gpxx:DisplayColor>", "ogr_tessellate": -1, "ogr_extrude": 0, "ogr_visibility": -1, "ogr_entidad": 4, "ogr_objeto": "Límite del Mar Territorial Argentino", "ogr_fdc": "Servicio de Hidrografía Naval", "ogr_sag": "Servicio de Hidrografía Naval" }, "geometry": { "type": "MultiLineString", "coordinates": [ [ [ -27.6056534, -56.066841898, 0.0 ], [ -27.559671, -56.069699898, 0.0 ], [ -27.4881428, -56.078272398, 0.0 ], [ -27.4063963, -56.095411798, 0.0 ], [ -27.334868, -56.123960398, 0.0 ], [ -27.3246497, -56.126814098, 0.0 ], [ -27.2786673, -56.152487798, 0.0 ], [ -27.2531215, -56.169593998, 0.0 ], [ -27.2071391, -56.212325998, 0.0 ], [ -27.1867025, -56.252166197999898, 0.0 ], [ -27.1867025, -56.283439997999899, 0.0 ], [ -27.1867025, -56.311848397999903, 0.0 ], [ -27.1918116, -56.326044698, 0.0 ], [ -27.1969208, -56.343073198, 0.0 ], [ -27.2071391, -56.374272398, 0.0 ], [ -27.237794, -56.402612997999903, 0.0 ], [ -27.268449, -56.428101497999897, 0.0 ], [ -27.3246497, -56.459230798, 0.0 ], [ -27.3910688, -56.487507897999897, 0.0 ], [ -27.431942, -56.5016385979999, 0.0 ], [ -27.4830336, -56.515763897999904, 0.0 ], [ -27.5392344, -56.524236598, 0.0 ], [ -27.5954351, -56.524236598, 0.0 ], [ -27.6720725, -56.521412598, 0.0 ], [ -27.7436007, -56.510114398, 0.0 ], [ -27.8100197, -56.490334498, 0.0 ], [ -27.8662205, -56.459230798, 0.0 ], [ -27.9070937, -56.433763298, 0.0 ], [ -27.9428578, -56.402612997999903, 0.0 ], [ -27.9786219, -56.357257798, 0.0 ], [ -27.9939494, -56.311848397999903, 0.0 ], [ -27.9939494, -56.277755698, 0.0 ], [ -27.9888403, -56.246477297999903, 0.0 ], [ -27.9632945, -56.203783398, 0.0 ], [ -27.9275304, -56.166743498, 0.0 ], [ -27.8866571, -56.135373898, 0.0 ], [ -27.8406747, -56.112543498, 0.0 ], [ -27.7793648, -56.089699498, 0.0 ], [ -27.7129457, -56.075415098, 0.0 ], [ -27.6976183, -56.072557597999896, 0.0 ], [ -27.6414175, -56.066841898, 0.0 ], [ -27.6056534, -56.066841898, 0.0 ] ] ] } },
{ "type": "Feature", "properties": { "name": null, "cmt": null, "desc": null, "src": null, "link1_href": null, "link1_text": null, "link1_type": null, "link2_href": null, "link2_text": null, "link2_type": null, "number": null, "type": null, "gpxx_TrackExtension": "<gpxx:DisplayColor>Red</gpxx:DisplayColor>", "ogr_tessellate": -1, "ogr_extrude": 0, "ogr_visibility": -1, "ogr_entidad": 4, "ogr_objeto": "Límite del Mar Territorial Argentino", "ogr_fdc": "Servicio de Hidrografía Naval", "ogr_sag": "Servicio de Hidrografía Naval" }, "geometry": { "type": "MultiLineString", "coordinates": [ [ [ -26.9618995, -58.894157397999898, 0.0 ], [ -27.0078819, -58.933798198, 0.0 ], [ -27.0232094, -58.944361398, 0.0 ], [ -27.0487552, -58.9707551979999, 0.0 ], [ -27.0538643, -58.973393398, 0.0 ], [ -27.074301, -58.999764898, 0.0 ], [ -27.0794101, -59.007672398, 0.0 ], [ -27.0794101, -59.044549898, 0.0 ], [ -27.0691918, -59.076127598, 0.0 ], [ -27.0691918, -59.081387798, 0.0 ], [ -27.0538643, -59.107676198, 0.0 ], [ -27.043646, -59.118185997999902, 0.0 ], [ -27.0232094, -59.149695698, 0.0 ], [ -26.977227, -59.183798498, 0.0 ], [ -26.9005896, -59.212628098, 0.0 ], [ -26.8188431, -59.233579698, 0.0 ], [ -26.7422057, -59.246667897999899, 0.0 ], [ -26.6604592, -59.259750998, 0.0 ], [ -26.5633852, -59.259750998, 0.0 ], [ -26.461202, -59.251901698, 0.0 ], [ -26.3590189, -59.233579698, 0.0 ], [ -26.2772723, -59.204767897999901, 0.0 ], [ -26.2057441, -59.178554198, 0.0 ], [ -26.1546525, -59.147070997999897, 0.0 ], [ -26.1239976, -59.107676198, 0.0 ], [ -26.1137793, -59.062973798, 0.0 ], [ -26.1137793, -59.018212897999902, 0.0 ], [ -26.1291068, -58.9707551979999, 0.0 ], [ -26.16998, -58.931156898, 0.0 ], [ -26.2261808, -58.896801598, 0.0 ], [ -26.2823815, -58.865058398, 0.0 ], [ -26.3539097, -58.835934897999898, 0.0 ], [ -26.4509837, -58.814738698, 0.0 ], [ -26.558276, -58.806786798, 0.0 ], [ -26.6093676, -58.806786798, 0.0 ], [ -26.6246951, -58.806786798, 0.0 ], [ -26.6502409, -58.806786798, 0.0 ], [ -26.6706775, -58.809437597999903, 0.0 ], [ -26.7115508, -58.8120882979999, 0.0 ], [ -26.7422057, -58.814738698, 0.0 ], [ -26.8699347, -58.846528098, 0.0 ], [ -26.8903713, -58.857118097999901, 0.0 ], [ -26.9261354, -58.875642698, 0.0 ], [ -26.9414629, -58.883578798, 0.0 ], [ -26.9618995, -58.891513098, 0.0 ], [ -26.9618995, -58.894157397999898, 0.0 ] ] ] } },
{ "type": "Feature", "properties": { "name": null, "cmt": null, "desc": null, "src": null, "link1_href": null, "link1_text": null, "link1_type": null, "link2_href": null, "link2_text": null, "link2_type": null, "number": null, "type": null, "gpxx_TrackExtension": "<gpxx:DisplayColor>Red</gpxx:DisplayColor>", "ogr_tessellate": -1, "ogr_extrude": 0, "ogr_visibility": -1, "ogr_entidad": 4, "ogr_objeto": "Límite del Mar Territorial Argentino", "ogr_fdc": "Servicio de Hidrografía Naval", "ogr_sag": "Servicio de Hidrografía Naval" }, "geometry": { "type": "MultiLineString", "coordinates": [ [ [ -27.1969208, -59.236197698, 0.0 ], [ -27.1918116, -59.236197698, 0.0 ], [ -27.0691918, -59.236197698, 0.0 ], [ -26.977227, -59.246667897999899, 0.0 ], [ -26.8699347, -59.267598498, 0.0 ], [ -26.7932973, -59.306808697999898, 0.0 ], [ -26.7166599, -59.359018498, 0.0 ], [ -26.6962233, -59.405938498, 0.0 ], [ -26.7064416, -59.444988698, 0.0 ], [ -26.7166599, -59.481394797999897, 0.0 ], [ -26.7728607, -59.538524998, 0.0 ], [ -26.7932973, -59.554089098, 0.0 ], [ -26.8188431, -59.569645997999899, 0.0 ], [ -26.8443889, -59.587786598, 0.0 ], [ -26.8597163, -59.595558098, 0.0 ], [ -26.9108079, -59.613684698, 0.0 ], [ -26.9312446, -59.621450197999899, 0.0 ], [ -27.0232094, -59.639562798, 0.0 ], [ -27.1151742, -59.647322297999899, 0.0 ], [ -27.1458292, -59.649908398, 0.0 ], [ -27.2326849, -59.652494298, 0.0 ], [ -27.3042131, -59.655080098, 0.0 ], [ -27.3144314, -59.655080098, 0.0 ], [ -27.365523, -59.649908398, 0.0 ], [ -27.4574878, -59.636975897999903, 0.0 ], [ -27.4830336, -59.634388798, 0.0 ], [ -27.5545618, -59.613684698, 0.0 ], [ -27.6107626, -59.598148197999897, 0.0 ], [ -27.62609, -59.592967798, 0.0 ], [ -27.6669633, -59.577421698, 0.0 ], [ -27.7180549, -59.551495598, 0.0 ], [ -27.7640373, -59.509972097999899, 0.0 ], [ -27.7793648, -59.460596198, 0.0 ], [ -27.7793648, -59.377272897999902, 0.0 ], [ -27.7691465, -59.338144198, 0.0 ], [ -27.7384915, -59.304196098, 0.0 ], [ -27.6925091, -59.280673598, 0.0 ], [ -27.6414175, -59.264982898, 0.0 ], [ -27.5136886, -59.238815598, 0.0 ], [ -27.3808505, -59.236197698, 0.0 ], [ -27.2837765, -59.236197698, 0.0 ], [ -27.1969208, -59.236197698, 0.0 ], [ -27.1918116, -59.236197698, 0.0 ] ] ] } },
{ "type": "Feature", "properties": { "name": null, "cmt": null, "desc": null, "src": null, "link1_href": null, "link1_text": null, "link1_type": null, "link2_href": null, "link2_text": null, "link2_type": null, "number": null, "type": null, "gpxx_TrackExtension": "<gpxx:DisplayColor>Red</gpxx:DisplayColor>", "ogr_tessellate": -1, "ogr_extrude": 0, "ogr_visibility": -1, "ogr_entidad": 4, "ogr_objeto": "Límite del Mar Territorial Argentino", "ogr_fdc": "Servicio de Hidrografía Naval", "ogr_sag": "Servicio de Hidrografía Naval" }, "geometry": { "type": "MultiLineString", "coordinates": [ [ [ -57.567528615999898, -51.305575476999898, 0.0 ], [ -57.571679086, -51.302168982, 0.0 ], [ -57.589645392, -51.288933789999902, 0.0 ], [ -57.610755801, -51.272877451999904, 0.0 ], [ -57.627374634, -51.260197409999897, 0.0 ], [ -57.635459470999898, -51.254560706999897, 0.0 ], [ -57.640849363, -51.250332723, 0.0 ], [ -57.643095151, -51.248359530999899, 0.0 ], [ -57.652976619999897, -51.240465909, 0.0 ], [ -57.664205561, -51.233698864, 0.0 ], [ -57.675434502, -51.226648794, 0.0 ], [ -57.688010915999897, -51.219597639, 0.0 ], [ -57.700138172, -51.213109617, 0.0 ], [ -57.713612901, -51.206902823, 0.0 ], [ -57.72708763, -51.202106086999898, 0.0 ], [ -57.740113202, -51.196462227, 0.0 ], [ -57.754935404, -51.192228875, 0.0 ], [ -57.769308448999901, -51.187995132, 0.0 ], [ -57.782783177999903, -51.184325572, 0.0 ], [ -57.785028966, -51.183760998, 0.0 ], [ -57.794910434, -51.180938024999897, 0.0 ], [ -57.809732637, -51.176703239999902, 0.0 ], [ -57.824105680999899, -51.173315129999899, 0.0 ], [ -57.839826199, -51.169644395, 0.0 ], [ -57.842071986999898, -51.1690796399999, 0.0 ], [ -57.856445031, -51.165408567, 0.0 ], [ -57.872165549, -51.162019621999903, 0.0 ], [ -57.887886066, -51.159195311, 0.0 ], [ -57.903606583999903, -51.156935737, 0.0 ], [ -57.918877944, -51.154958517999901, 0.0 ], [ -57.934598461, -51.153546166, 0.0 ], [ -57.951666450999902, -51.152981214, 0.0 ], [ -57.966937811, -51.152981214, 0.0 ], [ -57.986251589999902, -51.152981214, 0.0 ], [ -58.014099363999897, -51.152981214, 0.0 ], [ -58.032065669, -51.153546166, 0.0 ], [ -58.038803034, -51.154111112, 0.0 ], [ -58.039701349, -51.154111112, 0.0 ], [ -58.080125537, -51.154958517999901, 0.0 ], [ -58.111117414, -51.154958517999901, 0.0 ], [ -58.1367194, -51.155523446, 0.0 ], [ -58.152439917, -51.155523446, 0.0 ], [ -58.16726212, -51.1563708259999, 0.0 ], [ -58.173550327, -51.1563708259999, 0.0 ], [ -58.177143588, -51.155523446, 0.0 ], [ -58.191516631999903, -51.151568802, 0.0 ], [ -58.206338834999897, -51.147896327, 0.0 ], [ -58.219364406, -51.145071146, 0.0 ], [ -58.220711879, -51.144506088999897, 0.0 ], [ -58.232839134999899, -51.139420263, 0.0 ], [ -58.245415549, -51.134616466, 0.0 ], [ -58.259788594, -51.129529545, 0.0 ], [ -58.273263323, -51.125572662, 0.0 ], [ -58.287636367999902, -51.121332765, 0.0 ], [ -58.303356885, -51.117092478, 0.0 ], [ -58.316831614, -51.114265401999901, 0.0 ], [ -58.323568979, -51.112851798999898, 0.0 ], [ -58.337942024, -51.110024462, 0.0 ], [ -58.353662540999899, -51.107196952, 0.0 ], [ -58.363544009, -51.104934817999897, 0.0 ], [ -58.370281373999902, -51.103520928, 0.0 ], [ -58.385103575999899, -51.100693018, 0.0 ], [ -58.400374935999899, -51.098147749, 0.0 ], [ -58.416095453, -51.095885171, 0.0 ], [ -58.431815970999899, -51.093905322999902, 0.0 ], [ -58.447536488, -51.092491094, 0.0 ], [ -58.461909533, -51.091076820999902, 0.0 ], [ -58.47763005, -51.088813893999898, 0.0 ], [ -58.493350568, -51.086833742, 0.0 ], [ -58.509071085, -51.085419295999898, 0.0 ], [ -58.516706765, -51.085419295999898, 0.0 ], [ -58.526588233, -51.084004805999903, 0.0 ], [ -58.533325598, -51.083156091, 0.0 ], [ -58.544554538999897, -51.082590271999898, 0.0 ], [ -58.5459020119999, -51.082590271999898, 0.0 ], [ -58.5481478, -51.082590271999898, 0.0 ], [ -58.567012421, -51.078912281, 0.0 ], [ -58.582732939, -51.076931703, 0.0 ], [ -58.60159756, -51.074102158, 0.0 ], [ -58.656394792, -51.066461515999897, 0.0 ], [ -58.713437811999903, -51.058253489, 0.0 ], [ -58.715683601, -51.057970428, 0.0 ], [ -58.772726620999897, -51.050327109, 0.0 ], [ -58.774972409, -51.050043999, 0.0 ], [ -58.831566272, -51.041833045, 0.0 ], [ -58.83381206, -51.040417214999898, 0.0 ], [ -58.846388474, -51.033903838999898, 0.0 ], [ -58.859863204, -51.028239286, 0.0 ], [ -58.865253095, -51.026256527, 0.0 ], [ -58.874236247999903, -51.0211576149999, 0.0 ], [ -58.887710978, -51.015774818, 0.0 ], [ -58.902084021999897, -51.0106747459999, 0.0 ], [ -58.915558750999899, -51.006424255999903, 0.0 ], [ -58.929931795999899, -51.002173373999902, 0.0 ], [ -58.945652313, -50.9979221, 0.0 ], [ -58.960025357999903, -50.9950877, 0.0 ], [ -58.975745875, -50.992253126, 0.0 ], [ -58.991466392999897, -50.990268821, 0.0 ], [ -59.00718691, -50.98828443, 0.0 ], [ -59.022907427999897, -50.986866956, 0.0 ], [ -59.039526260999899, -50.986016451, 0.0 ], [ -59.055246778, -50.986016451, 0.0 ], [ -59.070967294999903, -50.986016451, 0.0 ], [ -59.087586127999899, -50.986866956, 0.0 ], [ -59.103306646, -50.98828443, 0.0 ], [ -59.119027162999899, -50.990268821, 0.0 ], [ -59.134298523, -50.992253126, 0.0 ], [ -59.15001904, -50.9950877, 0.0 ], [ -59.164841243, -50.9979221, 0.0 ], [ -59.180112602999898, -51.002173373999902, 0.0 ], [ -59.194934804999903, -51.006424255999903, 0.0 ], [ -59.208409533999898, -51.0106747459999, 0.0 ], [ -59.222782579, -51.015774818, 0.0 ], [ -59.2362573079999, -51.0211576149999, 0.0 ], [ -59.248384563999899, -51.027672792, 0.0 ], [ -59.26051182, -51.033903838999898, 0.0 ], [ -59.2730882339999, -51.040417214999898, 0.0 ], [ -59.284317175, -51.047212800999901, 0.0 ], [ -59.295546117, -51.055139717, 0.0 ], [ -59.305427585, -51.062782237, 0.0 ], [ -59.315309053, -51.070706474, 0.0 ], [ -59.324292205999903, -51.078912281, 0.0 ], [ -59.332377043, -51.088248145, 0.0 ], [ -59.340012723, -51.096733651, 0.0 ], [ -59.341360196, -51.098147749, 0.0 ], [ -59.342258511, -51.0992789969999, 0.0 ], [ -59.343156827, -51.098713377, 0.0 ], [ -59.352139979, -51.095885171, 0.0 ], [ -59.366962182, -51.091642534999899, 0.0 ], [ -59.381335226, -51.088248145, 0.0 ], [ -59.395708270999897, -51.085419295999898, 0.0 ], [ -59.411428788, -51.082590271999898, 0.0 ], [ -59.424903517, -51.080326928, 0.0 ], [ -59.432539197, -51.078912281, 0.0 ], [ -59.448259714999899, -51.0760828579999, 0.0 ], [ -59.463081917, -51.074102158, 0.0 ], [ -59.470717597, -51.072687319999901, 0.0 ], [ -59.47206507, -51.072687319999901, 0.0 ], [ -59.486438114, -51.068442545, 0.0 ], [ -59.502158632, -51.0641973789999, 0.0 ], [ -59.5165316759999, -51.061367050999898, 0.0 ], [ -59.532252194, -51.058536548999903, 0.0 ], [ -59.5479727109999, -51.056555094, 0.0 ], [ -59.563244071, -51.054290469, 0.0 ], [ -59.578964589, -51.052875023, 0.0 ], [ -59.580312062, -51.052875023, 0.0 ], [ -59.585701953, -51.052308831999902, 0.0 ], [ -59.601422471, -51.050043999, 0.0 ], [ -59.617142988, -51.048628420999897, 0.0 ], [ -59.620287092, -51.048628420999897, 0.0 ], [ -59.623880352999898, -51.048062178, 0.0 ], [ -59.6373550819999, -51.045797136, 0.0 ], [ -59.652626442, -51.043815133, 0.0 ], [ -59.668346959, -51.042399364999902, 0.0 ], [ -59.669694432, -51.042399364999902, 0.0 ], [ -59.6719402209999, -51.042399364999902, 0.0 ], [ -59.6773301119999, -51.041833045, 0.0 ], [ -59.69305063, -51.039567696999903, 0.0 ], [ -59.705177885999902, -51.038151797999902, 0.0 ], [ -59.714161039, -51.036169465999897, 0.0 ], [ -59.727635768, -51.032487766, 0.0 ], [ -59.742008813, -51.0296554889999, 0.0 ], [ -59.750991966, -51.028239286, 0.0 ], [ -59.76356838, -51.024840218999898, 0.0 ], [ -59.774797320999902, -51.022574036, 0.0 ], [ -59.785577104, -51.020591033999899, 0.0 ], [ -59.792314469, -51.019174552, 0.0 ], [ -59.800399306, -51.017191404, 0.0 ], [ -59.814772351, -51.014358188, 0.0 ], [ -59.830492868, -51.0115247969999, 0.0 ], [ -59.846213385999903, -51.009257959, 0.0 ], [ -59.861933903, -51.007274385, 0.0 ], [ -59.877205263, -51.005857493999898, 0.0 ], [ -59.894273252999902, -51.005007339, 0.0 ], [ -59.90640051, -51.005007339, 0.0 ], [ -59.909544613, -51.005007339, 0.0 ], [ -59.920773553999901, -51.005007339, 0.0 ], [ -59.935595755999898, -51.000756325999902, 0.0 ], [ -59.949968801, -50.997355233999897, 0.0 ], [ -59.964341846, -50.994520799, 0.0 ], [ -59.980062362999902, -50.991686189999903, 0.0 ], [ -59.994435408, -50.989701861, 0.0 ], [ -59.99578288, -50.989701861, 0.0 ], [ -60.001172772, -50.989701861, 0.0 ], [ -60.011503397999903, -50.986866956, 0.0 ], [ -60.025876443, -50.982614273, 0.0 ], [ -60.040249487, -50.978361197, 0.0 ], [ -60.055970004999899, -50.975525596, 0.0 ], [ -60.070792207, -50.972689821, 0.0 ], [ -60.086063566999897, -50.970421076, 0.0 ], [ -60.095046719, -50.969003052999902, 0.0 ], [ -60.107623132999898, -50.967017749, 0.0 ], [ -60.129631858, -50.962763238, 0.0 ], [ -60.1556830009999, -50.958508333999902, 0.0 ], [ -60.167810257, -50.956522579, 0.0 ], [ -60.183530775, -50.95425304, 0.0 ], [ -60.199251292, -50.952267101, 0.0 ], [ -60.212276863999897, -50.950848521999902, 0.0 ], [ -60.233836431, -50.9485787039999, 0.0 ], [ -60.2450653719999, -50.948011231999899, 0.0 ], [ -60.251802735999902, -50.947160010999902, 0.0 ], [ -60.267074096, -50.945741274999897, 0.0 ], [ -60.278303036999901, -50.945173768, 0.0 ], [ -60.2818962979999, -50.945173768, 0.0 ], [ -60.295371028, -50.943754971, 0.0 ], [ -60.303006707999899, -50.943754971, 0.0 ], [ -60.310642388, -50.942336129999902, 0.0 ], [ -60.320973013, -50.940917246, 0.0 ], [ -60.336693531, -50.93864694, 0.0 ], [ -60.351964891, -50.937227943, 0.0 ], [ -60.369032881, -50.936660332, 0.0 ], [ -60.384753399, -50.936660332, 0.0 ], [ -60.400024758, -50.936660332, 0.0 ], [ -60.409007910999897, -50.937227943, 0.0 ], [ -60.424728429, -50.93864694, 0.0 ], [ -60.439101472999901, -50.936660332, 0.0 ], [ -60.454821991, -50.935241273, 0.0 ], [ -60.471889980999897, -50.9346736379999, 0.0 ], [ -60.480423975999898, -50.9346736379999, 0.0 ], [ -60.4885088139999, -50.933254518, 0.0 ], [ -60.504229331, -50.931835355, 0.0 ], [ -60.520848164, -50.930983837, 0.0 ], [ -60.526238056, -50.930983837, 0.0 ], [ -60.541958572999903, -50.928996899, 0.0 ], [ -60.557679091, -50.927577605, 0.0 ], [ -60.569806346999897, -50.926726007999903, 0.0 ], [ -60.599001594, -50.923887238, 0.0 ], [ -60.615620427, -50.923319464, 0.0 ], [ -60.621459476, -50.922467787999899, 0.0 ], [ -60.639425781999897, -50.921048293999903, 0.0 ], [ -60.6493072499999, -50.919060929999901, 0.0 ], [ -60.652451352999897, -50.918209175999898, 0.0 ], [ -60.654697141, -50.917641332, 0.0 ], [ -60.670417659, -50.914802004, 0.0 ], [ -60.685239861, -50.911962503, 0.0 ], [ -60.688383965, -50.911110618999899, 0.0 ], [ -60.720723315, -50.904294979, 0.0 ], [ -60.749918561999898, -50.898614513, 0.0 ], [ -60.756655926, -50.895774019, 0.0 ], [ -60.770130654999903, -50.890092508, 0.0 ], [ -60.776418862, -50.887251492, 0.0 ], [ -60.7831562269999, -50.884410300999903, 0.0 ], [ -60.796630955999902, -50.878727395999903, 0.0 ], [ -60.810105686, -50.873896379, 0.0 ], [ -60.82447873, -50.869633299, 0.0 ], [ -60.839300932, -50.865369826999903, 0.0 ], [ -60.853673977, -50.8611059629999, 0.0 ], [ -60.869394493999899, -50.858263168999898, 0.0 ], [ -60.883767539, -50.855420201, 0.0 ], [ -60.8873608, -50.854567276999902, 0.0 ], [ -60.927335829999897, -50.846890252, 0.0 ], [ -60.977641486, -50.835514546, 0.0 ], [ -60.985726324, -50.833523511, 0.0 ], [ -60.99785358, -50.831247936999901, 0.0 ], [ -61.007735048, -50.8292567189999, 0.0 ], [ -61.02255725, -50.826411973999903, 0.0 ], [ -61.03782861, -50.824420548, 0.0 ], [ -61.052650812, -50.822144529, 0.0 ], [ -61.1016089949999, -50.8144621389999, 0.0 ], [ -61.153262124, -50.807347682999897, 0.0 ], [ -61.206711883, -50.7993781979999, 0.0 ], [ -61.232313868999903, -50.795962286, 0.0 ], [ -61.242644495, -50.794538916, 0.0 ], [ -61.257915855, -50.793115500999903, 0.0 ], [ -61.274983845, -50.792546124, 0.0 ], [ -61.277229632999898, -50.792546124, 0.0 ], [ -61.292950151, -50.791122647999899, 0.0 ], [ -61.309568984, -50.790268542, 0.0 ], [ -61.323043712999898, -50.790268542, 0.0 ], [ -61.329781077, -50.78969913, 0.0 ], [ -61.346399909999903, -50.788844997, 0.0 ], [ -61.360772955, -50.787421408999897, 0.0 ], [ -61.377840944999903, -50.786851961, 0.0 ], [ -61.382332522, -50.786851961, 0.0 ], [ -61.383230837, -50.786851961, 0.0 ], [ -61.39984967, -50.785997777, 0.0 ], [ -61.415570187, -50.785997777, 0.0 ], [ -61.431290705, -50.785997777, 0.0 ], [ -61.447909537, -50.786851961, 0.0 ], [ -61.450155325, -50.786851961, 0.0 ], [ -61.4591384779999, -50.787421408999897, 0.0 ], [ -61.474858996, -50.788844997, 0.0 ], [ -61.490579512999901, -50.791122647999899, 0.0 ], [ -61.506300031, -50.793115500999903, 0.0 ], [ -61.520673074999898, -50.795962286, 0.0 ], [ -61.532800332, -50.797954932, 0.0 ], [ -61.5485208489999, -50.802224598999899, 0.0 ], [ -61.554359898, -50.803647735, 0.0 ], [ -61.568732943, -50.807916878999897, 0.0 ], [ -61.5831059879999, -50.812185632, 0.0 ], [ -61.596580716999902, -50.817307617, 0.0 ], [ -61.610055445999897, -50.822998049, 0.0 ], [ -61.623530175, -50.8292567189999, 0.0 ], [ -61.635657432, -50.834945687, 0.0 ], [ -61.646886373, -50.842055917, 0.0 ], [ -61.659013629, -50.849165058, 0.0 ], [ -61.669344254999899, -50.856841706999901, 0.0 ], [ -61.679225722999902, -50.864517086, 0.0 ], [ -61.689107190999898, -50.872475396, 0.0 ], [ -61.698090344, -50.880716492, 0.0 ], [ -61.7061751809999, -50.889240222, 0.0 ], [ -61.713810861, -50.898614513, 0.0 ], [ -61.720548225999899, -50.907702924, 0.0 ], [ -61.726387275, -50.916789552, 0.0 ], [ -61.731777167, -50.926158267999902, 0.0 ], [ -61.736268743, -50.935808902, 0.0 ], [ -61.7407603199999, -50.945741274999897, 0.0 ], [ -61.743006108, -50.955671514999899, 0.0 ], [ -61.745251896, -50.965599622, 0.0 ], [ -61.746150212, -50.975525596, 0.0 ], [ -61.747497685, -50.985449437999897, 0.0 ], [ -61.747497685, -50.995938038, 0.0 ], [ -61.746150212, -51.005857493999898, 0.0 ], [ -61.743904422999897, -51.015774818, 0.0 ], [ -61.741658635, -51.025406748, 0.0 ], [ -61.738514532, -51.035319869, 0.0 ], [ -61.734022954999901, -51.045230858, 0.0 ], [ -61.729531379, -51.055139717, 0.0 ], [ -61.724141486999898, -51.0641973789999, 0.0 ], [ -61.717404122999902, -51.073253259999902, 0.0 ], [ -61.710666757999903, -51.082590271999898, 0.0 ], [ -61.702581919999901, -51.091076820999902, 0.0 ], [ -61.693598767, -51.0992789969999, 0.0 ], [ -61.692700451999897, -51.100693018, 0.0 ], [ -61.691352979, -51.102106993999897, 0.0 ], [ -61.682818983999901, -51.110589943, 0.0 ], [ -61.672488358, -51.11850595, 0.0 ], [ -61.661259416999897, -51.126137951, 0.0 ], [ -61.651377948999901, -51.133203489, 0.0 ], [ -61.639250693, -51.140267939999902, 0.0 ], [ -61.626674279, -51.146483757999903, 0.0 ], [ -61.614547022, -51.152981214, 0.0 ], [ -61.601072293, -51.158347983999903, 0.0 ], [ -61.587597564, -51.163431713, 0.0 ], [ -61.574122835, -51.168232496, 0.0 ], [ -61.55974979, -51.172468062999897, 0.0 ], [ -61.545376745999903, -51.176703239999902, 0.0 ], [ -61.543130957, -51.177550228, 0.0 ], [ -61.535046119999897, -51.1795264739999, 0.0 ], [ -61.519325602, -51.182914125, 0.0 ], [ -61.516181499, -51.183760998, 0.0 ], [ -61.508545818999899, -51.185736975999902, 0.0 ], [ -61.492825301, -51.189406423, 0.0 ], [ -61.486087937, -51.190817670999898, 0.0 ], [ -61.478003099, -51.192228875, 0.0 ], [ -61.467223315999902, -51.195615588, 0.0 ], [ -61.451502798, -51.199284244, 0.0 ], [ -61.447909537, -51.199848626999902, 0.0 ], [ -61.440273857, -51.202106086999898, 0.0 ], [ -61.425900812999899, -51.206338527, 0.0 ], [ -61.413324399, -51.208877803, 0.0 ], [ -61.406587034, -51.210288450999897, 0.0 ], [ -61.39984967, -51.212545398, 0.0 ], [ -61.385476625, -51.216776873, 0.0 ], [ -61.369756107999898, -51.220161770999901, 0.0 ], [ -61.367510319, -51.221007957, 0.0 ], [ -61.365264531, -51.222418230999899, 0.0 ], [ -61.355383063, -51.229468951999898, 0.0 ], [ -61.342806649, -51.236236623, 0.0 ], [ -61.3365184419999, -51.239902027, 0.0 ], [ -61.330679393, -51.244130974, 0.0 ], [ -61.319450452, -51.251742094999898, 0.0 ], [ -61.309568984, -51.258788298999903, 0.0 ], [ -61.29699257, -51.2658334179999, 0.0 ], [ -61.284865313, -51.272032225, 0.0 ], [ -61.280373736999898, -51.274286128, 0.0 ], [ -61.264653219, -51.284708984, 0.0 ], [ -61.254771751, -51.290905231999901, 0.0 ], [ -61.239051234, -51.300761165, 0.0 ], [ -61.220186613, -51.310051954999899, 0.0 ], [ -61.204466095, -51.321029541, 0.0 ], [ -61.202220306999898, -51.323281027, 0.0 ], [ -61.183355686, -51.342132863, 0.0 ], [ -61.158652016, -51.368006271, 0.0 ], [ -61.153262124, -51.374191214999897, 0.0 ], [ -61.145177287, -51.382623875, 0.0 ], [ -61.135295818, -51.390492948, 0.0 ], [ -61.126312665999897, -51.398922588999902, 0.0 ], [ -61.121821089, -51.401451177, 0.0 ], [ -61.120922774, -51.402294008999903, 0.0 ], [ -61.126312665999897, -51.403698693, 0.0 ], [ -61.133948345, -51.4056651779999, 0.0 ], [ -61.136194133999901, -51.406507931, 0.0 ], [ -61.151016335999898, -51.409878788, 0.0 ], [ -61.158652016, -51.412125887999899, 0.0 ], [ -61.160897803999902, -51.412687644999899, 0.0 ], [ -61.169880957, -51.414934606, 0.0 ], [ -61.17302506, -51.415496329, 0.0 ], [ -61.188745578, -51.419147358, 0.0 ], [ -61.20356778, -51.422517278, 0.0 ], [ -61.2156950359999, -51.426167743, 0.0 ], [ -61.218839139999901, -51.426729327, 0.0 ], [ -61.233661341999898, -51.430098686, 0.0 ], [ -61.248034387, -51.434310033, 0.0 ], [ -61.305077406999899, -51.448345038, 0.0 ], [ -61.31406056, -51.450590236, 0.0 ], [ -61.328433603999898, -51.453957826, 0.0 ], [ -61.344154122, -51.457325166, 0.0 ], [ -61.358527166, -51.461533989, 0.0 ], [ -61.373349369, -51.466584063, 0.0 ], [ -61.386374939999897, -51.471353060999903, 0.0 ], [ -61.39984967, -51.476963005, 0.0 ], [ -61.413324399, -51.482572256, 0.0 ], [ -61.421409235999903, -51.485937474, 0.0 ], [ -61.450155325, -51.499395847999899, 0.0 ], [ -61.48159636, -51.513971247, 0.0 ], [ -61.490579512999901, -51.518174818, 0.0 ], [ -61.50270677, -51.524339349999899, 0.0 ], [ -61.514834026, -51.531343482, 0.0 ], [ -61.526062967, -51.538346530999902, 0.0 ], [ -61.531902015999897, -51.542547841, 0.0 ], [ -61.543130957, -51.549549156999902, 0.0 ], [ -61.554359898, -51.557109361999899, 0.0 ], [ -61.564241367, -51.564668304, 0.0 ], [ -61.574122835, -51.573065648, 0.0 ], [ -61.5831059879999, -51.581461432, 0.0 ], [ -61.59208914, -51.589855657, 0.0 ], [ -61.598826505, -51.59880778, 0.0 ], [ -61.606462184999899, -51.608037797999899, 0.0 ], [ -61.612301234, -51.616986317999903, 0.0 ], [ -61.617691126, -51.626771732, 0.0 ], [ -61.622182702, -51.636555024, 0.0 ], [ -61.625775964, -51.646056762999898, 0.0 ], [ -61.628920067, -51.655835875, 0.0 ], [ -61.6311658549999, -51.665612865, 0.0 ], [ -61.632513328, -51.675946236, 0.0 ], [ -61.633411642999903, -51.681530854999899, 0.0 ], [ -61.634759115999898, -51.700234286, 0.0 ], [ -61.637004905, -51.716419042, 0.0 ], [ -61.637903219999899, -51.72674076, 0.0 ], [ -61.639250693, -51.736502367, 0.0 ], [ -61.639250693, -51.740685265, 0.0 ], [ -61.640149008, -51.754346684, 0.0 ], [ -61.640149008, -51.75992158, 0.0 ], [ -61.641496480999898, -51.762708768, 0.0 ], [ -61.642394796, -51.773298508, 0.0 ], [ -61.643742269, -51.7827714209999, 0.0 ], [ -61.643742269, -51.793356429, 0.0 ], [ -61.643742269, -51.795306027, 0.0 ], [ -61.643742269, -51.796141543, 0.0 ], [ -61.646886373, -51.813405388, 0.0 ], [ -61.646886373, -51.818137862, 0.0 ], [ -61.647784687999902, -51.827879617999898, 0.0 ], [ -61.647784687999902, -51.838175744, 0.0 ], [ -61.646886373, -51.8479131449999, 0.0 ], [ -61.644640583999902, -51.8584827829999, 0.0 ], [ -61.642394796, -51.867937712999897, 0.0 ], [ -61.639250693, -51.877668641999897, 0.0 ], [ -61.634759115999898, -51.887397456, 0.0 ], [ -61.63026754, -51.897124152999901, 0.0 ], [ -61.623530175, -51.906848733999901, 0.0 ], [ -61.616792811, -51.915737927999899, 0.0 ], [ -61.610055445999897, -51.924625353, 0.0 ], [ -61.601970608, -51.933788658, 0.0 ], [ -61.593436612999902, -51.941839708, 0.0 ], [ -61.58445346, -51.950166850999899, 0.0 ], [ -61.576368623, -51.956549943, 0.0 ], [ -61.573224519, -51.959324915, 0.0 ], [ -61.553012426, -51.973751987, 0.0 ], [ -61.534147805, -51.9862331859999, 0.0 ], [ -61.516181499, -51.999265373999897, 0.0 ], [ -61.4973168779999, -52.012293749, 0.0 ], [ -61.482494676, -52.022547448999902, 0.0 ], [ -61.464977528, -52.035014981, 0.0 ], [ -61.458240163, -52.040001015, 0.0 ], [ -61.447011222, -52.047479019, 0.0 ], [ -61.435782280999902, -52.054955764999903, 0.0 ], [ -61.426799128, -52.059939565, 0.0 ], [ -61.423655025, -52.063261786999902, 0.0 ], [ -61.421409235999903, -52.065476464, 0.0 ], [ -61.411078610999901, -52.072950182999897, 0.0 ], [ -61.39984967, -52.080422644999899, 0.0 ], [ -61.388620729, -52.088170536999897, 0.0 ], [ -61.384129152, -52.090937314, 0.0 ], [ -61.366612003999897, -52.101726095999901, 0.0 ], [ -61.364366216, -52.104492028, 0.0 ], [ -61.363018742999898, -52.105874929, 0.0 ], [ -61.357628851, -52.115554030999903, 0.0 ], [ -61.35403559, -52.121913434, 0.0 ], [ -61.342806649, -52.139051631, 0.0 ], [ -61.3365184419999, -52.148723494, 0.0 ], [ -61.330679393, -52.156183202, 0.0 ], [ -61.323942028, -52.165851324999899, 0.0 ], [ -61.316306348, -52.174136608, 0.0 ], [ -61.307323195, -52.182144240999897, 0.0 ], [ -61.29699257, -52.190426473999899, 0.0 ], [ -61.287111100999901, -52.198707156999902, 0.0 ], [ -61.277229632999898, -52.206434395, 0.0 ], [ -61.26824648, -52.211677108999901, 0.0 ], [ -61.248034387, -52.2268498829999, 0.0 ], [ -61.241297022, -52.231814385999897, 0.0 ], [ -61.231415554, -52.239811578999898, 0.0 ], [ -61.221084928, -52.247531632999902, 0.0 ], [ -61.214347562999897, -52.251666821, 0.0 ], [ -61.190093051, -52.270132597, 0.0 ], [ -61.179762425, -52.27839835, 0.0 ], [ -61.169880957, -52.285836203, 0.0 ], [ -61.159999489, -52.294099014, 0.0 ], [ -61.147423074999899, -52.300983505, 0.0 ], [ -61.136194133999901, -52.307866922, 0.0 ], [ -61.124066877, -52.31447399, 0.0 ], [ -61.110592148, -52.3199791219999, 0.0 ], [ -61.097117419, -52.326309174, 0.0 ], [ -61.08364269, -52.331812827, 0.0 ], [ -61.057142389, -52.341167459, 0.0 ], [ -61.03603198, -52.348869779, 0.0 ], [ -61.006836732999901, -52.358495784, 0.0 ], [ -60.979887274, -52.367844741999903, 0.0 ], [ -60.958776864999898, -52.375542391, 0.0 ], [ -60.948895396999902, -52.378840970999903, 0.0 ], [ -60.9354206679999, -52.382963848, 0.0 ], [ -60.926437515, -52.385712216999899, 0.0 ], [ -60.873886071, -52.404945988999899, 0.0 ], [ -60.860411341, -52.410439805, 0.0 ], [ -60.815944735, -52.426093409, 0.0 ], [ -60.810105686, -52.428015396, 0.0 ], [ -60.796630955999902, -52.432957261999903, 0.0 ], [ -60.782257912, -52.437624069, 0.0 ], [ -60.767884867, -52.442564853, 0.0 ], [ -60.75216435, -52.4464073, 0.0 ], [ -60.736443832, -52.449974983999901, 0.0 ], [ -60.720723315, -52.45271916, 0.0 ], [ -60.705002797, -52.455463162999898, 0.0 ], [ -60.68928228, -52.457383863, 0.0 ], [ -60.672663446999898, -52.45875574, 0.0 ], [ -60.65694293, -52.4595788459999, 0.0 ], [ -60.640324097, -52.460127574, 0.0 ], [ -60.624603578999903, -52.460127574, 0.0 ], [ -60.607984746999897, -52.4595788459999, 0.0 ], [ -60.592264229, -52.45875574, 0.0 ], [ -60.575645396, -52.457383863, 0.0 ], [ -60.559924878999901, -52.455463162999898, 0.0 ], [ -60.544204361, -52.45271916, 0.0 ], [ -60.528483843999901, -52.449974983999901, 0.0 ], [ -60.520848164, -52.448602831999899, 0.0 ], [ -60.463805143999899, -52.435702503, 0.0 ], [ -60.462906828, -52.435702503, 0.0 ], [ -60.413499488, -52.426093409, 0.0 ], [ -60.371278668999899, -52.41867924, 0.0 ], [ -60.324117117, -52.406868903, 0.0 ], [ -60.289531978, -52.397253491, 0.0 ], [ -60.280548826, -52.395330155999901, 0.0 ], [ -60.264828307999899, -52.39120844, 0.0 ], [ -60.250455264, -52.386536694, 0.0 ], [ -60.236082219, -52.381589597999898, 0.0 ], [ -60.22260749, -52.37691683, 0.0 ], [ -60.209132759999903, -52.370594056999899, 0.0 ], [ -60.195658030999901, -52.365370211, 0.0 ], [ -60.183530775, -52.358495784, 0.0 ], [ -60.172301833999903, -52.351620281, 0.0 ], [ -60.160174577, -52.344743703999903, 0.0 ], [ -60.149843952, -52.336490392, 0.0 ], [ -60.139962484, -52.329061087, 0.0 ], [ -60.137716694999902, -52.3268595709999, 0.0 ], [ -60.138615011, -52.335114689, 0.0 ], [ -60.139962484, -52.341167459, 0.0 ], [ -60.140860798999903, -52.350795149, 0.0 ], [ -60.140860798999903, -52.361245684, 0.0 ], [ -60.139962484, -52.371418817999903, 0.0 ], [ -60.137716694999902, -52.381039887, 0.0 ], [ -60.135470907, -52.39120844, 0.0 ], [ -60.133225119, -52.397253491, 0.0 ], [ -60.129631858, -52.407692982999897, 0.0 ], [ -60.125140281, -52.417306107999899, 0.0 ], [ -60.11975039, -52.426642555999898, 0.0 ], [ -60.114360497999897, -52.436251531, 0.0 ], [ -60.107623132999898, -52.445309492, 0.0 ], [ -60.100885768999902, -52.454091182999903, 0.0 ], [ -60.091902616, -52.462871113999903, 0.0 ], [ -60.083817778, -52.471923574999899, 0.0 ], [ -60.07393631, -52.4798772239999, 0.0 ], [ -60.064054842, -52.487555238, 0.0 ], [ -60.052825900999899, -52.494957761, 0.0 ], [ -60.0415969599999, -52.502359032999898, 0.0 ], [ -60.029469704, -52.509210945999897, 0.0 ], [ -60.01689329, -52.515513757999898, 0.0 ], [ -60.004766033, -52.521541683999899, 0.0 ], [ -59.991291304, -52.527568779, 0.0 ], [ -59.985901412, -52.529760243999903, 0.0 ], [ -59.961197742, -52.539346612, 0.0 ], [ -59.935595755999898, -52.54810945, 0.0 ], [ -59.923019342, -52.552216425, 0.0 ], [ -59.908646298, -52.55687053, 0.0 ], [ -59.894273252999902, -52.561797865, 0.0 ], [ -59.887535888999899, -52.563166469999899, 0.0 ], [ -59.8839426279999, -52.5637139, 0.0 ], [ -59.869569583, -52.568640463, 0.0 ], [ -59.853849066, -52.571924528999901, 0.0 ], [ -59.839476020999903, -52.576029263999899, 0.0 ], [ -59.823755504, -52.5787655399999, 0.0 ], [ -59.807136671, -52.581501644, 0.0 ], [ -59.800399306, -52.582048844, 0.0 ], [ -59.79590773, -52.582869630999902, 0.0 ], [ -59.783331316, -52.584784742, 0.0 ], [ -59.7667124829999, -52.587520468, 0.0 ], [ -59.750991966, -52.588888267, 0.0 ], [ -59.735271447999899, -52.591076656, 0.0 ], [ -59.718652614999897, -52.591623736, 0.0 ], [ -59.702033782999898, -52.592444343, 0.0 ], [ -59.686313265, -52.592444343, 0.0 ], [ -59.669694432, -52.591623736, 0.0 ], [ -59.652626442, -52.591076656, 0.0 ], [ -59.6373550819999, -52.588888267, 0.0 ], [ -59.621634565, -52.587520468, 0.0 ], [ -59.604566573999897, -52.584784742, 0.0 ], [ -59.601422471, -52.584237576, 0.0 ], [ -59.591541003, -52.583416814, 0.0 ], [ -59.5767188, -52.581501644, 0.0 ], [ -59.560998282999897, -52.580133613, 0.0 ], [ -59.537642085999899, -52.576029263999899, 0.0 ], [ -59.528658933, -52.575481989, 0.0 ], [ -59.506650207999897, -52.571924528999901, 0.0 ], [ -59.493175478999902, -52.570008854, 0.0 ], [ -59.476107489, -52.567819407999899, 0.0 ], [ -59.47206507, -52.567272029, 0.0 ], [ -59.456344552, -52.565903552999899, 0.0 ], [ -59.439276562, -52.563166469999899, 0.0 ], [ -59.4284967789999, -52.5609766809999, 0.0 ], [ -59.424903517, -52.563166469999899, 0.0 ], [ -59.418166153, -52.566450948, 0.0 ], [ -59.404691424, -52.572745507, 0.0 ], [ -59.390318379, -52.577397424, 0.0 ], [ -59.380436910999897, -52.580680830999903, 0.0 ], [ -59.373699546, -52.582869630999902, 0.0 ], [ -59.3656147089999, -52.586973337, 0.0 ], [ -59.353487452, -52.592991406, 0.0 ], [ -59.340012723, -52.5992821359999, 0.0 ], [ -59.325639678999899, -52.603931223, 0.0 ], [ -59.324292205999903, -52.603931223, 0.0 ], [ -59.321148101999903, -52.605845409, 0.0 ], [ -59.315309053, -52.608579813999903, 0.0 ], [ -59.300936008, -52.613501309999897, 0.0 ], [ -59.286562964, -52.61814888, 0.0 ], [ -59.271740760999897, -52.623069296, 0.0 ], [ -59.256469401999901, -52.626349264999902, 0.0 ], [ -59.2416471989999, -52.630448878, 0.0 ], [ -59.225926682, -52.633181739, 0.0 ], [ -59.221435105999902, -52.633181739, 0.0 ], [ -59.22053679, -52.633181739, 0.0 ], [ -59.216045214, -52.634548105, 0.0 ], [ -59.200324695999903, -52.637280709, 0.0 ], [ -59.183705863999897, -52.640013142, 0.0 ], [ -59.167985346, -52.6413792929999, 0.0 ], [ -59.152264828999897, -52.643291834, 0.0 ], [ -59.135645995999901, -52.644111467999899, 0.0 ], [ -59.119027162999899, -52.644657883, 0.0 ], [ -59.103306646, -52.644657883, 0.0 ], [ -59.086238654999903, -52.644111467999899, 0.0 ], [ -59.069619823, -52.643291834, 0.0 ], [ -59.059738353999897, -52.641925742, 0.0 ], [ -59.044017837, -52.641925742, 0.0 ], [ -59.042670363999903, -52.641925742, 0.0 ], [ -59.027399004, -52.641925742, 0.0 ], [ -59.010331014, -52.6413792929999, 0.0 ], [ -58.999102073, -52.640559606999901, 0.0 ], [ -58.989220605, -52.640013142, 0.0 ], [ -58.972601772, -52.642745401999903, 0.0 ], [ -58.956881253999903, -52.644111467999899, 0.0 ], [ -58.941160737, -52.646023888999899, 0.0 ], [ -58.924541904, -52.646843471999901, 0.0 ], [ -58.907923071, -52.647389851999897, 0.0 ], [ -58.892202553999901, -52.647389851999897, 0.0 ], [ -58.8751345639999, -52.646843471999901, 0.0 ], [ -58.858515731, -52.646023888999899, 0.0 ], [ -58.848634263, -52.644657883, 0.0 ], [ -58.812701650999898, -52.640013142, 0.0 ], [ -58.800574395, -52.637827209, 0.0 ], [ -58.784853876999897, -52.63509464, 0.0 ], [ -58.770480833, -52.631268754, 0.0 ], [ -58.754760314999899, -52.627715845, 0.0 ], [ -58.739938112999901, -52.623069296, 0.0 ], [ -58.725565069, -52.61814888, 0.0 ], [ -58.711192024, -52.613501309999897, 0.0 ], [ -58.697717295, -52.607212633, 0.0 ], [ -58.685590039, -52.601196526, 0.0 ], [ -58.673013625, -52.595179588999898, 0.0 ], [ -58.672115308999899, -52.594359032999897, 0.0 ], [ -58.665377944999904, -52.591623736, 0.0 ], [ -58.658640579999897, -52.588341152999902, 0.0 ], [ -58.654149004, -52.585605477999898, 0.0 ], [ -58.651903214999898, -52.584237576, 0.0 ], [ -58.640674273999899, -52.576850164999897, 0.0 ], [ -58.629445333, -52.569187825, 0.0 ], [ -58.619563865, -52.561797865, 0.0 ], [ -58.609233238999899, -52.553585331, 0.0 ], [ -58.60159756, -52.544823591, 0.0 ], [ -58.600699243999898, -52.544002088, 0.0 ], [ -58.596207668, -52.539894341, 0.0 ], [ -58.591716091, -52.534416743, 0.0 ], [ -58.583631254, -52.528390591999901, 0.0 ], [ -58.575995573999897, -52.521541683999899, 0.0 ], [ -58.567910736, -52.514143658, 0.0 ], [ -58.557130953, -52.505922161999898, 0.0 ], [ -58.551291904, -52.499069733999903, 0.0 ], [ -58.543656224, -52.491667905, 0.0 ], [ -58.536918859, -52.486184263, 0.0 ], [ -58.533325598, -52.482071079, 0.0 ], [ -58.52344413, -52.473843554, 0.0 ], [ -58.519850869, -52.469729211, 0.0 ], [ -58.509071085, -52.460950653999902, 0.0 ], [ -58.504579508999903, -52.455463162999898, 0.0 ], [ -58.500087932, -52.451895925, 0.0 ], [ -58.492003095, -52.443113793999899, 0.0 ], [ -58.480774154, -52.432957261999903, 0.0 ], [ -58.469994369999903, -52.422523779999899, 0.0 ], [ -58.466401108999897, -52.41867924, 0.0 ], [ -58.455172167999898, -52.409066416, 0.0 ], [ -58.4452907, -52.400825176, 0.0 ], [ -58.436307547, -52.392582387999902, 0.0 ], [ -58.432714286, -52.38928484, 0.0 ], [ -58.424180291, -52.381039887, 0.0 ], [ -58.418341241999897, -52.374717707999899, 0.0 ], [ -58.406213985, -52.363995412, 0.0 ], [ -58.401722408999902, -52.359045776999899, 0.0 ], [ -58.391391783, -52.35354553, 0.0 ], [ -58.382857788, -52.349419892999897, 0.0 ], [ -58.370281373999902, -52.342542971999897, 0.0 ], [ -58.365789796999898, -52.339791901999902, 0.0 ], [ -58.359052432999903, -52.335940116, 0.0 ], [ -58.349170965, -52.330436979, 0.0 ], [ -58.345577703999901, -52.329061087, 0.0 ], [ -58.322221505999899, -52.315299803, 0.0 ], [ -58.31009425, -52.308417549, 0.0 ], [ -58.297966994, -52.301534218, 0.0 ], [ -58.288983840999897, -52.29602678, 0.0 ], [ -58.280899002999902, -52.291895748999899, 0.0 ], [ -58.2777549, -52.289967802, 0.0 ], [ -58.260686909, -52.281153257, 0.0 ], [ -58.255297018, -52.277571844, 0.0 ], [ -58.241822288, -52.270683694999903, 0.0 ], [ -58.229695031999903, -52.263794469999901, 0.0 ], [ -58.220711879, -52.259660418, 0.0 ], [ -58.20723715, -52.25221815, 0.0 ], [ -58.202745573, -52.250288468, 0.0 ], [ -58.190618317, -52.243396058, 0.0 ], [ -58.178041903, -52.236502571, 0.0 ], [ -58.16726212, -52.229608008999897, 0.0 ], [ -58.156931493999899, -52.222160673, 0.0 ], [ -58.147050025999903, -52.213884381999897, 0.0 ], [ -58.1367194, -52.205606541, 0.0 ], [ -58.127736247, -52.197327151, 0.0 ], [ -58.120100567, -52.189046209, 0.0 ], [ -58.113363202999899, -52.179659268, 0.0 ], [ -58.106625838, -52.170546509, 0.0 ], [ -58.101235946, -52.164470294, 0.0 ], [ -58.090905321, -52.153420493999903, 0.0 ], [ -58.086413744, -52.147894559999898, 0.0 ], [ -58.084167956, -52.143749656, 0.0 ], [ -58.084167956, -52.143196972999903, 0.0 ], [ -58.083269641, -52.142367936, 0.0 ], [ -58.075633960999902, -52.134076708, 0.0 ], [ -58.071142384, -52.127166165999903, 0.0 ], [ -58.065303335, -52.121913434, 0.0 ], [ -58.057667654999896, -52.115000997, 0.0 ], [ -58.047337028999898, -52.108087481, 0.0 ], [ -58.045091241, -52.105321773999897, 0.0 ], [ -58.035209773, -52.09840675, 0.0 ], [ -58.0239808319999, -52.090937314, 0.0 ], [ -58.014099363999897, -52.083189905, 0.0 ], [ -58.012751890999901, -52.082636467, 0.0 ], [ -58.010506103, -52.080422644999899, 0.0 ], [ -58.009607786999901, -52.079869173, 0.0 ], [ -57.999277161999899, -52.072396617, 0.0 ], [ -57.995234743, -52.067414215, 0.0 ], [ -57.988497378, -52.063261786999902, 0.0 ], [ -57.980412541, -52.057724612, 0.0 ], [ -57.970531072, -52.050802173, 0.0 ], [ -57.966937811, -52.047479019, 0.0 ], [ -57.957954657999899, -52.040554985, 0.0 ], [ -57.947174875, -52.033075816, 0.0 ], [ -57.933700146, -52.021993255, 0.0 ], [ -57.923369519999902, -52.014510965999897, 0.0 ], [ -57.920225417, -52.011739427999899, 0.0 ], [ -57.913488051999899, -52.006750226, 0.0 ], [ -57.901360795999899, -51.998433646, 0.0 ], [ -57.89103017, -51.990947396, 0.0 ], [ -57.887886066, -51.98761977, 0.0 ], [ -57.872165549, -51.976525889, 0.0 ], [ -57.867673972, -51.972364970999898, 0.0 ], [ -57.860038292, -51.966816477, 0.0 ], [ -57.849707667, -51.959324915, 0.0 ], [ -57.8488093509999, -51.95793745, 0.0 ], [ -57.847461879, -51.956549943, 0.0 ], [ -57.833088834, -51.952387160999898, 0.0 ], [ -57.818715789, -51.94822399, 0.0 ], [ -57.817368316999897, -51.947391309999901, 0.0 ], [ -57.80524106, -51.944615595, 0.0 ], [ -57.799402011, -51.943227673, 0.0 ], [ -57.783681493, -51.939896484, 0.0 ], [ -57.769308448999901, -51.9357321479999, 0.0 ], [ -57.754935404, -51.931567424, 0.0 ], [ -57.745952250999899, -51.928790724999899, 0.0 ], [ -57.7347233099999, -51.927402311, 0.0 ], [ -57.731579207, -51.926846933, 0.0 ], [ -57.727985945999897, -51.926013854, 0.0 ], [ -57.720350266, -51.925458459, 0.0 ], [ -57.7032822749999, -51.923236808999903, 0.0 ], [ -57.6978923839999, -51.92268138, 0.0 ], [ -57.683519339, -51.920459593, 0.0 ], [ -57.67768029, -51.919904128, 0.0 ], [ -57.661061457, -51.917682203, 0.0 ], [ -57.64534094, -51.914904641, 0.0 ], [ -57.630967895, -51.912126906, 0.0 ], [ -57.6152473779999, -51.908793396, 0.0 ], [ -57.600874333, -51.904626159, 0.0 ], [ -57.586052131, -51.900458532999899, 0.0 ], [ -57.571679086, -51.895734753999903, 0.0 ], [ -57.558204357, -51.890176728, 0.0 ], [ -57.544729628, -51.884618011, 0.0 ], [ -57.531254899, -51.878502624, 0.0 ], [ -57.519127641999901, -51.87210837, 0.0 ], [ -57.507898700999903, -51.865157058, 0.0 ], [ -57.49666976, -51.857648428999902, 0.0 ], [ -57.485440819, -51.85069487, 0.0 ], [ -57.475559351, -51.842349175, 0.0 ], [ -57.466576198, -51.834001923999899, 0.0 ], [ -57.457593045, -51.825931437, 0.0 ], [ -57.449957364999896, -51.817581125999901, 0.0 ], [ -57.448609892, -51.816189257, 0.0 ], [ -57.428846956, -51.797534035, 0.0 ], [ -57.425253695, -51.7939134659999, 0.0 ], [ -57.4162705419999, -51.785557191, 0.0 ], [ -57.407287389, -51.77747798, 0.0 ], [ -57.399651709, -51.769118646, 0.0 ], [ -57.391566871999899, -51.75992158, 0.0 ], [ -57.38617698, -51.7504438449999, 0.0 ], [ -57.379439615, -51.741242955, 0.0 ], [ -57.374948038999896, -51.731482377, 0.0 ], [ -57.370456463, -51.7219986429999, 0.0 ], [ -57.367312359, -51.712233887, 0.0 ], [ -57.3650665709999, -51.7024670119999, 0.0 ], [ -57.362820783, -51.692139724, 0.0 ], [ -57.36147331, -51.682368488, 0.0 ], [ -57.36147331, -51.671757317, 0.0 ], [ -57.362820783, -51.662260993, 0.0 ], [ -57.363719097999898, -51.651645086, 0.0 ], [ -57.365964886, -51.6421445249999, 0.0 ], [ -57.369558147, -51.632362444, 0.0 ], [ -57.372702251, -51.622578243, 0.0 ], [ -57.377193827, -51.6127919199999, 0.0 ], [ -57.383032876999899, -51.603003476, 0.0 ], [ -57.388422767999899, -51.594052185, 0.0 ], [ -57.39381266, -51.587057754999897, 0.0 ], [ -57.395160132999898, -51.585658738999904, 0.0 ], [ -57.39381266, -51.578103305, 0.0 ], [ -57.39381266, -51.569706896999897, 0.0 ], [ -57.392914345, -51.563268595, 0.0 ], [ -57.391566871999899, -51.553749427, 0.0 ], [ -57.391566871999899, -51.543107985999903, 0.0 ], [ -57.391566871999899, -51.542547841, 0.0 ], [ -57.390668557, -51.535545441, 0.0 ], [ -57.390668557, -51.531343482, 0.0 ], [ -57.390668557, -51.529942741999903, 0.0 ], [ -57.389770241, -51.520136351, 0.0 ], [ -57.389770241, -51.509767285999899, 0.0 ], [ -57.390668557, -51.499956526999902, 0.0 ], [ -57.391566871999899, -51.490143644999897, 0.0 ], [ -57.39381266, -51.479767717, 0.0 ], [ -57.397405921, -51.469950465999901, 0.0 ], [ -57.400550025, -51.460131090999901, 0.0 ], [ -57.405041600999901, -51.450590236, 0.0 ], [ -57.41088065, -51.441328077, 0.0 ], [ -57.4162705419999, -51.431502512, 0.0 ], [ -57.423007906999899, -51.422517278, 0.0 ], [ -57.431092744, -51.414092008999901, 0.0 ], [ -57.439626739999902, -51.405103333999897, 0.0 ], [ -57.448609892, -51.396674838, 0.0 ], [ -57.457593045, -51.389087855999897, 0.0 ], [ -57.462084622, -51.386277542, 0.0 ], [ -57.468821986, -51.38121854, 0.0 ], [ -57.474661036, -51.375596765999902, 0.0 ], [ -57.498017233, -51.359008490999898, 0.0 ], [ -57.510144489, -51.349165134, 0.0 ], [ -57.531254899, -51.333129973, 0.0 ], [ -57.552814465, -51.317652102999901, 0.0 ], [ -57.567528615999898, -51.305575476999898, 0.0 ] ] ] } },
{ "type": "Feature", "properties": { "name": null, "cmt": null, "desc": null, "src": null, "link1_href": null, "link1_text": null, "link1_type": null, "link2_href": null, "link2_text": null, "link2_type": null, "number": null, "type": null, "gpxx_TrackExtension": "<gpxx:DisplayColor>Red</gpxx:DisplayColor>", "ogr_tessellate": -1, "ogr_extrude": 0, "ogr_visibility": -1, "ogr_entidad": 4, "ogr_objeto": "Límite del Mar Territorial Argentino", "ogr_fdc": "Servicio de Hidrografía Naval", "ogr_sag": "Servicio de Hidrografía Naval" }, "geometry": { "type": "MultiLineString", "coordinates": [ [ [ -55.705429083999903, -35.782133971999897, 0.0 ], [ -55.708573187, -35.785061866, 0.0 ], [ -55.875210672, -35.9053772359999, 0.0 ], [ -56.102035281, -36.067455971, 0.0 ], [ -56.304381460999899, -36.213282198999899, 0.0 ], [ -56.466751287, -36.330298389999903, 0.0 ], [ -56.467649601999902, -36.331388675, 0.0 ], [ -56.466751287, -36.332115523, 0.0 ], [ -56.466751287, -36.333569199, 0.0 ], [ -56.466751287, -36.335022846999898, 0.0 ], [ -56.465852971999901, -36.33902024, 0.0 ], [ -56.464056340999903, -36.343380795, 0.0 ], [ -56.463607183, -36.348831143, 0.0 ], [ -56.458666449, -36.362273688999899, 0.0 ], [ -56.455073188, -36.375713893, 0.0 ], [ -56.453276558, -36.390241209, 0.0 ], [ -56.4528274, -36.399682497, 0.0 ], [ -56.451929085, -36.4062180949999, 0.0 ], [ -56.4510307689999, -36.417472546999903, 0.0 ], [ -56.449234138999898, -36.4283623869999, 0.0 ], [ -56.447886665999903, -36.438887767, 0.0 ], [ -56.447886665999903, -36.447597338, 0.0 ], [ -56.446090034999898, -36.456305922999903, 0.0 ], [ -56.444293404999897, -36.4668274799999, 0.0 ], [ -56.443395089, -36.476984859, 0.0 ], [ -56.442047617, -36.499471419, 0.0 ], [ -56.440250986, -36.518326036, 0.0 ], [ -56.438454355, -36.543337511999901, 0.0 ], [ -56.438454355, -36.56145667, 0.0 ], [ -56.438005198, -36.579933798, 0.0 ], [ -56.437106882, -36.596233442, 0.0 ], [ -56.435310252, -36.614702174999898, 0.0 ], [ -56.434411936999901, -36.625202014, 0.0 ], [ -56.433064464, -36.631356422, 0.0 ], [ -56.4312678329999, -36.641853973, 0.0 ], [ -56.429471202999899, -36.655245304999902, 0.0 ], [ -56.42812373, -36.666463262, 0.0 ], [ -56.426327098999899, -36.680573831999901, 0.0 ], [ -56.424530467999901, -36.696490317, 0.0 ], [ -56.423632153, -36.713126726, 0.0 ], [ -56.423182996, -36.730844121, 0.0 ], [ -56.423182996, -36.748918847, 0.0 ], [ -56.424530467999901, -36.765543803, 0.0 ], [ -56.425428784, -36.783610284, 0.0 ], [ -56.425428784, -36.789390652, 0.0 ], [ -56.426327098999899, -36.792641914999898, 0.0 ], [ -56.425428784, -36.795893039, 0.0 ], [ -56.425428784, -36.799505236, 0.0 ], [ -56.425428784, -36.802033670999897, 0.0 ], [ -56.426327098999899, -36.804562023, 0.0 ], [ -56.425428784, -36.8067291139999, 0.0 ], [ -56.424530467999901, -36.809257309, 0.0 ], [ -56.423632153, -36.815396861, 0.0 ], [ -56.42048805, -36.827313396, 0.0 ], [ -56.418242260999897, -36.842477189, 0.0 ], [ -56.416445630999903, -36.858359815, 0.0 ], [ -56.415547316, -36.8684652069999, 0.0 ], [ -56.415547316, -36.878930086, 0.0 ], [ -56.417343946, -36.895526581999903, 0.0 ], [ -56.419589733999899, -36.911398087, 0.0 ], [ -56.423182996, -36.924020769, 0.0 ], [ -56.427225414, -36.936641344, 0.0 ], [ -56.430369518, -36.945294234, 0.0 ], [ -56.432166148, -36.949620308, 0.0 ], [ -56.436208566999902, -36.958271711999899, 0.0 ], [ -56.439352670999902, -36.965120037, 0.0 ], [ -56.440250986, -36.967642946999902, 0.0 ], [ -56.442945932, -36.970886564999901, 0.0 ], [ -56.447886665999903, -36.9795355319999, 0.0 ], [ -56.4528274, -36.986381928, 0.0 ], [ -56.460912236999903, -36.997551029, 0.0 ], [ -56.471692021, -37.011960327999901, 0.0 ], [ -56.4856159079999, -37.029247849999898, 0.0 ], [ -56.493700745, -37.0404106, 0.0 ], [ -56.502234740999903, -37.04977163, 0.0 ], [ -56.50807379, -37.05697163, 0.0 ], [ -56.516158627, -37.0663306, 0.0 ], [ -56.528735040999898, -37.080006999, 0.0 ], [ -56.537718194, -37.089363103, 0.0 ], [ -56.544455559, -37.096559312999901, 0.0 ], [ -56.549396293, -37.101956018, 0.0 ], [ -56.553438711999902, -37.107352335, 0.0 ], [ -56.557481131, -37.113107979999903, 0.0 ], [ -56.564218495, -37.122459960999898, 0.0 ], [ -56.569608387, -37.131091526, 0.0 ], [ -56.579040697, -37.14223916, 0.0 ], [ -56.58802385, -37.153385136999901, 0.0 ], [ -56.594761214999899, -37.161294181, 0.0 ], [ -56.599701949, -37.16920239, 0.0 ], [ -56.605990156, -37.177828576, 0.0 ], [ -56.614524151, -37.190406649, 0.0 ], [ -56.624405619, -37.203701172, 0.0 ], [ -56.633388771999897, -37.215556456999899, 0.0 ], [ -56.641473609999899, -37.225254838, 0.0 ], [ -56.650456762, -37.235311091, 0.0 ], [ -56.658092441999898, -37.244647828, 0.0 ], [ -56.665728122, -37.255778566999901, 0.0 ], [ -56.672914644999899, -37.266907648, 0.0 ], [ -56.680999481999898, -37.278752912, 0.0 ], [ -56.690431793, -37.289519702999897, 0.0 ], [ -56.69851663, -37.299926123, 0.0 ], [ -56.704355678999903, -37.3085372359999, 0.0 ], [ -56.707499782999903, -37.313201173, 0.0 ], [ -56.712440516999898, -37.320375891, 0.0 ], [ -56.7232203, -37.332929986, 0.0 ], [ -56.731305138, -37.341895902, 0.0 ], [ -56.737144187, -37.349426437, 0.0 ], [ -56.744779867, -37.359107434, 0.0 ], [ -56.751517232, -37.369145656999898, 0.0 ], [ -56.756457966, -37.375598085, 0.0 ], [ -56.764542804, -37.384200451, 0.0 ], [ -56.774424272, -37.395310369, 0.0 ], [ -56.779365006, -37.402118851999901, 0.0 ], [ -56.789246474, -37.415733948, 0.0 ], [ -56.799127942, -37.430421119999899, 0.0 ], [ -56.80721278, -37.442240393, 0.0 ], [ -56.811704356, -37.448686474999903, 0.0 ], [ -56.813950143999897, -37.453341630999901, 0.0 ], [ -56.814848459, -37.4579964939999, 0.0 ], [ -56.81664509, -37.461218921, 0.0 ], [ -56.817992563, -37.465873289999898, 0.0 ], [ -56.821585824, -37.47088536, 0.0 ], [ -56.828772345999901, -37.482340248999897, 0.0 ], [ -56.835509711, -37.494867007, 0.0 ], [ -56.83955213, -37.501308514, 0.0 ], [ -56.84134876, -37.504886886999898, 0.0 ], [ -56.841797917999898, -37.505602541, 0.0 ], [ -56.866950746, -37.540661104, 0.0 ], [ -56.874137268, -37.549959567, 0.0 ], [ -56.9064766179999, -37.595362168999898, 0.0 ], [ -56.907374934, -37.596076947, 0.0 ], [ -56.915908929, -37.6053684359999, 0.0 ], [ -56.919951348, -37.61037106, 0.0 ], [ -56.924442923999898, -37.617517077999899, 0.0 ], [ -56.931629445999903, -37.624662402999903, 0.0 ], [ -56.940612599, -37.633235879, 0.0 ], [ -56.946900806, -37.638950975999897, 0.0 ], [ -56.949595751999901, -37.642879847, 0.0 ], [ -56.958129747, -37.650022713999903, 0.0 ], [ -56.9671129, -37.657164888, 0.0 ], [ -56.9760960529999, -37.664306369, 0.0 ], [ -56.978790999, -37.665020479, 0.0 ], [ -56.982384259999897, -37.669304993, 0.0 ], [ -56.983282575, -37.671447156999903, 0.0 ], [ -56.988672467, -37.677159288, 0.0 ], [ -56.997655619999897, -37.685726654, 0.0 ], [ -57.004842142, -37.692508444999902, 0.0 ], [ -57.013825294999897, -37.699646496, 0.0 ], [ -57.0205626589999, -37.705356438, 0.0 ], [ -57.023257605, -37.70607015, 0.0 ], [ -57.024155920999902, -37.708211242999901, 0.0 ], [ -57.031342443, -37.715347768999898, 0.0 ], [ -57.038528965, -37.723910686, 0.0 ], [ -57.047512118, -37.731045687999902, 0.0 ], [ -57.056495271, -37.737823297, 0.0 ], [ -57.063681792999901, -37.743530273, 0.0 ], [ -57.0672750539999, -37.746383594, 0.0 ], [ -57.075809049, -37.754942892, 0.0 ], [ -57.084792202, -37.762074878, 0.0 ], [ -57.086588833, -37.762074878, 0.0 ], [ -57.086588833, -37.763501192, 0.0 ], [ -57.0901820939999, -37.766353737, 0.0 ], [ -57.097368616, -37.774910705, 0.0 ], [ -57.106351769, -37.781684264, 0.0 ], [ -57.115334921999903, -37.788813649, 0.0 ], [ -57.124318075, -37.7959423409999, 0.0 ], [ -57.13285207, -37.80307034, 0.0 ], [ -57.138241961999903, -37.805921344999902, 0.0 ], [ -57.145428484, -37.8087722389999, 0.0 ], [ -57.154411637, -37.815898988999898, 0.0 ], [ -57.160699844, -37.820887301, 0.0 ], [ -57.16339479, -37.823025045, 0.0 ], [ -57.168784681, -37.825875273, 0.0 ], [ -57.169682996999903, -37.826587812999897, 0.0 ], [ -57.176869519, -37.831931639999901, 0.0 ], [ -57.179564464999899, -37.834069061, 0.0 ], [ -57.187649302, -37.84048095, 0.0 ], [ -57.189895091, -37.843330498999897, 0.0 ], [ -57.198878243, -37.850453883999897, 0.0 ], [ -57.199776559, -37.851166184, 0.0 ], [ -57.201573189, -37.852590764, 0.0 ], [ -57.20336982, -37.854727582, 0.0 ], [ -57.210556342, -37.862562045999901, 0.0 ], [ -57.21864118, -37.870395669999901, 0.0 ], [ -57.226726017, -37.877872437, 0.0 ], [ -57.227624331999898, -37.87858447, 0.0 ], [ -57.230319278, -37.882144532, 0.0 ], [ -57.237505800999898, -37.889976057, 0.0 ], [ -57.240200746, -37.892823676, 0.0 ], [ -57.241997377, -37.894247443, 0.0 ], [ -57.246039795999899, -37.899230412, 0.0 ], [ -57.249633057, -37.903501257999899, 0.0 ], [ -57.251429688, -37.905636586999897, 0.0 ], [ -57.257717893999903, -37.913465591, 0.0 ], [ -57.26041284, -37.916312294, 0.0 ], [ -57.263107786, -37.919514702, 0.0 ], [ -57.264904417, -37.921649562, 0.0 ], [ -57.267599362999903, -37.925919095, 0.0 ], [ -57.268497678, -37.926630659999901, 0.0 ], [ -57.269395992999897, -37.928765311999904, 0.0 ], [ -57.270294308, -37.933034428, 0.0 ], [ -57.272090939, -37.941571912, 0.0 ], [ -57.274785885, -37.951531045, 0.0 ], [ -57.2756842, -37.954376260999901, 0.0 ], [ -57.2756842, -37.955087547999902, 0.0 ], [ -57.276582515, -37.958643878, 0.0 ], [ -57.274785885, -37.964333644, 0.0 ], [ -57.272090939, -37.972511905, 0.0 ], [ -57.272090939, -37.974645213, 0.0 ], [ -57.272090939, -37.977489526999904, 0.0 ], [ -57.269395992999897, -37.984599825, 0.0 ], [ -57.265802731999898, -37.994553074999899, 0.0 ], [ -57.2640061009999, -38.004504962999903, 0.0 ], [ -57.262209470999899, -38.014100137, 0.0 ], [ -57.261311156, -38.02404935, 0.0 ], [ -57.26041284, -38.033997202, 0.0 ], [ -57.26041284, -38.044654102, 0.0 ], [ -57.261311156, -38.054599132, 0.0 ], [ -57.263107786, -38.064187691, 0.0 ], [ -57.264904417, -38.074130044999897, 0.0 ], [ -57.267599362999903, -38.084071035, 0.0 ], [ -57.271192624, -38.094010663999903, 0.0 ], [ -57.274785885, -38.103594014, 0.0 ], [ -57.276582515, -38.107852874999899, 0.0 ], [ -57.2792774609999, -38.113530964999903, 0.0 ], [ -57.288260614, -38.1319816869999, 0.0 ], [ -57.292752191, -38.141205285, 0.0 ], [ -57.294548821, -38.1447525089999, 0.0 ], [ -57.296345452, -38.148299559999899, 0.0 ], [ -57.298142082, -38.152201115, 0.0 ], [ -57.299040397999903, -38.154329146999899, 0.0 ], [ -57.299938713, -38.157166425999897, 0.0 ], [ -57.303531974, -38.167096025, 0.0 ], [ -57.307574393, -38.176315146, 0.0 ], [ -57.312964284, -38.185533091, 0.0 ], [ -57.318354176, -38.194395390999901, 0.0 ], [ -57.324642383, -38.202902176, 0.0 ], [ -57.331828905, -38.211407959, 0.0 ], [ -57.339015428, -38.21991274, 0.0 ], [ -57.347100264999902, -38.227707908999903, 0.0 ], [ -57.356083418, -38.235502235, 0.0 ], [ -57.363719097999898, -38.242233020999898, 0.0 ], [ -57.373600565999901, -38.24931738, 0.0 ], [ -57.383482033999897, -38.255692708, 0.0 ], [ -57.3933635019999, -38.262067472, 0.0 ], [ -57.404143286, -38.267733455, 0.0 ], [ -57.413126438999903, -38.27198265, 0.0 ], [ -57.420762119, -38.281188379999897, 0.0 ], [ -57.422558749, -38.283312612, 0.0 ], [ -57.430643587, -38.29074693, 0.0 ], [ -57.437830108999897, -38.299242353999901, 0.0 ], [ -57.446813262, -38.306321108, 0.0 ], [ -57.455796415, -38.314106932, 0.0 ], [ -57.464779566999901, -38.321184224, 0.0 ], [ -57.47196609, -38.325430264, 0.0 ], [ -57.476457666, -38.328260817999897, 0.0 ], [ -57.478254297, -38.329676053, 0.0 ], [ -57.486788292, -38.336398040999903, 0.0 ], [ -57.492178184, -38.340643182, 0.0 ], [ -57.49487313, -38.342765659, 0.0 ], [ -57.503856282, -38.349840129, 0.0 ], [ -57.51373775, -38.356206556, 0.0 ], [ -57.523619219, -38.362572418, 0.0 ], [ -57.534399002, -38.368230489, 0.0 ], [ -57.538441421, -38.370352151, 0.0 ], [ -57.542034682, -38.371766556999901, 0.0 ], [ -57.549221203999899, -38.376716759, 0.0 ], [ -57.556407726, -38.379898851999897, 0.0 ], [ -57.564492564, -38.384141422, 0.0 ], [ -57.567187509999897, -38.385555557, 0.0 ], [ -57.577967293, -38.391211815, 0.0 ], [ -57.583357185, -38.394039778, 0.0 ], [ -57.588747076999901, -38.396867627999903, 0.0 ], [ -57.599077701999903, -38.401816099, 0.0 ], [ -57.610755801, -38.406764227999901, 0.0 ], [ -57.6224339, -38.411005208999903, 0.0 ], [ -57.634111999, -38.415245938999902, 0.0 ], [ -57.640400206, -38.417366210999901, 0.0 ], [ -57.644891781999902, -38.41877969, 0.0 ], [ -57.648485042999901, -38.421606564999898, 0.0 ], [ -57.657019038, -38.42902658, 0.0 ], [ -57.666002191, -38.436092546999902, 0.0 ], [ -57.675883659, -38.442451322, 0.0 ], [ -57.685765127, -38.448809530999903, 0.0 ], [ -57.688460073, -38.45022239, 0.0 ], [ -57.692053334, -38.452341626, 0.0 ], [ -57.696544910999897, -38.455167176, 0.0 ], [ -57.707324694, -38.460817941999899, 0.0 ], [ -57.717655319999899, -38.465761995, 0.0 ], [ -57.7293334189999, -38.470352596999902, 0.0 ], [ -57.736519941, -38.473177435, 0.0 ], [ -57.741909833, -38.475295990999903, 0.0 ], [ -57.753587931, -38.480239044, 0.0 ], [ -57.76526603, -38.484475674999899, 0.0 ], [ -57.767960976, -38.485181756, 0.0 ], [ -57.777393285999899, -38.489418094, 0.0 ], [ -57.780986546999898, -38.49083015, 0.0 ], [ -57.792664645999899, -38.495066153, 0.0 ], [ -57.804342745, -38.499301905, 0.0 ], [ -57.8088343209999, -38.500713767, 0.0 ], [ -57.816020844, -38.5028315059999, 0.0 ], [ -57.822309050999898, -38.506360932999897, 0.0 ], [ -57.832639676, -38.511301838, 0.0 ], [ -57.844317775, -38.515889515, 0.0 ], [ -57.855995874, -38.520124032, 0.0 ], [ -57.866775656999899, -38.523652604999903, 0.0 ], [ -57.870368917999897, -38.525769663999903, 0.0 ], [ -57.87575881, -38.528592312999898, 0.0 ], [ -57.881148702, -38.5307092259999, 0.0 ], [ -57.890581012, -38.535648446, 0.0 ], [ -57.899564165, -38.539881791, 0.0 ], [ -57.905852372, -38.542703882, 0.0 ], [ -57.908547317999897, -38.543409386999897, 0.0 ], [ -57.917530471, -38.547642272, 0.0 ], [ -57.929208569, -38.552580319, 0.0 ], [ -57.940886668, -38.556812659999899, 0.0 ], [ -57.947624033, -38.55963408, 0.0 ], [ -57.964242865, -38.565276586, 0.0 ], [ -57.976370121999899, -38.570213413, 0.0 ], [ -57.984005802, -38.5733869069999, 0.0 ], [ -57.9956839, -38.577618012, 0.0 ], [ -58.000175477, -38.579028324, 0.0 ], [ -58.018141783, -38.584669295, 0.0 ], [ -58.023531674, -38.586784544, 0.0 ], [ -58.025328305, -38.587489612999903, 0.0 ], [ -58.029819881, -38.58889973, 0.0 ], [ -58.039701349, -38.5924249, 0.0 ], [ -58.046887872, -38.594539918999899, 0.0 ], [ -58.053176079, -38.596654875, 0.0 ], [ -58.062608388999898, -38.600179661, 0.0 ], [ -58.068896595999902, -38.602294448999899, 0.0 ], [ -58.076083118, -38.605114069, 0.0 ], [ -58.087761217, -38.608990864, 0.0 ], [ -58.094049423999898, -38.611810218999899, 0.0 ], [ -58.104829207, -38.616039041, 0.0 ], [ -58.110219098999899, -38.618153358, 0.0 ], [ -58.117405620999897, -38.620972349999903, 0.0 ], [ -58.122346354999898, -38.623791229999902, 0.0 ], [ -58.133126139, -38.628724001, 0.0 ], [ -58.143905922, -38.632951818, 0.0 ], [ -58.148397498999898, -38.635065632, 0.0 ], [ -58.160075596999903, -38.639997621, 0.0 ], [ -58.171753695999897, -38.644224768, 0.0 ], [ -58.182982637, -38.648451662999904, 0.0 ], [ -58.195559051, -38.651621669999898, 0.0 ], [ -58.197355682, -38.652326096, 0.0 ], [ -58.20903378, -38.6572568879999, 0.0 ], [ -58.220711879, -38.661483007999898, 0.0 ], [ -58.227898400999898, -38.6643002819999, 0.0 ], [ -58.232389978, -38.665708876999901, 0.0 ], [ -58.238229026999903, -38.667117444, 0.0 ], [ -58.249008811, -38.671342976999902, 0.0 ], [ -58.261585224, -38.674864063, 0.0 ], [ -58.273263323, -38.677680806, 0.0 ], [ -58.2777549, -38.678384975, 0.0 ], [ -58.280449845, -38.67979329, 0.0 ], [ -58.289432997999903, -38.683313956999903, 0.0 ], [ -58.294373731999897, -38.685426273, 0.0 ], [ -58.298865309, -38.686834448999903, 0.0 ], [ -58.3042552, -38.688242596999899, 0.0 ], [ -58.310543407, -38.691058809, 0.0 ], [ -58.318628245, -38.69387491, 0.0 ], [ -58.322221505999899, -38.695282918, 0.0 ], [ -58.33300129, -38.699154796999899, 0.0 ], [ -58.340187812, -38.701970576, 0.0 ], [ -58.349170965, -38.704786242999901, 0.0 ], [ -58.355010014, -38.707601799, 0.0 ], [ -58.367586428, -38.711824921999899, 0.0 ], [ -58.379264527, -38.715344, 0.0 ], [ -58.382857788, -38.716047795, 0.0 ], [ -58.386451049, -38.7174553629999, 0.0 ], [ -58.3882476799999, -38.718159135999898, 0.0 ], [ -58.400824094, -38.722381631, 0.0 ], [ -58.412053035, -38.725900184999901, 0.0 ], [ -58.41474798, -38.726603875, 0.0 ], [ -58.420137871999898, -38.728011233, 0.0 ], [ -58.426426079, -38.730122219, 0.0 ], [ -58.438104177999897, -38.733640388, 0.0 ], [ -58.450680592, -38.736454798, 0.0 ], [ -58.4632570059999, -38.739269095999902, 0.0 ], [ -58.467299425, -38.739972652999903, 0.0 ], [ -58.477180893, -38.742083282, 0.0 ], [ -58.480774154, -38.742435047, 0.0 ], [ -58.493350568, -38.744545602999899, 0.0 ], [ -58.499638774999902, -38.7452491069999, 0.0 ], [ -58.503232036, -38.745952605, 0.0 ], [ -58.51580845, -38.748766525999898, 0.0 ], [ -58.527935705999901, -38.751580334, 0.0 ], [ -58.54051212, -38.753690617, 0.0 ], [ -58.5459020119999, -38.754394030999897, 0.0 ], [ -58.546800327, -38.754394030999897, 0.0 ], [ -58.552639376999899, -38.757559307, 0.0 ], [ -58.559825899, -38.761076112999902, 0.0 ], [ -58.571054839999903, -38.765647701, 0.0 ], [ -58.582732939, -38.770218993, 0.0 ], [ -58.594860195, -38.774086779, 0.0 ], [ -58.606538294, -38.777602763999901, 0.0 ], [ -58.619114708, -38.780415427, 0.0 ], [ -58.631241964, -38.783227977, 0.0 ], [ -58.643818377999899, -38.784985764999902, 0.0 ], [ -58.656843949999903, -38.786743508, 0.0 ], [ -58.669420363, -38.787446594, 0.0 ], [ -58.67570857, -38.787798134, 0.0 ], [ -58.682895093, -38.788149672, 0.0 ], [ -58.683344249999898, -38.788501208, 0.0 ], [ -58.686937512, -38.790610391, 0.0 ], [ -58.697717295, -38.795531571, 0.0 ], [ -58.708946236, -38.800452409999899, 0.0 ], [ -58.7197260189999, -38.804669998, 0.0 ], [ -58.732302433, -38.808887335, 0.0 ], [ -58.743980532, -38.812401591, 0.0 ], [ -58.756556945999897, -38.8152128689999, 0.0 ], [ -58.758802734, -38.815915671, 0.0 ], [ -58.765989256999902, -38.818024035999898, 0.0 ], [ -58.770480833, -38.819429576999902, 0.0 ], [ -58.774074094, -38.820132337, 0.0 ], [ -58.775870724999898, -38.820835089999903, 0.0 ], [ -58.781260615999898, -38.822240576, 0.0 ], [ -58.786650508, -38.823646032999903, 0.0 ], [ -58.799226921999903, -38.826456864, 0.0 ], [ -58.811803336, -38.829267582999897, 0.0 ], [ -58.823930592, -38.831375549, 0.0 ], [ -58.829320483999901, -38.832078189999898, 0.0 ], [ -58.83201543, -38.832780823999897, 0.0 ], [ -58.834710376, -38.8331321389999, 0.0 ], [ -58.842795212999903, -38.836645188, 0.0 ], [ -58.855371627, -38.840860615999901, 0.0 ], [ -58.867049725999898, -38.844373280999903, 0.0 ], [ -58.876482036, -38.846480796, 0.0 ], [ -58.883668558999901, -38.847885770999902, 0.0 ], [ -58.885465188999902, -38.848588247999899, 0.0 ], [ -58.892651712, -38.849993180999903, 0.0 ], [ -58.893550026999897, -38.849993180999903, 0.0 ], [ -58.901634864, -38.853505390999899, 0.0 ], [ -58.913312963, -38.857719812, 0.0 ], [ -58.924991061999897, -38.8619339809999, 0.0 ], [ -58.937118317999897, -38.865445597, 0.0 ], [ -58.949694732, -38.868254763, 0.0 ], [ -58.962271146, -38.871063818, 0.0 ], [ -58.9631694609999, -38.871063818, 0.0 ], [ -58.968559352999897, -38.872468302999899, 0.0 ], [ -58.977542506, -38.874574978999902, 0.0 ], [ -58.989669761999899, -38.877383782, 0.0 ], [ -58.994161339, -38.878085965, 0.0 ], [ -58.996856285, -38.878788141, 0.0 ], [ -59.004042807, -38.880543551, 0.0 ], [ -59.010331014, -38.882649984999901, 0.0 ], [ -59.013025959999901, -38.883352116, 0.0 ], [ -59.025602374, -38.886862665, 0.0 ], [ -59.038178788, -38.889670978, 0.0 ], [ -59.050306044, -38.892479179, 0.0 ], [ -59.059289196999899, -38.893883237999901, 0.0 ], [ -59.064679089, -38.895287268999901, 0.0 ], [ -59.071865611, -38.896691271, 0.0 ], [ -59.084442025, -38.898797223, 0.0 ], [ -59.090730231999899, -38.899499192999897, 0.0 ], [ -59.095221808, -38.900201156, 0.0 ], [ -59.096120122999899, -38.900201156, 0.0 ], [ -59.106450749, -38.902307001999901, 0.0 ], [ -59.116332217, -38.904412786, 0.0 ], [ -59.126213685, -38.905816607, 0.0 ], [ -59.138790098999898, -38.9072204, 0.0 ], [ -59.149569883, -38.907922285, 0.0 ], [ -59.158553035999901, -38.908624163999903, 0.0 ], [ -59.159451351, -38.908624163999903, 0.0 ], [ -59.171578607, -38.910027901, 0.0 ], [ -59.1751718679999, -38.910027901, 0.0 ], [ -59.176968498999898, -38.910027901, 0.0 ], [ -59.179663445, -38.910729758999899, 0.0 ], [ -59.192239859, -38.912835291, 0.0 ], [ -59.199426381, -38.913537120999898, 0.0 ], [ -59.208409533999898, -38.9156425689999, 0.0 ], [ -59.214697741, -38.917046166, 0.0 ], [ -59.226824996999902, -38.919853275, 0.0 ], [ -59.239401411, -38.921958533999899, 0.0 ], [ -59.247486249, -38.922660273, 0.0 ], [ -59.259164348, -38.925116305, 0.0 ], [ -59.262757608999898, -38.925818012, 0.0 ], [ -59.275334023, -38.928624772, 0.0 ], [ -59.286562964, -38.930729769, 0.0 ], [ -59.292851170999903, -38.932834702, 0.0 ], [ -59.301834324, -38.936342785, 0.0 ], [ -59.314410736999903, -38.939850693, 0.0 ], [ -59.326987151, -38.942656892999899, 0.0 ], [ -59.339114407999901, -38.945462980999899, 0.0 ], [ -59.351690822, -38.947567474, 0.0 ], [ -59.355284083, -38.948268957, 0.0 ], [ -59.371453758, -38.950373366, 0.0 ], [ -59.382233540999898, -38.95177627, 0.0 ], [ -59.386725118, -38.952477712, 0.0 ], [ -59.399750689, -38.955283408, 0.0 ], [ -59.415022049, -38.957387606999902, 0.0 ], [ -59.421310256, -38.958088992999897, 0.0 ], [ -59.4338866699999, -38.959491742999901, 0.0 ], [ -59.445564769, -38.960193107, 0.0 ], [ -59.452751291, -38.960894465, 0.0 ], [ -59.458590340999898, -38.962297158999903, 0.0 ], [ -59.471166755, -38.965102464, 0.0 ], [ -59.483743169, -38.967907656, 0.0 ], [ -59.496319582999902, -38.969660845, 0.0 ], [ -59.499912843999901, -38.970362108, 0.0 ], [ -59.506201050999898, -38.971063364, 0.0 ], [ -59.511590941999899, -38.971764612999898, 0.0 ], [ -59.523718199, -38.973167089999897, 0.0 ], [ -59.536294612999903, -38.973868318, 0.0 ], [ -59.540786189, -38.974569539, 0.0 ], [ -59.549769341999898, -38.975971961, 0.0 ], [ -59.562345756, -38.977374353999899, 0.0 ], [ -59.568633963, -38.97807554, 0.0 ], [ -59.578964589, -38.979477890999902, 0.0 ], [ -59.584354479999902, -38.980179055999898, 0.0 ], [ -59.587049426, -38.980179055999898, 0.0 ], [ -59.591541003, -38.981581365, 0.0 ], [ -59.594235947999898, -38.982282509999898, 0.0 ], [ -59.606812362, -38.9843859, 0.0 ], [ -59.6148972, -38.985087016, 0.0 ], [ -59.624778668, -38.987190321999897, 0.0 ], [ -59.635109294, -38.989994633, 0.0 ], [ -59.63780424, -38.990695693, 0.0 ], [ -59.63960087, -38.991396746, 0.0 ], [ -59.651278969, -38.995602918, 0.0 ], [ -59.6530756, -38.996303922, 0.0 ], [ -59.661160437, -38.998406891999899, 0.0 ], [ -59.67014359, -39.001911703, 0.0 ], [ -59.681821688999896, -39.006117245, 0.0 ], [ -59.693948944999903, -39.009621669999902, 0.0 ], [ -59.706525359, -39.012425084, 0.0 ], [ -59.719101773, -39.014877979999902, 0.0 ], [ -59.731678186999901, -39.016980394, 0.0 ], [ -59.737966394, -39.017681184, 0.0 ], [ -59.74066134, -39.018381968, 0.0 ], [ -59.752788596, -39.020484277, 0.0 ], [ -59.756381857, -39.021185031999899, 0.0 ], [ -59.758178487999899, -39.021185031999899, 0.0 ], [ -59.7599751179999, -39.021885781, 0.0 ], [ -59.761771748999898, -39.022586522, 0.0 ], [ -59.774348163, -39.026090124999897, 0.0 ], [ -59.786924577, -39.028892880999898, 0.0 ], [ -59.799500990999903, -39.031695526, 0.0 ], [ -59.811628247, -39.033797434999897, 0.0 ], [ -59.823306346, -39.035198673, 0.0 ], [ -59.833187814, -39.035899281999903, 0.0 ], [ -59.838577706, -39.036599883, 0.0 ], [ -59.843069282, -39.037300478, 0.0 ], [ -59.846662543, -39.038001064999897, 0.0 ], [ -59.859238956999903, -39.040102786, 0.0 ], [ -59.871366214, -39.041503898, 0.0 ], [ -59.872264528999899, -39.041503898, 0.0 ], [ -59.878552736, -39.0422044439999, 0.0 ], [ -59.883044312, -39.042904982, 0.0 ], [ -59.890230835, -39.043605514, 0.0 ], [ -59.893824095999904, -39.043605514, 0.0 ], [ -59.90640051, -39.045006556, 0.0 ], [ -59.907298824999899, -39.045006556, 0.0 ], [ -59.915383662999901, -39.045707066, 0.0 ], [ -59.920324396999902, -39.04640757, 0.0 ], [ -59.924815973, -39.047108066, 0.0 ], [ -59.929307549, -39.047808555, 0.0 ], [ -59.932900811, -39.048509038, 0.0 ], [ -59.945477224999898, -39.050610443, 0.0 ], [ -59.958053639, -39.052011345, 0.0 ], [ -59.9616469, -39.052011345, 0.0 ], [ -59.969731737, -39.053412218999902, 0.0 ], [ -59.973324998, -39.054112646, 0.0 ], [ -59.985452255, -39.056213882999899, 0.0 ], [ -59.998028669, -39.057614672999897, 0.0 ], [ -60.002520245, -39.058315057, 0.0 ], [ -60.007011822, -39.0590154349999, 0.0 ], [ -60.019588235999898, -39.060065988, 0.0 ], [ -60.032164649, -39.060766348, 0.0 ], [ -60.045190221, -39.061466701, 0.0 ], [ -60.050580113, -39.061466701, 0.0 ], [ -60.054173374, -39.061466701, 0.0 ], [ -60.05866495, -39.062167046999903, 0.0 ], [ -60.062258212, -39.062867384999898, 0.0 ], [ -60.071241363999903, -39.064268042, 0.0 ], [ -60.098639981, -39.069870389, 0.0 ], [ -60.103131557, -39.070570651, 0.0 ], [ -60.111216393999896, -39.071971154, 0.0 ], [ -60.123792808, -39.073371629, 0.0 ], [ -60.136369222, -39.0740718549999, 0.0 ], [ -60.149843952, -39.074772074999899, 0.0 ], [ -60.15388637, -39.074772074999899, 0.0 ], [ -60.156581316, -39.075472288, 0.0 ], [ -60.158377947, -39.075472288, 0.0 ], [ -60.170954361, -39.076172493999898, 0.0 ], [ -60.171852676, -39.076172493999898, 0.0 ], [ -60.176344253, -39.076872693, 0.0 ], [ -60.185327405, -39.078273069, 0.0 ], [ -60.197005503999897, -39.079673418, 0.0 ], [ -60.200598764999903, -39.079673418, 0.0 ], [ -60.203293711, -39.080373581999901, 0.0 ], [ -60.211827706, -39.081773887999901, 0.0 ], [ -60.22440412, -39.083174167, 0.0 ], [ -60.2253024359999, -39.083174167, 0.0 ], [ -60.228895697, -39.083874296, 0.0 ], [ -60.23967548, -39.08597464, 0.0 ], [ -60.243268741, -39.086674741, 0.0 ], [ -60.247760318, -39.087374834999899, 0.0 ], [ -60.260336732, -39.09017514, 0.0 ], [ -60.272463988, -39.092975332, 0.0 ], [ -60.280548826, -39.094375387, 0.0 ], [ -60.284142087, -39.0950754039999, 0.0 ], [ -60.290430294, -39.096475416, 0.0 ], [ -60.303006707999899, -39.099275357, 0.0 ], [ -60.307498284, -39.099975324, 0.0 ], [ -60.308396598999899, -39.099975324, 0.0 ], [ -60.311989861, -39.1013752389999, 0.0 ], [ -60.324566273999899, -39.104174983, 0.0 ], [ -60.336693531, -39.106624667999903, 0.0 ], [ -60.343880053, -39.108024449, 0.0 ], [ -60.347473314, -39.108724329, 0.0 ], [ -60.360049728, -39.111523779, 0.0 ], [ -60.372626141999902, -39.114323117, 0.0 ], [ -60.384753399, -39.116422547999903, 0.0 ], [ -60.392838235999903, -39.117122343999903, 0.0 ], [ -60.397329812, -39.117822132999898, 0.0 ], [ -60.408109596, -39.119921458, 0.0 ], [ -60.420686009999898, -39.121320973, 0.0 ], [ -60.422482639999899, -39.121320973, 0.0 ], [ -60.425177586, -39.12202072, 0.0 ], [ -60.430567477999901, -39.1227204589999, 0.0 ], [ -60.442694734, -39.124119918, 0.0 ], [ -60.455271148, -39.124819637, 0.0 ], [ -60.457966094, -39.124819637, 0.0 ], [ -60.464254301, -39.125519348999902, 0.0 ], [ -60.4759324, -39.126918751999902, 0.0 ], [ -60.47772903, -39.126918751999902, 0.0 ], [ -60.4885088139999, -39.128318126999901, 0.0 ], [ -60.497491967, -39.129017803999901, 0.0 ], [ -60.503331015999898, -39.129717474, 0.0 ], [ -60.5114158539999, -39.130417136999903, 0.0 ], [ -60.523992268, -39.131116791999901, 0.0 ], [ -60.53117879, -39.131816441, 0.0 ], [ -60.534772050999898, -39.131816441, 0.0 ], [ -60.546450149999899, -39.133215718, 0.0 ], [ -60.556331617999902, -39.133915346, 0.0 ], [ -60.557229933, -39.133915346, 0.0 ], [ -60.557679091, -39.133915346, 0.0 ], [ -60.570255505, -39.135314580999903, 0.0 ], [ -60.582831918999901, -39.136014186999901, 0.0 ], [ -60.590018441, -39.136713787, 0.0 ], [ -60.594510016999898, -39.137413379999899, 0.0 ], [ -60.596306647999903, -39.137413379999899, 0.0 ], [ -60.607984746999897, -39.138812545, 0.0 ], [ -60.611578008, -39.139512117, 0.0 ], [ -60.621010317999897, -39.140911238999898, 0.0 ], [ -60.633586732, -39.142310333999902, 0.0 ], [ -60.634485046999899, -39.142310333999902, 0.0 ], [ -60.637179993, -39.142310333999902, 0.0 ], [ -60.645264831, -39.1437094, 0.0 ], [ -60.657841245, -39.145108439, 0.0 ], [ -60.659637875, -39.145108439, 0.0 ], [ -60.660536190999899, -39.145108439, 0.0 ], [ -60.668621028, -39.146507449, 0.0 ], [ -60.672214289, -39.147206943999898, 0.0 ], [ -60.678053339, -39.147906431, 0.0 ], [ -60.678951653999903, -39.147906431, 0.0 ], [ -60.685239861, -39.149305386, 0.0 ], [ -60.687036491999898, -39.149305386, 0.0 ], [ -60.689731437, -39.150004851999903, 0.0 ], [ -60.701409536, -39.151753488999901, 0.0 ], [ -60.709494374, -39.152452931, 0.0 ], [ -60.715782581, -39.153851793999898, 0.0 ], [ -60.723867417999898, -39.155250629, 0.0 ], [ -60.727460678999897, -39.155950036, 0.0 ], [ -60.730155625, -39.156649436, 0.0 ], [ -60.734198044, -39.157348828999901, 0.0 ], [ -60.736892989999902, -39.158048215999898, 0.0 ], [ -60.737791305, -39.158048215999898, 0.0 ], [ -60.750367718999897, -39.161545041, 0.0 ], [ -60.762944133, -39.164342374999897, 0.0 ], [ -60.76743571, -39.1650416909999, 0.0 ], [ -60.768334024999902, -39.165741, 0.0 ], [ -60.770130654999903, -39.166440302, 0.0 ], [ -60.780910439, -39.168538166, 0.0 ], [ -60.782707069, -39.16923744, 0.0 ], [ -60.794834325999901, -39.172034465, 0.0 ], [ -60.80741074, -39.174132160999903, 0.0 ], [ -60.819987153999897, -39.175530589999902, 0.0 ], [ -60.832563568, -39.176229793999902, 0.0 ], [ -60.846038297, -39.176928991, 0.0 ], [ -60.8581655529999, -39.176928991, 0.0 ], [ -60.859063869, -39.176928991, 0.0 ], [ -60.864453759999897, -39.176928991, 0.0 ], [ -60.869843652, -39.176928991, 0.0 ], [ -60.877030174, -39.176928991, 0.0 ], [ -60.879725119999897, -39.176928991, 0.0 ], [ -60.891403219, -39.1776281799999, 0.0 ], [ -60.903979632999899, -39.1776281799999, 0.0 ], [ -60.906225421, -39.1776281799999, 0.0 ], [ -60.908022052, -39.1776281799999, 0.0 ], [ -60.918801835, -39.178327362999902, 0.0 ], [ -60.931378249, -39.178327362999902, 0.0 ], [ -60.937666455999903, -39.178327362999902, 0.0 ], [ -60.9439546629999, -39.178327362999902, 0.0 ], [ -60.949344555, -39.178327362999902, 0.0 ], [ -60.961920968999898, -39.178327362999902, 0.0 ], [ -60.967760018, -39.178327362999902, 0.0 ], [ -60.971353279, -39.178327362999902, 0.0 ], [ -60.977641486, -39.178327362999902, 0.0 ], [ -60.983929692999901, -39.178327362999902, 0.0 ], [ -60.988421269, -39.179026538999899, 0.0 ], [ -60.996506107, -39.179725708, 0.0 ], [ -61.004590945, -39.18042487, 0.0 ], [ -61.009082521, -39.18042487, 0.0 ], [ -61.011777466999902, -39.181124024, 0.0 ], [ -61.015370727999901, -39.181823172, 0.0 ], [ -61.02076062, -39.1825223129999, 0.0 ], [ -61.021658934999898, -39.1825223129999, 0.0 ], [ -61.024803038, -39.183920574, 0.0 ], [ -61.037379452, -39.186717009999903, 0.0 ], [ -61.046362605, -39.188814265, 0.0 ], [ -61.049057551, -39.189513335, 0.0 ], [ -61.053549128, -39.190911456, 0.0 ], [ -61.066125542, -39.193707612, 0.0 ], [ -61.078701955, -39.196154157, 0.0 ], [ -61.090829212, -39.198251126999899, 0.0 ], [ -61.103405626, -39.1996490719999, 0.0 ], [ -61.115982039999899, -39.200348033999902, 0.0 ], [ -61.129456768999901, -39.201046989, 0.0 ], [ -61.141584025, -39.201046989, 0.0 ], [ -61.146075601999897, -39.201046989, 0.0 ], [ -61.151465494, -39.201046989, 0.0 ], [ -61.164940223, -39.201745936999899, 0.0 ], [ -61.177516636999897, -39.201745936999899, 0.0 ], [ -61.190991365999899, -39.201046989, 0.0 ], [ -61.203118622, -39.200348033999902, 0.0 ], [ -61.2156950359999, -39.198950103, 0.0 ], [ -61.22827145, -39.196853153999903, 0.0 ], [ -61.230966396, -39.196154157, 0.0 ], [ -61.234559657, -39.195804656, 0.0 ], [ -61.242644495, -39.195105648, 0.0 ], [ -61.254771751, -39.193707612, 0.0 ], [ -61.261958272999898, -39.192309548, 0.0 ], [ -61.263754903999903, -39.192309548, 0.0 ], [ -61.267348165, -39.192309548, 0.0 ], [ -61.280822894, -39.191610505, 0.0 ], [ -61.293399307999898, -39.190911456, 0.0 ], [ -61.304179092, -39.189513335, 0.0 ], [ -61.315408033, -39.189513335, 0.0 ], [ -61.328882762, -39.188814265, 0.0 ], [ -61.332476023, -39.188814265, 0.0 ], [ -61.336069284, -39.188814265, 0.0 ], [ -61.348645698, -39.188814265, 0.0 ], [ -61.362120428, -39.188115186999902, 0.0 ], [ -61.372451053, -39.187416101999901, 0.0 ], [ -61.373349369, -39.187416101999901, 0.0 ], [ -61.374247684, -39.187416101999901, 0.0 ], [ -61.386824098, -39.188814265, 0.0 ], [ -61.3994005119999, -39.189513335, 0.0 ], [ -61.402095458, -39.189513335, 0.0 ], [ -61.402993772999899, -39.190911456, 0.0 ], [ -61.404790404, -39.193008582999902, 0.0 ], [ -61.412875240999902, -39.201046989, 0.0 ], [ -61.417366817999898, -39.204541659, 0.0 ], [ -61.422756708999898, -39.210132766, 0.0 ], [ -61.428146601, -39.215723425, 0.0 ], [ -61.435782280999902, -39.224108572, 0.0 ], [ -61.440273857, -39.227602084999901, 0.0 ], [ -61.442070488, -39.228999441, 0.0 ], [ -61.447460379999903, -39.235287195999902, 0.0 ], [ -61.455545217, -39.243320723999901, 0.0 ], [ -61.46452837, -39.250305646999898, 0.0 ], [ -61.465426685, -39.251702547, 0.0 ], [ -61.467223315999902, -39.253099419, 0.0 ], [ -61.475308153, -39.261480064, 0.0 ], [ -61.478003099, -39.263575068, 0.0 ], [ -61.48159636, -39.267764885, 0.0 ], [ -61.489232039999898, -39.276143761999897, 0.0 ], [ -61.491028671, -39.2775401439999, 0.0 ], [ -61.492825301, -39.279634663, 0.0 ], [ -61.500910139, -39.28766307, 0.0 ], [ -61.501808454, -39.288361148, 0.0 ], [ -61.503605084999897, -39.290455341, 0.0 ], [ -61.510791607, -39.29743553, 0.0 ], [ -61.517079813999899, -39.304415016999897, 0.0 ], [ -61.525164651999901, -39.312091642, 0.0 ], [ -61.533249489, -39.319069656, 0.0 ], [ -61.535046119999897, -39.321162923, 0.0 ], [ -61.543130957, -39.328837695999901, 0.0 ], [ -61.5516649529999, -39.336162824, 0.0 ], [ -61.555258213999899, -39.3403482639999, 0.0 ], [ -61.563343050999897, -39.348020914, 0.0 ], [ -61.565139681999902, -39.350113307999898, 0.0 ], [ -61.566936311999903, -39.351508201999899, 0.0 ], [ -61.574122835, -39.3598769769999, 0.0 ], [ -61.582207672, -39.367547466, 0.0 ], [ -61.591190825, -39.375217106, 0.0 ], [ -61.59208914, -39.375914303999899, 0.0 ], [ -61.592987455999904, -39.376262901, 0.0 ], [ -61.592987455999904, -39.376960088, 0.0 ], [ -61.594784085999898, -39.378354441999903, 0.0 ], [ -61.600173978, -39.384628686, 0.0 ], [ -61.607809658, -39.392296433999903, 0.0 ], [ -61.615894495, -39.398569414999898, 0.0 ], [ -61.616792811, -39.399963333, 0.0 ], [ -61.618589441, -39.402054158999903, 0.0 ], [ -61.620386072, -39.403448007, 0.0 ], [ -61.625775964, -39.409719977, 0.0 ], [ -61.633860801, -39.417384946, 0.0 ], [ -61.639250693, -39.421913845999903, 0.0 ], [ -61.641945639, -39.424004007999898, 0.0 ], [ -61.64733553, -39.430274114, 0.0 ], [ -61.655420368, -39.437936803999897, 0.0 ], [ -61.660810259999899, -39.4421160959999, 0.0 ], [ -61.6657509939999, -39.448384559, 0.0 ], [ -61.673835831, -39.456045241, 0.0 ], [ -61.681920669, -39.46300876, 0.0 ], [ -61.683717299, -39.465097678999904, 0.0 ], [ -61.686412245, -39.467534671, 0.0 ], [ -61.694497083, -39.475889419999902, 0.0 ], [ -61.702581919999901, -39.484243157, 0.0 ], [ -61.710666757999903, -39.491899861, 0.0 ], [ -61.715158334, -39.4953799, 0.0 ], [ -61.71785328, -39.49746784, 0.0 ], [ -61.719200752999903, -39.499555715, 0.0 ], [ -61.727285590999898, -39.507906587, 0.0 ], [ -61.735370428, -39.5159085559999, 0.0 ], [ -61.743455266, -39.523561744999903, 0.0 ], [ -61.748845156999899, -39.527040186, 0.0 ], [ -61.749743473, -39.527735853, 0.0 ], [ -61.753336734, -39.531909707999901, 0.0 ], [ -61.761421571, -39.54025666, 0.0 ], [ -61.769506409, -39.5486026, 0.0 ], [ -61.776692931, -39.5555567769999, 0.0 ], [ -61.791515133, -39.569810643, 0.0 ], [ -61.79600671, -39.574677140999903, 0.0 ], [ -61.804091547, -39.582323797999898, 0.0 ], [ -61.8130747, -39.589274567, 0.0 ], [ -61.822956168, -39.596224633, 0.0 ], [ -61.823854484, -39.596919601, 0.0 ], [ -61.824752799, -39.598309516, 0.0 ], [ -61.829244375, -39.607690706, 0.0 ], [ -61.833735952, -39.616723233999899, 0.0 ], [ -61.834141320999898, -39.617559223999898, 0.0 ], [ -61.837778371, -39.625059897, 0.0 ], [ -61.839575001, -39.628533208, 0.0 ], [ -61.837778371, -39.634784725, 0.0 ], [ -61.83598174, -39.644508174999899, 0.0 ], [ -61.835083424999901, -39.654577439, 0.0 ], [ -61.834634267, -39.664298082999899, 0.0 ], [ -61.834634267, -39.674711531, 0.0 ], [ -61.835083424999901, -39.685123395999902, 0.0 ], [ -61.836880054999902, -39.6944927219999, 0.0 ], [ -61.836880054999902, -39.697962517, 0.0 ], [ -61.836880054999902, -39.707677009, 0.0 ], [ -61.837778371, -39.718083863999901, 0.0 ], [ -61.839575001, -39.7277955, 0.0 ], [ -61.841371631999898, -39.737852527, 0.0 ], [ -61.844066578, -39.747561356999903, 0.0 ], [ -61.846761522999898, -39.755882113, 0.0 ], [ -61.849456469, -39.764201856999897, 0.0 ], [ -61.850354785, -39.76697488, 0.0 ], [ -61.850354785, -39.769747789999897, 0.0 ], [ -61.8512531, -39.7801452, 0.0 ], [ -61.85304973, -39.789501516, 0.0 ], [ -61.85304973, -39.791580522999901, 0.0 ], [ -61.85304973, -39.794352434, 0.0 ], [ -61.85304973, -39.795045393999899, 0.0 ], [ -61.852151415, -39.801281719, 0.0 ], [ -61.852151415, -39.803360367, 0.0 ], [ -61.848558153999903, -39.812367111, 0.0 ], [ -61.847659839, -39.816523668999899, 0.0 ], [ -61.847659839, -39.817216404, 0.0 ], [ -61.843168261999899, -39.824836024, 0.0 ], [ -61.839500337999901, -39.832471601999899, 0.0 ], [ -61.838676686, -39.834186212, 0.0 ], [ -61.835083424999901, -39.843881349, 0.0 ], [ -61.832837637, -39.853575105999901, 0.0 ], [ -61.832837637, -39.854959815, 0.0 ], [ -61.831939320999901, -39.85565216, 0.0 ], [ -61.829244375, -39.859806078, 0.0 ], [ -61.824752799, -39.8694975679999, 0.0 ], [ -61.821159538, -39.8788416269999, 0.0 ], [ -61.820261222999903, -39.882994129999901, 0.0 ], [ -61.820261222999903, -39.884378241, 0.0 ], [ -61.8148713309999, -39.8933742789999, 0.0 ], [ -61.810379753999896, -39.903060989, 0.0 ], [ -61.806786492999898, -39.912746319, 0.0 ], [ -61.804091547, -39.922084436, 0.0 ], [ -61.801396602, -39.926925917999903, 0.0 ], [ -61.796905024999901, -39.936607846999898, 0.0 ], [ -61.793311764, -39.946288395, 0.0 ], [ -61.792413449, -39.951128151, 0.0 ], [ -61.791515133, -39.951819516999898, 0.0 ], [ -61.789718503, -39.954584908999898, 0.0 ], [ -61.785226926, -39.963917275, 0.0 ], [ -61.781633665, -39.973593928, 0.0 ], [ -61.78073535, -39.976358432, 0.0 ], [ -61.778040404, -39.981196043999901, 0.0 ], [ -61.773997984999902, -39.990870231, 0.0 ], [ -61.770404723999903, -40.000543037999897, 0.0 ], [ -61.768608093999902, -40.006415139999902, 0.0 ], [ -61.765913148, -40.011250606, 0.0 ], [ -61.761421571, -40.020920503, 0.0 ], [ -61.75782831, -40.030589018999898, 0.0 ], [ -61.75603168, -40.038184741999899, 0.0 ], [ -61.751540103, -40.045779610999901, 0.0 ], [ -61.747048526999897, -40.055099422, 0.0 ], [ -61.743455266, -40.064763055, 0.0 ], [ -61.741658635, -40.07235494, 0.0 ], [ -61.737167058999901, -40.079945972, 0.0 ], [ -61.732675481999898, -40.089606052, 0.0 ], [ -61.730878851999897, -40.09409062, 0.0 ], [ -61.72548896, -40.106507867999902, 0.0 ], [ -61.722794014, -40.112715636, 0.0 ], [ -61.719200752999903, -40.1230606459999, 0.0 ], [ -61.716954965, -40.132714559, 0.0 ], [ -61.714260018999902, -40.142022379, 0.0 ], [ -61.712463387999897, -40.152362895, 0.0 ], [ -61.711565073, -40.1627018249999, 0.0 ], [ -61.710666757999903, -40.172350061, 0.0 ], [ -61.710666757999903, -40.182685922, 0.0 ], [ -61.710666757999903, -40.191986841, 0.0 ], [ -61.710666757999903, -40.202319687999903, 0.0 ], [ -61.710666757999903, -40.205763617999899, 0.0 ], [ -61.710666757999903, -40.207829891, 0.0 ], [ -61.709768443, -40.217471659999902, 0.0 ], [ -61.709768443, -40.227456319999902, 0.0 ], [ -61.710666757999903, -40.235718365, 0.0 ], [ -61.709768443, -40.242602626999897, 0.0 ], [ -61.709768443, -40.252927697, 0.0 ], [ -61.710666757999903, -40.263251179, 0.0 ], [ -61.710666757999903, -40.263939354999899, 0.0 ], [ -61.710666757999903, -40.264627523999899, 0.0 ], [ -61.709768443, -40.27391711, 0.0 ], [ -61.709768443, -40.284237365, 0.0 ], [ -61.710666757999903, -40.2931803009999, 0.0 ], [ -61.709768443, -40.302122045, 0.0 ], [ -61.709768443, -40.31243796, 0.0 ], [ -61.709768443, -40.313813294999903, 0.0 ], [ -61.709768443, -40.314500951999896, 0.0 ], [ -61.709768443, -40.316907697, 0.0 ], [ -61.708870127, -40.326533809, 0.0 ], [ -61.708870127, -40.336845965999899, 0.0 ], [ -61.709768443, -40.343719854, 0.0 ], [ -61.708870127, -40.351280317, 0.0 ], [ -61.707971812, -40.360901488, 0.0 ], [ -61.707971812, -40.370864814, 0.0 ], [ -61.708870127, -40.381170142, 0.0 ], [ -61.708870127, -40.383917961, 0.0 ], [ -61.707971812, -40.393534437, 0.0 ], [ -61.707971812, -40.4038362699999, 0.0 ], [ -61.707971812, -40.405209727999903, 0.0 ], [ -61.707971812, -40.406926509999899, 0.0 ], [ -61.707971812, -40.417226276999898, 0.0 ], [ -61.708870127, -40.424778429999897, 0.0 ], [ -61.709768443, -40.431643282, 0.0 ], [ -61.708870127, -40.439193804, 0.0 ], [ -61.708870127, -40.449488592, 0.0 ], [ -61.709768443, -40.458066368999901, 0.0 ], [ -61.708870127, -40.466299997, 0.0 ], [ -61.708870127, -40.476590600999899, 0.0 ], [ -61.709768443, -40.486879616, 0.0 ], [ -61.709768443, -40.487565494, 0.0 ], [ -61.709768443, -40.489623084999899, 0.0 ], [ -61.709768443, -40.499567211999903, 0.0 ], [ -61.710666757999903, -40.506424364999901, 0.0 ], [ -61.711565073, -40.5235641579999, 0.0 ], [ -61.712463387999897, -40.531104268, 0.0 ], [ -61.712930243, -40.533686638999903, 0.0 ], [ -61.714260018999902, -40.541042198, 0.0 ], [ -61.71605665, -40.550636031, 0.0 ], [ -61.718751595, -40.560913601, 0.0 ], [ -61.721895699, -40.570504565, 0.0 ], [ -61.726387275, -40.580094143999901, 0.0 ], [ -61.730878851999897, -40.589339926, 0.0 ], [ -61.736268743, -40.598242054, 0.0 ], [ -61.742556949999901, -40.607142988, 0.0 ], [ -61.748845156999899, -40.616042728, 0.0 ], [ -61.75603168, -40.624941272999898, 0.0 ], [ -61.763218202, -40.632812067, 0.0 ], [ -61.77130304, -40.640339777999898, 0.0 ], [ -61.779837035, -40.6485508499999, 0.0 ], [ -61.788820187999903, -40.655392633, 0.0 ], [ -61.79600671, -40.660181461, 0.0 ], [ -61.8148713309999, -40.672835979999903, 0.0 ], [ -61.819362907, -40.675571773999899, 0.0 ], [ -61.830142690999899, -40.681726897, 0.0 ], [ -61.832837637, -40.683094624, 0.0 ], [ -61.83598174, -40.685829994, 0.0 ], [ -61.846761522999898, -40.691984163, 0.0 ], [ -61.855744676, -40.698137758, 0.0 ], [ -61.866524459999901, -40.704290780999898, 0.0 ], [ -61.8746092969999, -40.70907607, 0.0 ], [ -61.877304243, -40.710443231999903, 0.0 ], [ -61.887185711, -40.715569835999901, 0.0 ], [ -61.888982342, -40.716936862999901, 0.0 ], [ -61.898414652, -40.723771574999901, 0.0 ], [ -61.909194436, -40.729922212, 0.0 ], [ -61.912787696999899, -40.731972297, 0.0 ], [ -61.913686012, -40.732655644, 0.0 ], [ -61.919075904, -40.736072275, 0.0 ], [ -61.929855687, -40.742221765999901, 0.0 ], [ -61.931652318, -40.743588240999898, 0.0 ], [ -61.941533786, -40.750420194999897, 0.0 ], [ -61.951864412, -40.756568349, 0.0 ], [ -61.958152619, -40.759642211, 0.0 ], [ -61.959050933999897, -40.760325271999903, 0.0 ], [ -61.964440826, -40.763740470999899, 0.0 ], [ -61.975220609, -40.769887384, 0.0 ], [ -61.97881387, -40.772619161, 0.0 ], [ -61.979712185, -40.773302088, 0.0 ], [ -61.986898708, -40.779448108999901, 0.0 ], [ -61.989593654, -40.785593557, 0.0 ], [ -61.994983545, -40.795152005, 0.0 ], [ -62.001271752, -40.804026463999897, 0.0 ], [ -62.003068383, -40.806415537, 0.0 ], [ -62.004865013, -40.809828348999901, 0.0 ], [ -62.008458275, -40.817335910999901, 0.0 ], [ -62.009805747, -40.820748157, 0.0 ], [ -62.010704062999899, -40.823477825999902, 0.0 ], [ -62.013399009, -40.828254473999898, 0.0 ], [ -62.015195639, -40.83439537, 0.0 ], [ -62.017890585, -40.843946735, 0.0 ], [ -62.021483846, -40.853155667, 0.0 ], [ -62.025975423, -40.862704307999898, 0.0 ], [ -62.028670368, -40.868841986999897, 0.0 ], [ -62.029568684, -40.870887753, 0.0 ], [ -62.034060259999897, -40.880433818, 0.0 ], [ -62.038551836999901, -40.889978496, 0.0 ], [ -62.043941727999901, -40.899180977999897, 0.0 ], [ -62.046636674, -40.903270557, 0.0 ], [ -62.048433304999897, -40.907359879999902, 0.0 ], [ -62.051128251, -40.914856310999902, 0.0 ], [ -62.055619827, -40.925077336999898, 0.0 ], [ -62.060111403, -40.933934270999899, 0.0 ], [ -62.065501294999898, -40.9431305909999, 0.0 ], [ -62.06639961, -40.944492899, 0.0 ], [ -62.067297926, -40.946536307, 0.0 ], [ -62.07223866, -40.956071372999901, 0.0 ], [ -62.078526866999901, -40.96492412, 0.0 ], [ -62.084815073999899, -40.97377567, 0.0 ], [ -62.092001595999903, -40.982285647, 0.0 ], [ -62.100086433999898, -40.990454185, 0.0 ], [ -62.108171270999897, -40.998621703, 0.0 ], [ -62.117154424, -41.006107699, 0.0 ], [ -62.125688419, -41.013592838, 0.0 ], [ -62.135569887, -41.020396766, 0.0 ], [ -62.145451355, -41.026179548999899, 0.0 ], [ -62.150841247, -41.029580946, 0.0 ], [ -62.161621031, -41.035703016, 0.0 ], [ -62.172400814, -41.041824511999899, 0.0 ], [ -62.183629755, -41.04726536, 0.0 ], [ -62.189917962, -41.049985614, 0.0 ], [ -62.192612907999901, -41.051345698, 0.0 ], [ -62.1962061689999, -41.053385772, 0.0 ], [ -62.201596061, -41.056785753, 0.0 ], [ -62.212375844, -41.062905273, 0.0 ], [ -62.223155627, -41.068684292999897, 0.0 ], [ -62.233037096, -41.073443101, 0.0 ], [ -62.235732040999899, -41.074802696999903, 0.0 ], [ -62.242469405999898, -41.078201562999901, 0.0 ], [ -62.254147504999899, -41.083639379, 0.0 ], [ -62.265825602999897, -41.088397097, 0.0 ], [ -62.269418865, -41.089756381, 0.0 ], [ -62.289181801, -41.097231936999897, 0.0 ], [ -62.295470007999903, -41.099950109, 0.0 ], [ -62.306698949, -41.104027152999898, 0.0 ], [ -62.319275363, -41.108103942999897, 0.0 ], [ -62.331851776999898, -41.1115010729999, 0.0 ], [ -62.344428191, -41.114558339, 0.0 ], [ -62.353411343999902, -41.115917077999903, 0.0 ], [ -62.358352077999903, -41.117275788, 0.0 ], [ -62.369131861, -41.119993123, 0.0 ], [ -62.377216699, -41.121351749, 0.0 ], [ -62.38260659, -41.122031051, 0.0 ], [ -62.388894797, -41.124068914, 0.0 ], [ -62.39608132, -41.125427455, 0.0 ], [ -62.401471210999901, -41.126785966999897, 0.0 ], [ -62.4050644719999, -41.12814445, 0.0 ], [ -62.417191729, -41.132219731, 0.0 ], [ -62.419886675, -41.132898919999903, 0.0 ], [ -62.423479936, -41.134257276, 0.0 ], [ -62.430666458, -41.138332174, 0.0 ], [ -62.442344557, -41.143764975, 0.0 ], [ -62.454022655, -41.148518302999904, 0.0 ], [ -62.455819286, -41.149197322, 0.0 ], [ -62.4594125469999, -41.150555337999897, 0.0 ], [ -62.467497384999902, -41.154629215999897, 0.0 ], [ -62.476929695, -41.15836338, 0.0 ], [ -62.481421272, -41.160400105999898, 0.0 ], [ -62.489506108999898, -41.16515222, 0.0 ], [ -62.501184208, -41.17126157, 0.0 ], [ -62.505675783999898, -41.173297891999901, 0.0 ], [ -62.507472414999903, -41.173976652, 0.0 ], [ -62.511065676, -41.177370346, 0.0 ], [ -62.520048829, -41.185514487, 0.0 ], [ -62.5290319819999, -41.192300492999898, 0.0 ], [ -62.538464292, -41.19976428, 0.0 ], [ -62.549244076, -41.205531165, 0.0 ], [ -62.559125544, -41.211636719999902, 0.0 ], [ -62.570803642, -41.217741701, 0.0 ], [ -62.581583426, -41.223167868, 0.0 ], [ -62.593710681999902, -41.227915392999897, 0.0 ], [ -62.605388781, -41.231984424, 0.0 ], [ -62.617965195, -41.236053199, 0.0 ], [ -62.630541609, -41.239443649999899, 0.0 ], [ -62.6431180229999, -41.242833924, 0.0 ], [ -62.655245279, -41.2445289939999, 0.0 ], [ -62.668720008, -41.246563020999901, 0.0 ], [ -62.682194738, -41.248596983, 0.0 ], [ -62.688482945, -41.249274956, 0.0 ], [ -62.700161043, -41.251308834, 0.0 ], [ -62.7028559889999, -41.251308834, 0.0 ], [ -62.706449249999899, -41.251986777999903, 0.0 ], [ -62.719474821999903, -41.254020571, 0.0 ], [ -62.732949550999898, -41.254698487, 0.0 ], [ -62.74642428, -41.255376397, 0.0 ], [ -62.750915856999903, -41.255376397, 0.0 ], [ -62.753610803, -41.255376397, 0.0 ], [ -62.765738058999901, -41.260121564, 0.0 ], [ -62.776517842, -41.264188574999899, 0.0 ], [ -62.7855009949999, -41.266899773, 0.0 ], [ -62.792687518, -41.269610858, 0.0 ], [ -62.805263931999903, -41.273677273, 0.0 ], [ -62.828170971, -41.280454064, 0.0 ], [ -62.840747385, -41.283842192999899, 0.0 ], [ -62.850628852999897, -41.286552569, 0.0 ], [ -62.860510322, -41.288924054999903, 0.0 ], [ -62.869493474, -41.292311742, 0.0 ], [ -62.87039179, -41.292311742, 0.0 ], [ -62.87039179, -41.292989258, 0.0 ], [ -63.435432103, -42.040991012999903, 0.0 ], [ -63.440821995, -42.046347809999901, 0.0 ], [ -63.441720309999901, -42.047686938, 0.0 ], [ -63.443516941, -42.051034634, 0.0 ], [ -63.448906833, -42.0604072369999, 0.0 ], [ -63.456093355, -42.069109120999897, 0.0 ], [ -63.4628307199999, -42.077475184, 0.0 ], [ -63.463729035, -42.078144420999898, 0.0 ], [ -63.466423980999899, -42.080152089, 0.0 ], [ -63.461932404, -42.087512993, 0.0 ], [ -63.4596866159999, -42.091527669, 0.0 ], [ -63.45519504, -42.10089425, 0.0 ], [ -63.450703463, -42.110259437, 0.0 ], [ -63.448906833, -42.116613592, 0.0 ], [ -63.448008516999899, -42.118620033999903, 0.0 ], [ -63.447110202, -42.119957627, 0.0 ], [ -63.438127048999903, -42.128651283999901, 0.0 ], [ -63.430940527, -42.136675131999901, 0.0 ], [ -63.423754005, -42.145366478, 0.0 ], [ -63.418364112999903, -42.152719755, 0.0 ], [ -63.412974221, -42.159737989999897, 0.0 ], [ -63.4084826449999, -42.161743056, 0.0 ], [ -63.399050334, -42.166421294, 0.0 ], [ -63.387372236, -42.17243566, 0.0 ], [ -63.377490768, -42.179117613, 0.0 ], [ -63.366710984, -42.185798854, 0.0 ], [ -63.356829515999898, -42.193147398999898, 0.0 ], [ -63.347846363, -42.200495083, 0.0 ], [ -63.340210683, -42.207507978, 0.0 ], [ -63.33122753, -42.216189524, 0.0 ], [ -63.324041007999902, -42.224202192, 0.0 ], [ -63.316854486, -42.232881425999899, 0.0 ], [ -63.3105662789999, -42.242226949, 0.0 ], [ -63.305176387, -42.250569987999903, 0.0 ], [ -63.299786495, -42.259912872, 0.0 ], [ -63.295294919, -42.269921558, 0.0 ], [ -63.290803342999901, -42.279261553, 0.0 ], [ -63.288108397, -42.288933651, 0.0 ], [ -63.285862608999899, -42.298937694, 0.0 ], [ -63.284065977999902, -42.308940137, 0.0 ], [ -63.283167663, -42.318940978999898, 0.0 ], [ -63.282269347, -42.3289402199999, 0.0 ], [ -63.282269347, -42.3386046319999, 0.0 ], [ -63.283167663, -42.349267074, 0.0 ], [ -63.284964293, -42.359261459, 0.0 ], [ -63.286760924, -42.369254242999901, 0.0 ], [ -63.289905027, -42.37824638, 0.0 ], [ -63.293498288, -42.388236121, 0.0 ], [ -63.297091549999898, -42.398224262, 0.0 ], [ -63.302481440999898, -42.407545082, 0.0 ], [ -63.307871333, -42.416864507, 0.0 ], [ -63.314159539999899, -42.425184244, 0.0 ], [ -63.320447746999903, -42.433835589999902, 0.0 ], [ -63.327634269, -42.442485733999902, 0.0 ], [ -63.333922475999898, -42.449138871999899, 0.0 ], [ -63.335719106999903, -42.451134673999903, 0.0 ], [ -63.338414053, -42.455791298, 0.0 ], [ -63.337066579999899, -42.460447573, 0.0 ], [ -63.334820792, -42.467763872, 0.0 ], [ -63.332125845999897, -42.477739255, 0.0 ], [ -63.3303292149999, -42.487713036999899, 0.0 ], [ -63.328981741999897, -42.497685217, 0.0 ], [ -63.328532584999898, -42.507655794999899, 0.0 ], [ -63.328532584999898, -42.517957043, 0.0 ], [ -63.3294309, -42.527924364999897, 0.0 ], [ -63.330778373, -42.535232715999904, 0.0 ], [ -63.332125845999897, -42.541875924, 0.0 ], [ -63.33122753, -42.544200879, 0.0 ], [ -63.3303292149999, -42.546525745999901, 0.0 ], [ -63.327634269, -42.556488476, 0.0 ], [ -63.325837639, -42.566449604, 0.0 ], [ -63.325837639, -42.568441637, 0.0 ], [ -63.324939323, -42.57176155, 0.0 ], [ -63.323142693, -42.581720221999902, 0.0 ], [ -63.322244377999901, -42.591345415, 0.0 ], [ -63.321346062, -42.601300936, 0.0 ], [ -63.321346062, -42.611254855, 0.0 ], [ -63.322244377999901, -42.621870602999898, 0.0 ], [ -63.324041007999902, -42.631489549, 0.0 ], [ -63.325837639, -42.641438607999902, 0.0 ], [ -63.327634269, -42.646080954, 0.0 ], [ -63.327634269, -42.646744118, 0.0 ], [ -63.327634269, -42.649396701999898, 0.0 ], [ -63.33122753, -42.659342877, 0.0 ], [ -63.334820792, -42.66928745, 0.0 ], [ -63.338414053, -42.678236195999901, 0.0 ], [ -63.343803943999902, -42.687515005, 0.0 ], [ -63.348744677999903, -42.696792419, 0.0 ], [ -63.355032885, -42.7060684369999, 0.0 ], [ -63.358626146999903, -42.710705923, 0.0 ], [ -63.357727831, -42.713355758, 0.0 ], [ -63.355931201, -42.717661495999899, 0.0 ], [ -63.353236255, -42.727596667999897, 0.0 ], [ -63.351439624, -42.738192419, 0.0 ], [ -63.350541308999901, -42.748124279, 0.0 ], [ -63.349642994, -42.758054536, 0.0 ], [ -63.349642994, -42.767652262, 0.0 ], [ -63.350541308999901, -42.778241116999901, 0.0 ], [ -63.35233794, -42.788166513, 0.0 ], [ -63.35413457, -42.798090305999899, 0.0 ], [ -63.357727831, -42.807681783, 0.0 ], [ -63.361321092, -42.817602424, 0.0 ], [ -63.3649143539999, -42.827521461999901, 0.0 ], [ -63.3703042449999, -42.836777785, 0.0 ], [ -63.375694137, -42.845702202, 0.0 ], [ -63.381982343999901, -42.854955781999898, 0.0 ], [ -63.388270550999898, -42.863547142, 0.0 ], [ -63.396355389, -42.872137296999902, 0.0 ], [ -63.403991068, -42.880065602999899, 0.0 ], [ -63.412075906, -42.887992881999899, 0.0 ], [ -63.421059059, -42.8955888959999, 0.0 ], [ -63.430940527, -42.902853766, 0.0 ], [ -63.440821995, -42.910117774999897, 0.0 ], [ -63.445313572, -42.913419312, 0.0 ], [ -63.45519504, -42.920682066, 0.0 ], [ -63.461932404, -42.924643204999903, 0.0 ], [ -63.469118927, -42.929924324, 0.0 ], [ -63.47989871, -42.935535014, 0.0 ], [ -63.490678493, -42.942135166, 0.0 ], [ -63.501458277, -42.947414775, 0.0 ], [ -63.506848168, -42.950054409, 0.0 ], [ -63.514933006, -42.954673493, 0.0 ], [ -63.525263632, -42.959952019, 0.0 ], [ -63.53694173, -42.965230087999899, 0.0 ], [ -63.549518143999897, -42.970507702, 0.0 ], [ -63.562094558, -42.974795426999897, 0.0 ], [ -63.562992874, -42.974795426999897, 0.0 ], [ -63.563891188999897, -42.975455049999901, 0.0 ], [ -63.570179396, -42.978093472, 0.0 ], [ -63.5823066519999, -42.983369974, 0.0 ], [ -63.594883066, -42.987986539, 0.0 ], [ -63.607459479999903, -42.991943316999901, 0.0 ], [ -63.620035894, -42.995240436, 0.0 ], [ -63.633510623999904, -42.997878003, 0.0 ], [ -63.636654727, -42.999196744, 0.0 ], [ -63.638451357999898, -42.999856103, 0.0 ], [ -63.651027772, -43.003152794999899, 0.0 ], [ -63.664502501, -43.005790019, 0.0 ], [ -63.67797723, -43.00842713, 0.0 ], [ -63.691451958999899, -43.010404888, 0.0 ], [ -63.693614835999902, -43.010733280999901, 0.0 ], [ -63.697351441, -43.011300616, 0.0 ], [ -63.704477531, -43.012382581999901, 0.0 ], [ -63.706366994999897, -43.012475019, 0.0 ], [ -63.717952259999898, -43.013041799, 0.0 ], [ -63.731426989999903, -43.013701008999902, 0.0 ], [ -63.745800034, -43.013701008999902, 0.0 ], [ -63.749393294999898, -43.013701008999902, 0.0 ], [ -63.756130659999897, -43.013701008999902, 0.0 ], [ -63.769605388999899, -43.015678597, 0.0 ], [ -63.774096965, -43.016337778, 0.0 ], [ -63.774995281, -43.016337778, 0.0 ], [ -63.78847001, -43.018644857, 0.0 ], [ -63.801944739, -43.020622284, 0.0 ], [ -63.814970311, -43.0225996469999, 0.0 ], [ -63.82844504, -43.023258752999901, 0.0 ], [ -63.832038301, -43.023258752999901, 0.0 ], [ -63.832936617, -43.023258752999901, 0.0 ], [ -63.835631561999897, -43.023917852999901, 0.0 ], [ -63.849106292, -43.025895107999901, 0.0 ], [ -63.862581021, -43.026554179, 0.0 ], [ -63.875606593, -43.027213242999899, 0.0 ], [ -63.8818948, -43.027213242999899, 0.0 ], [ -63.886386376, -43.02853135, 0.0 ], [ -63.899861105, -43.031167476999897, 0.0 ], [ -63.913335834999899, -43.03380349, 0.0 ], [ -63.926361406, -43.035780425, 0.0 ], [ -63.933547927999903, -43.036439389, 0.0 ], [ -63.936242874, -43.037098345999901, 0.0 ], [ -63.939836135, -43.037757295999903, 0.0 ], [ -63.944327712, -43.039075173999898, 0.0 ], [ -63.948819288, -43.039734102999901, 0.0 ], [ -63.950615919, -43.040393024, 0.0 ], [ -63.952412549, -43.041710845999901, 0.0 ], [ -63.963192332999903, -43.046981845999902, 0.0 ], [ -63.973972116, -43.052911175, 0.0 ], [ -63.984302742, -43.059169286, 0.0 ], [ -63.985004343999897, -43.059512250999902, 0.0 ], [ -63.995082525, -43.064438775, 0.0 ], [ -64.000472417, -43.067073348999898, 0.0 ], [ -64.010353885, -43.072342154, 0.0 ], [ -64.021133668999894, -43.078927517999901, 0.0 ], [ -64.031913452, -43.084195297, 0.0 ], [ -64.036405027999905, -43.086170595999903, 0.0 ], [ -64.038201659, -43.087487427, 0.0 ], [ -64.048532285, -43.093412811, 0.0 ], [ -64.059312067999898, -43.0999958949999, 0.0 ], [ -64.070091852, -43.10493274, 0.0 ], [ -64.071888482, -43.105590956, 0.0 ], [ -64.072786796999907, -43.106249164, 0.0 ], [ -64.075481743, -43.108223747, 0.0 ], [ -64.086261527, -43.114147111, 0.0 ], [ -64.09704131, -43.120727949999903, 0.0 ], [ -64.107371935999893, -43.125992106999902, 0.0 ], [ -64.113660142999905, -43.128624015, 0.0 ], [ -64.114558458, -43.129281974, 0.0 ], [ -64.116355089, -43.130597871, 0.0 ], [ -64.119050035, -43.132571663, 0.0 ], [ -64.12174498, -43.13454539, 0.0 ], [ -64.126236557, -43.138492653, 0.0 ], [ -64.136118025, -43.145399745, 0.0 ], [ -64.145999493, -43.151977197999898, 0.0 ], [ -64.156779276999899, -43.158553937, 0.0 ], [ -64.167109901999893, -43.165129964, 0.0 ], [ -64.178788001, -43.170390272, 0.0 ], [ -64.1904661, -43.175650124, 0.0 ], [ -64.202144198, -43.180909519, 0.0 ], [ -64.214720612, -43.1848537669999, 0.0 ], [ -64.219661346, -43.186825794, 0.0 ], [ -64.221457976999901, -43.187154458999899, 0.0 ], [ -64.229542814999903, -43.192412857, 0.0 ], [ -64.241220912999907, -43.197670797999898, 0.0 ], [ -64.24571249, -43.199642407999903, 0.0 ], [ -64.252899011999901, -43.204899721999901, 0.0 ], [ -64.254695642999906, -43.206213979, 0.0 ], [ -64.264577110999895, -43.213441884, 0.0 ], [ -64.274458578999898, -43.220011957999901, 0.0 ], [ -64.284789205, -43.226581318999898, 0.0 ], [ -64.295568988, -43.232821552, 0.0 ], [ -64.307247087, -43.238075985, 0.0 ], [ -64.318925185, -43.243329962, 0.0 ], [ -64.330603283999906, -43.248583482999898, 0.0 ], [ -64.342730539999906, -43.252523325, 0.0 ], [ -64.355306954, -43.257119482, 0.0 ], [ -64.368781683999899, -43.260402236999902, 0.0 ], [ -64.381358098, -43.2630283129999, 0.0 ], [ -64.388544619999905, -43.264341309, 0.0 ], [ -64.391239566, -43.264997795999903, 0.0 ], [ -64.406960082999902, -43.270249433999901, 0.0 ], [ -64.410553343999894, -43.271890477999897, 0.0 ], [ -64.41324829, -43.272546883, 0.0 ], [ -64.425824704, -43.276485163, 0.0 ], [ -64.438401117999902, -43.281079497999897, 0.0 ], [ -64.451426689999906, -43.284360951999901, 0.0 ], [ -64.464003104, -43.286985987, 0.0 ], [ -64.471189626, -43.288298461999901, 0.0 ], [ -64.481071094, -43.292235714999897, 0.0 ], [ -64.494545823, -43.295516563, 0.0 ], [ -64.507122237, -43.298141113, 0.0 ], [ -64.512062971, -43.300109451, 0.0 ], [ -64.525537701, -43.303389872, 0.0 ], [ -64.531825908, -43.30470199, 0.0 ], [ -64.545300637, -43.307982161, 0.0 ], [ -64.553385474, -43.309950177, 0.0 ], [ -64.556080419999901, -43.310606169, 0.0 ], [ -64.569105991999905, -43.313886018999902, 0.0 ], [ -64.57898746, -43.315525877, 0.0 ], [ -64.580784090999899, -43.316181808, 0.0 ], [ -64.593360505, -43.320773123, 0.0 ], [ -64.596953766, -43.322084864, 0.0 ], [ -64.598750396, -43.322740723, 0.0 ], [ -64.61132681, -43.32667573, 0.0 ], [ -64.623454067, -43.331266247, 0.0 ], [ -64.627047327999904, -43.331922006999903, 0.0 ], [ -64.629742274, -43.333233505, 0.0 ], [ -64.642318687999904, -43.337167827, 0.0 ], [ -64.654895102, -43.341757545, 0.0 ], [ -64.656691732, -43.342413190999899, 0.0 ], [ -64.661183309, -43.345035702, 0.0 ], [ -64.672861407, -43.350280380999898, 0.0 ], [ -64.684988663999903, -43.355524604, 0.0 ], [ -64.691276871, -43.357163329999899, 0.0 ], [ -64.702954969, -43.362406953999901, 0.0 ], [ -64.710141491999906, -43.365683987, 0.0 ], [ -64.711938121999907, -43.366339373, 0.0 ], [ -64.717328014, -43.368960842, 0.0 ], [ -64.729006113, -43.37420344, 0.0 ], [ -64.741133369, -43.37944558, 0.0 ], [ -64.743828315, -43.380756044, 0.0 ], [ -64.754608097999906, -43.386652778, 0.0 ], [ -64.758201358999898, -43.388618228, 0.0 ], [ -64.768981143, -43.393859114, 0.0 ], [ -64.768981143, -43.395824327999897, 0.0 ], [ -64.768981143, -43.398444513999898, 0.0 ], [ -64.770777773, -43.407941732, 0.0 ], [ -64.772574404, -43.418419680999897, 0.0 ], [ -64.776167664999903, -43.4282411, 0.0 ], [ -64.777964295999894, -43.434133180999901, 0.0 ], [ -64.780659241, -43.438715510999899, 0.0 ], [ -64.784252502, -43.448206368999898, 0.0 ], [ -64.787845763999897, -43.458022921, 0.0 ], [ -64.79233734, -43.467837867, 0.0 ], [ -64.796828916, -43.476997035999901, 0.0 ], [ -64.801769651, -43.485827768, 0.0 ], [ -64.808057858, -43.494984191, 0.0 ], [ -64.81524438, -43.503485332, 0.0 ], [ -64.822430902, -43.512639059, 0.0 ], [ -64.83051574, -43.520483998, 0.0 ], [ -64.839498891999895, -43.5280011, 0.0 ], [ -64.848482045, -43.535844028, 0.0 ], [ -64.854770252, -43.540418594999899, 0.0 ], [ -64.868694139, -43.552180161, 0.0 ], [ -64.875880660999897, -43.558060078, 0.0 ], [ -64.885762129999904, -43.565245858, 0.0 ], [ -64.892050336999901, -43.569491594999903, 0.0 ], [ -64.894745282, -43.571451065, 0.0 ], [ -64.898338544, -43.574063591, 0.0 ], [ -64.908220012, -43.5812474479999, 0.0 ], [ -64.915855692, -43.58647153, 0.0 ], [ -64.916754007, -43.587124507999903, 0.0 ], [ -64.922143898999906, -43.594306796999902, 0.0 ], [ -64.923042214, -43.595612575, 0.0 ], [ -64.924838844, -43.598224044999903, 0.0 ], [ -64.928432105999903, -43.604752221, 0.0 ], [ -64.934720313, -43.612911438, 0.0 ], [ -64.939211889, -43.619438009, 0.0 ], [ -64.94280515, -43.625311312999898, 0.0 ], [ -64.949093357, -43.633793953999898, 0.0 ], [ -64.956279879, -43.642927758, 0.0 ], [ -64.963466401999895, -43.651407896, 0.0 ], [ -64.971551239, -43.6595607369999, 0.0 ], [ -64.980085233999901, -43.6673864159999, 0.0 ], [ -64.989068387, -43.675211067, 0.0 ], [ -64.996254909999905, -43.6804269309999, 0.0 ], [ -64.996254909999905, -43.682382762, 0.0 ], [ -64.996254909999905, -43.683686614, 0.0 ], [ -64.997153225, -43.693464592999902, 0.0 ], [ -64.998949855, -43.703566818, 0.0 ], [ -64.999848170999897, -43.708128551, 0.0 ], [ -64.999848170999897, -43.712689935, 0.0 ], [ -65.000746486, -43.7224631509999, 0.0 ], [ -65.000746486, -43.723766125999902, 0.0 ], [ -65.001644800999898, -43.734840254999902, 0.0 ], [ -65.002543117, -43.740376545999901, 0.0 ], [ -65.004339747, -43.750796401999899, 0.0 ], [ -65.006136378, -43.760563358, 0.0 ], [ -65.0097296389999, -43.770328708, 0.0 ], [ -65.0133229, -43.779767020999898, 0.0 ], [ -65.017814476, -43.789529215, 0.0 ], [ -65.022306053, -43.799289803, 0.0 ], [ -65.024102683, -43.803193588999903, 0.0 ], [ -65.026797629, -43.809048785999899, 0.0 ], [ -65.030840048, -43.818806163, 0.0 ], [ -65.032636678999907, -43.821733063, 0.0 ], [ -65.033534994, -43.823684248999903, 0.0 ], [ -65.034433309, -43.825635372, 0.0 ], [ -65.035331624, -43.826936084, 0.0 ], [ -65.037128255, -43.8288871, 0.0 ], [ -65.036229939999899, -43.829537424, 0.0 ], [ -65.035331624, -43.830838050999901, 0.0 ], [ -65.026797629, -43.836690518, 0.0 ], [ -65.016916161, -43.84384275, 0.0 ], [ -65.007933008, -43.851644199, 0.0 ], [ -64.999848170999897, -43.86009461, 0.0 ], [ -64.991763332999895, -43.868218868, 0.0 ], [ -64.984576811, -43.876666913, 0.0 ], [ -64.9782886039999, -43.885763459, 0.0 ], [ -64.972000397, -43.894858606999897, 0.0 ], [ -64.969754608999907, -43.900055207, 0.0 ], [ -64.967059663, -43.9046018559999, 0.0 ], [ -64.964364717, -43.908173979, 0.0 ], [ -64.961669770999904, -43.912070593, 0.0 ], [ -64.959873140999903, -43.914668193999901, 0.0 ], [ -64.958974825, -43.915966951, 0.0 ], [ -64.955381563999893, -43.921161695, 0.0 ], [ -64.949093357, -43.930251397999903, 0.0 ], [ -64.94280515, -43.939339703, 0.0 ], [ -64.937415258, -43.948102101, 0.0 ], [ -64.930228735999904, -43.957187658, 0.0 ], [ -64.92573716, -43.965622993999901, 0.0 ], [ -64.921245583, -43.975354576, 0.0 ], [ -64.919845353, -43.979146175, 0.0 ], [ -64.917652322, -43.985084553, 0.0 ], [ -64.914059060999904, -43.99448867, 0.0 ], [ -64.913160746, -43.998703822, 0.0 ], [ -64.912711588, -43.999676506999897, 0.0 ], [ -64.911813273, -44.005512277, 0.0 ], [ -64.909567485, -44.015561413999897, 0.0 ], [ -64.908669168999893, -44.024960668999903, 0.0 ], [ -64.907770854, -44.035006488, 0.0 ], [ -64.907770854, -44.045698541, 0.0 ], [ -64.908669168999893, -44.05574082, 0.0 ], [ -64.9104658, -44.065133659, 0.0 ], [ -64.912711588, -44.075172619999897, 0.0 ], [ -64.915406533999899, -44.085209866, 0.0 ], [ -64.919448953, -44.095245398, 0.0 ], [ -64.923491371999901, -44.104631923999897, 0.0 ], [ -64.928432105999903, -44.11401695, 0.0 ], [ -64.933372839999905, -44.122429834999899, 0.0 ], [ -64.936516943, -44.127606394999901, 0.0 ], [ -64.936516943, -44.134723419999901, 0.0 ], [ -64.937415258, -44.14475049, 0.0 ], [ -64.939661047, -44.154129098999903, 0.0 ], [ -64.941457677, -44.164152849999901, 0.0 ], [ -64.944601781, -44.174174885999903, 0.0 ], [ -64.944601781, -44.179993345999897, 0.0 ], [ -64.944601781, -44.182902359, 0.0 ], [ -64.945500095999904, -44.190012672, 0.0 ], [ -64.946398411, -44.199384037, 0.0 ], [ -64.947296727, -44.209400043999899, 0.0 ], [ -64.948644198999901, -44.211984542, 0.0 ], [ -64.949542515, -44.2148919649999, 0.0 ], [ -64.949542515, -44.215861074, 0.0 ], [ -64.950440829999906, -44.22587426, 0.0 ], [ -64.951339145, -44.2307187339999, 0.0 ], [ -64.951339145, -44.232979352, 0.0 ], [ -64.940559362, -44.237823236999901, 0.0 ], [ -64.929779579, -44.244281127, 0.0 ], [ -64.918550637, -44.250738302999899, 0.0 ], [ -64.907770854, -44.257194765, 0.0 ], [ -64.897889386, -44.264296048999903, 0.0 ], [ -64.888906232999901, -44.271396469, 0.0 ], [ -64.87992308, -44.27946408, 0.0 ], [ -64.870939926999895, -44.287207937999902, 0.0 ], [ -64.863753405, -44.295918549, 0.0 ], [ -64.856117724999905, -44.304305315, 0.0 ], [ -64.849829518, -44.313013372999897, 0.0 ], [ -64.843990468999905, -44.322365023, 0.0 ], [ -64.83815142, -44.331715173, 0.0 ], [ -64.834109000999902, -44.340741479, 0.0 ], [ -64.830066582, -44.350733257999899, 0.0 ], [ -64.8260241629999, -44.360723322, 0.0 ], [ -64.824227532999899, -44.370067314, 0.0 ], [ -64.821981744, -44.380054059, 0.0 ], [ -64.821083428999899, -44.390039089, 0.0 ], [ -64.820185114, -44.400022405, 0.0 ], [ -64.820185114, -44.410969876, 0.0 ], [ -64.821083428999899, -44.420949595, 0.0 ], [ -64.822880059999903, -44.4309276, 0.0 ], [ -64.825125848, -44.439938518, 0.0 ], [ -64.827820793999905, -44.449913259, 0.0 ], [ -64.831863213, -44.460207968, 0.0 ], [ -64.835905630999903, -44.469214338, 0.0 ], [ -64.840846364999905, -44.478540891, 0.0 ], [ -64.847134572, -44.487865942, 0.0 ], [ -64.852973622, -44.497189492, 0.0 ], [ -64.859710986, -44.505547261999901, 0.0 ], [ -64.866897509, -44.514225207, 0.0 ], [ -64.875880660999897, -44.521937844, 0.0 ], [ -64.883965498999899, -44.529970748, 0.0 ], [ -64.892948652, -44.537681286999899, 0.0 ], [ -64.90283012, -44.544748378, 0.0 ], [ -64.913609903, -44.551814604999898, 0.0 ], [ -64.923491371999901, -44.558237698, 0.0 ], [ -64.934720313, -44.564660078, 0.0 ], [ -64.946398411, -44.570439608999898, 0.0 ], [ -64.958525667999893, -44.5755764849999, 0.0 ], [ -64.970203765999898, -44.580391891, 0.0 ], [ -64.983229337999902, -44.584564918, 0.0 ], [ -64.996254909999905, -44.588095704999901, 0.0 ], [ -65.009280481, -44.591947226999899, 0.0 ], [ -65.015119531, -44.59740311, 0.0 ], [ -65.020060265, -44.602537587, 0.0 ], [ -65.028145101999897, -44.610238447, 0.0 ], [ -65.029941733, -44.611842662999898, 0.0 ], [ -65.037128255, -44.619542281, 0.0 ], [ -65.0411706739999, -44.623712478, 0.0 ], [ -65.046111407999902, -44.628844613999902, 0.0 ], [ -65.054196245, -44.637183361, 0.0 ], [ -65.061831925, -44.645200249, 0.0 ], [ -65.071713393, -44.652895413, 0.0 ], [ -65.082044019, -44.65994841, 0.0 ], [ -65.091925487, -44.667000543, 0.0 ], [ -65.102705270999905, -44.673410823, 0.0 ], [ -65.105849373999902, -44.675013282, 0.0 ], [ -65.10854432, -44.676295217, 0.0 ], [ -65.109891793, -44.678538534, 0.0 ], [ -65.215443839, -44.918068252999902, 0.0 ], [ -65.220384572999905, -44.928598607, 0.0 ], [ -65.215443839, -44.938488988, 0.0 ], [ -65.21140142, -44.947739727999902, 0.0 ], [ -65.208257316999905, -44.954756529, 0.0 ], [ -65.207359001, -44.955394376999898, 0.0 ], [ -65.206460686, -44.956351136, 0.0 ], [ -65.201519952, -44.959859115, 0.0 ], [ -65.199274164, -44.961134689999902, 0.0 ], [ -65.18849438, -44.966874424, 0.0 ], [ -65.178612911999906, -44.973888869999897, 0.0 ], [ -65.167383970999893, -44.980902452999899, 0.0 ], [ -65.158400818, -44.9888713839999, 0.0 ], [ -65.149417665, -44.99652051, 0.0 ], [ -65.140434512999903, -45.004168606999897, 0.0 ], [ -65.132798833, -45.012771487999899, 0.0 ], [ -65.12561231, -45.021373067999903, 0.0 ], [ -65.118874945999906, -45.030291851999898, 0.0 ], [ -65.112586738999894, -45.039527688, 0.0 ], [ -65.107646004999907, -45.048762025, 0.0 ], [ -65.102705270999905, -45.05799486, 0.0 ], [ -65.098662852, -45.067862783, 0.0 ], [ -65.094620432999903, -45.077728991999898, 0.0 ], [ -65.092823803, -45.087593485999903, 0.0 ], [ -65.091027171999897, -45.097456265999902, 0.0 ], [ -65.089679699, -45.107317329999901, 0.0 ], [ -65.088781384, -45.117176680999897, 0.0 ], [ -65.088781384, -45.127670233999901, 0.0 ], [ -65.089679699, -45.137526044, 0.0 ], [ -65.091925487, -45.1473801389999, 0.0 ], [ -65.093722118, -45.157232521, 0.0 ], [ -65.096866221, -45.167083186999903, 0.0 ], [ -65.100908639999901, -45.176932139, 0.0 ], [ -65.104951059, -45.186779375999897, 0.0 ], [ -65.109891793, -45.195989756, 0.0 ], [ -65.115730841999905, -45.205198634999903, 0.0 ], [ -65.121569892, -45.214406013, 0.0 ], [ -65.128756414, -45.222659629, 0.0 ], [ -65.136392094, -45.231229415, 0.0 ], [ -65.144476931, -45.2397979, 0.0 ], [ -65.153460084, -45.247413239, 0.0 ], [ -65.163341552, -45.255027551, 0.0 ], [ -65.172324704999895, -45.262323636, 0.0 ], [ -65.183553646, -45.269301616, 0.0 ], [ -65.19433343, -45.275644484999901, 0.0 ], [ -65.205113212999905, -45.281986640999897, 0.0 ], [ -65.217240468999904, -45.287376912, 0.0 ], [ -65.229367726, -45.292449636999898, 0.0 ], [ -65.241045824, -45.297204903, 0.0 ], [ -65.254071396, -45.301642788, 0.0 ], [ -65.267096968, -45.305763369, 0.0 ], [ -65.281020855, -45.309249779, 0.0 ], [ -65.294046426, -45.312102135, 0.0 ], [ -65.295843057, -45.312102135, 0.0 ], [ -65.298088844999896, -45.326678589, 0.0 ], [ -65.489027367999896, -46.522562243, 0.0 ], [ -65.5657868, -47.003320913, 0.0 ], [ -65.566685115, -47.0079297, 0.0 ], [ -65.568481746, -47.015302926999901, 0.0 ], [ -65.569829217999896, -47.018989156, 0.0 ], [ -65.571625849, -47.025746577999897, 0.0 ], [ -65.570727534, -47.0331173289999, 0.0 ], [ -65.570727534, -47.035881097, 0.0 ], [ -65.559498592999901, -47.0414082, 0.0 ], [ -65.547820494, -47.04754875, 0.0 ], [ -65.536591552999894, -47.054302533999902, 0.0 ], [ -65.526710084999905, -47.061055457, 0.0 ], [ -65.515930301, -47.068421300999901, 0.0 ], [ -65.506947149, -47.076706650999903, 0.0 ], [ -65.497963996, -47.084990704999903, 0.0 ], [ -65.489879158, -47.092966717, 0.0 ], [ -65.482243478, -47.101861621, 0.0 ], [ -65.475056955999904, -47.110755029, 0.0 ], [ -65.469217907, -47.119646943, 0.0 ], [ -65.4629297, -47.129150438, 0.0 ], [ -65.457988966, -47.138652226, 0.0 ], [ -65.453946547, -47.148152304999897, 0.0 ], [ -65.451251601, -47.157650675999903, 0.0 ], [ -65.448107497, -47.167759966999903, 0.0 ], [ -65.446310867, -47.177867324, 0.0 ], [ -65.445412551999894, -47.187360349999899, 0.0 ], [ -65.445412551999894, -47.191340787999899, 0.0 ], [ -65.444065079, -47.196851668, 0.0 ], [ -65.443166763, -47.206953451999901, 0.0 ], [ -65.443166763, -47.217359326999897, 0.0 ], [ -65.444065079, -47.227457182, 0.0 ], [ -65.445412551999894, -47.2347998609999, 0.0 ], [ -65.446310867, -47.240306199, 0.0 ], [ -65.443166763, -47.248564626, 0.0 ], [ -65.442268447999894, -47.251928799, 0.0 ], [ -65.44002266, -47.258656499, 0.0 ], [ -65.438226029, -47.26538334, 0.0 ], [ -65.434183611, -47.27486061, 0.0 ], [ -65.431488665, -47.284336173, 0.0 ], [ -65.428344561, -47.294421186, 0.0 ], [ -65.426098773, -47.3048097819999, 0.0 ], [ -65.425200457999907, -47.314279948, 0.0 ], [ -65.424302142, -47.324359215, 0.0 ], [ -65.424302142, -47.333215155999902, 0.0 ], [ -65.424302142, -47.339932459999901, 0.0 ], [ -65.424302142, -47.350006803, 0.0 ], [ -65.425200457999907, -47.360079212, 0.0 ], [ -65.427446246, -47.368929125, 0.0 ], [ -65.427446246, -47.375641856, 0.0 ], [ -65.428344561, -47.3860143859999, 0.0 ], [ -65.430141192, -47.396079878, 0.0 ], [ -65.430141192, -47.396689846, 0.0 ], [ -65.430141192, -47.406753287, 0.0 ], [ -65.431488665, -47.41620506, 0.0 ], [ -65.431488665, -47.425045495999903, 0.0 ], [ -65.432299459, -47.434123556, 0.0 ], [ -65.432386979999904, -47.435103485999903, 0.0 ], [ -65.434183611, -47.445464241, 0.0 ], [ -65.436429399, -47.453995086, 0.0 ], [ -65.436429399, -47.458259987, 0.0 ], [ -65.437327713999906, -47.468311588999903, 0.0 ], [ -65.439124345, -47.4783612579999, 0.0 ], [ -65.441370133, -47.485973355999903, 0.0 ], [ -65.442268447999894, -47.492671085, 0.0 ], [ -65.443166763, -47.4972372249999, 0.0 ], [ -65.444065079, -47.502107334, 0.0 ], [ -65.444065079, -47.505455271, 0.0 ], [ -65.444065079, -47.515497791, 0.0 ], [ -65.445412551999894, -47.525538379, 0.0 ], [ -65.447209181999895, -47.535881204, 0.0 ], [ -65.449005813, -47.545917866, 0.0 ], [ -65.452149915999897, -47.555344485, 0.0 ], [ -65.456192335, -47.565377398, 0.0 ], [ -65.460234753999899, -47.573584707, 0.0 ], [ -65.4629297, -47.578751607999898, 0.0 ], [ -65.464277173, -47.5857413049999, 0.0 ], [ -65.466073803, -47.59576836, 0.0 ], [ -65.469217907, -47.605185955, 0.0 ], [ -65.473260325, -47.615209262, 0.0 ], [ -65.478201059, -47.624623336, 0.0 ], [ -65.478201059, -47.625230637, 0.0 ], [ -65.479997689999905, -47.631303256, 0.0 ], [ -65.484040109, -47.641321526999903, 0.0 ], [ -65.488980843, -47.651034368, 0.0 ], [ -65.493921577, -47.6604419499999, 0.0 ], [ -65.498862311, -47.667724068, 0.0 ], [ -65.499760626, -47.670454599, 0.0 ], [ -65.502006415, -47.675005164, 0.0 ], [ -65.503803045, -47.679251998, 0.0 ], [ -65.50290473, -47.683195176, 0.0 ], [ -65.502006415, -47.687138053, 0.0 ], [ -65.501108099, -47.697145549, 0.0 ], [ -65.499760626, -47.707454282, 0.0 ], [ -65.499760626, -47.717457856, 0.0 ], [ -65.501108099, -47.727459498, 0.0 ], [ -65.50290473, -47.737459208, 0.0 ], [ -65.505150517999894, -47.747759918, 0.0 ], [ -65.507845464, -47.756241316999898, 0.0 ], [ -65.508743779, -47.7589671859999, 0.0 ], [ -65.50290473, -47.762298608, 0.0 ], [ -65.493023262, -47.769869222999901, 0.0 ], [ -65.482243478, -47.777135971, 0.0 ], [ -65.473260325, -47.784704413, 0.0 ], [ -65.464277173, -47.792574418, 0.0 ], [ -65.456192335, -47.801351085, 0.0 ], [ -65.448107497, -47.810126260999901, 0.0 ], [ -65.441370133, -47.818899945999902, 0.0 ], [ -65.434183611, -47.828277063, 0.0 ], [ -65.429242875999904, -47.836745252, 0.0 ], [ -65.424302142, -47.847026184, 0.0 ], [ -65.419361408, -47.856398188999897, 0.0 ], [ -65.416217305, -47.866372967, 0.0 ], [ -65.413522359, -47.875741454, 0.0 ], [ -65.411276571, -47.885712487, 0.0 ], [ -65.410378255999902, -47.895681588999899, 0.0 ], [ -65.40947994, -47.905950767, 0.0 ], [ -65.40947994, -47.915915949, 0.0 ], [ -65.410378255999902, -47.925879202, 0.0 ], [ -65.412174885999903, -47.935840524, 0.0 ], [ -65.414420674, -47.946101685, 0.0 ], [ -65.417115619999905, -47.956059088, 0.0 ], [ -65.421158039, -47.965411253999903, 0.0 ], [ -65.426098773, -47.975364914, 0.0 ], [ -65.431488665, -47.984713563999897, 0.0 ], [ -65.437327713999906, -47.993457533, 0.0 ], [ -65.444065079, -48.002802886, 0.0 ], [ -65.452149915999897, -48.011543772, 0.0 ], [ -65.460234753999899, -48.020283167999899, 0.0 ], [ -65.468319591, -48.028117220999903, 0.0 ], [ -65.478201059, -48.036251315999898, 0.0 ], [ -65.487184212, -48.043480538, 0.0 ], [ -65.497963996, -48.051009893, 0.0 ], [ -65.498862311, -48.051612194, 0.0 ], [ -65.499760626, -48.052816774, 0.0 ], [ -65.506048833, -48.05763481, 0.0 ], [ -65.515031985999897, -48.064861013, 0.0 ], [ -65.516828617, -48.066366344, 0.0 ], [ -65.517726932, -48.067570576, 0.0 ], [ -65.520871035, -48.071484136, 0.0 ], [ -65.526710084999905, -48.078106401999896, 0.0 ], [ -65.537939025999904, -48.090144688999899, 0.0 ], [ -65.541981445, -48.09616277, 0.0 ], [ -65.544676389999907, -48.100375004999897, 0.0 ], [ -65.552761228, -48.108196806, 0.0 ], [ -65.559498592999901, -48.117521234, 0.0 ], [ -65.563541011, -48.122934637, 0.0 ], [ -65.571625849, -48.131655023999897, 0.0 ], [ -65.579710687, -48.140373920999899, 0.0 ], [ -65.582405632, -48.142778872, 0.0 ], [ -65.584651420999904, -48.1463860859999, 0.0 ], [ -65.586448050999905, -48.149692474999902, 0.0 ], [ -65.594532888999893, -48.15810777, 0.0 ], [ -65.597676991999904, -48.1617139, 0.0 ], [ -65.610253406, -48.175535037, 0.0 ], [ -65.621482347, -48.19025343, 0.0 ], [ -65.6304655, -48.200763966, 0.0 ], [ -65.631363815, -48.202265294, 0.0 ], [ -65.639448653, -48.210972123, 0.0 ], [ -65.647084333, -48.219377304, 0.0 ], [ -65.656067486, -48.227480985999897, 0.0 ], [ -65.665050639, -48.235583377, 0.0 ], [ -65.669093056999898, -48.238883981, 0.0 ], [ -65.672237160999899, -48.241284285999903, 0.0 ], [ -65.681220314, -48.249384478, 0.0 ], [ -65.690203466999904, -48.257483379999897, 0.0 ], [ -65.700084934999893, -48.2652811029999, 0.0 ], [ -65.709966403, -48.271878241, 0.0 ], [ -65.720746186, -48.27937395, 0.0 ], [ -65.732873443, -48.285969258, 0.0 ], [ -65.742754911, -48.290465567999902, 0.0 ], [ -65.745899014, -48.29196425, 0.0 ], [ -65.752636379, -48.295860615, 0.0 ], [ -65.764763635, -48.301255087999898, 0.0 ], [ -65.777789207, -48.306648987, 0.0 ], [ -65.790814778, -48.311143466, 0.0 ], [ -65.795755512, -48.312641536999898, 0.0 ], [ -65.799797930999901, -48.314439163, 0.0 ], [ -65.815518449, -48.321029917, 0.0 ], [ -65.825399917, -48.3252235859999, 0.0 ], [ -65.834383069999902, -48.328518368999902, 0.0 ], [ -65.838425488, -48.329716419, 0.0 ], [ -65.839323803999903, -48.330315433, 0.0 ], [ -65.844264537999905, -48.33301091, 0.0 ], [ -65.857290109, -48.338401432999902, 0.0 ], [ -65.869417365999894, -48.343791382999903, 0.0 ], [ -65.88199378, -48.347683768, 0.0 ], [ -65.8860361979999, -48.349779543, 0.0 ], [ -65.894121035999902, -48.35307273, 0.0 ], [ -65.895917666999907, -48.353671468999899, 0.0 ], [ -65.899960085, -48.354868924, 0.0 ], [ -65.906248292, -48.3575630939999, 0.0 ], [ -65.917926391, -48.362951005999903, 0.0 ], [ -65.931850278, -48.36773978, 0.0 ], [ -65.932748593, -48.368338343999902, 0.0 ], [ -65.9390368, -48.371031799, 0.0 ], [ -65.9489182679999, -48.374323604, 0.0 ], [ -65.950714898999905, -48.374922091, 0.0 ], [ -65.943079219, -48.381504979999903, 0.0 ], [ -65.934994381, -48.389582811, 0.0 ], [ -65.926909544, -48.397958458999902, 0.0 ], [ -65.920172179, -48.40752893, 0.0 ], [ -65.913883972, -48.415901604999902, 0.0 ], [ -65.908044923, -48.425169735999901, 0.0 ], [ -65.903104189, -48.435332828, 0.0 ], [ -65.898163455, -48.444597395, 0.0 ], [ -65.895019351, -48.454457808, 0.0 ], [ -65.892324405, -48.464316294999897, 0.0 ], [ -65.890078617, -48.474172855999903, 0.0 ], [ -65.8891803019999, -48.4843260869999, 0.0 ], [ -65.888281987, -48.494178738999899, 0.0 ], [ -65.888281987, -48.504029465, 0.0 ], [ -65.8891803019999, -48.514773514999902, 0.0 ], [ -65.890976932999905, -48.524620215, 0.0 ], [ -65.893222721, -48.534464989999897, 0.0 ], [ -65.897265139999902, -48.543711357999896, 0.0 ], [ -65.901307558, -48.553552399, 0.0 ], [ -65.904900819, -48.56368964, 0.0 ], [ -65.911189026, -48.572930637999903, 0.0 ], [ -65.917028076, -48.5821699379999, 0.0 ], [ -65.924214597999907, -48.590513651, 0.0 ], [ -65.930951963, -48.599153894, 0.0 ], [ -65.9390368, -48.60779265, 0.0 ], [ -65.948019953, -48.61642992, 0.0 ], [ -65.957003105999902, -48.624172416, 0.0 ], [ -65.966884573999906, -48.631615997, 0.0 ], [ -65.977664357, -48.638760796, 0.0 ], [ -65.988893297999894, -48.645309300999898, 0.0 ], [ -65.999673082, -48.652154551, 0.0 ], [ -66.011800337999901, -48.657808616999901, 0.0 ], [ -66.024376752, -48.663759577, 0.0 ], [ -66.037402324, -48.669114836999903, 0.0 ], [ -66.050427895, -48.673874586999901, 0.0 ], [ -66.064351782, -48.678336443, 0.0 ], [ -66.078275668999893, -48.682203062, 0.0 ], [ -66.092199556, -48.685771985, 0.0 ], [ -66.107021758, -48.689043273, 0.0 ], [ -66.120945644999907, -48.690827522999903, 0.0 ], [ -66.136217004999907, -48.692909066, 0.0 ], [ -66.151039206999897, -48.694990523999898, 0.0 ], [ -66.165861408999902, -48.695585209999898, 0.0 ], [ -66.180683611999896, -48.6961798889999, 0.0 ], [ -66.196853287, -48.6961798889999, 0.0 ], [ -66.211675489, -48.695585209999898, 0.0 ], [ -66.226497691, -48.694990523999898, 0.0 ], [ -66.241769050999906, -48.692909066, 0.0 ], [ -66.256591253, -48.690827522999903, 0.0 ], [ -66.27051514, -48.689043273, 0.0 ], [ -66.285337341999906, -48.685771985, 0.0 ], [ -66.299261229, -48.682203062, 0.0 ], [ -66.3131851159999, -48.678336443, 0.0 ], [ -66.327109003, -48.673874586999901, 0.0 ], [ -66.340134575, -48.669114836999903, 0.0 ], [ -66.353160145999894, -48.663759577, 0.0 ], [ -66.366185717999898, -48.657808616999901, 0.0 ], [ -66.377863816999906, -48.652154551, 0.0 ], [ -66.389092757999904, -48.645309300999898, 0.0 ], [ -66.399872541, -48.638760796, 0.0 ], [ -66.410652324, -48.631615997, 0.0 ], [ -66.420533792999905, -48.624172416, 0.0 ], [ -66.422779581, -48.622385791999903, 0.0 ], [ -66.433559364, -48.6110690309999, 0.0 ], [ -66.441644202, -48.612558223999898, 0.0 ], [ -66.456466404, -48.614345198, 0.0 ], [ -66.466347872, -48.614940842, 0.0 ], [ -66.470390290999902, -48.615834294, 0.0 ], [ -66.473534394, -48.61642992, 0.0 ], [ -66.488356596, -48.618216756, 0.0 ], [ -66.494195646, -48.61911015, 0.0 ], [ -66.515306054999897, -48.620896891, 0.0 ], [ -66.523390892999899, -48.627745472999898, 0.0 ], [ -66.533272360999902, -48.635486222999901, 0.0 ], [ -66.543153828999905, -48.64263047, 0.0 ], [ -66.553933612, -48.6494760859999, 0.0 ], [ -66.566060869, -48.656023191, 0.0 ], [ -66.578188124999897, -48.661974363999903, 0.0 ], [ -66.579984754999899, -48.662569441999899, 0.0 ], [ -66.587171278, -48.672387214, 0.0 ], [ -66.590764539, -48.677741552, 0.0 ], [ -66.597052746, -48.686961568999898, 0.0 ], [ -66.60379011, -48.6961798889999, 0.0 ], [ -66.610976633, -48.704801941, 0.0 ], [ -66.618612313, -48.713422508999898, 0.0 ], [ -66.627595465999903, -48.721150029999897, 0.0 ], [ -66.631637884, -48.724419005999899, 0.0 ], [ -66.653646609, -48.7428401499999, 0.0 ], [ -66.660833130999904, -48.748781005999902, 0.0 ], [ -66.66667218, -48.753533182999902, 0.0 ], [ -66.695418269, -48.777287284, 0.0 ], [ -66.700359003999907, -48.781146258, 0.0 ], [ -66.706647211, -48.7876761489999, 0.0 ], [ -66.715181206, -48.796282428, 0.0 ], [ -66.725511830999906, -48.80399714, 0.0 ], [ -66.730452565999897, -48.807557373, 0.0 ], [ -66.731350881, -48.808744061, 0.0 ], [ -66.736291615, -48.81319389, 0.0 ], [ -66.746173083, -48.82120258, 0.0 ], [ -66.748418871, -48.822685529999902, 0.0 ], [ -66.749317187, -48.823278697, 0.0 ], [ -66.757402024, -48.830989232, 0.0 ], [ -66.767283491999905, -48.838995062, 0.0 ], [ -66.771325911, -48.841663387, 0.0 ], [ -66.777164959999894, -48.847592484, 0.0 ], [ -66.786148113, -48.854113675999898, 0.0 ], [ -66.808156837999903, -48.871894402999899, 0.0 ], [ -66.81713999, -48.879004914999904, 0.0 ], [ -66.827021459, -48.886114409999898, 0.0 ], [ -66.836902927, -48.893519053, 0.0 ], [ -66.848581025, -48.900626472999903, 0.0 ], [ -66.859809965999901, -48.907140715, 0.0 ], [ -66.871488064999895, -48.913062012, 0.0 ], [ -66.884513636999898, -48.918982603, 0.0 ], [ -66.89349679, -48.923126597, 0.0 ], [ -66.899335838999903, -48.925494437999902, 0.0 ], [ -66.902479942, -48.926974281999897, 0.0 ], [ -66.915505514, -48.932301353, 0.0 ], [ -66.918649618, -48.933485069, 0.0 ], [ -66.924488666999906, -48.936148327, 0.0 ], [ -66.937514238999896, -48.941474413, 0.0 ], [ -66.942454972999897, -48.943249648999902, 0.0 ], [ -66.944251602999898, -48.944137242, 0.0 ], [ -66.947395706999899, -48.945320675999902, 0.0 ], [ -66.955480544, -48.9485749729999, 0.0 ], [ -66.961319594, -48.951237421, 0.0 ], [ -66.964463697, -48.9524206849999, 0.0 ], [ -66.969404431, -48.954491329999897, 0.0 ], [ -66.976141796, -48.957153461, 0.0 ], [ -66.978387584, -48.957745025999898, 0.0 ], [ -66.980184215, -48.959815448, 0.0 ], [ -66.989167366999894, -48.967504832, 0.0 ], [ -66.999048834999897, -48.9754886979999, 0.0 ], [ -67.009828619, -48.9825843899999, 0.0 ], [ -67.02105756, -48.989974654, 0.0 ], [ -67.025099978999904, -48.9917481539999, 0.0 ], [ -67.032735659, -48.997068270999897, 0.0 ], [ -67.0439646, -49.0041608719999, 0.0 ], [ -67.055642698, -49.010070597, 0.0 ], [ -67.067769955, -49.0168659079999, 0.0 ], [ -67.079897210999903, -49.021887929999899, 0.0 ], [ -67.092473625, -49.027204809, 0.0 ], [ -67.106397511999901, -49.032521116999902, 0.0 ], [ -67.120321399, -49.036950938, 0.0 ], [ -67.134245286, -49.041085079, 0.0 ], [ -67.14861833, -49.04433309, 0.0 ], [ -67.163440532, -49.046695145999898, 0.0 ], [ -67.178262735, -49.049352324, 0.0 ], [ -67.181406838, -49.050238018, 0.0 ], [ -67.185449257, -49.051418919, 0.0 ], [ -67.198025671, -49.056732624999903, 0.0 ], [ -67.202966405, -49.058503733, 0.0 ], [ -67.204313877999894, -49.059389263, 0.0 ], [ -67.205212193, -49.0599796079999, 0.0 ], [ -67.216890292, -49.066472935, 0.0 ], [ -67.223178499, -49.069129049, 0.0 ], [ -67.227220917999901, -49.071785022, 0.0 ], [ -67.233059967, -49.075621173999899, 0.0 ], [ -67.238000701, -49.078276796999901, 0.0 ], [ -67.241144805, -49.080932276999903, 0.0 ], [ -67.244738066, -49.084767718, 0.0 ], [ -67.2537212189999, -49.092732683999898, 0.0 ], [ -67.262704371, -49.100401435, 0.0 ], [ -67.273034997, -49.108363878, 0.0 ], [ -67.280670676999904, -49.113671458999903, 0.0 ], [ -67.281568992, -49.114261155, 0.0 ], [ -67.282916465, -49.121336957, 0.0 ], [ -67.284713096, -49.131064527, 0.0 ], [ -67.286958883999901, -49.141084865, 0.0 ], [ -67.288755514999906, -49.146978229999903, 0.0 ], [ -67.28965383, -49.150808539, 0.0 ], [ -67.28965383, -49.151987034999898, 0.0 ], [ -67.288755514999906, -49.162592237, 0.0 ], [ -67.288755514999906, -49.171722664, 0.0 ], [ -67.28965383, -49.180262497999898, 0.0 ], [ -67.28965383, -49.182029175, 0.0 ], [ -67.288755514999906, -49.186740003999901, 0.0 ], [ -67.285611410999906, -49.1970433709999, 0.0 ], [ -67.283814780999904, -49.206167407, 0.0 ], [ -67.282916465, -49.216760937999901, 0.0 ], [ -67.281568992, -49.227058015, 0.0 ], [ -67.281568992, -49.229705485999901, 0.0 ], [ -67.280670676999904, -49.234411748999896, 0.0 ], [ -67.277975731, -49.242058465, 0.0 ], [ -67.276628258, -49.249409952999898, 0.0 ], [ -67.275729943, -49.259700187, 0.0 ], [ -67.275729943, -49.269400431999898, 0.0 ], [ -67.276628258, -49.279098759, 0.0 ], [ -67.279772362, -49.289676565, 0.0 ], [ -67.281568992, -49.299370882999902, 0.0 ], [ -67.284713096, -49.309063282999901, 0.0 ], [ -67.288755514999906, -49.319047387, 0.0 ], [ -67.293696248999893, -49.328735894, 0.0 ], [ -67.298636982999895, -49.337835473, 0.0 ], [ -67.304476032, -49.34693336, 0.0 ], [ -67.311662554, -49.356029556, 0.0 ], [ -67.316603288, -49.360430333, 0.0 ], [ -67.318399918999901, -49.365710744, 0.0 ], [ -67.320645707, -49.370990584, 0.0 ], [ -67.326484756999903, -49.380082305, 0.0 ], [ -67.328730545, -49.385947034, 0.0 ], [ -67.32962886, -49.388585932999902, 0.0 ], [ -67.331425490999905, -49.395035972999899, 0.0 ], [ -67.335467909, -49.4035369979999, 0.0 ], [ -67.338612013, -49.413208778, 0.0 ], [ -67.341306959, -49.419655566, 0.0 ], [ -67.343552746999904, -49.421120626999901, 0.0 ], [ -67.343552746999904, -49.422878641, 0.0 ], [ -67.343552746999904, -49.4255155439999, 0.0 ], [ -67.341306959, -49.435182969, 0.0 ], [ -67.341306959, -49.441041082, 0.0 ], [ -67.341306959, -49.442505501, 0.0 ], [ -67.341306959, -49.451583911999897, 0.0 ], [ -67.343552746999904, -49.4618317, 0.0 ], [ -67.345349378, -49.472370033999901, 0.0 ], [ -67.347595166, -49.4814428829999, 0.0 ], [ -67.350290112, -49.491684392, 0.0 ], [ -67.35433253, -49.500753642999904, 0.0 ], [ -67.355230846, -49.503971357999902, 0.0 ], [ -67.355230846, -49.506018884, 0.0 ], [ -67.356578318999894, -49.516255222, 0.0 ], [ -67.358374948999895, -49.526781779, 0.0 ], [ -67.360620737, -49.536429121, 0.0 ], [ -67.362417368, -49.539644476, 0.0 ], [ -67.362417368, -49.546074548, 0.0 ], [ -67.362417368, -49.553380416, 0.0 ], [ -67.363315682999897, -49.563606783999901, 0.0 ], [ -67.365561471, -49.574123087, 0.0 ], [ -67.367358102, -49.583761029999899, 0.0 ], [ -67.371400520999899, -49.59339706, 0.0 ], [ -67.372298836, -49.597192546, 0.0 ], [ -67.3731971509999, -49.601279659999904, 0.0 ], [ -67.374544624, -49.6103284719999, 0.0 ], [ -67.3763412549999, -49.6205428439999, 0.0 ], [ -67.378137884999902, -49.629004549999898, 0.0 ], [ -67.378137884999902, -49.630171565, 0.0 ], [ -67.382180304, -49.640090065, 0.0 ], [ -67.385324408, -49.647673429, 0.0 ], [ -67.385324408, -49.652339524, 0.0 ], [ -67.386222722999904, -49.662545039, 0.0 ], [ -67.386222722999904, -49.663128146, 0.0 ], [ -67.386222722999904, -49.664002793999899, 0.0 ], [ -67.385324408, -49.67420585, 0.0 ], [ -67.385324408, -49.683241043999899, 0.0 ], [ -67.386222722999904, -49.693731409999899, 0.0 ], [ -67.386222722999904, -49.698684402, 0.0 ], [ -67.386222722999904, -49.703928194, 0.0 ], [ -67.387121038, -49.713540334, 0.0 ], [ -67.390265142, -49.7240241229999, 0.0 ], [ -67.392061772, -49.734214514, 0.0 ], [ -67.392061772, -49.735670108, 0.0 ], [ -67.392061772, -49.737416763999903, 0.0 ], [ -67.39430756, -49.745858041, 0.0 ], [ -67.396104190999907, -49.753133818, 0.0 ], [ -67.398349979, -49.756334812, 0.0 ], [ -67.398349979, -49.758662675, 0.0 ], [ -67.398349979, -49.7638999549999, 0.0 ], [ -67.398349979, -49.772918381, 0.0 ], [ -67.399248294999893, -49.783389273999902, 0.0 ], [ -67.401044925, -49.7935671279999, 0.0 ], [ -67.403290712999905, -49.80316142, 0.0 ], [ -67.406434816999905, -49.8130444499999, 0.0 ], [ -67.410028078, -49.823216037, 0.0 ], [ -67.414070497, -49.831061221, 0.0 ], [ -67.422155334, -49.842681364, 0.0 ], [ -67.42305365, -49.847619074, 0.0 ], [ -67.426197752999897, -49.854008299, 0.0 ], [ -67.428892699, -49.864461563, 0.0 ], [ -67.435180906, -49.873461162999902, 0.0 ], [ -67.449104792999904, -49.897258426999898, 0.0 ], [ -67.450003108, -49.899869603, 0.0 ], [ -67.453147212, -49.903060847999903, 0.0 ], [ -67.45718963, -49.9094427, 0.0 ], [ -67.459884576, -49.914083515, 0.0 ], [ -67.460782891999898, -49.914663585, 0.0 ], [ -67.460782891999898, -49.917273813999898, 0.0 ], [ -67.467071099, -49.926263515999899, 0.0 ], [ -67.472910148, -49.935831346, 0.0 ], [ -67.477850882, -49.944817567, 0.0 ], [ -67.483689931, -49.950614234999897, 0.0 ], [ -67.485935718999897, -49.954961275999899, 0.0 ], [ -67.491774769, -49.964813106999898, 0.0 ], [ -67.496715503, -49.9737938929999, 0.0 ], [ -67.502554551999907, -49.983352232, 0.0 ], [ -67.510639389999895, -49.991750408, 0.0 ], [ -67.517825912, -50.000726138999902, 0.0 ], [ -67.521868331, -50.003910671, 0.0 ], [ -67.523664961, -50.009121265, 0.0 ], [ -67.528605695, -50.017225504999899, 0.0 ], [ -67.533546429999902, -50.026196453, 0.0 ], [ -67.541631267, -50.035165717, 0.0 ], [ -67.548368631999907, -50.043554792999899, 0.0 ], [ -67.557351785, -50.0525207969999, 0.0 ], [ -67.566334937, -50.060906824, 0.0 ], [ -67.573521459999895, -50.066689433, 0.0 ], [ -67.576216406, -50.069869567999902, 0.0 ], [ -67.5851995579999, -50.078830627999899, 0.0 ], [ -67.594182711, -50.086634051, 0.0 ], [ -67.604513337, -50.095014082, 0.0 ], [ -67.614394805, -50.101948165, 0.0 ], [ -67.623377957999907, -50.108303522, 0.0 ], [ -67.633259425999896, -50.115235672, 0.0 ], [ -67.639996791, -50.11927896, 0.0 ], [ -67.641344263999898, -50.119856544, 0.0 ], [ -67.6480816279999, -50.125632004, 0.0 ], [ -67.657963095999904, -50.133427764, 0.0 ], [ -67.667844564999896, -50.141510906, 0.0 ], [ -67.679073506, -50.148726838, 0.0 ], [ -67.690751604, -50.155075951999898, 0.0 ], [ -67.695692338, -50.158250191, 0.0 ], [ -67.702878861, -50.162001291, 0.0 ], [ -67.703777176, -50.162578357, 0.0 ], [ -67.715006117, -50.169791093, 0.0 ], [ -67.720845165999904, -50.172387409, 0.0 ], [ -67.724887585, -50.175560493, 0.0 ], [ -67.733870738, -50.1807523539999, 0.0 ], [ -67.745548836999902, -50.187673952999901, 0.0 ], [ -67.751837044, -50.190846016, 0.0 ], [ -67.760820195999898, -50.196036206, 0.0 ], [ -67.770701664999905, -50.20180242, 0.0 ], [ -67.783278079, -50.208144445999899, 0.0 ], [ -67.795405334999899, -50.214485624, 0.0 ], [ -67.807532591, -50.220249597, 0.0 ], [ -67.815168270999905, -50.223419483, 0.0 ], [ -67.822354793, -50.226589158, 0.0 ], [ -67.83448205, -50.2323516599999, 0.0 ], [ -67.848405936999896, -50.237537313, 0.0 ], [ -67.850202566999897, -50.238113461999902, 0.0 ], [ -67.858287404999899, -50.241282154, 0.0 ], [ -67.867270558, -50.2450267, 0.0 ], [ -67.878948656, -50.2507869619999, 0.0 ], [ -67.892872543, -50.255970598, 0.0 ], [ -67.905898115, -50.261153668, 0.0 ], [ -67.919822001999904, -50.26547246, 0.0 ], [ -67.927008524, -50.269502976999902, 0.0 ], [ -67.938686623, -50.275260263999897, 0.0 ], [ -67.950813879, -50.281592471, 0.0 ], [ -67.962491977999903, -50.287348287, 0.0 ], [ -67.976415865, -50.291664690999902, 0.0 ], [ -67.989441435999893, -50.296843855, 0.0 ], [ -68.004263637999898, -50.301159391999903, 0.0 ], [ -68.018636683, -50.305186872, 0.0 ], [ -68.033458885, -50.308351079, 0.0 ], [ -68.048281087, -50.311515074999903, 0.0 ], [ -68.056365925, -50.312665567, 0.0 ], [ -68.076128861, -50.317267253, 0.0 ], [ -68.079272965, -50.317842432, 0.0 ], [ -68.094095167, -50.321005793, 0.0 ], [ -68.108019054, -50.324744037999899, 0.0 ], [ -68.118798837, -50.3267568159999, 0.0 ], [ -68.132722724, -50.329344547999902, 0.0 ], [ -68.139010931, -50.331357130999898, 0.0 ], [ -68.152934817999906, -50.335094556999898, 0.0 ], [ -68.16775702, -50.338256762999897, 0.0 ], [ -68.181680907, -50.341418758, 0.0 ], [ -68.185723326, -50.341993643, 0.0 ], [ -68.188418272, -50.343430826, 0.0 ], [ -68.198748897, -50.347742113, 0.0 ], [ -68.211325310999896, -50.352915137, 0.0 ], [ -68.225249198, -50.358087595, 0.0 ], [ -68.227494986999901, -50.358662277, 0.0 ], [ -68.228393302, -50.3592369529999, 0.0 ], [ -68.236478139, -50.361822906, 0.0 ], [ -68.251300342, -50.366994388, 0.0 ], [ -68.264325912999894, -50.371303522999902, 0.0 ], [ -68.279148114999899, -50.375037789, 0.0 ], [ -68.286334638, -50.377048424999899, 0.0 ], [ -68.290377056, -50.378484541, 0.0 ], [ -68.30295347, -50.381643842, 0.0 ], [ -68.305199258999906, -50.382218238, 0.0 ], [ -68.314182410999905, -50.384802932, 0.0 ], [ -68.327207982999894, -50.389110441999897, 0.0 ], [ -68.337089450999898, -50.391120477999898, 0.0 ], [ -68.346970918999901, -50.394853175, 0.0 ], [ -68.358649017999895, -50.398585576999899, 0.0 ], [ -68.372572905, -50.402030608, 0.0 ], [ -68.382903531, -50.404327156, 0.0 ], [ -68.386945948999895, -50.405188333, 0.0 ], [ -68.398624048, -50.408919916999899, 0.0 ], [ -68.412547935, -50.413225223, 0.0 ], [ -68.426471821999897, -50.417243153999898, 0.0 ], [ -68.440395709, -50.420399859, 0.0 ], [ -68.442641497, -50.421547699, 0.0 ], [ -68.445336443, -50.42298246, 0.0 ], [ -68.452522965, -50.424704116, 0.0 ], [ -68.459260329999907, -50.4272864819999, 0.0 ], [ -68.471387585999906, -50.431877003999901, 0.0 ], [ -68.486209787999897, -50.436753944, 0.0 ], [ -68.490252207, -50.438188242, 0.0 ], [ -68.4960912559999, -50.441343543999899, 0.0 ], [ -68.505972724999907, -50.446506309, 0.0 ], [ -68.518998295999907, -50.452242049999903, 0.0 ], [ -68.527083134, -50.455396409999899, 0.0 ], [ -68.532023868, -50.457116879999901, 0.0 ], [ -68.534269655999907, -50.457977092, 0.0 ], [ -68.536964602, -50.459124017, 0.0 ], [ -68.549990174, -50.464284831, 0.0 ], [ -68.563914059999902, -50.469158413999899, 0.0 ], [ -68.577837947, -50.473171572999902, 0.0 ], [ -68.591761834, -50.476897772, 0.0 ], [ -68.601643302, -50.478904063999899, 0.0 ], [ -68.606584036, -50.481483457, 0.0 ], [ -68.615567188999904, -50.484635856, 0.0 ], [ -68.616465505, -50.48578213, 0.0 ], [ -68.623652026999906, -50.489507328999899, 0.0 ], [ -68.633533494999895, -50.497816324, 0.0 ], [ -68.644762436, -50.504978072, 0.0 ], [ -68.656440534999902, -50.511852323, 0.0 ], [ -68.668567791, -50.518152835, 0.0 ], [ -68.673508525, -50.521302773999899, 0.0 ], [ -68.67440684, -50.522734495, 0.0 ], [ -68.678449258999905, -50.526456763999903, 0.0 ], [ -68.682491678, -50.5296061459999, 0.0 ], [ -68.684288308, -50.532182755999898, 0.0 ], [ -68.684288308, -50.532755317, 0.0 ], [ -68.687432412, -50.53848054, 0.0 ], [ -68.688330726999894, -50.541056662, 0.0 ], [ -68.689229043, -50.550501235, 0.0 ], [ -68.691474830999894, -50.559943905, 0.0 ], [ -68.693271460999895, -50.570242831, 0.0 ], [ -68.69731388, -50.579681525, 0.0 ], [ -68.701356298999897, -50.589118318, 0.0 ], [ -68.706297032999899, -50.599410831999897, 0.0 ], [ -68.711237766999901, -50.60884365, 0.0 ], [ -68.718424289, -50.6177030489999, 0.0 ], [ -68.725161654, -50.626560771, 0.0 ], [ -68.731000702999907, -50.634274194999897, 0.0 ], [ -68.734144807, -50.638558880999902, 0.0 ], [ -68.73728891, -50.641700734, 0.0 ], [ -68.744026275, -50.647412652999897, 0.0 ], [ -68.748068694, -50.651410580999901, 0.0 ], [ -68.748068694, -50.6519816859999, 0.0 ], [ -68.753907743, -50.661403905, 0.0 ], [ -68.756153530999896, -50.665115166, 0.0 ], [ -68.761992581, -50.674820149, 0.0 ], [ -68.7691791029999, -50.684237761, 0.0 ], [ -68.772772363999906, -50.689944480999898, 0.0 ], [ -68.775916466999902, -50.694794643, 0.0 ], [ -68.779060570999903, -50.698217983999903, 0.0 ], [ -68.779958886, -50.699359042, 0.0 ], [ -68.781755517, -50.702496806999903, 0.0 ], [ -68.781755517, -50.703067287, 0.0 ], [ -68.78489962, -50.708201292999902, 0.0 ], [ -68.785797935999895, -50.710197697999902, 0.0 ], [ -68.789840354, -50.719037893999896, 0.0 ], [ -68.792984458, -50.725310565, 0.0 ], [ -68.797925192, -50.7347179879999, 0.0 ], [ -68.801967611, -50.74298355, 0.0 ], [ -68.802865926, -50.744978466, 0.0 ], [ -68.802865926, -50.747258265, 0.0 ], [ -68.802865926, -50.750677755, 0.0 ], [ -68.802865926, -50.753812066, 0.0 ], [ -68.802865926, -50.756091432999902, 0.0 ], [ -68.797925192, -50.765777495999899, 0.0 ], [ -68.792086142999906, -50.775176748, 0.0 ], [ -68.788043724, -50.784574101, 0.0 ], [ -68.78310299, -50.794823592999897, 0.0 ], [ -68.780857201999893, -50.804216977, 0.0 ], [ -68.779060570999903, -50.814177582, 0.0 ], [ -68.779060570999903, -50.816738535, 0.0 ], [ -68.775018152, -50.824420548, 0.0 ], [ -68.774119836999901, -50.826980937, 0.0 ], [ -68.770077418, -50.83636782, 0.0 ], [ -68.765136684, -50.846321533, 0.0 ], [ -68.762890896, -50.855988808999903, 0.0 ], [ -68.761094264999898, -50.865938313, 0.0 ], [ -68.76019595, -50.876169862, 0.0 ], [ -68.757950162, -50.886115036, 0.0 ], [ -68.757950162, -50.89548996, 0.0 ], [ -68.757950162, -50.904294979, 0.0 ], [ -68.755255216, -50.911394582, 0.0 ], [ -68.753009428, -50.921332197, 0.0 ], [ -68.751212796999894, -50.930699994, 0.0 ], [ -68.748967009, -50.940917246, 0.0 ], [ -68.748068694, -50.950848521999902, 0.0 ], [ -68.748068694, -50.961628635, 0.0 ], [ -68.748967009, -50.970988272999897, 0.0 ], [ -68.752111112, -50.981196623999899, 0.0 ], [ -68.753907743, -50.991119248, 0.0 ], [ -68.756153530999896, -50.997355233999897, 0.0 ], [ -68.757051847, -50.999906076999899, 0.0 ], [ -68.757501003999906, -51.001039739, 0.0 ], [ -68.758399319, -51.00444056, 0.0 ], [ -68.759746792, -51.009257959, 0.0 ], [ -68.760645107999906, -51.017191404, 0.0 ], [ -68.761992581, -51.01974115, 0.0 ], [ -68.761992581, -51.020591033999899, 0.0 ], [ -68.761992581, -51.031071649, 0.0 ], [ -68.762890896, -51.040983551999901, 0.0 ], [ -68.765136684, -51.050893324, 0.0 ], [ -68.766034998999899, -51.055705873, 0.0 ], [ -68.766034998999899, -51.062782237, 0.0 ], [ -68.766034998999899, -51.072687319999901, 0.0 ], [ -68.767382472, -51.082590271999898, 0.0 ], [ -68.769628259999905, -51.092491094, 0.0 ], [ -68.771874049, -51.102106993999897, 0.0 ], [ -68.772772363999906, -51.107196952, 0.0 ], [ -68.774119836999901, -51.110024462, 0.0 ], [ -68.768280788, -51.11850595, 0.0 ], [ -68.762890896, -51.128116411999898, 0.0 ], [ -68.758399319, -51.138007434, 0.0 ], [ -68.753907743, -51.147331305, 0.0 ], [ -68.751661955, -51.151568802, 0.0 ], [ -68.746272062999907, -51.160607488, 0.0 ], [ -68.740433014, -51.170491513999899, 0.0 ], [ -68.735941437, -51.18037341, 0.0 ], [ -68.735043122, -51.182349534, 0.0 ], [ -68.732797333999898, -51.18517242, 0.0 ], [ -68.726958284, -51.194204488, 0.0 ], [ -68.721568393, -51.204081274, 0.0 ], [ -68.718424289, -51.211699056, 0.0 ], [ -68.717076816, -51.213955933, 0.0 ], [ -68.716178500999902, -51.215366424, 0.0 ], [ -68.711686925, -51.223828462, 0.0 ], [ -68.708093663999904, -51.232288937, 0.0 ], [ -68.703602087, -51.241875584, 0.0 ], [ -68.701356298999897, -51.251742094999898, 0.0 ], [ -68.699110511, -51.261606477, 0.0 ], [ -68.698212194999897, -51.271468732, 0.0 ], [ -68.696864722, -51.2799204, 0.0 ], [ -68.694618933999905, -51.290341971, 0.0 ], [ -68.692373146, -51.300198026, 0.0 ], [ -68.690127358, -51.310051954999899, 0.0 ], [ -68.689229043, -51.319622306, 0.0 ], [ -68.687881569999902, -51.323843881999899, 0.0 ], [ -68.686983254, -51.326658048, 0.0 ], [ -68.684737465999902, -51.331723111, 0.0 ], [ -68.683389992999906, -51.334536791999902, 0.0 ], [ -68.678000101999899, -51.345508488999897, 0.0 ], [ -68.675754313, -51.349165134, 0.0 ], [ -68.671262736999907, -51.358164858, 0.0 ], [ -68.668118632999906, -51.3666004849999, 0.0 ], [ -68.668118632999906, -51.367443962, 0.0 ], [ -68.666771159999897, -51.368849721999901, 0.0 ], [ -68.662279584, -51.377845559, 0.0 ], [ -68.661381268999904, -51.379813161, 0.0 ], [ -68.660033795999894, -51.382623875, 0.0 ], [ -68.655542219, -51.3868396189999, 0.0 ], [ -68.646559066999899, -51.395269937, 0.0 ], [ -68.638923387, -51.404260554, 0.0 ], [ -68.633084337, -51.412125887999899, 0.0 ], [ -68.632186022, -51.413530269, 0.0 ], [ -68.629041919, -51.418304839, 0.0 ], [ -68.623202869, -51.424763753, 0.0 ], [ -68.616465505, -51.431502512, 0.0 ], [ -68.60972814, -51.440766674, 0.0 ], [ -68.604338248, -51.450590236, 0.0 ], [ -68.598499198999903, -51.45956992, 0.0 ], [ -68.594007621999907, -51.469389416, 0.0 ], [ -68.589965204, -51.477804437, 0.0 ], [ -68.587719415, -51.481730911999897, 0.0 ], [ -68.583227839, -51.4915456149999, 0.0 ], [ -68.581880366, -51.4951905349999, 0.0 ], [ -68.579634578, -51.500797532, 0.0 ], [ -68.57738879, -51.505002325, 0.0 ], [ -68.572897213, -51.514531745999903, 0.0 ], [ -68.56975311, -51.524339349999899, 0.0 ], [ -68.566159849, -51.534144832, 0.0 ], [ -68.563914059999902, -51.544508317999899, 0.0 ], [ -68.563015745, -51.554309433, 0.0 ], [ -68.561668272, -51.564108426, 0.0 ], [ -68.561668272, -51.574465053, 0.0 ], [ -68.563015745, -51.584259679999903, 0.0 ], [ -68.563015745, -51.596010432, 0.0 ], [ -68.563015745, -51.605800390999903, 0.0 ], [ -68.563914059999902, -51.615028981, 0.0 ], [ -68.563914059999902, -51.618384364, 0.0 ], [ -68.563914059999902, -51.622578243, 0.0 ], [ -68.563914059999902, -51.632921477, 0.0 ], [ -68.565261533, -51.642703437, 0.0 ], [ -68.567507322, -51.653042059, 0.0 ], [ -68.56975311, -51.662819656, 0.0 ], [ -68.570651424999895, -51.666450794999903, 0.0 ], [ -68.571998897999904, -51.670360925, 0.0 ], [ -68.570651424999895, -51.671757317, 0.0 ], [ -68.568405637, -51.674549973, 0.0 ], [ -68.563015745, -51.683764509, 0.0 ], [ -68.5571766959999, -51.693535442, 0.0 ], [ -68.554930908, -51.698280559, 0.0 ], [ -68.554032591999899, -51.699676086999901, 0.0 ], [ -68.551786804, -51.7024670119999, 0.0 ], [ -68.550439331, -51.704420555999903, 0.0 ], [ -68.548193543, -51.708606437999897, 0.0 ], [ -68.547295227999896, -51.710001645, 0.0 ], [ -68.542803651, -51.715582041999902, 0.0 ], [ -68.537413759999893, -51.724509237999897, 0.0 ], [ -68.532922183, -51.732876874999903, 0.0 ], [ -68.52393903, -51.744867773, 0.0 ], [ -68.518099981, -51.752395307, 0.0 ], [ -68.512710088999896, -51.761315195999899, 0.0 ], [ -68.509116827999904, -51.766889227, 0.0 ], [ -68.505972724999907, -51.771905263, 0.0 ], [ -68.503726936, -51.774691708, 0.0 ], [ -68.4960912559999, -51.784164328, 0.0 ], [ -68.490252207, -51.793356429, 0.0 ], [ -68.484862315, -51.802268184, 0.0 ], [ -68.481269053999895, -51.808393988, 0.0 ], [ -68.478124951, -51.812570193999903, 0.0 ], [ -68.472285901, -51.821756476, 0.0 ], [ -68.470040113, -51.825096475, 0.0 ], [ -68.469141798, -51.827323003999901, 0.0 ], [ -68.463302749, -51.83622801, 0.0 ], [ -68.46105696, -51.839566931, 0.0 ], [ -68.459260329999907, -51.842349175, 0.0 ], [ -68.457014542, -51.846522217, 0.0 ], [ -68.45342128, -51.85069487, 0.0 ], [ -68.448929704, -51.855701541, 0.0 ], [ -68.446683916, -51.8584827829999, 0.0 ], [ -68.439048236, -51.867937712999897, 0.0 ], [ -68.436802448, -51.871552305, 0.0 ], [ -68.435454975, -51.872942455, 0.0 ], [ -68.434556659999899, -51.8743325619999, 0.0 ], [ -68.432310871, -51.877112645999901, 0.0 ], [ -68.42871761, -51.881282449, 0.0 ], [ -68.421980246, -51.887953324, 0.0 ], [ -68.414344566, -51.894901094, 0.0 ], [ -68.406708885999905, -51.903236993, 0.0 ], [ -68.399971520999898, -51.911571337999902, 0.0 ], [ -68.390988368, -51.919904128, 0.0 ], [ -68.382903531, -51.927402311, 0.0 ], [ -68.380657742, -51.929623752999902, 0.0 ], [ -68.376166166, -51.932955708, 0.0 ], [ -68.373920378, -51.9357321479999, 0.0 ], [ -68.373022063, -51.937120303, 0.0 ], [ -68.365386383, -51.945448327, 0.0 ], [ -68.361793120999906, -51.948779101999897, 0.0 ], [ -68.35640323, -51.955162392, 0.0 ], [ -68.355055756999903, -51.956549943, 0.0 ], [ -68.352809969, -51.958492441, 0.0 ], [ -68.349665865, -51.962099714, 0.0 ], [ -68.347420077, -51.964874341, 0.0 ], [ -68.341581028, -51.968758529, 0.0 ], [ -68.332597875, -51.977080649, 0.0 ], [ -68.324962195, -51.985401215, 0.0 ], [ -68.317326514999905, -51.994274774, 0.0 ], [ -68.310589149999899, -52.00259213, 0.0 ], [ -68.309241677, -52.003978205, 0.0 ], [ -68.301605997, -52.010353595, 0.0 ], [ -68.292622845, -52.018667948, 0.0 ], [ -68.288131268, -52.023932902999903, 0.0 ], [ -68.286783795, -52.025318313, 0.0 ], [ -68.284987165, -52.026703681, 0.0 ], [ -68.274656539, -52.034460942, 0.0 ], [ -68.263427598, -52.041939877999901, 0.0 ], [ -68.256690233, -52.047479019, 0.0 ], [ -68.243215504, -52.058555231999897, 0.0 ], [ -68.239173084999905, -52.063261786999902, 0.0 ], [ -68.236927297, -52.064645973, 0.0 ], [ -68.226596671, -52.072396617, 0.0 ], [ -68.21536773, -52.079869173, 0.0 ], [ -68.205486262, -52.088170536999897, 0.0 ], [ -68.196503108999906, -52.096470349999898, 0.0 ], [ -68.195604794, -52.097023615999902, 0.0 ], [ -68.194257321, -52.097853502, 0.0 ], [ -68.188867429, -52.101726095999901, 0.0 ], [ -68.179884275999896, -52.110023374, 0.0 ], [ -68.173146911999893, -52.117766101, 0.0 ], [ -68.168655335, -52.121913434, 0.0 ], [ -68.165062073999906, -52.125231022, 0.0 ], [ -68.160570498, -52.129930511999902, 0.0 ], [ -68.157426394, -52.133523904, 0.0 ], [ -68.147544926, -52.141815236, 0.0 ], [ -68.138561772999907, -52.150105015999898, 0.0 ], [ -68.130476936, -52.158945738999897, 0.0 ], [ -68.122841256, -52.167784696999902, 0.0 ], [ -68.120595468, -52.170546509, 0.0 ], [ -68.119247995, -52.171927351, 0.0 ], [ -68.116103891, -52.174688905, 0.0 ], [ -68.111612314999903, -52.179659268, 0.0 ], [ -68.109366527, -52.182972534, 0.0 ], [ -68.108468210999902, -52.183524721, 0.0 ], [ -68.103976635, -52.186285551, 0.0 ], [ -68.093646008999897, -52.194014959999897, 0.0 ], [ -68.082417068, -52.20146704, 0.0 ], [ -68.0725356, -52.2097456549999, 0.0 ], [ -68.063552446999907, -52.218022721, 0.0 ], [ -68.055916767, -52.2268498829999, 0.0 ], [ -68.04783193, -52.235675280999899, 0.0 ], [ -68.041094565, -52.244774626, 0.0 ], [ -68.0343572, -52.253596441999903, 0.0 ], [ -68.028967308999896, -52.263243286, 0.0 ], [ -68.027619836, -52.265999139, 0.0 ], [ -68.023577417, -52.274265667, 0.0 ], [ -68.019984156, -52.280326803, 0.0 ], [ -68.015492579, -52.289967802, 0.0 ], [ -68.0123484759999, -52.299606692999902, 0.0 ], [ -68.008755215, -52.309794086, 0.0 ], [ -68.006509427, -52.31942864, 0.0 ], [ -68.005611111, -52.329611449, 0.0 ], [ -68.004263637999898, -52.3392416679999, 0.0 ], [ -68.004263637999898, -52.349419892999897, 0.0 ], [ -68.005611111, -52.359870755, 0.0 ], [ -68.0078569, -52.369219421, 0.0 ], [ -68.010102688, -52.379665577, 0.0 ], [ -68.013246791, -52.38928484, 0.0 ], [ -68.017738368, -52.398627249999898, 0.0 ], [ -68.023577417, -52.408242361, 0.0 ], [ -68.028967308999896, -52.417855366, 0.0 ], [ -68.035704672999898, -52.426642555999898, 0.0 ], [ -68.042442037999905, -52.435702503, 0.0 ], [ -68.051425191, -52.444486118, 0.0 ], [ -68.059060871, -52.453267974, 0.0 ], [ -68.068942339, -52.461499365999899, 0.0 ], [ -68.079272965, -52.469180603, 0.0 ], [ -68.090501906, -52.476586234, 0.0 ], [ -68.101730846999899, -52.483990612999897, 0.0 ], [ -68.113858103, -52.490845403, 0.0 ], [ -68.125985359, -52.497150861, 0.0 ], [ -68.138561772999907, -52.503181319, 0.0 ], [ -68.152036503, -52.509210945999897, 0.0 ], [ -68.166409546999901, -52.514143658, 0.0 ], [ -68.180782592, -52.518801821, 0.0 ], [ -68.195604794, -52.523733450999899, 0.0 ], [ -68.210876153999905, -52.527020896, 0.0 ], [ -68.225698356, -52.531129854, 0.0 ], [ -68.241418873, -52.533868944999902, 0.0 ], [ -68.258037706, -52.536607864, 0.0 ], [ -68.273758223999906, -52.537977258999902, 0.0 ], [ -68.289029582999902, -52.539894341, 0.0 ], [ -68.306097574, -52.540715921, 0.0 ], [ -68.308343362, -52.540715921, 0.0 ], [ -68.312834939, -52.540715921, 0.0 ], [ -68.309241677, -52.543454411, 0.0 ], [ -68.300258524999904, -52.551668849999899, 0.0 ], [ -68.291275372, -52.560429215999903, 0.0 ], [ -68.283639692, -52.569187825, 0.0 ], [ -68.276902327, -52.578218299, 0.0 ], [ -68.267020859, -52.588888267, 0.0 ], [ -68.256690233, -52.6025638959999, 0.0 ], [ -68.251300342, -52.609400101999903, 0.0 ], [ -68.244562977, -52.618968987999899, 0.0 ], [ -68.239173084999905, -52.628535773, 0.0 ], [ -68.235579824, -52.634548105, 0.0 ], [ -68.234681509, -52.637280709, 0.0 ], [ -68.231088247999907, -52.642745401999903, 0.0 ], [ -68.227944143999906, -52.65012165, 0.0 ], [ -68.226596671, -52.651487484, 0.0 ], [ -68.2243508829999, -52.654219025, 0.0 ], [ -68.222105095, -52.656950394, 0.0 ], [ -68.218960991, -52.659681591, 0.0 ], [ -68.21536773, -52.662412617, 0.0 ], [ -68.205486262, -52.671150747999903, 0.0 ], [ -68.196503108999906, -52.679341151, 0.0 ], [ -68.194257321, -52.681524998, 0.0 ], [ -68.193359006, -52.682889846, 0.0 ], [ -68.182130065, -52.692988393, 0.0 ], [ -68.171799439, -52.702538913, 0.0 ], [ -68.166409546999901, -52.70717698, 0.0 ], [ -68.159672182999898, -52.713996764999898, 0.0 ], [ -68.156078921, -52.715906113, 0.0 ], [ -68.146197453, -52.724088083, 0.0 ], [ -68.1372143, -52.732268508999901, 0.0 ], [ -68.134070197, -52.735812881999898, 0.0 ], [ -68.125087043999898, -52.742355577999902, 0.0 ], [ -68.118349678999905, -52.747807071, 0.0 ], [ -68.106222423, -52.75816302, 0.0 ], [ -68.102629162, -52.760887859, 0.0 ], [ -68.098137586, -52.765519691, 0.0 ], [ -68.086010329, -52.774237091, 0.0 ], [ -68.073433915, -52.784586726, 0.0 ], [ -68.067145707999899, -52.789760615, 0.0 ], [ -68.058162555, -52.7979286569999, 0.0 ], [ -68.049179403, -52.806911721999903, 0.0 ], [ -68.041094565, -52.815620791999898, 0.0 ], [ -68.037950462, -52.819702564999901, 0.0 ], [ -68.035704672999898, -52.82160726, 0.0 ], [ -68.025374047999904, -52.829225204, 0.0 ], [ -68.016840052, -52.837385797, 0.0 ], [ -68.0078569, -52.846088731, 0.0 ], [ -68.004263637999898, -52.850167628999898, 0.0 ], [ -67.998873746999905, -52.8561493139999, 0.0 ], [ -67.990788908999903, -52.865120289999901, 0.0 ], [ -67.983153229, -52.873817639, 0.0 ], [ -67.976415865, -52.883328357, 0.0 ], [ -67.9696785, -52.892836979, 0.0 ], [ -67.964288607999904, -52.90207192, 0.0 ], [ -67.960695347, -52.910218755, 0.0 ], [ -67.957551243999902, -52.916463619, 0.0 ], [ -67.953957983, -52.924336288999903, 0.0 ], [ -67.9494664059999, -52.933835872, 0.0 ], [ -67.946322303, -52.9414340289999, 0.0 ], [ -67.94497483, -52.943333359, 0.0 ], [ -67.941830726, -52.951472396, 0.0 ], [ -67.936440833999896, -52.967745852, 0.0 ], [ -67.932847572999904, -52.976422512999903, 0.0 ], [ -67.929703469999893, -52.986452719999903, 0.0 ], [ -67.927457682, -52.994583602, 0.0 ], [ -67.926110208999901, -52.998648467, 0.0 ], [ -67.92386442, -53.007318891999901, 0.0 ], [ -67.92386442, -53.010028040999899, 0.0 ], [ -67.921618631999905, -53.014904079, 0.0 ], [ -67.920720317, -53.01761275, 0.0 ], [ -67.914881268, -53.027633346, 0.0 ], [ -67.912635479, -53.031695084, 0.0 ], [ -67.911737164, -53.033590429999897, 0.0 ], [ -67.908143902999896, -53.04035884, 0.0 ], [ -67.9049998, -53.046584832999898, 0.0 ], [ -67.900508223, -53.055245582999902, 0.0 ], [ -67.896914962, -53.061198832999899, 0.0 ], [ -67.889279282, -53.076889805, 0.0 ], [ -67.882541917, -53.090141494, 0.0 ], [ -67.880296129, -53.096360261, 0.0 ], [ -67.877152026, -53.10636247, 0.0 ], [ -67.874906237999895, -53.115821868, 0.0 ], [ -67.873558765, -53.125819529, 0.0 ], [ -67.872660449, -53.135814853999896, 0.0 ], [ -67.872660449, -53.139326170999901, 0.0 ], [ -67.871312976, -53.142026987, 0.0 ], [ -67.869067188, -53.146617982999899, 0.0 ], [ -67.862329824, -53.161467828, 0.0 ], [ -67.861431508, -53.162817558, 0.0 ], [ -67.8600840349999, -53.166866491999897, 0.0 ], [ -67.854694144, -53.178201465, 0.0 ], [ -67.852448355, -53.182788575, 0.0 ], [ -67.851550039999907, -53.184947044999902, 0.0 ], [ -67.850202566999897, -53.187644978, 0.0 ], [ -67.847058464, -53.195737755, 0.0 ], [ -67.841219414, -53.205177388, 0.0 ], [ -67.838075311, -53.215154157, 0.0 ], [ -67.835829523, -53.223241716, 0.0 ], [ -67.832236262, -53.224589492999897, 0.0 ], [ -67.826846369999899, -53.227284919999903, 0.0 ], [ -67.82100732, -53.230519207, 0.0 ], [ -67.820109004999907, -53.23132774, 0.0 ], [ -67.816515744, -53.234022740999897, 0.0 ], [ -67.814269956, -53.2351006929999, 0.0 ], [ -67.804388488, -53.240490047, 0.0 ], [ -67.793159547, -53.248033995999897, 0.0 ], [ -67.78103229, -53.255307253, 0.0 ], [ -67.770701664999905, -53.262579267, 0.0 ], [ -67.760820195999898, -53.270657827, 0.0 ], [ -67.751837044, -53.27954247, 0.0 ], [ -67.742853891, -53.288156111, 0.0 ], [ -67.735218211, -53.296768006, 0.0 ], [ -67.727133373, -53.30618527, 0.0 ], [ -67.721743482, -53.314793513, 0.0 ], [ -67.71635359, -53.325013537, 0.0 ], [ -67.710514541, -53.334424542, 0.0 ], [ -67.707370437, -53.3443710499999, 0.0 ], [ -67.703777176, -53.353777763, 0.0 ], [ -67.701531388, -53.363719736, 0.0 ], [ -67.700633072, -53.373659378, 0.0 ], [ -67.699285598999893, -53.383865232999902, 0.0 ], [ -67.699285598999893, -53.393800153, 0.0 ], [ -67.700633072, -53.403732741999903, 0.0 ], [ -67.702878861, -53.413931354999903, 0.0 ], [ -67.705124649, -53.423859223, 0.0 ], [ -67.706022963999899, -53.426542030999897, 0.0 ], [ -67.706022963999899, -53.427883371, 0.0 ], [ -67.707370437, -53.433784762999899, 0.0 ], [ -67.708268752, -53.437271560999903, 0.0 ], [ -67.710514541, -53.4471939539999, 0.0 ], [ -67.712760328999906, -53.45255644, 0.0 ], [ -67.712760328999906, -53.453896954999898, 0.0 ], [ -67.708268752, -53.462475245999897, 0.0 ], [ -67.707370437, -53.465959679, 0.0 ], [ -67.705124649, -53.468371810999898, 0.0 ], [ -67.703777176, -53.469711823999901, 0.0 ], [ -67.701531388, -53.473195661, 0.0 ], [ -67.698387284, -53.476411255, 0.0 ], [ -67.693895708, -53.480430403, 0.0 ], [ -67.69164992, -53.482573792, 0.0 ], [ -67.682666766999901, -53.489806928, 0.0 ], [ -67.680420978, -53.491949841, 0.0 ], [ -67.673683614, -53.497842292, 0.0 ], [ -67.67053951, -53.500520406, 0.0 ], [ -67.669192037, -53.501056009, 0.0 ], [ -67.655717308, -53.50641166, 0.0 ], [ -67.641344263999898, -53.512569819, 0.0 ], [ -67.629217007, -53.51926245, 0.0 ], [ -67.615742278, -53.5256863769999, 0.0 ], [ -67.606759124999897, -53.531038902, 0.0 ], [ -67.603165863999905, -53.532376927, 0.0 ], [ -67.591038608, -53.5398690809999, 0.0 ], [ -67.584301243, -53.543882187999898, 0.0 ], [ -67.583402927999899, -53.545219804999903, 0.0 ], [ -67.582055455, -53.54575484, 0.0 ], [ -67.568580725999894, -53.552442203999902, 0.0 ], [ -67.566334937, -53.553779549, 0.0 ], [ -67.564089149, -53.554314475999902, 0.0 ], [ -67.551961892999898, -53.558326205999897, 0.0 ], [ -67.536241375, -53.563674585999898, 0.0 ], [ -67.522766646, -53.5690222859999, 0.0 ], [ -67.508393602, -53.574903971, 0.0 ], [ -67.496266345, -53.581586707, 0.0 ], [ -67.491774769, -53.583724957999898, 0.0 ], [ -67.45718963, -53.598956852, 0.0 ], [ -67.448206478, -53.600827056, 0.0 ], [ -67.43248596, -53.604834353999898, 0.0 ], [ -67.417663757999904, -53.609642607, 0.0 ], [ -67.415867127, -53.610176824, 0.0 ], [ -67.402392398, -53.614984466, 0.0 ], [ -67.401044925, -53.615518615, 0.0 ], [ -67.40014661, -53.615518615, 0.0 ], [ -67.385324408, -53.620325646, 0.0 ], [ -67.370053048, -53.625399138, 0.0 ], [ -67.356578318999894, -53.630738994, 0.0 ], [ -67.3417561159999, -53.636878989, 0.0 ], [ -67.32962886, -53.643551879, 0.0 ], [ -67.316154131, -53.649956855, 0.0 ], [ -67.304026874, -53.657428091, 0.0 ], [ -67.292797933, -53.664631239, 0.0 ], [ -67.282916465, -53.672099863, 0.0 ], [ -67.271687524, -53.680633804, 0.0 ], [ -67.262704371, -53.688632797, 0.0 ], [ -67.259111109999907, -53.690499009, 0.0 ], [ -67.252373745999904, -53.694497755, 0.0 ], [ -67.241593962, -53.701694535999899, 0.0 ], [ -67.234856598, -53.705692213, 0.0 ], [ -67.228119233, -53.709689509, 0.0 ], [ -67.217788607, -53.717682957, 0.0 ], [ -67.207907139, -53.7256748779999, 0.0 ], [ -67.198025671, -53.734197912, 0.0 ], [ -67.189042518, -53.742985473, 0.0 ], [ -67.180957680999896, -53.751504981, 0.0 ], [ -67.174220315999904, -53.760821205999903, 0.0 ], [ -67.167482951, -53.770135355, 0.0 ], [ -67.16209306, -53.779181397999899, 0.0 ], [ -67.156703168, -53.789289363, 0.0 ], [ -67.154457379999897, -53.796469852, 0.0 ], [ -67.152211591, -53.799926684, 0.0 ], [ -67.14861833, -53.804978462, 0.0 ], [ -67.145474227, -53.815080183, 0.0 ], [ -67.145474227, -53.816409174999897, 0.0 ], [ -67.145474227, -53.817738124, 0.0 ], [ -67.139635176999903, -53.82092743, 0.0 ], [ -67.137389389, -53.822256236, 0.0 ], [ -67.12391466, -53.828899627999903, 0.0 ], [ -67.111787404, -53.835541962, 0.0 ], [ -67.099660147, -53.8427144939999, 0.0 ], [ -67.087083733, -53.850151372, 0.0 ], [ -67.077202265, -53.857852453, 0.0 ], [ -67.067320797, -53.865817590999903, 0.0 ], [ -67.056990170999896, -53.874577482999896, 0.0 ], [ -67.048007018, -53.883070163, 0.0 ], [ -67.040371338999904, -53.891561110999902, 0.0 ], [ -67.033633973999898, -53.900846101, 0.0 ], [ -67.026896608999905, -53.910129018, 0.0 ], [ -67.021506718, -53.919409862999899, 0.0 ], [ -67.019260929, -53.92259139, 0.0 ], [ -67.015667667999907, -53.929218788, 0.0 ], [ -67.01342188, -53.930014005, 0.0 ], [ -67.008031988, -53.931869451999901, 0.0 ], [ -66.993209786, -53.936375191, 0.0 ], [ -66.988718209999902, -53.937700316, 0.0 ], [ -66.980184215, -53.940350437999903, 0.0 ], [ -66.966709485, -53.943000390999899, 0.0 ], [ -66.950988967999905, -53.946445078, 0.0 ], [ -66.93526845, -53.950949236, 0.0 ], [ -66.9208954059999, -53.955717813, 0.0 ], [ -66.905174888, -53.960220965, 0.0 ], [ -66.891700159, -53.966047848999899, 0.0 ], [ -66.877327114, -53.972138716, 0.0 ], [ -66.866996489, -53.976110538999897, 0.0 ], [ -66.847233552, -53.983788317999903, 0.0 ], [ -66.840496188, -53.9859060759999, 0.0 ], [ -66.82477567, -53.990405951999897, 0.0 ], [ -66.811300941, -53.996493242, 0.0 ], [ -66.796927896999904, -54.002315031, 0.0 ], [ -66.783453166999905, -54.008400572, 0.0 ], [ -66.773122542, -54.012104377, 0.0 ], [ -66.760096969999907, -54.017394952, 0.0 ], [ -66.746622241, -54.023478278, 0.0 ], [ -66.733147511, -54.029296275, 0.0 ], [ -66.724164359, -54.034584654, 0.0 ], [ -66.712935417, -54.041194177, 0.0 ], [ -66.6972149, -54.04568805, 0.0 ], [ -66.681494383, -54.050445736, 0.0 ], [ -66.667121338, -54.054938604, 0.0 ], [ -66.66487555, -54.055731411999901, 0.0 ], [ -66.655892396999903, -54.057581238999902, 0.0 ], [ -66.6460109289999, -54.059695226, 0.0 ], [ -66.633883672, -54.0628660039999, 0.0 ], [ -66.597951060999904, -54.073433505, 0.0 ], [ -66.588967908, -54.076074959, 0.0 ], [ -66.574594863999906, -54.080565041999897, 0.0 ], [ -66.559772661999901, -54.086375013999898, 0.0 ], [ -66.546747089999897, -54.092448201, 0.0 ], [ -66.533272360999902, -54.098256501, 0.0 ], [ -66.503178799, -54.113301479, 0.0 ], [ -66.497339748999906, -54.117259772, 0.0 ], [ -66.496441434, -54.118051384999902, 0.0 ], [ -66.486110808, -54.122536904999897, 0.0 ], [ -66.472636079, -54.128604775, 0.0 ], [ -66.459610507, -54.135726786, 0.0 ], [ -66.447034093, -54.142320145, 0.0 ], [ -66.435805151999901, -54.150230783, 0.0 ], [ -66.424576211, -54.158139902999899, 0.0 ], [ -66.414694743, -54.165783943, 0.0 ], [ -66.404813275, -54.174480608, 0.0 ], [ -66.396728437, -54.182911982999897, 0.0 ], [ -66.387745284999895, -54.191341630999901, 0.0 ], [ -66.381007919999902, -54.200559582, 0.0 ], [ -66.374719712999905, -54.209775468, 0.0 ], [ -66.368880664, -54.219515730999902, 0.0 ], [ -66.364389086999907, -54.228727369, 0.0 ], [ -66.362143299, -54.233463978, 0.0 ], [ -66.358999196, -54.234779606, 0.0 ], [ -66.350016043, -54.237936942, 0.0 ], [ -66.336541312999898, -54.24372476, 0.0 ], [ -66.323066583999903, -54.250300836, 0.0 ], [ -66.310939328, -54.256875858999898, 0.0 ], [ -66.298362913999895, -54.2639757009999, 0.0 ], [ -66.286235658, -54.271337202, 0.0 ], [ -66.275006716, -54.2792230599999, 0.0 ], [ -66.265125247999904, -54.287107401999897, 0.0 ], [ -66.256142096, -54.295515697, 0.0 ], [ -66.249404731, -54.301295398, 0.0 ], [ -66.247158943, -54.303922266, 0.0 ], [ -66.244014839, -54.304710294, 0.0 ], [ -66.232785898, -54.3078622519999, 0.0 ], [ -66.217963696, -54.312589735, 0.0 ], [ -66.215717908, -54.313114976999898, 0.0 ], [ -66.202243177999904, -54.317054078999902, 0.0 ], [ -66.189217606999904, -54.319679936999897, 0.0 ], [ -66.172149616, -54.323618408, 0.0 ], [ -66.156878257, -54.3275565, 0.0 ], [ -66.141157738999894, -54.332019213, 0.0 ], [ -66.117352384, -54.339893402, 0.0 ], [ -66.102979339999905, -54.34514202, 0.0 ], [ -66.097589448, -54.346978877, 0.0 ], [ -66.080521457, -54.350389963999902, 0.0 ], [ -66.063902625, -54.354325480999897, 0.0 ], [ -66.048182106999903, -54.358260619, 0.0 ], [ -66.033809063, -54.362719985, 0.0 ], [ -66.018088545, -54.367965673999898, 0.0 ], [ -66.003715501, -54.373210690999898, 0.0 ], [ -66.000122239999897, -54.3745218399999, 0.0 ], [ -65.99248656, -54.376357378, 0.0 ], [ -65.975867727, -54.380290396, 0.0 ], [ -65.967782889, -54.382387851, 0.0 ], [ -65.957901421, -54.384223036, 0.0 ], [ -65.947570794999905, -54.386844584999899, 0.0 ], [ -65.945325007, -54.387631016999897, 0.0 ], [ -65.941282588, -54.388155297, 0.0 ], [ -65.924214597999907, -54.391300832999903, 0.0 ], [ -65.907595764999897, -54.395232413, 0.0 ], [ -65.891875248, -54.399163615, 0.0 ], [ -65.877502202999906, -54.403880557, 0.0 ], [ -65.862680000999902, -54.408334946, 0.0 ], [ -65.858188425, -54.409644968, 0.0 ], [ -65.847408641, -54.412264885999903, 0.0 ], [ -65.831688124, -54.416194447999899, 0.0 ], [ -65.820459183, -54.420123631, 0.0 ], [ -65.813721818, -54.422742877, 0.0 ], [ -65.808331925999894, -54.4232667059999, 0.0 ], [ -65.791263936, -54.426671429999899, 0.0 ], [ -65.774645103, -54.430599604, 0.0 ], [ -65.758924586, -54.434527401, 0.0 ], [ -65.744551541, -54.438978446, 0.0 ], [ -65.728831024, -54.444214347999903, 0.0 ], [ -65.716703767, -54.448664334999897, 0.0 ], [ -65.712212190999907, -54.448664334999897, 0.0 ], [ -65.707720615, -54.448664334999897, 0.0 ], [ -65.701881565, -54.448140833, 0.0 ], [ -65.695144200999906, -54.447355565999899, 0.0 ], [ -65.683016944, -54.444214347999903, 0.0 ], [ -65.666398111, -54.440287484, 0.0 ], [ -65.649330120999906, -54.437145721, 0.0 ], [ -65.634058760999906, -54.434527401, 0.0 ], [ -65.616990771, -54.431908912, 0.0 ], [ -65.599024465, -54.429814, 0.0 ], [ -65.582405632, -54.429290255, 0.0 ], [ -65.564439326999903, -54.427980863, 0.0 ], [ -65.549167967, -54.427980863, 0.0 ], [ -65.529854187999902, -54.427980863, 0.0 ], [ -65.513235355999896, -54.427980863, 0.0 ], [ -65.496616522999901, -54.427980863, 0.0 ], [ -65.478650216999895, -54.429290255, 0.0 ], [ -65.4620313839999, -54.429814, 0.0 ], [ -65.444065079, -54.431908912, 0.0 ], [ -65.439573502, -54.432432623, 0.0 ], [ -65.438226029, -54.432432623, 0.0 ], [ -65.423852984999897, -54.431908912, 0.0 ], [ -65.405886678999906, -54.430599604, 0.0 ], [ -65.390166162, -54.430599604, 0.0 ], [ -65.389267845999896, -54.430599604, 0.0 ], [ -65.383428797, -54.430599604, 0.0 ], [ -65.378038905, -54.429290255, 0.0 ], [ -65.361420073, -54.425361954, 0.0 ], [ -65.344352081999901, -54.421957120999899, 0.0 ], [ -65.329080722, -54.419337825, 0.0 ], [ -65.312012732, -54.416718360999901, 0.0 ], [ -65.294046426, -54.414884636, 0.0 ], [ -65.277427593, -54.4143607, 0.0 ], [ -65.259461288, -54.413050829, 0.0 ], [ -65.242842455, -54.413050829, 0.0 ], [ -65.226223622, -54.413050829, 0.0 ], [ -65.208257316999905, -54.4143607, 0.0 ], [ -65.191638484, -54.414884636, 0.0 ], [ -65.173672177999904, -54.416718360999901, 0.0 ], [ -65.157053345, -54.419337825, 0.0 ], [ -65.141332828, -54.421957120999899, 0.0 ], [ -65.130103887, -54.424052436999901, 0.0 ], [ -65.124264838, -54.425361954, 0.0 ], [ -65.114383368999896, -54.427195207999901, 0.0 ], [ -65.097764536999904, -54.431123332, 0.0 ], [ -65.082044019, -54.435051078, 0.0 ], [ -65.067670974999899, -54.439763873999901, 0.0 ], [ -65.051950457, -54.444737900999897, 0.0 ], [ -65.041619830999906, -54.448140833, 0.0 ], [ -65.029492574999907, -54.452066939, 0.0 ], [ -65.018263633999894, -54.453898992999903, 0.0 ], [ -65.001644800999898, -54.45730116, 0.0 ], [ -64.985025967999903, -54.461226385, 0.0 ], [ -64.969305451, -54.465151230999901, 0.0 ], [ -64.954483249, -54.469598933, 0.0 ], [ -64.939211889, -54.474830902, 0.0 ], [ -64.924389687, -54.480062199, 0.0 ], [ -64.910914958, -54.485815848999898, 0.0 ], [ -64.897889386, -54.4923531009999, 0.0 ], [ -64.884414657, -54.498889302999899, 0.0 ], [ -64.871838243, -54.505947222, 0.0 ], [ -64.860609301999901, -54.513787917999899, 0.0 ], [ -64.849829518, -54.521627103, 0.0 ], [ -64.839498891999895, -54.529464775999898, 0.0 ], [ -64.829617423999906, -54.537823295, 0.0 ], [ -64.820634271, -54.546180094, 0.0 ], [ -64.812998592, -54.555318375, 0.0 ], [ -64.804913754, -54.5644546, 0.0 ], [ -64.798176388999906, -54.573588769, 0.0 ], [ -64.795032286, -54.578807371, 0.0 ], [ -64.793684813, -54.578024624, 0.0 ], [ -64.771226930999902, -54.569674377, 0.0 ], [ -64.747870733, -54.560539327, 0.0 ], [ -64.744726629999903, -54.559234151999902, 0.0 ], [ -64.729904427999898, -54.553490884, 0.0 ], [ -64.715531383, -54.548269025, 0.0 ], [ -64.699810866, -54.543568778999898, 0.0 ], [ -64.684090348, -54.539912656, 0.0 ], [ -64.667471516, -54.535995015, 0.0 ], [ -64.651750998, -54.532599422, 0.0 ], [ -64.635132165, -54.529987233, 0.0 ], [ -64.618513333, -54.5273748769999, 0.0 ], [ -64.612674282999905, -54.526852386, 0.0 ], [ -64.607284391999897, -54.526068635999899, 0.0 ], [ -64.599199553999895, -54.524762353, 0.0 ], [ -64.550241371, -54.519014209, 0.0 ], [ -64.515656233, -54.515094554, 0.0 ], [ -64.490054246999904, -54.511958557999897, 0.0 ], [ -64.481969409, -54.511174521, 0.0 ], [ -64.469842152999902, -54.505424455, 0.0 ], [ -64.455469109, -54.499412154, 0.0 ], [ -64.440646906, -54.493660426, 0.0 ], [ -64.426273862, -54.488430875999903, 0.0 ], [ -64.410553343999894, -54.483985231, 0.0 ], [ -64.394832827, -54.480062199, 0.0 ], [ -64.378213994, -54.476138788999897, 0.0 ], [ -64.362493477, -54.472738195, 0.0 ], [ -64.345874643999906, -54.47012216, 0.0 ], [ -64.329255810999896, -54.467505957999897, 0.0 ], [ -64.323416762, -54.466982696999899, 0.0 ], [ -64.31802687, -54.466459428999897, 0.0 ], [ -64.309942032, -54.465151230999901, 0.0 ], [ -64.294221514999904, -54.462534709, 0.0 ], [ -64.279848469999905, -54.459918019, 0.0 ], [ -64.265475426, -54.45651607, 0.0 ], [ -64.2497549079999, -54.453375557999898, 0.0 ], [ -64.233136075999894, -54.450758279, 0.0 ], [ -64.216068085, -54.448140833, 0.0 ], [ -64.198550936999894, -54.446832045999898, 0.0 ], [ -64.181482946999907, -54.445523217999899, 0.0 ], [ -64.164864114, -54.444214347999903, 0.0 ], [ -64.153635172999898, -54.443429005, 0.0 ], [ -64.135668866999893, -54.443429005, 0.0 ], [ -64.118151719, -54.443429005, 0.0 ], [ -64.101083729, -54.444737900999897, 0.0 ], [ -64.084464896, -54.446046754, 0.0 ], [ -64.06649859, -54.447355565999899, 0.0 ], [ -64.049879758, -54.449973063, 0.0 ], [ -64.032811766999899, -54.452590391999898, 0.0 ], [ -64.017540407, -54.455992668, 0.0 ], [ -64.000472417, -54.459918019, 0.0 ], [ -63.985201057, -54.463842991, 0.0 ], [ -63.976217904, -54.466459428999897, 0.0 ], [ -63.968133066999897, -54.468290835999902, 0.0 ], [ -63.952412549, -54.472215002, 0.0 ], [ -63.928158036999903, -54.478754438, 0.0 ], [ -63.904352682, -54.485292823999899, 0.0 ], [ -63.880098169, -54.4923531009999, 0.0 ], [ -63.869767543, -54.494967707999898, 0.0 ], [ -63.854496183, -54.499412154, 0.0 ], [ -63.848657134, -54.501503489999898, 0.0 ], [ -63.830690827999902, -54.506731359999897, 0.0 ], [ -63.8172160989999, -54.510651821, 0.0 ], [ -63.81317368, -54.510651821, 0.0 ], [ -63.811826207, -54.510651821, 0.0 ], [ -63.810927891999903, -54.510651821, 0.0 ], [ -63.795207375, -54.510651821, 0.0 ], [ -63.778139384, -54.511958557999897, 0.0 ], [ -63.761520552, -54.513265251999897, 0.0 ], [ -63.743554246, -54.514571905, 0.0 ], [ -63.726935413, -54.516923773, 0.0 ], [ -63.71031658, -54.519536801, 0.0 ], [ -63.694596062999899, -54.5229334859999, 0.0 ], [ -63.67797723, -54.526852386, 0.0 ], [ -63.662256713, -54.530770908, 0.0 ], [ -63.646536195, -54.535211441999898, 0.0 ], [ -63.632163151, -54.540434978999897, 0.0 ], [ -63.617340947999899, -54.546180094, 0.0 ], [ -63.602967904, -54.552185482, 0.0 ], [ -63.589493175, -54.5579289349999, 0.0 ], [ -63.576018444999903, -54.565237609999897, 0.0 ], [ -63.563891188999897, -54.572284013999898, 0.0 ], [ -63.552662247999898, -54.579329194, 0.0 ], [ -63.541433307, -54.587155738, 0.0 ], [ -63.539187518999903, -54.589242560999899, 0.0 ], [ -63.525712789, -54.600718169999901, 0.0 ], [ -63.51044143, -54.61453675, 0.0 ], [ -63.506848168, -54.6171435, 0.0 ], [ -63.497865015999899, -54.626005198, 0.0 ], [ -63.490229336, -54.634604404, 0.0 ], [ -63.482144498, -54.644243767, 0.0 ], [ -63.475407134, -54.653359969, 0.0 ], [ -63.470017242, -54.662994865, 0.0 ], [ -63.465525665, -54.672106842999902, 0.0 ], [ -63.461034089, -54.6817372739999, 0.0 ], [ -63.457889985, -54.692145968, 0.0 ], [ -63.455644197, -54.701771623999903, 0.0 ], [ -63.454296724, -54.712175158, 0.0 ], [ -63.453398409, -54.721796040999898, 0.0 ], [ -63.453398409, -54.732194415, 0.0 ], [ -63.454296724, -54.742070388999899, 0.0 ], [ -63.454296724, -54.743369679, 0.0 ], [ -63.457889985, -54.768567624999903, 0.0 ], [ -63.460135774, -54.778694318, 0.0 ], [ -63.462381562, -54.788558903, 0.0 ], [ -63.466873138, -54.798161571, 0.0 ], [ -63.470915557, -54.807761948999897, 0.0 ], [ -63.476754606, -54.8176194119999, 0.0 ], [ -63.482144498, -54.8264372, 0.0 ], [ -63.488881863, -54.836290086, 0.0 ], [ -63.4969667, -54.844585379, 0.0 ], [ -63.505949852999898, -54.853656396, 0.0 ], [ -63.514483847999898, -54.861948104, 0.0 ], [ -63.524814474, -54.8702381, 0.0 ], [ -63.536043414999902, -54.878008416999897, 0.0 ], [ -63.536043414999902, -54.878785365999903, 0.0 ], [ -63.545924882999898, -54.887071884, 0.0 ], [ -63.557153824, -54.894838940999897, 0.0 ], [ -63.560297928, -54.897427626, 0.0 ], [ -63.568382765, -54.903898606, 0.0 ], [ -63.572874342, -54.9077806929999, 0.0 ], [ -63.584103282999898, -54.915543739, 0.0 ], [ -63.595332223999897, -54.923046586999902, 0.0 ], [ -63.607459479999903, -54.930289382999902, 0.0 ], [ -63.619586737, -54.936755058, 0.0 ], [ -63.633061466, -54.943736815, 0.0 ], [ -63.646536195, -54.949424753999899, 0.0 ], [ -63.64743451, -54.950200319, 0.0 ], [ -63.66090924, -54.955370371, 0.0 ], [ -63.675731442, -54.960539754, 0.0 ], [ -63.691002802, -54.964933205, 0.0 ], [ -63.706723318999899, -54.969326173, 0.0 ], [ -63.722443837, -54.973201920999898, 0.0 ], [ -63.735918566, -54.976560597999899, 0.0 ], [ -63.75029161, -54.979660666, 0.0 ], [ -63.77140202, -54.98482691, 0.0 ], [ -63.787122537, -54.988184611, 0.0 ], [ -63.806436316, -54.993349754, 0.0 ], [ -63.83428409, -55.000838025, 0.0 ], [ -63.859886075, -55.008583035, 0.0 ], [ -63.869767543, -55.012454976, 0.0 ], [ -63.885488060999897, -55.017100811, 0.0 ], [ -63.89132711, -55.018391225, 0.0 ], [ -63.907945943, -55.023294415999899, 0.0 ], [ -63.924564776, -55.029229051999899, 0.0 ], [ -63.947920973, -55.035678742999899, 0.0 ], [ -63.976217904, -55.044448648999897, 0.0 ], [ -63.999574101999897, -55.051669476, 0.0 ], [ -64.015294619, -55.056052912, 0.0 ], [ -64.031015136999898, -55.060693672, 0.0 ], [ -64.046286497, -55.064560559, 0.0 ], [ -64.063354487, -55.068427071, 0.0 ], [ -64.078625847, -55.070746798, 0.0 ], [ -64.095693836999899, -55.073324113999902, 0.0 ], [ -64.113660142999905, -55.075385846, 0.0 ], [ -64.1302789759999, -55.077189775, 0.0 ], [ -64.148245281, -55.0779628619999, 0.0 ], [ -64.155880961, -55.0779628619999, 0.0 ], [ -64.189567784, -55.081055061, 0.0 ], [ -64.246610804999904, -55.085950552, 0.0 ], [ -64.263229638, -55.087496371, 0.0 ], [ -64.320272658, -55.0929062659999, 0.0 ], [ -64.346772959, -55.095739728, 0.0 ], [ -64.403815979999905, -55.099603213, 0.0 ], [ -64.43615533, -55.102178662, 0.0 ], [ -64.493198349999901, -55.107071555999902, 0.0 ], [ -64.502181503, -55.108101561999902, 0.0 ], [ -64.542605690999906, -55.11119142, 0.0 ], [ -64.573597568, -55.114538496, 0.0 ], [ -64.608182707, -55.115825758, 0.0 ], [ -64.658488362999904, -55.115053406, 0.0 ], [ -64.676454668, -55.115053406, 0.0 ], [ -64.683192033, -55.115053406, 0.0 ], [ -64.699810866, -55.115825758, 0.0 ], [ -64.717777171, -55.115825758, 0.0 ], [ -64.734396004, -55.115053406, 0.0 ], [ -64.75236231, -55.114538496, 0.0 ], [ -64.7694303, -55.11247879, 0.0 ], [ -64.786947448, -55.11067646, 0.0 ], [ -64.804015439, -55.108101561999902, 0.0 ], [ -64.819286798999897, -55.105526496, 0.0 ], [ -64.836354789, -55.101663586, 0.0 ], [ -64.852075306, -55.0978003, 0.0 ], [ -64.867346665999904, -55.093421456, 0.0 ], [ -64.883067184, -55.088784507999897, 0.0 ], [ -64.897889386, -55.08363171, 0.0 ], [ -64.912262429999899, -55.0779628619999, 0.0 ], [ -64.926635475, -55.07152001, 0.0 ], [ -64.939211889, -55.065076115999901, 0.0 ], [ -64.952237461, -55.058631179, 0.0 ], [ -64.964813874999905, -55.050895878999903, 0.0 ], [ -64.976042816, -55.043932825, 0.0 ], [ -64.985924284, -55.035678742999899, 0.0 ], [ -64.995805752, -55.0279389889999, 0.0 ], [ -65.006136378, -55.018907377999902, 0.0 ], [ -65.009280481, -55.016326542999899, 0.0 ], [ -65.015119531, -55.020713864, 0.0 ], [ -65.020509422, -55.025358737, 0.0 ], [ -65.03039089, -55.034388888, 0.0 ], [ -65.040721516, -55.042127391, 0.0 ], [ -65.050602984, -55.050380139, 0.0 ], [ -65.061831925, -55.057342065999897, 0.0 ], [ -65.073959182, -55.065076115999901, 0.0 ], [ -65.087433910999906, -55.07152001, 0.0 ], [ -65.100010325, -55.0779628619999, 0.0 ], [ -65.114383368999896, -55.084404671999899, 0.0 ], [ -65.128756414, -55.090072603, 0.0 ], [ -65.143578616, -55.0952245679999, 0.0 ], [ -65.153010927, -55.0978003, 0.0 ], [ -65.197926691, -55.110161494, 0.0 ], [ -65.207359001, -55.113508657, 0.0 ], [ -65.222630361, -55.118142723999902, 0.0 ], [ -65.238350878999896, -55.122518848, 0.0 ], [ -65.254520554, -55.126637113, 0.0 ], [ -65.270690229, -55.129982889, 0.0 ], [ -65.287309062, -55.133071048, 0.0 ], [ -65.304377051999893, -55.135387009999903, 0.0 ], [ -65.321445041999894, -55.137445528999898, 0.0 ], [ -65.33896219, -55.138989347999903, 0.0 ], [ -65.356479338, -55.140018528, 0.0 ], [ -65.3739964869999, -55.1405331079999, 0.0 ], [ -65.391064477, -55.1405331079999, 0.0 ], [ -65.408581625, -55.140018528, 0.0 ], [ -65.422056353999906, -55.139246645999897, 0.0 ], [ -65.438226029, -55.138217445999899, 0.0 ], [ -65.450802443, -55.141819528, 0.0 ], [ -65.466972117999902, -55.145935794, 0.0 ], [ -65.483141793999906, -55.149279944999897, 0.0 ], [ -65.499760626, -55.152366604999898, 0.0 ], [ -65.516828617, -55.154681442, 0.0 ], [ -65.533896607, -55.156738962, 0.0 ], [ -65.548718809, -55.158024858, 0.0 ], [ -65.559498592999901, -55.161625144, 0.0 ], [ -65.562642696, -55.162653737, 0.0 ], [ -65.578812371, -55.166767843999899, 0.0 ], [ -65.594982046, -55.170110242, 0.0 ], [ -65.611600879, -55.173195283, 0.0 ], [ -65.62866887, -55.175508905999898, 0.0 ], [ -65.6457368599999, -55.177565345999902, 0.0 ], [ -65.663254008, -55.179107606999899, 0.0 ], [ -65.680771155999906, -55.180135747, 0.0 ], [ -65.698288304, -55.180649807, 0.0 ], [ -65.715356293999903, -55.180649807, 0.0 ], [ -65.732873443, -55.180135747, 0.0 ], [ -65.750390591, -55.179107606999899, 0.0 ], [ -65.767907739, -55.177565345999902, 0.0 ], [ -65.778687522, -55.176280082999902, 0.0 ], [ -65.802942034999901, -55.173452359, 0.0 ], [ -65.817764236999906, -55.174223576, 0.0 ], [ -65.835281385, -55.174737713, 0.0 ], [ -65.852349375, -55.174737713, 0.0 ], [ -65.869866523, -55.174223576, 0.0 ], [ -65.881544622, -55.173452359, 0.0 ], [ -65.910739868999897, -55.171652792, 0.0 ], [ -65.911638184, -55.171652792, 0.0 ], [ -65.929155331999894, -55.173195283, 0.0 ], [ -65.94667248, -55.174223576, 0.0 ], [ -65.964189628, -55.174737713, 0.0 ], [ -65.965087943, -55.174737713, 0.0 ], [ -65.983952563999907, -55.179364644, 0.0 ], [ -65.990240770999904, -55.180906835, 0.0 ], [ -66.006410447, -55.184248042, 0.0 ], [ -66.023029279, -55.187331984, 0.0 ], [ -66.040097269999904, -55.189644782999899, 0.0 ], [ -66.05716526, -55.191700490999899, 0.0 ], [ -66.062533609, -55.192242455, 0.0 ] ] ] } }
]
}
