"Buque";"Matricula";"Fecha";"Latitud";"Longitud";"Velocidad";"Rumbo"
"CAPESANTE";"02929";"2025-10-29 00:08:00";"-54,8103";"-68,29705";"0,1";"0"
"CAPESANTE";"02929";"2025-10-29 00:23:00";"-54,81035";"-68,2970666667";"0,0";"0"
"CAPESANTE";"02929";"2025-10-29 00:37:00";"-54,8104333333";"-68,2969333333";"0,0";"0"
"CAPESANTE";"02929";"2025-10-29 00:38:00";"-54,8104333333";"-68,2972";"0,1";"0"
"CAPESANTE";"02929";"2025-10-29 00:53:00";"-54,81035";"-68,2971333333";"0,0";"0"
"CAPESANTE";"02929";"2025-10-29 01:08:00";"-54,8103";"-68,2972";"0,0";"347"
"CAPESANTE";"02929";"2025-10-29 01:23:00";"-54,8103333333";"-68,2971";"0,2";"0"
"CAPESANTE";"02929";"2025-10-29 01:37:00";"-54,8103833333";"-68,2970833333";"0,0";"0"
"CAPESANTE";"02929";"2025-10-29 01:38:00";"-54,8102833333";"-68,2971";"0,1";"0"
"CAPESANTE";"02929";"2025-10-29 01:53:00";"-54,8104166667";"-68,2971";"0,0";"0"
"CAPESANTE";"02929";"2025-10-29 02:08:00";"-54,81025";"-68,2970666667";"0,0";"0"
"CAPESANTE";"02929";"2025-10-29 02:23:00";"-54,8103166667";"-68,2970833333";"0,2";"0"
"CAPESANTE";"02929";"2025-10-29 02:37:00";"-54,8103";"-68,2971333333";"0,0";"0"
"CAPESANTE";"02929";"2025-10-29 02:38:00";"-54,8104";"-68,29715";"0,0";"0"
"CAPESANTE";"02929";"2025-10-29 03:08:00";"-54,80975";"-68,2975666667";"0,0";"227"
"CAPESANTE";"02929";"2025-10-29 03:37:00";"-54,8103833333";"-68,2970833333";"0,0";"0"
"CAPESANTE";"02929";"2025-10-29 03:38:00";"-54,81035";"-68,2971333333";"0,0";"148"
"CAPESANTE";"02929";"2025-10-29 03:53:00";"-54,8103833333";"-68,2971333333";"0,0";"74"
"CAPESANTE";"02929";"2025-10-29 04:08:00";"-54,81035";"-68,2969666667";"0,1";"0"
"CAPESANTE";"02929";"2025-10-29 04:23:00";"-54,8102333333";"-68,2969333333";"0,0";"0"
"CAPESANTE";"02929";"2025-10-29 04:37:00";"-54,8104333333";"-68,2971333333";"0,0";"0"
"CAPESANTE";"02929";"2025-10-29 04:38:00";"-54,8102333333";"-68,2969666667";"0,1";"202"
"CAPESANTE";"02929";"2025-10-29 04:53:00";"-54,8102166667";"-68,2969666667";"0,3";"180"
"CAPESANTE";"02929";"2025-10-29 05:08:00";"-54,8102666667";"-68,2969333333";"0,1";"0"
"CAPESANTE";"02929";"2025-10-29 05:23:00";"-54,8103833333";"-68,297";"0,3";"277"
"CAPESANTE";"02929";"2025-10-29 05:37:00";"-54,8103833333";"-68,2971";"0,0";"0"
"CAPESANTE";"02929";"2025-10-29 05:38:00";"-54,81025";"-68,2969";"0,1";"217"
"CAPESANTE";"02929";"2025-10-29 05:53:00";"-54,8103666667";"-68,2970666667";"0,1";"0"
"CAPESANTE";"02929";"2025-10-29 06:08:00";"-54,8104833333";"-68,2971166667";"0,2";"196"
"CAPESANTE";"02929";"2025-10-29 06:23:00";"-54,8103333333";"-68,29705";"0,0";"0"
"CAPESANTE";"02929";"2025-10-29 06:37:00";"-54,8103166667";"-68,2970166667";"0,0";"0"
"CAPESANTE";"02929";"2025-10-29 06:38:00";"-54,81035";"-68,29695";"0,0";"0"
"CAPESANTE";"02929";"2025-10-29 06:53:00";"-54,8102833333";"-68,2970833333";"0,0";"175"
"CAPESANTE";"02929";"2025-10-29 07:08:00";"-54,8103666667";"-68,2970333333";"0,3";"304"
"CAPESANTE";"02929";"2025-10-29 07:23:00";"-54,8103";"-68,2970333333";"0,1";"0"
"CAPESANTE";"02929";"2025-10-29 07:37:00";"-54,81045";"-68,29715";"0,3";"47"
"CAPESANTE";"02929";"2025-10-29 07:38:00";"-54,81035";"-68,2969166667";"0,0";"0"
"CAPESANTE";"02929";"2025-10-29 07:53:00";"-54,8103166667";"-68,2970166667";"0,0";"0"
"CAPESANTE";"02929";"2025-10-29 08:08:00";"-54,8103";"-68,29695";"0,4";"0"
"CAPESANTE";"02929";"2025-10-29 08:23:00";"-54,8103333333";"-68,2969333333";"0,0";"38"
"CAPESANTE";"02929";"2025-10-29 08:37:00";"-54,8103833333";"-68,2971166667";"0,0";"0"
"CAPESANTE";"02929";"2025-10-29 08:38:00";"-54,8104";"-68,29715";"0,0";"225"
"CAPESANTE";"02929";"2025-10-29 08:53:00";"-54,8103166667";"-68,297";"0,0";"218"
"CAPESANTE";"02929";"2025-10-29 09:08:00";"-54,8105";"-68,29735";"0,6";"111"
"CAPESANTE";"02929";"2025-10-29 09:23:00";"-54,8103833333";"-68,2971";"0,0";"225"
"CAPESANTE";"02929";"2025-10-29 09:37:00";"-54,8103666667";"-68,2971166667";"0,0";"0"
"CAPESANTE";"02929";"2025-10-29 09:38:00";"-54,8103833333";"-68,2971";"0,0";"0"
"CAPESANTE";"02929";"2025-10-29 09:53:00";"-54,8103666667";"-68,2970833333";"0,0";"358"
"CAPESANTE";"02929";"2025-10-29 10:08:00";"-54,8103666667";"-68,29705";"0,0";"0"
"CAPESANTE";"02929";"2025-10-29 10:22:00";"-54,8102666667";"-68,2970166667";"0,1";"0"
"CAPESANTE";"02929";"2025-10-29 10:37:00";"-54,8105";"-68,29715";"0,2";"0"
"CAPESANTE";"02929";"2025-10-29 10:52:00";"-54,8104666667";"-68,2969166667";"0,0";"348"
"CAPESANTE";"02929";"2025-10-29 11:07:00";"-54,81015";"-68,2969333333";"0,1";"261"
"CAPESANTE";"02929";"2025-10-29 11:22:00";"-54,8103666667";"-68,2971";"0,0";"53"
"CAPESANTE";"02929";"2025-10-29 11:37:00";"-54,8103166667";"-68,2969333333";"0,0";"0"
"CAPESANTE";"02929";"2025-10-29 11:52:00";"-54,8103833333";"-68,29715";"0,1";"4"
"CAPESANTE";"02929";"2025-10-29 12:07:00";"-54,8103666667";"-68,2970666667";"0,0";"208"
"CAPESANTE";"02929";"2025-10-29 12:22:00";"-54,8104";"-68,2971";"0,1";"0"
"CAPESANTE";"02929";"2025-10-29 12:37:00";"-54,8101166667";"-68,2967666667";"0,0";"206"
"CAPESANTE";"02929";"2025-10-29 12:52:00";"-54,8104";"-68,2969833333";"0,1";"0"
"CAPESANTE";"02929";"2025-10-29 13:07:00";"-54,8104166667";"-68,2969833333";"0,0";"225"
"CAPESANTE";"02929";"2025-10-29 13:22:00";"-54,8104333333";"-68,2968333333";"0,2";"93"
"CAPESANTE";"02929";"2025-10-29 13:37:00";"-54,8104166667";"-68,2969";"0,1";"0"
"CAPESANTE";"02929";"2025-10-29 13:52:00";"-54,8104333333";"-68,2972";"0,2";"92"
"CAPESANTE";"02929";"2025-10-29 14:07:00";"-54,8105666667";"-68,2972333333";"0,2";"0"
"CAPESANTE";"02929";"2025-10-29 14:22:00";"-54,8103833333";"-68,29705";"0,0";"0"
"CAPESANTE";"02929";"2025-10-29 14:37:00";"-54,8103666667";"-68,2970333333";"0,1";"0"
"CAPESANTE";"02929";"2025-10-29 14:52:00";"-54,8104333333";"-68,2970833333";"0,2";"71"
"CAPESANTE";"02929";"2025-10-29 15:07:00";"-54,8103666667";"-68,29705";"0,0";"27"
"CAPESANTE";"02929";"2025-10-29 15:22:00";"-54,8103666667";"-68,2971";"0,2";"202"
"CAPESANTE";"02929";"2025-10-29 15:37:00";"-54,81045";"-68,29715";"0,0";"0"
"CAPESANTE";"02929";"2025-10-29 15:52:00";"-54,8104333333";"-68,297";"0,0";"328"
"CAPESANTE";"02929";"2025-10-29 16:07:00";"-54,8104333333";"-68,29705";"0,0";"0"
"CAPESANTE";"02929";"2025-10-29 16:22:00";"-54,8103666667";"-68,2970666667";"0,1";"0"
"CAPESANTE";"02929";"2025-10-29 16:37:00";"-54,8104";"-68,2970666667";"0,0";"190"
"CAPESANTE";"02929";"2025-10-29 16:52:00";"-54,8102166667";"-68,2968333333";"0,0";"102"
"CAPESANTE";"02929";"2025-10-29 17:07:00";"-54,8104166667";"-68,2972";"0,1";"14"
"CAPESANTE";"02929";"2025-10-29 17:22:00";"-54,8104666667";"-68,2971";"0,0";"234"
"CAPESANTE";"02929";"2025-10-29 17:37:00";"-54,8104";"-68,2971166667";"0,0";"0"
"CAPESANTE";"02929";"2025-10-29 17:52:00";"-54,81045";"-68,2971666667";"0,0";"0"
"CAPESANTE";"02929";"2025-10-29 18:07:00";"-54,81035";"-68,29705";"0,1";"204"
"CAPESANTE";"02929";"2025-10-29 19:07:00";"-54,8104666667";"-68,29715";"0,1";"165"
"CAPESANTE";"02929";"2025-10-29 19:22:00";"-54,8104166667";"-68,2971166667";"0,0";"0"
"CAPESANTE";"02929";"2025-10-29 19:37:00";"-54,8104166667";"-68,2970833333";"0,0";"0"
"CAPESANTE";"02929";"2025-10-29 19:52:00";"-54,81055";"-68,2972166667";"0,1";"158"
"CAPESANTE";"02929";"2025-10-29 20:07:00";"-54,8103333333";"-68,2969666667";"0,1";"0"
"CAPESANTE";"02929";"2025-10-29 20:21:00";"-54,8103666667";"-68,2969833333";"0,0";"0"
"CAPESANTE";"02929";"2025-10-29 20:36:00";"-54,81035";"-68,2975";"0,1";"0"
"CAPESANTE";"02929";"2025-10-29 20:37:00";"-54,8103333333";"-68,2970666667";"0,0";"0"
"CAPESANTE";"02929";"2025-10-29 20:51:00";"-54,8105";"-68,2971666667";"0,1";"327"
"CAPESANTE";"02929";"2025-10-29 21:06:00";"-54,8105";"-68,2971166667";"0,0";"0"
"CAPESANTE";"02929";"2025-10-29 21:21:00";"-54,8103666667";"-68,2970333333";"0,0";"189"
"CAPESANTE";"02929";"2025-10-29 21:36:00";"-54,8103333333";"-68,2968333333";"0,1";"0"
"CAPESANTE";"02929";"2025-10-29 21:37:00";"-54,8104";"-68,2971166667";"0,0";"0"
"CAPESANTE";"02929";"2025-10-29 21:51:00";"-54,8104";"-68,29705";"0,0";"66"
"CAPESANTE";"02929";"2025-10-29 22:06:00";"-54,8104333333";"-68,2971";"0,0";"0"
"CAPESANTE";"02929";"2025-10-29 22:21:00";"-54,8104833333";"-68,2970833333";"0,0";"0"
"CAPESANTE";"02929";"2025-10-29 22:36:00";"-54,81045";"-68,2970666667";"0,1";"1"
"CAPESANTE";"02929";"2025-10-29 22:37:00";"-54,8104";"-68,2971166667";"0,0";"127"
"CAPESANTE";"02929";"2025-10-29 22:51:00";"-54,8104166667";"-68,2970666667";"0,1";"0"
"CAPESANTE";"02929";"2025-10-29 23:06:00";"-54,8103666667";"-68,2970833333";"0,1";"0"
"CAPESANTE";"02929";"2025-10-29 23:21:00";"-54,8103666667";"-68,2970833333";"0,0";"0"
"CAPESANTE";"02929";"2025-10-29 23:36:00";"-54,8104833333";"-68,2972";"0,1";"0"
"CAPESANTE";"02929";"2025-10-29 23:37:00";"-54,81035";"-68,2972";"0,0";"324"
"CAPESANTE";"02929";"2025-10-29 23:51:00";"-54,8104666667";"-68,2972666667";"0,1";"20"
"CAPESANTE";"02929";"2025-10-30 00:06:00";"-54,8106333333";"-68,2972666667";"0,1";"0"
"CAPESANTE";"02929";"2025-10-30 00:21:00";"-54,8103666667";"-68,2971";"0,0";"0"
"CAPESANTE";"02929";"2025-10-30 00:36:00";"-54,81045";"-68,2971";"0,0";"0"
"CAPESANTE";"02929";"2025-10-30 00:37:00";"-54,8104166667";"-68,2972";"0,0";"0"
"CAPESANTE";"02929";"2025-10-30 00:51:00";"-54,8103333333";"-68,2971166667";"2,2";"330"
"CAPESANTE";"02929";"2025-10-30 01:06:00";"-54,8104166667";"-68,29705";"0,0";"0"
"CAPESANTE";"02929";"2025-10-30 01:21:00";"-54,8102333333";"-68,2970833333";"0,0";"0"
"CAPESANTE";"02929";"2025-10-30 01:36:00";"-54,8102833333";"-68,2970833333";"0,1";"0"
"CAPESANTE";"02929";"2025-10-30 01:37:00";"-54,81025";"-68,2970833333";"0,0";"0"
"CAPESANTE";"02929";"2025-10-30 01:51:00";"-54,8104166667";"-68,2971333333";"0,7";"0"
"CAPESANTE";"02929";"2025-10-30 02:06:00";"-54,8104";"-68,2971333333";"0,0";"0"
"CAPESANTE";"02929";"2025-10-30 02:21:00";"-54,81035";"-68,2971";"0,0";"0"
"CAPESANTE";"02929";"2025-10-30 02:36:00";"-54,8104166667";"-68,2970833333";"0,3";"0"
"CAPESANTE";"02929";"2025-10-30 02:37:00";"-54,8104";"-68,29705";"0,0";"14"
"CAPESANTE";"02929";"2025-10-30 02:51:00";"-54,8104";"-68,2970666667";"0,0";"0"
"CAPESANTE";"02929";"2025-10-30 03:21:00";"-54,8104666667";"-68,2970666667";"0,1";"188"
"CAPESANTE";"02929";"2025-10-30 03:36:00";"-54,8104";"-68,2971166667";"0,1";"0"
"CAPESANTE";"02929";"2025-10-30 03:37:00";"-54,8104";"-68,2970833333";"0,0";"0"
"CAPESANTE";"02929";"2025-10-30 03:51:00";"-54,8103666667";"-68,2970333333";"0,1";"0"
"CAPESANTE";"02929";"2025-10-30 04:06:00";"-54,8103833333";"-68,2970833333";"0,1";"0"
"CAPESANTE";"02929";"2025-10-30 04:21:00";"-54,8103666667";"-68,2971";"0,1";"0"
"CAPESANTE";"02929";"2025-10-30 04:36:00";"-54,81035";"-68,2970833333";"0,1";"0"
"CAPESANTE";"02929";"2025-10-30 04:37:00";"-54,8104";"-68,2971166667";"0,0";"0"
"CAPESANTE";"02929";"2025-10-30 04:51:00";"-54,8104166667";"-68,2971";"0,1";"213"
"CAPESANTE";"02929";"2025-10-30 05:06:00";"-54,8103666667";"-68,2970666667";"0,0";"195"
"CAPESANTE";"02929";"2025-10-30 05:21:00";"-54,8103666667";"-68,29695";"0,0";"0"
"CAPESANTE";"02929";"2025-10-30 05:36:00";"-54,8103666667";"-68,2970833333";"0,2";"222"
"CAPESANTE";"02929";"2025-10-30 05:37:00";"-54,81025";"-68,29705";"0,1";"0"
"CAPESANTE";"02929";"2025-10-30 05:51:00";"-54,8103833333";"-68,2971333333";"0,1";"27"
"CAPESANTE";"02929";"2025-10-30 06:06:00";"-54,8104666667";"-68,2971833333";"0,0";"192"
"CAPESANTE";"02929";"2025-10-30 06:21:00";"-54,81035";"-68,29705";"0,1";"0"
"CAPESANTE";"02929";"2025-10-30 06:35:00";"-54,8103";"-68,2970166667";"0,0";"0"
"CAPESANTE";"02929";"2025-10-30 06:37:00";"-54,81045";"-68,2971166667";"0,2";"0"
"CAPESANTE";"02929";"2025-10-30 06:50:00";"-54,81035";"-68,2970166667";"2,2";"81"
"CAPESANTE";"02929";"2025-10-30 07:05:00";"-54,81025";"-68,2970333333";"0,1";"248"
"CAPESANTE";"02929";"2025-10-30 07:20:00";"-54,8102833333";"-68,29705";"0,0";"0"
"CAPESANTE";"02929";"2025-10-30 07:35:00";"-54,8104";"-68,2969333333";"0,1";"0"
"CAPESANTE";"02929";"2025-10-30 07:37:00";"-54,81035";"-68,2970666667";"0,1";"0"
"CAPESANTE";"02929";"2025-10-30 07:50:00";"-54,8103833333";"-68,29705";"0,0";"0"
"CAPESANTE";"02929";"2025-10-30 08:05:00";"-54,8102833333";"-68,2968833333";"0,0";"0"
"CAPESANTE";"02929";"2025-10-30 08:20:00";"-54,8103666667";"-68,29705";"0,1";"0"
"CAPESANTE";"02929";"2025-10-30 08:35:00";"-54,8103166667";"-68,297";"1,1";"243"
"CAPESANTE";"02929";"2025-10-30 08:37:00";"-54,8103666667";"-68,2971333333";"0,0";"171"
"CAPESANTE";"02929";"2025-10-30 08:50:00";"-54,8103";"-68,29705";"0,6";"0"
"CAPESANTE";"02929";"2025-10-30 09:05:00";"-54,8104";"-68,2971833333";"0,0";"42"
"CAPESANTE";"02929";"2025-10-30 09:20:00";"-54,8105166667";"-68,2973333333";"0,2";"229"
"CAPESANTE";"02929";"2025-10-30 09:35:00";"-54,81035";"-68,2970333333";"0,0";"0"
"CAPESANTE";"02929";"2025-10-30 09:37:00";"-54,8103833333";"-68,2970333333";"0,0";"0"
"CAPESANTE";"02929";"2025-10-30 09:50:00";"-54,8103333333";"-68,29705";"0,0";"0"
"CAPESANTE";"02929";"2025-10-30 10:05:00";"-54,81035";"-68,29715";"0,0";"0"
"CAPESANTE";"02929";"2025-10-30 10:20:00";"-54,8103833333";"-68,2969833333";"0,0";"0"
"CAPESANTE";"02929";"2025-10-30 10:35:00";"-54,8102833333";"-68,29685";"0,2";"0"
"CAPESANTE";"02929";"2025-10-30 10:37:00";"-54,8104";"-68,2970833333";"0,0";"0"
"CAPESANTE";"02929";"2025-10-30 10:50:00";"-54,8103333333";"-68,29695";"0,0";"5"
"CAPESANTE";"02929";"2025-10-30 11:05:00";"-54,81035";"-68,29695";"0,0";"0"
"CAPESANTE";"02929";"2025-10-30 11:20:00";"-54,8103666667";"-68,2971333333";"0,1";"243"
"CAPESANTE";"02929";"2025-10-30 11:35:00";"-54,8103333333";"-68,29705";"0,0";"0"
"CAPESANTE";"02929";"2025-10-30 11:37:00";"-54,8102833333";"-68,2970833333";"0,0";"0"
"CAPESANTE";"02929";"2025-10-30 11:50:00";"-54,8102833333";"-68,29705";"0,0";"0"
"CAPESANTE";"02929";"2025-10-30 12:05:00";"-54,81055";"-68,2972166667";"0,0";"31"
"CAPESANTE";"02929";"2025-10-30 12:20:00";"-54,8102166667";"-68,2968833333";"0,0";"0"
"CAPESANTE";"02929";"2025-10-30 12:35:00";"-54,8103";"-68,29705";"0,2";"188"
"CAPESANTE";"02929";"2025-10-30 12:37:00";"-54,8104333333";"-68,2971166667";"0,0";"0"
"CAPESANTE";"02929";"2025-10-30 12:50:00";"-54,81035";"-68,2971333333";"0,0";"0"
"CAPESANTE";"02929";"2025-10-30 13:05:00";"-54,8104";"-68,29705";"0,6";"44"
"CAPESANTE";"02929";"2025-10-30 13:20:00";"-54,8103333333";"-68,2972666667";"0,2";"0"
"CAPESANTE";"02929";"2025-10-30 13:35:00";"-54,8104333333";"-68,297";"0,2";"0"
"CAPESANTE";"02929";"2025-10-30 13:37:00";"-54,8103833333";"-68,2971";"0,0";"0"
"CAPESANTE";"02929";"2025-10-30 13:50:00";"-54,8104666667";"-68,2971666667";"0,0";"0"
"CAPESANTE";"02929";"2025-10-30 14:05:00";"-54,8104833333";"-68,2972333333";"0,1";"0"
"CAPESANTE";"02929";"2025-10-30 14:20:00";"-54,8104333333";"-68,2971";"0,0";"0"
"CAPESANTE";"02929";"2025-10-30 14:35:00";"-54,81045";"-68,2970666667";"0,1";"0"
"CAPESANTE";"02929";"2025-10-30 14:37:00";"-54,8104333333";"-68,2970833333";"0,0";"0"
"CAPESANTE";"02929";"2025-10-30 14:50:00";"-54,8104666667";"-68,29715";"0,0";"178"
"CAPESANTE";"02929";"2025-10-30 15:05:00";"-54,8104833333";"-68,2973833333";"0,1";"270"
"CAPESANTE";"02929";"2025-10-30 15:20:00";"-54,8104333333";"-68,2971333333";"0,1";"337"
"CAPESANTE";"02929";"2025-10-30 15:35:00";"-54,8104";"-68,2969333333";"0,0";"103"
"CAPESANTE";"02929";"2025-10-30 15:37:00";"-54,81045";"-68,2970833333";"0,0";"0"
"CAPESANTE";"02929";"2025-10-30 15:50:00";"-54,8103666667";"-68,2969166667";"0,1";"0"
"CAPESANTE";"02929";"2025-10-30 16:05:00";"-54,8103666667";"-68,29715";"0,0";"0"
"CAPESANTE";"02929";"2025-10-30 16:20:00";"-54,8103666667";"-68,2971666667";"0,0";"0"
"CAPESANTE";"02929";"2025-10-30 16:35:00";"-54,8104166667";"-68,2970666667";"0,0";"0"
"CAPESANTE";"02929";"2025-10-30 16:37:00";"-54,81035";"-68,2970333333";"0,0";"0"
"CAPESANTE";"02929";"2025-10-30 16:49:00";"-54,8103833333";"-68,297";"0,1";"0"
"CAPESANTE";"02929";"2025-10-30 17:04:00";"-54,8103833333";"-68,297";"0,2";"0"
"CAPESANTE";"02929";"2025-10-30 17:19:00";"-54,8103833333";"-68,2971";"0,1";"0"
"CAPESANTE";"02929";"2025-10-30 17:34:00";"-54,8104";"-68,2969833333";"0,0";"0"
"CAPESANTE";"02929";"2025-10-30 17:37:00";"-54,8103666667";"-68,2970833333";"0,0";"176"
"CAPESANTE";"02929";"2025-10-30 17:49:00";"-54,8104166667";"-68,2971833333";"0,0";"0"
"CAPESANTE";"02929";"2025-10-30 18:04:00";"-54,81045";"-68,29715";"0,0";"0"
"CAPESANTE";"02929";"2025-10-30 18:19:00";"-54,81045";"-68,2970333333";"0,0";"242"
"CAPESANTE";"02929";"2025-10-30 18:34:00";"-54,8104833333";"-68,2971166667";"0,1";"73"
"CAPESANTE";"02929";"2025-10-30 18:37:00";"-54,8104";"-68,2971333333";"0,1";"0"
"CAPESANTE";"02929";"2025-10-30 18:49:00";"-54,81045";"-68,2972666667";"0,1";"18"
"CAPESANTE";"02929";"2025-10-30 19:04:00";"-54,8103833333";"-68,2970666667";"0,1";"68"
"CAPESANTE";"02929";"2025-10-30 19:19:00";"-54,8103166667";"-68,2970166667";"0,1";"99"
"CAPESANTE";"02929";"2025-10-30 19:34:00";"-54,8104";"-68,29705";"0,0";"161"
"CAPESANTE";"02929";"2025-10-30 19:37:00";"-54,8104333333";"-68,29705";"0,0";"0"
"CAPESANTE";"02929";"2025-10-30 19:49:00";"-54,81035";"-68,2970333333";"0,0";"0"
"CAPESANTE";"02929";"2025-10-30 20:04:00";"-54,8104166667";"-68,2972833333";"0,0";"0"
"CAPESANTE";"02929";"2025-10-30 20:19:00";"-54,8104";"-68,2970833333";"0,0";"0"
"CAPESANTE";"02929";"2025-10-30 20:34:00";"-54,81025";"-68,2969";"0,0";"0"
"CAPESANTE";"02929";"2025-10-30 20:37:00";"-54,8103833333";"-68,2970666667";"0,0";"0"
"CAPESANTE";"02929";"2025-10-30 20:49:00";"-54,8103666667";"-68,2969666667";"0,0";"229"
"CAPESANTE";"02929";"2025-10-30 21:04:00";"-54,8103166667";"-68,2970166667";"0,1";"171"
"CAPESANTE";"02929";"2025-10-30 21:19:00";"-54,8103666667";"-68,2971166667";"0,0";"46"
"CAPESANTE";"02929";"2025-10-30 21:34:00";"-54,8104";"-68,2971166667";"0,2";"45"
"CAPESANTE";"02929";"2025-10-30 21:37:00";"-54,81035";"-68,2970333333";"0,0";"0"
"CAPESANTE";"02929";"2025-10-30 21:49:00";"-54,8103333333";"-68,2970833333";"0,0";"0"
"CAPESANTE";"02929";"2025-10-30 22:04:00";"-54,8104";"-68,2973";"0,1";"0"
"CAPESANTE";"02929";"2025-10-30 22:19:00";"-54,8103666667";"-68,2970666667";"0,0";"221"
"CAPESANTE";"02929";"2025-10-30 22:34:00";"-54,81035";"-68,2971";"0,0";"0"
"CAPESANTE";"02929";"2025-10-30 22:37:00";"-54,8103666667";"-68,2971666667";"0,1";"0"
"CAPESANTE";"02929";"2025-10-30 22:49:00";"-54,8103666667";"-68,2970333333";"0,0";"0"
"CAPESANTE";"02929";"2025-10-30 23:04:00";"-54,81035";"-68,2971";"2,5";"315"
"CAPESANTE";"02929";"2025-10-30 23:19:00";"-54,8103333333";"-68,2971333333";"0,0";"0"
"CAPESANTE";"02929";"2025-10-30 23:34:00";"-54,8103666667";"-68,29705";"0,0";"33"
"CAPESANTE";"02929";"2025-10-30 23:37:00";"-54,81035";"-68,2971";"0,0";"101"
"CAPESANTE";"02929";"2025-10-30 23:49:00";"-54,8103666667";"-68,2970666667";"0,1";"23"
"CAPESANTE";"02929";"2025-10-31 00:04:00";"-54,8104";"-68,2970833333";"0,1";"0"
"CAPESANTE";"02929";"2025-10-31 00:19:00";"-54,8102666667";"-68,29695";"0,1";"29"
"CAPESANTE";"02929";"2025-10-31 00:34:00";"-54,8116166667";"-68,2823333333";"8,0";"110"
"CAPESANTE";"02929";"2025-10-31 00:37:00";"-54,8103833333";"-68,29715";"0,2";"0"
"CAPESANTE";"02929";"2025-10-31 00:49:00";"-54,8262666667";"-68,2154833333";"10,6";"110"
"CAPESANTE";"02929";"2025-10-31 01:04:00";"-54,8421666667";"-68,1413";"10,6";"109"
"CAPESANTE";"02929";"2025-10-31 01:19:00";"-54,8568666667";"-68,0731333333";"10,4";"106"
"CAPESANTE";"02929";"2025-10-31 01:34:00";"-54,8704166667";"-68,0006333333";"10,7";"107"
"CAPESANTE";"02929";"2025-10-31 01:37:00";"-54,83005";"-68,1979";"10,4";"111"
"CAPESANTE";"02929";"2025-10-31 01:49:00";"-54,8805";"-67,9251333333";"10,8";"100"
"CAPESANTE";"02929";"2025-10-31 02:04:00";"-54,88795";"-67,8478";"10,4";"92"
"CAPESANTE";"02929";"2025-10-31 02:19:00";"-54,8936166667";"-67,76995";"10,8";"97"
"CAPESANTE";"02929";"2025-10-31 02:34:00";"-54,89905";"-67,6928666667";"10,7";"93"
"CAPESANTE";"02929";"2025-10-31 02:37:00";"-54,8823333333";"-67,9073833333";"10,8";"100"
"CAPESANTE";"02929";"2025-10-31 02:48:00";"-54,8989833333";"-67,61585";"10,8";"85"
"CAPESANTE";"02929";"2025-10-31 03:03:00";"-54,9130833333";"-67,5419833333";"11,3";"126"
"CAPESANTE";"02929";"2025-10-31 03:18:00";"-54,92075";"-67,4654333333";"11,6";"78"
"CAPESANTE";"02929";"2025-10-31 03:33:00";"-54,9146333333";"-67,3850166667";"11,2";"85"
"CAPESANTE";"02929";"2025-10-31 03:37:00";"-54,8986833333";"-67,59685";"10,7";"92"
"CAPESANTE";"02929";"2025-10-31 03:48:00";"-54,91215";"-67,30495";"12,5";"89"
"CAPESANTE";"02929";"2025-10-31 04:03:00";"-54,9152666667";"-67,2257333333";"10,9";"97"
"CAPESANTE";"02929";"2025-10-31 04:18:00";"-54,92485";"-67,14875";"11,1";"102"
"CAPESANTE";"02929";"2025-10-31 04:33:00";"-54,9354333333";"-67,0706333333";"11,3";"104"
"CAPESANTE";"02929";"2025-10-31 04:37:00";"-54,91265";"-67,2834166667";"11,1";"93"
"CAPESANTE";"02929";"2025-10-31 04:48:00";"-54,9461";"-66,9923833333";"11,0";"101"
"CAPESANTE";"02929";"2025-10-31 05:03:00";"-54,9587666667";"-66,9167166667";"11,0";"124"
"CAPESANTE";"02929";"2025-10-31 05:18:00";"-54,9821166667";"-66,84685";"11,3";"124"
"CAPESANTE";"02929";"2025-10-31 05:33:00";"-55,0070166667";"-66,7801";"11,2";"124"
"CAPESANTE";"02929";"2025-10-31 05:37:00";"-54,9484";"-66,9733333333";"11,1";"99"
"CAPESANTE";"02929";"2025-10-31 05:48:00";"-55,0338833333";"-66,7141166667";"11,4";"127"
"CAPESANTE";"02929";"2025-10-31 06:03:00";"-55,0608166667";"-66,6460166667";"11,8";"125"
"CAPESANTE";"02929";"2025-10-31 06:18:00";"-55,0877333333";"-66,5742833333";"11,1";"122"
"CAPESANTE";"02929";"2025-10-31 06:33:00";"-55,0996833333";"-66,5027666667";"11,2";"88"
"CAPESANTE";"02929";"2025-10-31 06:37:00";"-55,041";"-66,6961166667";"11,5";"123"
"CAPESANTE";"02929";"2025-10-31 06:48:00";"-55,0970333333";"-66,4204666667";"11,2";"85"
"CAPESANTE";"02929";"2025-10-31 07:03:00";"-55,0927333333";"-66,3382333333";"11,5";"82"
"CAPESANTE";"02929";"2025-10-31 07:18:00";"-55,0853666667";"-66,2572333333";"11,0";"77"
"CAPESANTE";"02929";"2025-10-31 07:33:00";"-55,07715";"-66,1779166667";"11,1";"81"
"CAPESANTE";"02929";"2025-10-31 07:37:00";"-55,096";"-66,3941333333";"11,4";"85"
"CAPESANTE";"02929";"2025-10-31 07:48:00";"-55,0692";"-66,0984166667";"11,3";"79"
"CAPESANTE";"02929";"2025-10-31 08:03:00";"-55,0603833333";"-66,0170333333";"11,2";"81"
"CAPESANTE";"02929";"2025-10-31 08:18:00";"-55,0541166667";"-65,9398833333";"11,3";"84"
"CAPESANTE";"02929";"2025-10-31 08:33:00";"-55,0473";"-65,8599833333";"11,3";"81"
"CAPESANTE";"02929";"2025-10-31 08:37:00";"-55,0666833333";"-66,0762833333";"11,4";"78"
"CAPESANTE";"02929";"2025-10-31 08:48:00";"-55,0397333333";"-65,7777";"10,0";"83"
"CAPESANTE";"02929";"2025-10-31 09:03:00";"-55,0367166667";"-65,6870833333";"12,4";"86"
"CAPESANTE";"02929";"2025-10-31 09:18:00";"-55,0329";"-65,6035666667";"12,5";"80"
"CAPESANTE";"02929";"2025-10-31 09:33:00";"-55,0254333333";"-65,5156333333";"12,1";"79"
"CAPESANTE";"02929";"2025-10-31 09:37:00";"-55,0384333333";"-65,7536166667";"11,6";"83"
"CAPESANTE";"02929";"2025-10-31 09:48:00";"-55,0143";"-65,4305666667";"11,8";"75"
"CAPESANTE";"02929";"2025-10-31 10:03:00";"-54,9992333333";"-65,34745";"11,7";"68"
"CAPESANTE";"02929";"2025-10-31 10:18:00";"-54,9781333333";"-65,2709166667";"11,8";"60"
"CAPESANTE";"02929";"2025-10-31 10:33:00";"-54,9526333333";"-65,2002";"11,5";"38"
"CAPESANTE";"02929";"2025-10-31 10:37:00";"-55,0103666667";"-65,4055333333";"12,2";"72"
"CAPESANTE";"02929";"2025-10-31 10:48:00";"-54,9163333333";"-65,14725";"11,5";"35"
"CAPESANTE";"02929";"2025-10-31 11:03:00";"-54,8788666667";"-65,1020833333";"10,7";"30"
"CAPESANTE";"02929";"2025-10-31 11:18:00";"-54,8394166667";"-65,0622666667";"6,7";"23"
"CAPESANTE";"02929";"2025-10-31 11:33:00";"-54,80065";"-65,0269666667";"10,1";"33"
"CAPESANTE";"02929";"2025-10-31 11:37:00";"-54,9048333333";"-65,1324";"11,3";"35"
"CAPESANTE";"02929";"2025-10-31 11:48:00";"-54,76525";"-64,9908833333";"9,3";"30"
"CAPESANTE";"02929";"2025-10-31 12:03:00";"-54,72795";"-64,9564";"10,2";"25"
"CAPESANTE";"02929";"2025-10-31 12:18:00";"-54,6871";"-64,92315";"11,1";"24"
"CAPESANTE";"02929";"2025-10-31 12:33:00";"-54,6461166667";"-64,91815";"10,5";"356"
"CAPESANTE";"02929";"2025-10-31 12:37:00";"-54,75255";"-64,9782833333";"10,1";"28"
"CAPESANTE";"02929";"2025-10-31 12:48:00";"-54,6027333333";"-64,9257833333";"10,7";"352"
"CAPESANTE";"02929";"2025-10-31 13:02:00";"-54,5577666667";"-64,9361";"13,3";"343"
"CAPESANTE";"02929";"2025-10-31 13:17:00";"-54,5149";"-64,9453166667";"10,2";"350"
"CAPESANTE";"02929";"2025-10-31 13:32:00";"-54,4726";"-64,9567166667";"10,5";"347"
"CAPESANTE";"02929";"2025-10-31 13:37:00";"-54,5894333333";"-64,92875";"10,6";"352"
"CAPESANTE";"02929";"2025-10-31 13:47:00";"-54,4305166667";"-64,9662";"10,3";"354"
"CAPESANTE";"02929";"2025-10-31 14:02:00";"-54,3879666667";"-64,9742";"10,5";"357"
"CAPESANTE";"02929";"2025-10-31 14:17:00";"-54,34485";"-64,9821666667";"10,2";"353"
"CAPESANTE";"02929";"2025-10-31 14:32:00";"-54,3039833333";"-64,9908666667";"9,1";"354"
"CAPESANTE";"02929";"2025-10-31 14:37:00";"-54,4173166667";"-64,9688333333";"10,2";"349"
"CAPESANTE";"02929";"2025-10-31 14:47:00";"-54,26205";"-65,0008666667";"9,8";"349"
"CAPESANTE";"02929";"2025-10-31 15:17:00";"-54,1773666667";"-65,0201166667";"9,7";"350"
"CAPESANTE";"02929";"2025-10-31 15:32:00";"-54,1387666667";"-65,0260833333";"10,0";"357"
"CAPESANTE";"02929";"2025-10-31 15:37:00";"-54,2471166667";"-65,00445";"9,7";"353"
"CAPESANTE";"02929";"2025-10-31 15:47:00";"-54,0964333333";"-65,0288166667";"10,6";"355"
"CAPESANTE";"02929";"2025-10-31 16:02:00";"-54,0540166667";"-65,0333";"9,8";"356"
"CAPESANTE";"02929";"2025-10-31 16:17:00";"-54,0125666667";"-65,0349666667";"9,3";"357"
"CAPESANTE";"02929";"2025-10-31 16:32:00";"-53,9724333333";"-65,0378666667";"9,2";"354"
"CAPESANTE";"02929";"2025-10-31 16:37:00";"-54,0826166667";"-65,0303166667";"9,9";"355"
"CAPESANTE";"02929";"2025-10-31 16:47:00";"-53,9327166667";"-65,0407166667";"9,4";"357"
"CAPESANTE";"02929";"2025-10-31 17:02:00";"-53,8959833333";"-65,0435";"9,5";"358"
"CAPESANTE";"02929";"2025-10-31 17:17:00";"-53,85705";"-65,0458666667";"9,5";"358"
"CAPESANTE";"02929";"2025-10-31 17:32:00";"-53,8173666667";"-65,04845";"9,4";"0"
"CAPESANTE";"02929";"2025-10-31 17:37:00";"-53,9210333333";"-65,04165";"10,0";"359"
"CAPESANTE";"02929";"2025-10-31 17:47:00";"-53,77735";"-65,0521833333";"10,2";"357"
"CAPESANTE";"02929";"2025-10-31 18:02:00";"-53,7374666667";"-65,0558833333";"10,6";"356"
"CAPESANTE";"02929";"2025-10-31 18:17:00";"-53,7003";"-65,0572166667";"9,7";"355"
"CAPESANTE";"02929";"2025-10-31 18:32:00";"-53,6643833333";"-65,0600666667";"8,3";"357"
"CAPESANTE";"02929";"2025-10-31 18:37:00";"-53,7602166667";"-65,0539666667";"9,9";"354"
"CAPESANTE";"02929";"2025-10-31 18:47:00";"-53,6286166667";"-65,0595";"7,9";"1"
"CAPESANTE";"02929";"2025-10-31 19:02:00";"-53,59325";"-65,0567666667";"8,7";"8"
"CAPESANTE";"02929";"2025-10-31 19:17:00";"-53,5571166667";"-65,05485";"9,1";"3"
"CAPESANTE";"02929";"2025-10-31 19:32:00";"-53,5218333333";"-65,0533";"9,1";"5"
"CAPESANTE";"02929";"2025-10-31 19:37:00";"-53,6166333333";"-65,0586";"8,9";"359"
"CAPESANTE";"02929";"2025-10-31 19:47:00";"-53,4859";"-65,0516333333";"8,4";"1"
"CAPESANTE";"02929";"2025-10-31 20:02:00";"-53,4514833333";"-65,0493166667";"7,9";"355"
"CAPESANTE";"02929";"2025-10-31 20:17:00";"-53,4171166667";"-65,0463833333";"6,8";"4"
"CAPESANTE";"02929";"2025-10-31 20:32:00";"-53,3844666667";"-65,0424666667";"7,7";"10"
"CAPESANTE";"02929";"2025-10-31 20:37:00";"-53,4737";"-65,051";"9,1";"0"
"CAPESANTE";"02929";"2025-10-31 20:47:00";"-53,3512";"-65,03775";"8,3";"3"
"CAPESANTE";"02929";"2025-10-31 21:02:00";"-53,3184";"-65,0333";"7,6";"5"
"CAPESANTE";"02929";"2025-10-31 21:17:00";"-53,2857166667";"-65,0281666667";"7,1";"5"
"CAPESANTE";"02929";"2025-10-31 21:32:00";"-53,2529666667";"-65,0231333333";"16,8";"7"
"CAPESANTE";"02929";"2025-10-31 21:37:00";"-53,3366333333";"-65,0358666667";"8,4";"2"
"CAPESANTE";"02929";"2025-10-31 21:47:00";"-53,2181166667";"-65,0176";"7,8";"10"
"CAPESANTE";"02929";"2025-10-31 22:02:00";"-53,18695";"-65,0111666667";"6,5";"19"
"CAPESANTE";"02929";"2025-10-31 22:17:00";"-53,1537666667";"-65,0049333333";"9,2";"0"
"CAPESANTE";"02929";"2025-10-31 22:32:00";"-53,1195";"-64,9982333333";"8,0";"15"
"CAPESANTE";"02929";"2025-10-31 22:37:00";"-53,20725";"-65,0154";"8,2";"12"
"CAPESANTE";"02929";"2025-10-31 22:47:00";"-53,0845333333";"-64,9910833333";"7,4";"20"
"CAPESANTE";"02929";"2025-10-31 23:01:00";"-53,0498";"-64,9842";"8,3";"3"
"CAPESANTE";"02929";"2025-10-31 23:16:00";"-53,0139";"-64,97545";"8,4";"9"
"CAPESANTE";"02929";"2025-10-31 23:31:00";"-52,9778833333";"-64,9667833333";"8,8";"8"
"CAPESANTE";"02929";"2025-10-31 23:37:00";"-53,0713166667";"-64,9890333333";"8,1";"14"
"CAPESANTE";"02929";"2025-10-31 23:46:00";"-52,9424333333";"-64,9577";"9,7";"1"
"CAPESANTE";"02929";"2025-11-01 00:01:00";"-52,9072166667";"-64,9485833333";"8,7";"6"
"CAPESANTE";"02929";"2025-11-01 00:16:00";"-52,8701333333";"-64,9395166667";"9,3";"2"
"CAPESANTE";"02929";"2025-11-01 00:31:00";"-52,8359833333";"-64,9304333333";"9,5";"11"
"CAPESANTE";"02929";"2025-11-01 00:37:00";"-52,92835";"-64,95405";"9,2";"13"
"CAPESANTE";"02929";"2025-11-01 00:46:00";"-52,8007333333";"-64,92065";"8,6";"10"
"CAPESANTE";"02929";"2025-11-01 01:01:00";"-52,7649833333";"-64,9112833333";"8,4";"1"
"CAPESANTE";"02929";"2025-11-01 01:16:00";"-52,7297166667";"-64,9023666667";"8,3";"12"
"CAPESANTE";"02929";"2025-11-01 01:31:00";"-52,6947333333";"-64,8940166667";"9,9";"0"
"CAPESANTE";"02929";"2025-11-01 01:37:00";"-52,7863";"-64,9168333333";"8,4";"358"
"CAPESANTE";"02929";"2025-11-01 01:46:00";"-52,6585833333";"-64,88645";"11,5";"0"
"CAPESANTE";"02929";"2025-11-01 02:01:00";"-52,6234833333";"-64,8770333333";"8,6";"7"
"CAPESANTE";"02929";"2025-11-01 02:16:00";"-52,5876333333";"-64,8673666667";"8,4";"17"
"CAPESANTE";"02929";"2025-11-01 02:31:00";"-52,5509333333";"-64,8583333333";"8,9";"9"
"CAPESANTE";"02929";"2025-11-01 02:37:00";"-52,64475";"-64,8828666667";"7,2";"3"
"CAPESANTE";"02929";"2025-11-01 02:46:00";"-52,5154";"-64,8504";"9,1";"4"
"CAPESANTE";"02929";"2025-11-01 03:01:00";"-52,4791833333";"-64,8425333333";"8,1";"10"
"CAPESANTE";"02929";"2025-11-01 03:16:00";"-52,4422";"-64,8361666667";"10,2";"3"
"CAPESANTE";"02929";"2025-11-01 03:31:00";"-52,4046";"-64,8303";"8,6";"6"
"CAPESANTE";"02929";"2025-11-01 03:37:00";"-52,5008833333";"-64,8469833333";"8,4";"5"
"CAPESANTE";"02929";"2025-11-01 03:46:00";"-52,3661166667";"-64,8212166667";"9,6";"11"
"CAPESANTE";"02929";"2025-11-01 04:01:00";"-52,3277666667";"-64,81295";"9,4";"4"
"CAPESANTE";"02929";"2025-11-01 04:16:00";"-52,2887166667";"-64,8061833333";"9,0";"2"
"CAPESANTE";"02929";"2025-11-01 04:31:00";"-52,25165";"-64,7994";"8,5";"8"
"CAPESANTE";"02929";"2025-11-01 04:37:00";"-52,3498833333";"-64,8175333333";"9,5";"7"
"CAPESANTE";"02929";"2025-11-01 04:46:00";"-52,21385";"-64,7921";"8,3";"9"
"CAPESANTE";"02929";"2025-11-01 05:01:00";"-52,17605";"-64,78695";"8,4";"3"
"CAPESANTE";"02929";"2025-11-01 05:16:00";"-52,1376666667";"-64,7805833333";"9,7";"8"
"CAPESANTE";"02929";"2025-11-01 05:31:00";"-52,0981333333";"-64,7708333333";"9,0";"13"
"CAPESANTE";"02929";"2025-11-01 05:37:00";"-52,1979833333";"-64,7896333333";"9,8";"1"
"CAPESANTE";"02929";"2025-11-01 05:46:00";"-52,0611333333";"-64,7627833333";"10,1";"8"
"CAPESANTE";"02929";"2025-11-01 06:01:00";"-52,0233166667";"-64,754";"9,3";"3"
"CAPESANTE";"02929";"2025-11-01 06:16:00";"-51,9851166667";"-64,7461666667";"10,7";"3"
"CAPESANTE";"02929";"2025-11-01 06:31:00";"-51,9475";"-64,7377166667";"8,6";"15"
"CAPESANTE";"02929";"2025-11-01 06:37:00";"-52,04455";"-64,7588666667";"8,8";"7"
"CAPESANTE";"02929";"2025-11-01 06:46:00";"-51,9085";"-64,72875";"9,6";"10"
"CAPESANTE";"02929";"2025-11-01 07:01:00";"-51,8719166667";"-64,7198833333";"9,1";"11"
"CAPESANTE";"02929";"2025-11-01 07:16:00";"-51,8339";"-64,7074666667";"9,4";"16"
"CAPESANTE";"02929";"2025-11-01 07:31:00";"-51,7968166667";"-64,6926833333";"9,6";"18"
"CAPESANTE";"02929";"2025-11-01 07:37:00";"-51,8931666667";"-64,7251666667";"9,7";"5"
"CAPESANTE";"02929";"2025-11-01 07:46:00";"-51,7592333333";"-64,6776833333";"9,2";"19"
"CAPESANTE";"02929";"2025-11-01 08:01:00";"-51,7227333333";"-64,6621";"8,1";"8"
"CAPESANTE";"02929";"2025-11-01 08:16:00";"-51,6840166667";"-64,64605";"8,5";"11"
"CAPESANTE";"02929";"2025-11-01 08:31:00";"-51,6494166667";"-64,6315333333";"9,1";"14"
"CAPESANTE";"02929";"2025-11-01 08:37:00";"-51,7432";"-64,6708166667";"8,9";"17"
"CAPESANTE";"02929";"2025-11-01 08:46:00";"-51,6129666667";"-64,6158333333";"10,4";"21"
"CAPESANTE";"02929";"2025-11-01 09:01:00";"-51,5766833333";"-64,5997333333";"9,0";"20"
"CAPESANTE";"02929";"2025-11-01 09:15:00";"-51,5406833333";"-64,58315";"9,6";"17"
"CAPESANTE";"02929";"2025-11-01 09:30:00";"-51,5051666667";"-64,5662166667";"10,9";"30"
"CAPESANTE";"02929";"2025-11-01 09:37:00";"-51,5967";"-64,6088";"10,0";"17"
"CAPESANTE";"02929";"2025-11-01 09:45:00";"-51,4702";"-64,5483666667";"8,3";"19"
"CAPESANTE";"02929";"2025-11-01 10:00:00";"-51,4332333333";"-64,52985";"9,5";"25"
"CAPESANTE";"02929";"2025-11-01 10:15:00";"-51,3969";"-64,5113833333";"8,9";"17"
"CAPESANTE";"02929";"2025-11-01 10:30:00";"-51,3639333333";"-64,4934833333";"8,6";"21"
"CAPESANTE";"02929";"2025-11-01 10:37:00";"-51,4537166667";"-64,5400333333";"9,3";"18"
"CAPESANTE";"02929";"2025-11-01 10:45:00";"-51,3291333333";"-64,47415";"9,2";"15"
"CAPESANTE";"02929";"2025-11-01 11:00:00";"-51,2941";"-64,4549833333";"9,7";"22"
"CAPESANTE";"02929";"2025-11-01 11:15:00";"-51,25925";"-64,4355";"9,7";"15"
"CAPESANTE";"02929";"2025-11-01 11:30:00";"-51,2250666667";"-64,4156166667";"8,9";"14"
"CAPESANTE";"02929";"2025-11-01 11:37:00";"-51,3131";"-64,4653833333";"9,1";"16"
"CAPESANTE";"02929";"2025-11-01 11:45:00";"-51,1903166667";"-64,3951666667";"9,3";"17"
"CAPESANTE";"02929";"2025-11-01 12:00:00";"-51,1557";"-64,3744833333";"8,2";"19"
"CAPESANTE";"02929";"2025-11-01 12:15:00";"-51,1212333333";"-64,3533333333";"8,6";"19"
"CAPESANTE";"02929";"2025-11-01 12:30:00";"-51,0871833333";"-64,3320333333";"8,5";"11"
"CAPESANTE";"02929";"2025-11-01 12:37:00";"-51,1739333333";"-64,38525";"9,2";"19"
"CAPESANTE";"02929";"2025-11-01 12:45:00";"-51,0527333333";"-64,31045";"8,5";"19"
"CAPESANTE";"02929";"2025-11-01 13:00:00";"-51,0188";"-64,2887833333";"9,0";"22"
"CAPESANTE";"02929";"2025-11-01 13:15:00";"-50,9846666667";"-64,2667";"9,0";"13"
"CAPESANTE";"02929";"2025-11-01 13:30:00";"-50,9500666667";"-64,2444166667";"10,4";"24"
"CAPESANTE";"02929";"2025-11-01 13:37:00";"-51,0363333333";"-64,2999";"8,8";"27"
"CAPESANTE";"02929";"2025-11-01 13:45:00";"-50,9151333333";"-64,2212166667";"10,4";"19"
"CAPESANTE";"02929";"2025-11-01 14:00:00";"-50,87995";"-64,1979";"8,7";"27"
"CAPESANTE";"02929";"2025-11-01 14:15:00";"-50,8427833333";"-64,1728333333";"7,9";"18"
"CAPESANTE";"02929";"2025-11-01 14:30:00";"-50,8100166667";"-64,1512";"9,4";"18"
"CAPESANTE";"02929";"2025-11-01 14:37:00";"-50,89655";"-64,2090333333";"8,9";"19"
"CAPESANTE";"02929";"2025-11-01 14:45:00";"-50,77505";"-64,1279";"10,2";"22"
"CAPESANTE";"02929";"2025-11-01 15:00:00";"-50,7400833333";"-64,10505";"10,1";"24"
"CAPESANTE";"02929";"2025-11-01 15:15:00";"-50,7048";"-64,0825";"9,3";"23"
"CAPESANTE";"02929";"2025-11-01 15:30:00";"-50,6682333333";"-64,0751333333";"8,5";"357"
"CAPESANTE";"02929";"2025-11-01 15:37:00";"-50,7579666667";"-64,1166333333";"9,5";"24"
"CAPESANTE";"02929";"2025-11-01 15:45:00";"-50,6328666667";"-64,0829833333";"8,7";"357"
"CAPESANTE";"02929";"2025-11-01 16:00:00";"-50,5957166667";"-64,09155";"8,8";"354"
"CAPESANTE";"02929";"2025-11-01 16:15:00";"-50,5585";"-64,09945";"7,8";"354"
"CAPESANTE";"02929";"2025-11-01 16:30:00";"-50,5268";"-64,1118166667";"6,3";"340"
"CAPESANTE";"02929";"2025-11-01 16:37:00";"-50,6145";"-64,08705";"8,4";"0"
"CAPESANTE";"02929";"2025-11-01 16:45:00";"-50,50345";"-64,1290666667";"4,6";"329"
"CAPESANTE";"02929";"2025-11-01 17:00:00";"-50,4884333333";"-64,13755";"4,8";"314"
"CAPESANTE";"02929";"2025-11-01 17:15:00";"-50,4718";"-64,1473833333";"3,8";"331"
"CAPESANTE";"02929";"2025-11-01 17:30:00";"-50,45585";"-64,1580333333";"4,7";"10"
"CAPESANTE";"02929";"2025-11-01 17:37:00";"-50,4957166667";"-64,1333833333";"3,8";"348"
"CAPESANTE";"02929";"2025-11-01 17:45:00";"-50,4380666667";"-64,1474333333";"1,8";"23"
"CAPESANTE";"02929";"2025-11-01 18:00:00";"-50,4168166667";"-64,1507";"5,3";"11"
"CAPESANTE";"02929";"2025-11-01 18:15:00";"-50,3978333333";"-64,1397";"5,2";"14"
"CAPESANTE";"02929";"2025-11-01 18:30:00";"-50,3900333333";"-64,1131666667";"7,5";"79"
"CAPESANTE";"02929";"2025-11-01 18:37:00";"-50,4290333333";"-64,1488833333";"6,7";"348"
"CAPESANTE";"02929";"2025-11-01 18:45:00";"-50,3886666667";"-64,0627833333";"6,4";"91"
"CAPESANTE";"02929";"2025-11-01 19:00:00";"-50,3906166667";"-64,0347833333";"7,0";"107"
"CAPESANTE";"02929";"2025-11-01 19:15:00";"-50,3966166667";"-63,9981666667";"2,3";"126"
"CAPESANTE";"02929";"2025-11-01 19:29:00";"-50,40175";"-63,9673166667";"4,1";"119"
"CAPESANTE";"02929";"2025-11-01 19:37:00";"-50,389";"-64,0485166667";"4,2";"79"
"CAPESANTE";"02929";"2025-11-01 19:44:00";"-50,3997833333";"-63,9542666667";"5,5";"18"
"CAPESANTE";"02929";"2025-11-01 19:59:00";"-50,3808833333";"-63,9459";"4,9";"13"
"CAPESANTE";"02929";"2025-11-01 20:14:00";"-50,3631666667";"-63,9399666667";"6,1";"34"
"CAPESANTE";"02929";"2025-11-01 20:29:00";"-50,3371";"-63,9283333333";"9,3";"10"
"CAPESANTE";"02929";"2025-11-01 20:37:00";"-50,393";"-63,95045";"5,5";"352"
"CAPESANTE";"02929";"2025-11-01 20:44:00";"-50,2978666667";"-63,91535";"10,1";"11"
"CAPESANTE";"02929";"2025-11-01 20:59:00";"-50,2582166667";"-63,9019333333";"9,7";"8"
"CAPESANTE";"02929";"2025-11-01 21:14:00";"-50,2185";"-63,8876333333";"10,5";"13"
"CAPESANTE";"02929";"2025-11-01 21:29:00";"-50,1784166667";"-63,8733666667";"9,9";"14"
"CAPESANTE";"02929";"2025-11-01 21:37:00";"-50,27645";"-63,9083";"10,4";"7"
"CAPESANTE";"02929";"2025-11-01 21:44:00";"-50,1383333333";"-63,8580666667";"9,7";"14"
"CAPESANTE";"02929";"2025-11-01 21:59:00";"-50,09645";"-63,8412166667";"9,7";"16"
"CAPESANTE";"02929";"2025-11-01 22:14:00";"-50,05615";"-63,82515";"10,1";"21"
"CAPESANTE";"02929";"2025-11-01 22:29:00";"-50,0201666667";"-63,8033166667";"10,4";"24"
"CAPESANTE";"02929";"2025-11-01 22:37:00";"-50,1178";"-63,84985";"9,3";"15"
"CAPESANTE";"02929";"2025-11-01 22:44:00";"-49,98135";"-63,77735";"10,4";"30"
"CAPESANTE";"02929";"2025-11-01 22:59:00";"-49,9449";"-63,7427333333";"10,1";"37"
"CAPESANTE";"02929";"2025-11-01 23:14:00";"-49,9096666667";"-63,70455";"10,7";"35"
"CAPESANTE";"02929";"2025-11-01 23:29:00";"-49,8742833333";"-63,6664666667";"10,4";"28"
"CAPESANTE";"02929";"2025-11-01 23:37:00";"-49,9609666667";"-63,7598666667";"9,9";"28"
"CAPESANTE";"02929";"2025-11-01 23:44:00";"-49,8388166667";"-63,6276166667";"9,7";"41"
"CAPESANTE";"02929";"2025-11-01 23:59:00";"-49,8033666667";"-63,5889";"10,6";"31"
"CAPESANTE";"02929";"2025-11-02 00:14:00";"-49,7657333333";"-63,5478833333";"10,3";"38"
"CAPESANTE";"02929";"2025-11-02 00:29:00";"-49,7316166667";"-63,51035";"10,3";"36"
"CAPESANTE";"02929";"2025-11-02 00:37:00";"-49,8199";"-63,6069833333";"9,5";"36"
"CAPESANTE";"02929";"2025-11-02 00:44:00";"-49,69555";"-63,47115";"10,8";"35"
"CAPESANTE";"02929";"2025-11-02 00:59:00";"-49,6594833333";"-63,4316833333";"11,2";"31"
"CAPESANTE";"02929";"2025-11-02 01:14:00";"-49,6233";"-63,3918666667";"11,2";"35"
"CAPESANTE";"02929";"2025-11-02 01:29:00";"-49,5871666667";"-63,3524";"10,7";"34"
"CAPESANTE";"02929";"2025-11-02 01:37:00";"-49,67585";"-63,4494";"10,7";"41"
"CAPESANTE";"02929";"2025-11-02 01:44:00";"-49,5513";"-63,3131666667";"15,8";"37"
"CAPESANTE";"02929";"2025-11-02 01:59:00";"-49,5155";"-63,2743166667";"10,2";"33"
"CAPESANTE";"02929";"2025-11-02 02:14:00";"-49,4797";"-63,2354333333";"10,4";"39"
"CAPESANTE";"02929";"2025-11-02 02:29:00";"-49,4448333333";"-63,19415";"10,2";"42"
"CAPESANTE";"02929";"2025-11-02 02:37:00";"-49,5308";"-63,2910333333";"10,8";"31"
"CAPESANTE";"02929";"2025-11-02 02:44:00";"-49,4102833333";"-63,1517333333";"11,6";"37"
"CAPESANTE";"02929";"2025-11-02 02:59:00";"-49,3754666667";"-63,1089666667";"10,2";"44"
"CAPESANTE";"02929";"2025-11-02 03:14:00";"-49,34065";"-63,06655";"10,5";"39"
"CAPESANTE";"02929";"2025-11-02 03:29:00";"-49,3041333333";"-63,0229666667";"11,1";"40"
"CAPESANTE";"02929";"2025-11-02 03:37:00";"-49,3909";"-63,12785";"10,1";"40"
"CAPESANTE";"02929";"2025-11-02 03:44:00";"-49,2708666667";"-62,9824333333";"11,2";"37"
"CAPESANTE";"02929";"2025-11-02 03:59:00";"-49,2360666667";"-62,9406166667";"10,7";"34"
"CAPESANTE";"02929";"2025-11-02 04:14:00";"-49,2014833333";"-62,8994";"11,0";"39"
"CAPESANTE";"02929";"2025-11-02 04:29:00";"-49,1672333333";"-62,8570833333";"11,0";"43"
"CAPESANTE";"02929";"2025-11-02 04:37:00";"-49,2512833333";"-62,9588333333";"10,7";"37"
"CAPESANTE";"02929";"2025-11-02 04:44:00";"-49,1349333333";"-62,8123333333";"11,1";"40"
"CAPESANTE";"02929";"2025-11-02 04:59:00";"-49,1032333333";"-62,7683833333";"9,1";"42"
"CAPESANTE";"02929";"2025-11-02 05:14:00";"-49,0714";"-62,7254";"11,0";"37"
"CAPESANTE";"02929";"2025-11-02 05:28:00";"-49,0398";"-62,6825833333";"10,4";"42"
"CAPESANTE";"02929";"2025-11-02 05:37:00";"-49,1162";"-62,7864";"10,6";"36"
"CAPESANTE";"02929";"2025-11-02 05:43:00";"-49,0081";"-62,6404166667";"9,9";"41"
"CAPESANTE";"02929";"2025-11-02 05:58:00";"-48,9767666667";"-62,5980833333";"9,8";"37"
"CAPESANTE";"02929";"2025-11-02 06:13:00";"-48,9456833333";"-62,55625";"9,1";"37"
"CAPESANTE";"02929";"2025-11-02 06:28:00";"-48,9139166667";"-62,5126833333";"10,5";"42"
"CAPESANTE";"02929";"2025-11-02 06:37:00";"-48,9897666667";"-62,61595";"10,1";"41"
"CAPESANTE";"02929";"2025-11-02 06:43:00";"-48,8852833333";"-62,4711666667";"10,1";"42"
"CAPESANTE";"02929";"2025-11-02 06:58:00";"-48,8557833333";"-62,4299";"9,6";"44"
"CAPESANTE";"02929";"2025-11-02 07:13:00";"-48,8263333333";"-62,3882666667";"9,5";"39"
"CAPESANTE";"02929";"2025-11-02 07:28:00";"-48,7967666667";"-62,34585";"10,1";"40"
"CAPESANTE";"02929";"2025-11-02 07:37:00";"-48,8675";"-62,4461833333";"10,3";"36"
"CAPESANTE";"02929";"2025-11-02 07:43:00";"-48,7673";"-62,3033666667";"11,4";"39"
"CAPESANTE";"02929";"2025-11-02 07:58:00";"-48,73855";"-62,2616";"9,5";"43"
"CAPESANTE";"02929";"2025-11-02 08:13:00";"-48,70865";"-62,2189";"9,8";"42"
"CAPESANTE";"02929";"2025-11-02 08:28:00";"-48,6809833333";"-62,1790833333";"9,6";"38"
"CAPESANTE";"02929";"2025-11-02 08:37:00";"-48,7499833333";"-62,2781833333";"8,4";"34"
"CAPESANTE";"02929";"2025-11-02 08:43:00";"-48,651";"-62,13575";"9,8";"38"
"CAPESANTE";"02929";"2025-11-02 08:58:00";"-48,6231333333";"-62,0953666667";"9,2";"35"
"CAPESANTE";"02929";"2025-11-02 09:13:00";"-48,5944";"-62,0538666667";"9,5";"43"
"CAPESANTE";"02929";"2025-11-02 09:28:00";"-48,5649833333";"-62,0119166667";"10,2";"40"
"CAPESANTE";"02929";"2025-11-02 09:37:00";"-48,6341333333";"-62,1115166667";"9,2";"43"
"CAPESANTE";"02929";"2025-11-02 09:43:00";"-48,5370666667";"-61,9708666667";"8,7";"41"
"CAPESANTE";"02929";"2025-11-02 09:58:00";"-48,5068666667";"-61,9271666667";"8,2";"44"
"CAPESANTE";"02929";"2025-11-02 10:13:00";"-48,4799166667";"-61,8876333333";"8,5";"44"
"CAPESANTE";"02929";"2025-11-02 10:28:00";"-48,4501666667";"-61,8412833333";"10,1";"45"
"CAPESANTE";"02929";"2025-11-02 10:37:00";"-48,5198166667";"-61,946";"9,5";"46"
"CAPESANTE";"02929";"2025-11-02 10:43:00";"-48,42555";"-61,7998333333";"8,3";"56"
"CAPESANTE";"02929";"2025-11-02 10:58:00";"-48,3988833333";"-61,75415";"5,4";"61"
"CAPESANTE";"02929";"2025-11-02 11:13:00";"-48,3719833333";"-61,7072666667";"9,7";"46"
"CAPESANTE";"02929";"2025-11-02 11:28:00";"-48,3432166667";"-61,6564833333";"9,2";"47"
"CAPESANTE";"02929";"2025-11-02 11:37:00";"-48,4092";"-61,7718333333";"10,4";"56"
"CAPESANTE";"02929";"2025-11-02 11:43:00";"-48,3197166667";"-61,6137";"11,3";"34"
"CAPESANTE";"02929";"2025-11-02 11:58:00";"-48,2949166667";"-61,5775166667";"7,8";"40"
"CAPESANTE";"02929";"2025-11-02 12:13:00";"-48,2615333333";"-61,5613333333";"8,8";"5"
"CAPESANTE";"02929";"2025-11-02 12:28:00";"-48,2213";"-61,55315";"9,6";"5"
"CAPESANTE";"02929";"2025-11-02 12:37:00";"-48,3034";"-61,5887333333";"7,4";"45"
"CAPESANTE";"02929";"2025-11-02 12:43:00";"-48,1813833333";"-61,54525";"10,2";"5"
"CAPESANTE";"02929";"2025-11-02 12:58:00";"-48,13945";"-61,5364166667";"10,9";"5"
"CAPESANTE";"02929";"2025-11-02 13:13:00";"-48,1017166667";"-61,52865";"10,4";"2"
"CAPESANTE";"02929";"2025-11-02 13:28:00";"-48,0615";"-61,5193";"11,2";"7"
"CAPESANTE";"02929";"2025-11-02 13:37:00";"-48,1551";"-61,5398666667";"9,2";"5"
"CAPESANTE";"02929";"2025-11-02 13:43:00";"-48,0210666667";"-61,5098166667";"10,4";"12"
"CAPESANTE";"02929";"2025-11-02 13:58:00";"-47,98045";"-61,50005";"8,9";"7"
"CAPESANTE";"02929";"2025-11-02 14:13:00";"-47,93975";"-61,4901833333";"9,0";"2"
"CAPESANTE";"02929";"2025-11-02 14:28:00";"-47,8967666667";"-61,4796666667";"9,0";"2"
"CAPESANTE";"02929";"2025-11-02 14:37:00";"-47,9955166667";"-61,5035666667";"11,7";"13"
"CAPESANTE";"02929";"2025-11-02 14:43:00";"-47,8577";"-61,4697833333";"9,8";"4"
"CAPESANTE";"02929";"2025-11-02 14:58:00";"-47,8159833333";"-61,4597333333";"9,9";"8"
"CAPESANTE";"02929";"2025-11-02 15:13:00";"-47,7740666667";"-61,4493833333";"9,0";"5"
"CAPESANTE";"02929";"2025-11-02 15:28:00";"-47,7320833333";"-61,4385333333";"12,8";"4"
"CAPESANTE";"02929";"2025-11-02 15:37:00";"-47,8304166667";"-61,4633333333";"9,1";"0"
"CAPESANTE";"02929";"2025-11-02 15:42:00";"-47,69015";"-61,4276166667";"13,5";"6"
"CAPESANTE";"02929";"2025-11-02 15:57:00";"-47,6478833333";"-61,4171666667";"10,8";"8"
"CAPESANTE";"02929";"2025-11-02 16:12:00";"-47,6061833333";"-61,4068833333";"8,8";"7"
"CAPESANTE";"02929";"2025-11-02 16:27:00";"-47,5622";"-61,3961666667";"11,0";"23"
"CAPESANTE";"02929";"2025-11-02 16:37:00";"-47,66215";"-61,4209166667";"10,2";"10"
"CAPESANTE";"02929";"2025-11-02 16:42:00";"-47,5223";"-61,3876333333";"11,3";"11"
"CAPESANTE";"02929";"2025-11-02 16:57:00";"-47,4805333333";"-61,3787666667";"9,5";"11"
"CAPESANTE";"02929";"2025-11-02 17:12:00";"-47,4389";"-61,3695333333";"9,7";"4"
"CAPESANTE";"02929";"2025-11-02 17:27:00";"-47,3966833333";"-61,3607166667";"9,2";"1"
"CAPESANTE";"02929";"2025-11-02 17:37:00";"-47,49525";"-61,3817833333";"10,2";"11"
"CAPESANTE";"02929";"2025-11-02 17:42:00";"-47,3546666667";"-61,3520333333";"10,1";"8"
"CAPESANTE";"02929";"2025-11-02 17:57:00";"-47,3125333333";"-61,3436333333";"9,1";"7"
"CAPESANTE";"02929";"2025-11-02 18:12:00";"-47,2704166667";"-61,3356833333";"8,8";"1"
"CAPESANTE";"02929";"2025-11-02 18:27:00";"-47,2282666667";"-61,3267666667";"10,7";"2"
"CAPESANTE";"02929";"2025-11-02 18:37:00";"-47,3268333333";"-61,3465666667";"10,5";"8"
"CAPESANTE";"02929";"2025-11-02 18:42:00";"-47,1860333333";"-61,3175166667";"11,2";"19"
"CAPESANTE";"02929";"2025-11-02 18:57:00";"-47,14425";"-61,3167";"8,8";"357"
"CAPESANTE";"02929";"2025-11-02 19:12:00";"-47,1012666667";"-61,3180166667";"8,9";"350"
"CAPESANTE";"02929";"2025-11-02 19:27:00";"-47,0603166667";"-61,31925";"10,3";"354"
"CAPESANTE";"02929";"2025-11-02 19:37:00";"-47,1574166667";"-61,3163666667";"10,4";"0"
"CAPESANTE";"02929";"2025-11-02 19:42:00";"-47,01935";"-61,3199";"8,8";"349"
"CAPESANTE";"02929";"2025-11-02 19:57:00";"-46,97665";"-61,3207666667";"9,4";"358"
"CAPESANTE";"02929";"2025-11-02 20:12:00";"-46,9368333333";"-61,3216833333";"11,4";"5"
"CAPESANTE";"02929";"2025-11-02 20:27:00";"-46,8936333333";"-61,3226333333";"10,7";"359"
"CAPESANTE";"02929";"2025-11-02 20:37:00";"-46,9914833333";"-61,3203333333";"11,3";"13"
"CAPESANTE";"02929";"2025-11-02 20:42:00";"-46,8555666667";"-61,3214666667";"9,7";"357"
"CAPESANTE";"02929";"2025-11-02 20:57:00";"-46,8148833333";"-61,3188166667";"9,9";"358"
"CAPESANTE";"02929";"2025-11-02 21:12:00";"-46,7760666667";"-61,3159";"8,7";"2"
"CAPESANTE";"02929";"2025-11-02 21:27:00";"-46,7387";"-61,31325";"9,2";"4"
"CAPESANTE";"02929";"2025-11-02 21:37:00";"-46,8270666667";"-61,3196666667";"10,8";"0"
"CAPESANTE";"02929";"2025-11-02 21:42:00";"-46,7137166667";"-61,3118333333";"6,7";"6"
"CAPESANTE";"02929";"2025-11-02 21:57:00";"-46,6942833333";"-61,3014166667";"5,0";"24"
"CAPESANTE";"02929";"2025-11-02 22:12:00";"-46,66995";"-61,2858";"8,2";"17"
"CAPESANTE";"02929";"2025-11-02 22:27:00";"-46,6380333333";"-61,26825";"7,8";"21"
"CAPESANTE";"02929";"2025-11-02 22:37:00";"-46,7012833333";"-61,3053666667";"5,6";"18"
"CAPESANTE";"02929";"2025-11-02 22:42:00";"-46,6028";"-61,25115";"9,9";"13"
"CAPESANTE";"02929";"2025-11-02 22:57:00";"-46,5628833333";"-61,2333";"9,8";"15"
"CAPESANTE";"02929";"2025-11-02 23:12:00";"-46,5223166667";"-61,2154833333";"10,3";"12"
"CAPESANTE";"02929";"2025-11-02 23:27:00";"-46,48205";"-61,1991833333";"11,5";"13"
"CAPESANTE";"02929";"2025-11-02 23:37:00";"-46,5758166667";"-61,239";"10,2";"19"
"CAPESANTE";"02929";"2025-11-02 23:42:00";"-46,4422833333";"-61,1824333333";"10,0";"15"
"CAPESANTE";"02929";"2025-11-02 23:57:00";"-46,4016";"-61,1644333333";"10,0";"13"
"CAPESANTE";"02929";"2025-11-03 00:12:00";"-46,3642333333";"-61,1481166667";"9,2";"16"
"CAPESANTE";"02929";"2025-11-03 00:27:00";"-46,3249";"-61,1314";"9,8";"12"
"CAPESANTE";"02929";"2025-11-03 00:37:00";"-46,4153833333";"-61,1705833333";"10,1";"16"
"CAPESANTE";"02929";"2025-11-03 00:42:00";"-46,2854333333";"-61,1145666667";"10,4";"20"
"CAPESANTE";"02929";"2025-11-03 00:57:00";"-46,2462166667";"-61,09785";"9,6";"23"
"CAPESANTE";"02929";"2025-11-03 01:12:00";"-46,2077666667";"-61,08105";"10,3";"16"
"CAPESANTE";"02929";"2025-11-03 01:37:00";"-46,2557333333";"-61,1020166667";"9,1";"17"
"CAPESANTE";"02929";"2025-11-03 01:41:00";"-46,1329333333";"-61,0485333333";"9,0";"21"
"CAPESANTE";"02929";"2025-11-03 01:56:00";"-46,0953833333";"-61,0322666667";"9,0";"13"
"CAPESANTE";"02929";"2025-11-03 02:11:00";"-46,0577833333";"-61,0158333333";"7,6";"3"
"CAPESANTE";"02929";"2025-11-03 02:26:00";"-46,0199833333";"-60,9998666667";"9,7";"11"
"CAPESANTE";"02929";"2025-11-03 02:37:00";"-46,1065";"-61,0370166667";"9,8";"19"
"CAPESANTE";"02929";"2025-11-03 02:41:00";"-45,9818666667";"-60,9843166667";"9,5";"13"
"CAPESANTE";"02929";"2025-11-03 02:56:00";"-45,9441666667";"-60,9693666667";"10,2";"12"
"CAPESANTE";"02929";"2025-11-03 03:11:00";"-45,9057166667";"-60,9544";"9,0";"15"
"CAPESANTE";"02929";"2025-11-03 03:26:00";"-45,8682333333";"-60,9395666667";"9,4";"23"
"CAPESANTE";"02929";"2025-11-03 03:37:00";"-45,95495";"-60,9736333333";"9,4";"13"
"CAPESANTE";"02929";"2025-11-03 03:41:00";"-45,8314833333";"-60,9253333333";"8,3";"18"
"CAPESANTE";"02929";"2025-11-03 03:56:00";"-45,7944333333";"-60,9106";"9,2";"14"
"CAPESANTE";"02929";"2025-11-03 04:11:00";"-45,7601833333";"-60,8974333333";"9,1";"18"
"CAPESANTE";"02929";"2025-11-03 04:26:00";"-45,72455";"-60,88375";"8,8";"14"
"CAPESANTE";"02929";"2025-11-03 04:37:00";"-45,8055666667";"-60,9150166667";"8,6";"12"
"CAPESANTE";"02929";"2025-11-03 04:41:00";"-45,6891333333";"-60,8705333333";"9,3";"348"
"CAPESANTE";"02929";"2025-11-03 04:56:00";"-45,6538166667";"-60,8566166667";"9,6";"17"
"CAPESANTE";"02929";"2025-11-03 05:11:00";"-45,6177333333";"-60,8399333333";"7,4";"16"
"CAPESANTE";"02929";"2025-11-03 05:26:00";"-45,5846";"-60,82495";"8,4";"15"
"CAPESANTE";"02929";"2025-11-03 05:37:00";"-45,6628166667";"-60,8604666667";"8,8";"18"
"CAPESANTE";"02929";"2025-11-03 05:41:00";"-45,5499333333";"-60,8094666667";"8,3";"21"
"CAPESANTE";"02929";"2025-11-03 05:56:00";"-45,5158333333";"-60,7917";"8,6";"18"
"CAPESANTE";"02929";"2025-11-03 06:11:00";"-45,48215";"-60,7731666667";"8,1";"25"
"CAPESANTE";"02929";"2025-11-03 06:26:00";"-45,4485666667";"-60,7546833333";"7,7";"21"
"CAPESANTE";"02929";"2025-11-03 06:37:00";"-45,5247";"-60,7966";"8,7";"16"
"CAPESANTE";"02929";"2025-11-03 06:41:00";"-45,4150166667";"-60,7365166667";"8,7";"23"
"CAPESANTE";"02929";"2025-11-03 06:56:00";"-45,3830333333";"-60,72";"8,1";"21"
"CAPESANTE";"02929";"2025-11-03 07:11:00";"-45,3515166667";"-60,70335";"7,6";"23"
"CAPESANTE";"02929";"2025-11-03 07:26:00";"-45,31965";"-60,6846";"8,5";"21"
"CAPESANTE";"02929";"2025-11-03 07:37:00";"-45,3900666667";"-60,7235666667";"8,4";"22"
"CAPESANTE";"02929";"2025-11-03 07:41:00";"-45,2883666667";"-60,6658333333";"8,0";"23"
"CAPESANTE";"02929";"2025-11-03 07:56:00";"-45,2573666667";"-60,64675";"7,1";"19"
"CAPESANTE";"02929";"2025-11-03 08:11:00";"-45,2270166667";"-60,62835";"6,3";"24"
"CAPESANTE";"02929";"2025-11-03 08:26:00";"-45,1964166667";"-60,6098833333";"6,5";"17"
"CAPESANTE";"02929";"2025-11-03 08:37:00";"-45,2647833333";"-60,6513666667";"7,9";"26"
"CAPESANTE";"02929";"2025-11-03 08:41:00";"-45,17555";"-60,6045166667";"3,7";"357"
"CAPESANTE";"02929";"2025-11-03 08:56:00";"-45,1623666667";"-60,6046";"3,9";"245"
"CAPESANTE";"02929";"2025-11-03 09:11:00";"-45,1742333333";"-60,6118166667";"4,5";"39"
"CAPESANTE";"02929";"2025-11-03 09:26:00";"-45,159";"-60,59825";"4,3";"18"
"CAPESANTE";"02929";"2025-11-03 09:37:00";"-45,1653";"-60,6033666667";"3,7";"4"
"CAPESANTE";"02929";"2025-11-03 09:41:00";"-45,1420833333";"-60,5882666667";"4,3";"14"
"CAPESANTE";"02929";"2025-11-03 09:56:00";"-45,1262";"-60,5802333333";"5,4";"31"
"CAPESANTE";"02929";"2025-11-03 10:11:00";"-45,11275";"-60,5662166667";"5,2";"42"
"CAPESANTE";"02929";"2025-11-03 10:26:00";"-45,0944666667";"-60,55035";"4,9";"31"
"CAPESANTE";"02929";"2025-11-03 10:37:00";"-45,1305166667";"-60,584";"5,4";"33"
"CAPESANTE";"02929";"2025-11-03 10:41:00";"-45,0783";"-60,5353";"5,1";"45"
"CAPESANTE";"02929";"2025-11-03 10:56:00";"-45,0607";"-60,5126666667";"8,4";"47"
"CAPESANTE";"02929";"2025-11-03 11:11:00";"-45,0468166667";"-60,4874";"5,1";"44"
"CAPESANTE";"02929";"2025-11-03 11:26:00";"-45,03345";"-60,4712833333";"7,1";"25"
"CAPESANTE";"02929";"2025-11-03 11:37:00";"-45,0647333333";"-60,5199166667";"6,2";"46"
"CAPESANTE";"02929";"2025-11-03 11:41:00";"-45,01785";"-60,4501";"4,6";"43"
"CAPESANTE";"02929";"2025-11-03 12:10:00";"-44,9732";"-60,39415";"8,9";"44"
"CAPESANTE";"02929";"2025-11-03 12:25:00";"-44,9443833333";"-60,3564";"9,5";"42"
"CAPESANTE";"02929";"2025-11-03 12:37:00";"-45,0072666667";"-60,4377833333";"8,7";"43"
"CAPESANTE";"02929";"2025-11-03 12:40:00";"-44,9209";"-60,32505";"6,6";"46"
"CAPESANTE";"02929";"2025-11-03 12:55:00";"-44,9054166667";"-60,2949";"6,8";"73"
"CAPESANTE";"02929";"2025-11-03 13:10:00";"-44,9003166667";"-60,266";"4,5";"72"
"CAPESANTE";"02929";"2025-11-03 13:25:00";"-44,89";"-60,2546166667";"6,6";"69"
"CAPESANTE";"02929";"2025-11-03 13:37:00";"-44,9090833333";"-60,3025833333";"7,2";"53"
"CAPESANTE";"02929";"2025-11-03 13:40:00";"-44,88885";"-60,22795";"2,3";"93"
"CAPESANTE";"02929";"2025-11-03 13:55:00";"-44,8865166667";"-60,2454166667";"3,9";"263"
"CAPESANTE";"02929";"2025-11-03 14:10:00";"-44,8879666667";"-60,2653333333";"2,8";"230"
"CAPESANTE";"02929";"2025-11-03 14:25:00";"-44,8785833333";"-60,28965";"5,4";"347"
"CAPESANTE";"02929";"2025-11-03 14:37:00";"-44,88635";"-60,2402166667";"5,2";"266"
"CAPESANTE";"02929";"2025-11-03 14:40:00";"-44,8627166667";"-60,2945166667";"2,2";"0"
"CAPESANTE";"02929";"2025-11-03 14:55:00";"-44,84135";"-60,29895";"4,7";"349"
"CAPESANTE";"02929";"2025-11-03 15:10:00";"-44,82265";"-60,2998166667";"6,3";"356"
"CAPESANTE";"02929";"2025-11-03 15:25:00";"-44,8027333333";"-60,3011333333";"4,6";"6"
"CAPESANTE";"02929";"2025-11-03 15:37:00";"-44,8444833333";"-60,2986";"4,7";"8"
"CAPESANTE";"02929";"2025-11-03 15:40:00";"-44,7878666667";"-60,3139833333";"5,9";"291"
"CAPESANTE";"02929";"2025-11-03 15:55:00";"-44,7797";"-60,33535";"4,3";"297"
"CAPESANTE";"02929";"2025-11-03 16:10:00";"-44,7696166667";"-60,3578166667";"4,2";"305"
"CAPESANTE";"02929";"2025-11-03 16:25:00";"-44,7598833333";"-60,3790833333";"4,2";"296"
"CAPESANTE";"02929";"2025-11-03 16:37:00";"-44,7813333333";"-60,3310833333";"4,2";"303"
"CAPESANTE";"02929";"2025-11-03 16:40:00";"-44,7506";"-60,4056833333";"5,2";"317"
"CAPESANTE";"02929";"2025-11-03 16:55:00";"-44,74255";"-60,4272666667";"1,9";"304"
"CAPESANTE";"02929";"2025-11-03 17:10:00";"-44,7331166667";"-60,4516333333";"4,5";"303"
"CAPESANTE";"02929";"2025-11-03 17:25:00";"-44,7246";"-60,4722";"3,2";"333"
"CAPESANTE";"02929";"2025-11-03 17:37:00";"-44,7438";"-60,4241666667";"4,1";"298"
"CAPESANTE";"02929";"2025-11-03 17:40:00";"-44,7315666667";"-60,4732";"3,7";"170"
"CAPESANTE";"02929";"2025-11-03 17:55:00";"-44,7457166667";"-60,471";"2,5";"151"
"CAPESANTE";"02929";"2025-11-03 18:10:00";"-44,7298833333";"-60,4851333333";"4,6";"338"
"CAPESANTE";"02929";"2025-11-03 18:25:00";"-44,7131333333";"-60,4888666667";"6,6";"38"
"CAPESANTE";"02929";"2025-11-03 18:37:00";"-44,7444833333";"-60,4718166667";"1,0";"162"
"CAPESANTE";"02929";"2025-11-03 18:40:00";"-44,6975333333";"-60,472";"4,8";"33"
"CAPESANTE";"02929";"2025-11-03 18:55:00";"-44,6813833333";"-60,4650666667";"7,1";"356"
"CAPESANTE";"02929";"2025-11-03 19:10:00";"-44,6614166667";"-60,4643166667";"4,2";"2"
"CAPESANTE";"02929";"2025-11-03 19:25:00";"-44,6395833333";"-60,4556";"8,9";"27"
"CAPESANTE";"02929";"2025-11-03 19:37:00";"-44,6855666667";"-60,4647833333";"6,4";"342"
"CAPESANTE";"02929";"2025-11-03 19:40:00";"-44,6026";"-60,4274666667";"11,1";"24"
"CAPESANTE";"02929";"2025-11-03 19:55:00";"-44,5657833333";"-60,39815";"9,5";"28"
"CAPESANTE";"02929";"2025-11-03 20:10:00";"-44,52835";"-60,3709666667";"9,4";"25"
"CAPESANTE";"02929";"2025-11-03 20:25:00";"-44,4908";"-60,34495";"9,2";"25"
"CAPESANTE";"02929";"2025-11-03 20:37:00";"-44,57255";"-60,4036";"11,0";"28"
"CAPESANTE";"02929";"2025-11-03 20:40:00";"-44,4547166667";"-60,3196";"9,5";"27"
"CAPESANTE";"02929";"2025-11-03 20:55:00";"-44,4184833333";"-60,2932166667";"9,3";"33"
"CAPESANTE";"02929";"2025-11-03 21:10:00";"-44,38455";"-60,2678833333";"8,6";"27"
"CAPESANTE";"02929";"2025-11-03 21:25:00";"-44,3491166667";"-60,24095";"9,3";"30"
"CAPESANTE";"02929";"2025-11-03 21:37:00";"-44,4257833333";"-60,2984666667";"9,3";"30"
"CAPESANTE";"02929";"2025-11-03 21:40:00";"-44,3133166667";"-60,2136";"10,0";"31"
"CAPESANTE";"02929";"2025-11-03 21:54:00";"-44,2776166667";"-60,1865833333";"9,1";"27"
"CAPESANTE";"02929";"2025-11-03 22:09:00";"-44,2422333333";"-60,1594333333";"9,2";"32"
"CAPESANTE";"02929";"2025-11-03 22:24:00";"-44,2066166667";"-60,1319833333";"9,7";"31"
"CAPESANTE";"02929";"2025-11-03 22:37:00";"-44,2829333333";"-60,1905666667";"9,1";"25"
"CAPESANTE";"02929";"2025-11-03 22:39:00";"-44,1710666667";"-60,1048333333";"9,7";"27"
"CAPESANTE";"02929";"2025-11-03 22:54:00";"-44,13445";"-60,0798333333";"10,0";"27"
"CAPESANTE";"02929";"2025-11-03 23:09:00";"-44,0982166667";"-60,05445";"10,0";"26"
"CAPESANTE";"02929";"2025-11-03 23:24:00";"-44,0624333333";"-60,0288833333";"9,7";"25"
"CAPESANTE";"02929";"2025-11-03 23:37:00";"-44,1393166667";"-60,0832166667";"10,2";"24"
"CAPESANTE";"02929";"2025-11-03 23:39:00";"-44,0267333333";"-60,0030833333";"9,6";"29"
"CAPESANTE";"02929";"2025-11-03 23:54:00";"-43,9902666667";"-59,9764333333";"10,5";"29"
"CAPESANTE";"02929";"2025-11-04 00:09:00";"-43,9536166667";"-59,9503833333";"11,0";"17"
"CAPESANTE";"02929";"2025-11-04 00:24:00";"-43,91555";"-59,9232333333";"9,3";"29"
"CAPESANTE";"02929";"2025-11-04 00:37:00";"-43,9959833333";"-59,9805833333";"9,7";"24"
"CAPESANTE";"02929";"2025-11-04 00:39:00";"-43,8801333333";"-59,89835";"10,3";"19"
"CAPESANTE";"02929";"2025-11-04 00:54:00";"-43,8431166667";"-59,87355";"9,3";"24"
"CAPESANTE";"02929";"2025-11-04 01:09:00";"-43,8048666667";"-59,8507";"10,5";"22"
"CAPESANTE";"02929";"2025-11-04 01:24:00";"-43,7658833333";"-59,8275666667";"11,4";"24"
"CAPESANTE";"02929";"2025-11-04 01:37:00";"-43,8483";"-59,87665";"10,3";"23"
"CAPESANTE";"02929";"2025-11-04 01:39:00";"-43,727";"-59,80425";"11,3";"24"
"CAPESANTE";"02929";"2025-11-04 01:54:00";"-43,6883166667";"-59,7813666667";"10,6";"25"
"CAPESANTE";"02929";"2025-11-04 02:09:00";"-43,6493333333";"-59,7591666667";"10,1";"23"
"CAPESANTE";"02929";"2025-11-04 02:24:00";"-43,6107333333";"-59,7362833333";"11,5";"21"
"CAPESANTE";"02929";"2025-11-04 02:37:00";"-43,69305";"-59,7842";"9,8";"24"
"CAPESANTE";"02929";"2025-11-04 02:39:00";"-43,5721";"-59,7138";"6,3";"24"
"CAPESANTE";"02929";"2025-11-04 02:54:00";"-43,5335666667";"-59,6918833333";"11,5";"21"
"CAPESANTE";"02929";"2025-11-04 03:09:00";"-43,4946666667";"-59,67025";"10,1";"19"
"CAPESANTE";"02929";"2025-11-04 03:24:00";"-43,4555666667";"-59,64895";"10,5";"19"
"CAPESANTE";"02929";"2025-11-04 03:37:00";"-43,5367166667";"-59,6936166667";"8,8";"24"
"CAPESANTE";"02929";"2025-11-04 03:39:00";"-43,4164166667";"-59,6279333333";"9,1";"21"
"CAPESANTE";"02929";"2025-11-04 03:54:00";"-43,37635";"-59,6056833333";"10,2";"20"
"CAPESANTE";"02929";"2025-11-04 04:09:00";"-43,3396333333";"-59,5813666667";"9,3";"27"
"CAPESANTE";"02929";"2025-11-04 04:24:00";"-43,3014";"-59,5558666667";"10,6";"23"
"CAPESANTE";"02929";"2025-11-04 04:37:00";"-43,3822166667";"-59,6091";"9,6";"23"
"CAPESANTE";"02929";"2025-11-04 04:39:00";"-43,2631166667";"-59,5307666667";"10,3";"25"
"CAPESANTE";"02929";"2025-11-04 04:54:00";"-43,2244";"-59,50635";"10,8";"27"
"CAPESANTE";"02929";"2025-11-04 05:09:00";"-43,1862333333";"-59,4824333333";"9,8";"24"
"CAPESANTE";"02929";"2025-11-04 05:24:00";"-43,1486333333";"-59,45945";"9,9";"20"
"CAPESANTE";"02929";"2025-11-04 05:37:00";"-43,22875";"-59,50905";"10,0";"24"
"CAPESANTE";"02929";"2025-11-04 05:39:00";"-43,1111";"-59,4362166667";"10,0";"24"
"CAPESANTE";"02929";"2025-11-04 05:54:00";"-43,0740333333";"-59,4113333333";"9,1";"29"
"CAPESANTE";"02929";"2025-11-04 06:09:00";"-43,0371";"-59,3863166667";"10,3";"25"
"CAPESANTE";"02929";"2025-11-04 06:24:00";"-42,9982833333";"-59,36055";"9,7";"25"
"CAPESANTE";"02929";"2025-11-04 06:37:00";"-43,0776166667";"-59,4138333333";"9,3";"24"
"CAPESANTE";"02929";"2025-11-04 06:39:00";"-42,9627166667";"-59,337";"8,2";"25"
"CAPESANTE";"02929";"2025-11-04 06:54:00";"-42,9253333333";"-59,3127833333";"10,7";"22"
"CAPESANTE";"02929";"2025-11-04 07:09:00";"-42,8882333333";"-59,2892";"8,9";"28"
"CAPESANTE";"02929";"2025-11-04 07:24:00";"-42,8513333333";"-59,26485";"9,3";"25"
"CAPESANTE";"02929";"2025-11-04 07:37:00";"-42,9284166667";"-59,31475";"9,6";"25"
"CAPESANTE";"02929";"2025-11-04 07:39:00";"-42,8144666667";"-59,2402833333";"10,6";"25"
"CAPESANTE";"02929";"2025-11-04 07:54:00";"-42,7776666667";"-59,2163166667";"9,9";"27"
"CAPESANTE";"02929";"2025-11-04 08:08:00";"-42,7406833333";"-59,1932333333";"10,8";"24"
"CAPESANTE";"02929";"2025-11-04 08:23:00";"-42,7038166667";"-59,1698";"10,1";"23"
"CAPESANTE";"02929";"2025-11-04 08:37:00";"-42,7811666667";"-59,2185333333";"9,9";"25"
"CAPESANTE";"02929";"2025-11-04 08:38:00";"-42,66745";"-59,1461";"9,1";"25"
"CAPESANTE";"02929";"2025-11-04 08:53:00";"-42,6309";"-59,12245";"10,5";"22"
"CAPESANTE";"02929";"2025-11-04 09:08:00";"-42,5944833333";"-59,09865";"9,6";"25"
"CAPESANTE";"02929";"2025-11-04 09:23:00";"-42,5579333333";"-59,0741";"9,0";"26"
"CAPESANTE";"02929";"2025-11-04 09:37:00";"-42,6339666667";"-59,1245";"9,9";"28"
"CAPESANTE";"02929";"2025-11-04 09:38:00";"-42,5211166667";"-59,0487166667";"9,0";"24"
"CAPESANTE";"02929";"2025-11-04 09:53:00";"-42,4852833333";"-59,0246833333";"9,9";"27"
"CAPESANTE";"02929";"2025-11-04 10:08:00";"-42,4463166667";"-58,99685";"10,2";"30"
"CAPESANTE";"02929";"2025-11-04 10:23:00";"-42,4115333333";"-58,9717666667";"9,9";"30"
"CAPESANTE";"02929";"2025-11-04 10:37:00";"-42,4877833333";"-59,0264";"9,3";"26"
"CAPESANTE";"02929";"2025-11-04 10:38:00";"-42,3741333333";"-58,9444333333";"10,0";"29"
"CAPESANTE";"02929";"2025-11-04 10:53:00";"-42,3398166667";"-58,9193333333";"8,1";"30"
"CAPESANTE";"02929";"2025-11-04 11:08:00";"-42,3051833333";"-58,8926166667";"9,4";"30"
"CAPESANTE";"02929";"2025-11-04 11:23:00";"-42,2942";"-58,8487833333";"8,3";"86"
"CAPESANTE";"02929";"2025-11-04 11:37:00";"-42,34065";"-58,9198666667";"8,3";"27"
"CAPESANTE";"02929";"2025-11-04 11:38:00";"-42,2894666667";"-58,81535";"4,4";"70"
"CAPESANTE";"02929";"2025-11-04 11:53:00";"-42,2854333333";"-58,7949166667";"3,3";"48"
"CAPESANTE";"02929";"2025-11-07 02:47:00";"-39,69845";"-56,235";"4,1";"266"
"CAPESANTE";"02929";"2025-11-07 03:02:00";"-39,6986833333";"-56,2406";"6,4";"92"
"CAPESANTE";"02929";"2025-11-07 03:17:00";"-39,69875";"-56,2161666667";"4,3";"85"
"CAPESANTE";"02929";"2025-11-07 03:32:00";"-39,7045333333";"-56,2030833333";"5,1";"270"
"CAPESANTE";"02929";"2025-11-07 03:37:00";"-39,6985833333";"-56,2392833333";"1,5";"242"
"CAPESANTE";"02929";"2025-11-07 03:47:00";"-39,7040333333";"-56,2283333333";"4,1";"270"
"CAPESANTE";"02929";"2025-11-07 04:02:00";"-39,7043";"-56,2448";"6,6";"80"
"CAPESANTE";"02929";"2025-11-07 04:17:00";"-39,7043666667";"-56,2199833333";"4,7";"88"
"CAPESANTE";"02929";"2025-11-07 04:32:00";"-39,7046333333";"-56,2080333333";"5,6";"270"
"CAPESANTE";"02929";"2025-11-07 04:37:00";"-39,704";"-56,23645";"4,1";"269"
"CAPESANTE";"02929";"2025-11-07 04:47:00";"-39,7045833333";"-56,23115";"5,1";"274"
"CAPESANTE";"02929";"2025-11-07 05:02:00";"-39,7049";"-56,2426166667";"6,6";"90"
"CAPESANTE";"02929";"2025-11-07 05:17:00";"-39,7049";"-56,2167833333";"4,4";"96"
"CAPESANTE";"02929";"2025-11-07 05:32:00";"-39,70515";"-56,2116666667";"4,7";"269"
"CAPESANTE";"02929";"2025-11-07 05:37:00";"-39,7045166667";"-56,2391833333";"4,0";"273"
"CAPESANTE";"02929";"2025-11-07 05:47:00";"-39,70515";"-56,2356166667";"4,1";"266"
"CAPESANTE";"02929";"2025-11-07 06:02:00";"-39,7056";"-56,23715";"4,8";"102"
"CAPESANTE";"02929";"2025-11-07 06:17:00";"-39,7055166667";"-56,2124833333";"4,6";"89"
"CAPESANTE";"02929";"2025-11-07 06:32:00";"-39,7058166667";"-56,21345";"4,8";"275"
"CAPESANTE";"02929";"2025-11-07 06:37:00";"-39,7050666667";"-56,2416833333";"1,4";"299"
"CAPESANTE";"02929";"2025-11-07 06:47:00";"-39,7058333333";"-56,2368166667";"4,2";"267"
"CAPESANTE";"02929";"2025-11-07 07:01:00";"-39,7060666667";"-56,2368166667";"4,5";"89"
"CAPESANTE";"02929";"2025-11-07 07:16:00";"-39,70605";"-56,2128666667";"4,5";"87"
"CAPESANTE";"02929";"2025-11-07 07:31:00";"-39,7063833333";"-56,2157";"4,4";"263"
"CAPESANTE";"02929";"2025-11-07 07:37:00";"-39,70555";"-56,2433833333";"3,1";"279"
"CAPESANTE";"02929";"2025-11-07 07:46:00";"-39,7062666667";"-56,23935";"4,0";"272"
"CAPESANTE";"02929";"2025-11-07 08:01:00";"-39,7066333333";"-56,2327666667";"4,7";"86"
"CAPESANTE";"02929";"2025-11-07 08:16:00";"-39,70655";"-56,2099666667";"1,3";"102"
"CAPESANTE";"02929";"2025-11-07 08:31:00";"-39,7069";"-56,22005";"4,5";"263"
"CAPESANTE";"02929";"2025-11-07 08:37:00";"-39,7059833333";"-56,2448";"5,0";"264"
"CAPESANTE";"02929";"2025-11-07 08:46:00";"-39,7068833333";"-56,2418666667";"1,6";"283"
"CAPESANTE";"02929";"2025-11-07 09:01:00";"-39,7072";"-56,2301833333";"4,5";"88"
"CAPESANTE";"02929";"2025-11-07 09:16:00";"-39,7069333333";"-56,20805";"2,6";"59"
"CAPESANTE";"02929";"2025-11-07 09:31:00";"-39,7074666667";"-56,22185";"4,5";"271"
"CAPESANTE";"02929";"2025-11-07 09:37:00";"-39,7071166667";"-56,2466833333";"4,8";"88"
"CAPESANTE";"02929";"2025-11-07 09:46:00";"-39,7073833333";"-56,24285";"3,0";"308"
"CAPESANTE";"02929";"2025-11-07 10:01:00";"-39,7077166667";"-56,2287166667";"5,1";"91"
"CAPESANTE";"02929";"2025-11-07 10:16:00";"-39,7076166667";"-56,20655";"4,0";"72"
"CAPESANTE";"02929";"2025-11-07 10:31:00";"-39,7080333333";"-56,2237166667";"4,7";"267"
"CAPESANTE";"02929";"2025-11-07 10:37:00";"-39,7078166667";"-56,2440666667";"6,3";"86"
"CAPESANTE";"02929";"2025-11-07 10:46:00";"-39,70805";"-56,2436666667";"3,8";"274"
"CAPESANTE";"02929";"2025-11-07 11:01:00";"-39,7083666667";"-56,22715";"4,8";"82"
"CAPESANTE";"02929";"2025-11-07 11:16:00";"-39,7082333333";"-56,20575";"4,1";"100"
"CAPESANTE";"02929";"2025-11-07 11:31:00";"-39,7205166667";"-56,2178";"4,5";"268"
"CAPESANTE";"02929";"2025-11-07 11:37:00";"-39,7083";"-56,2413833333";"6,1";"92"
"CAPESANTE";"02929";"2025-11-07 11:46:00";"-39,7204166667";"-56,2379833333";"2,9";"268"
"CAPESANTE";"02929";"2025-11-07 12:01:00";"-39,7207833333";"-56,2262166667";"4,8";"89"
"CAPESANTE";"02929";"2025-11-07 12:16:00";"-39,7197";"-56,2044333333";"5,1";"79"
"CAPESANTE";"02929";"2025-11-07 12:31:00";"-39,7210166667";"-56,22535";"4,5";"268"
"CAPESANTE";"02929";"2025-11-07 12:37:00";"-39,7209333333";"-56,2420666667";"6,0";"80"
"CAPESANTE";"02929";"2025-11-07 12:46:00";"-39,7205";"-56,2459833333";"4,8";"247"
"CAPESANTE";"02929";"2025-11-07 13:01:00";"-39,7214166667";"-56,2211";"4,7";"91"
"CAPESANTE";"02929";"2025-11-07 13:16:00";"-39,7216666667";"-56,2051333333";"1,9";"271"
"CAPESANTE";"02929";"2025-11-07 13:31:00";"-39,72165";"-56,2302833333";"4,4";"270"
"CAPESANTE";"02929";"2025-11-07 13:37:00";"-39,7213333333";"-56,2356";"4,7";"83"
"CAPESANTE";"02929";"2025-11-07 13:46:00";"-39,7144333333";"-56,2441166667";"8,8";"7"
"CAPESANTE";"02929";"2025-11-07 14:01:00";"-39,6751333333";"-56,2351166667";"9,8";"10"
"CAPESANTE";"02929";"2025-11-07 14:16:00";"-39,6351666667";"-56,2244";"9,9";"13"
"CAPESANTE";"02929";"2025-11-07 14:31:00";"-39,5953166667";"-56,2135";"9,5";"12"
"CAPESANTE";"02929";"2025-11-07 14:37:00";"-39,6975833333";"-56,2404";"9,3";"9"
"CAPESANTE";"02929";"2025-11-07 14:46:00";"-39,5533166667";"-56,2021833333";"10,0";"12"
"CAPESANTE";"02929";"2025-11-07 15:01:00";"-39,5154";"-56,1879833333";"10,7";"33"
"CAPESANTE";"02929";"2025-11-07 15:16:00";"-39,4785166667";"-56,1563666667";"10,7";"32"
"CAPESANTE";"02929";"2025-11-07 15:31:00";"-39,4415";"-56,1246833333";"10,7";"30"
"CAPESANTE";"02929";"2025-11-07 15:37:00";"-39,5358333333";"-56,1976333333";"10,0";"12"
"CAPESANTE";"02929";"2025-11-07 15:46:00";"-39,4041666667";"-56,09385";"10,5";"32"
"CAPESANTE";"02929";"2025-11-07 16:01:00";"-39,3671166667";"-56,06325";"10,5";"33"
"CAPESANTE";"02929";"2025-11-07 16:16:00";"-39,3312333333";"-56,0307333333";"10,8";"36"
"CAPESANTE";"02929";"2025-11-07 16:31:00";"-39,2953";"-55,998";"10,8";"34"
"CAPESANTE";"02929";"2025-11-07 16:37:00";"-39,3878666667";"-56,0804166667";"10,6";"35"
"CAPESANTE";"02929";"2025-11-07 16:46:00";"-39,25965";"-55,96465";"11,0";"42"
"CAPESANTE";"02929";"2025-11-07 17:01:00";"-39,2263666667";"-55,92815";"10,6";"40"
"CAPESANTE";"02929";"2025-11-07 17:15:00";"-39,1935833333";"-55,8910333333";"10,6";"41"
"CAPESANTE";"02929";"2025-11-07 17:30:00";"-39,16165";"-55,8530833333";"10,3";"42"
"CAPESANTE";"02929";"2025-11-07 17:37:00";"-39,24475";"-55,9481";"10,3";"42"
"CAPESANTE";"02929";"2025-11-07 17:45:00";"-39,1298833333";"-55,8152166667";"10,3";"46"
"CAPESANTE";"02929";"2025-11-07 18:00:00";"-39,0990833333";"-55,7754166667";"10,1";"51"
"CAPESANTE";"02929";"2025-11-07 18:15:00";"-39,06915";"-55,7416166667";"8,0";"1"
"CAPESANTE";"02929";"2025-11-07 18:30:00";"-39,0456666667";"-55,7400166667";"4,5";"3"
"CAPESANTE";"02929";"2025-11-07 18:37:00";"-39,1156666667";"-55,7977";"10,2";"46"
"CAPESANTE";"02929";"2025-11-07 18:45:00";"-39,0299666667";"-55,7398166667";"4,2";"0"
"CAPESANTE";"02929";"2025-11-07 19:00:00";"-39,0237166667";"-55,7181333333";"4,8";"92"
"CAPESANTE";"02929";"2025-11-07 19:15:00";"-39,0181666667";"-55,7004833333";"6,9";"1"
"CAPESANTE";"02929";"2025-11-07 19:30:00";"-38,9975333333";"-55,7004666667";"4,7";"356"
"CAPESANTE";"02929";"2025-11-07 19:37:00";"-39,0237333333";"-55,73125";"5,0";"87"
"CAPESANTE";"02929";"2025-11-07 19:45:00";"-38,98025";"-55,6961333333";"4,4";"30"
"CAPESANTE";"02929";"2025-11-07 20:00:00";"-38,9666666667";"-55,68675";"2,3";"11"
"CAPESANTE";"02929";"2025-11-07 20:15:00";"-38,97865";"-55,6953666667";"4,4";"212"
"CAPESANTE";"02929";"2025-11-07 20:30:00";"-38,99085";"-55,7053666667";"7,2";"266"
"CAPESANTE";"02929";"2025-11-07 20:37:00";"-38,9728";"-55,6906";"4,2";"28"
"CAPESANTE";"02929";"2025-11-07 20:45:00";"-38,99115";"-55,7303666667";"4,3";"268"
"CAPESANTE";"02929";"2025-11-07 21:00:00";"-38,9914666667";"-55,7309166667";"6,1";"86"
"CAPESANTE";"02929";"2025-11-07 21:15:00";"-38,9914166667";"-55,70995";"0,5";"29"
"CAPESANTE";"02929";"2025-11-07 21:30:00";"-38,9918166667";"-55,7216";"4,7";"269"
"CAPESANTE";"02929";"2025-11-07 21:37:00";"-38,9899166667";"-55,7377166667";"5,6";"247"
"CAPESANTE";"02929";"2025-11-07 21:45:00";"-38,9928666667";"-55,73935";"1,5";"115"
"CAPESANTE";"02929";"2025-11-07 22:00:00";"-39,0098";"-55,7346666667";"4,1";"175"
"CAPESANTE";"02929";"2025-11-07 22:15:00";"-39,0246166667";"-55,7331833333";"5,7";"118"
"CAPESANTE";"02929";"2025-11-07 22:30:00";"-39,0051166667";"-55,7305333333";"4,5";"354"
"CAPESANTE";"02929";"2025-11-07 22:37:00";"-39,0004833333";"-55,7345666667";"4,3";"175"
"CAPESANTE";"02929";"2025-11-07 22:45:00";"-38,9953333333";"-55,7188833333";"6,0";"87"
"CAPESANTE";"02929";"2025-11-07 23:00:00";"-38,99505";"-55,6961666667";"1,3";"63"
"CAPESANTE";"02929";"2025-11-07 23:15:00";"-38,97665";"-55,69225";"4,7";"3"
"CAPESANTE";"02929";"2025-11-07 23:30:00";"-38,9622333333";"-55,6921666667";"3,7";"2"
"CAPESANTE";"02929";"2025-11-07 23:37:00";"-38,99515";"-55,7069333333";"4,6";"96"
"CAPESANTE";"02929";"2025-11-07 23:45:00";"-38,94575";"-55,6785666667";"3,7";"38"
"CAPESANTE";"02929";"2025-11-08 00:00:00";"-38,9317166667";"-55,6688666667";"6,2";"12"
"CAPESANTE";"02929";"2025-11-08 00:15:00";"-38,9149166667";"-55,6643666667";"1,9";"9"
"CAPESANTE";"02929";"2025-11-08 00:30:00";"-38,89785";"-55,65675";"4,4";"23"
"CAPESANTE";"02929";"2025-11-08 00:37:00";"-38,9405333333";"-55,6737";"1,4";"64"
"CAPESANTE";"02929";"2025-11-08 00:45:00";"-38,8831333333";"-55,6534833333";"6,1";"348"
"CAPESANTE";"02929";"2025-11-08 01:00:00";"-38,86705";"-55,65105";"4,0";"352"
"CAPESANTE";"02929";"2025-11-08 01:15:00";"-38,8656666667";"-55,63305";"4,5";"92"
"CAPESANTE";"02929";"2025-11-08 01:30:00";"-38,866";"-55,6311";"4,5";"271"
"CAPESANTE";"02929";"2025-11-08 01:37:00";"-38,8734";"-55,6522666667";"4,4";"17"
"CAPESANTE";"02929";"2025-11-08 01:45:00";"-38,8658833333";"-55,6513833333";"3,2";"276"
"CAPESANTE";"02929";"2025-11-08 02:00:00";"-38,86635";"-55,6338333333";"4,7";"91"
"CAPESANTE";"02929";"2025-11-08 02:15:00";"-38,8666166667";"-55,6265";"5,6";"275"
"CAPESANTE";"02929";"2025-11-08 02:30:00";"-38,86665";"-55,6495666667";"1,3";"255"
"CAPESANTE";"02929";"2025-11-08 02:37:00";"-38,86635";"-55,6459666667";"5,9";"91"
"CAPESANTE";"02929";"2025-11-08 02:45:00";"-38,8669666667";"-55,6395666667";"4,5";"91"
"CAPESANTE";"02929";"2025-11-08 03:00:00";"-38,8671166667";"-55,6205666667";"9,3";"203"
"CAPESANTE";"02929";"2025-11-08 03:14:00";"-38,8671833333";"-55,6463333333";"4,2";"269"
"CAPESANTE";"02929";"2025-11-08 03:29:00";"-38,8676166667";"-55,6468";"5,0";"92"
"CAPESANTE";"02929";"2025-11-08 03:37:00";"-38,8669166667";"-55,6275666667";"3,2";"85"
"CAPESANTE";"02929";"2025-11-08 03:44:00";"-38,8674166667";"-55,6255833333";"1,6";"86"
"CAPESANTE";"02929";"2025-11-08 03:59:00";"-38,8679166667";"-55,6361833333";"4,6";"277"
"CAPESANTE";"02929";"2025-11-08 04:14:00";"-38,8674833333";"-55,6553166667";"4,1";"211"
"CAPESANTE";"02929";"2025-11-08 04:29:00";"-38,8681833333";"-55,6306";"4,1";"87"
"CAPESANTE";"02929";"2025-11-08 04:37:00";"-38,86795";"-55,6236666667";"5,7";"270"
"CAPESANTE";"02929";"2025-11-08 04:44:00";"-38,86845";"-55,6285666667";"3,8";"277"
"CAPESANTE";"02929";"2025-11-08 05:14:00";"-38,8688166667";"-55,6392";"4,5";"88"
"CAPESANTE";"02929";"2025-11-08 05:29:00";"-38,8666666667";"-55,62085";"4,6";"86"
"CAPESANTE";"02929";"2025-11-08 05:37:00";"-38,8685166667";"-55,6410166667";"4,4";"266"
"CAPESANTE";"02929";"2025-11-08 05:44:00";"-38,86905";"-55,64095";"4,6";"269"
"CAPESANTE";"02929";"2025-11-08 05:59:00";"-38,8695";"-55,6507833333";"5,5";"90"
"CAPESANTE";"02929";"2025-11-08 06:14:00";"-38,8692666667";"-55,6265";"1,4";"82"
"CAPESANTE";"02929";"2025-11-08 06:29:00";"-38,8698333333";"-55,6246";"5,9";"265"
"CAPESANTE";"02929";"2025-11-08 06:37:00";"-38,8688166667";"-55,64965";"1,8";"284"
"CAPESANTE";"02929";"2025-11-08 06:44:00";"-38,8697833333";"-55,6478333333";"2,0";"277"
"CAPESANTE";"02929";"2025-11-08 06:59:00";"-38,8700666667";"-55,6432166667";"3,0";"89"
"CAPESANTE";"02929";"2025-11-08 07:14:00";"-38,86865";"-55,6247333333";"3,2";"50"
"CAPESANTE";"02929";"2025-11-08 07:29:00";"-38,8703333333";"-55,6399";"4,5";"267"
"CAPESANTE";"02929";"2025-11-08 07:37:00";"-38,8699833333";"-55,6553666667";"3,8";"80"
"CAPESANTE";"02929";"2025-11-08 07:44:00";"-38,8703666667";"-55,6554333333";"4,9";"93"
"CAPESANTE";"02929";"2025-11-08 07:59:00";"-38,8706833333";"-55,6288166667";"4,1";"92"
"CAPESANTE";"02929";"2025-11-08 08:14:00";"-38,8709";"-55,6279666667";"4,4";"263"
"CAPESANTE";"02929";"2025-11-08 08:29:00";"-38,8705333333";"-55,6487166667";"1,5";"293"
"CAPESANTE";"02929";"2025-11-08 08:37:00";"-38,8706166667";"-55,6408";"4,6";"90"
"CAPESANTE";"02929";"2025-11-08 08:44:00";"-38,8711833333";"-55,6399166667";"3,5";"91"
"CAPESANTE";"02929";"2025-11-08 08:59:00";"-38,8701166667";"-55,6201333333";"7,2";"95"
"CAPESANTE";"02929";"2025-11-08 09:14:00";"-38,8715166667";"-55,6417666667";"4,6";"274"
"CAPESANTE";"02929";"2025-11-08 09:29:00";"-38,8717333333";"-55,6514166667";"6,1";"85"
"CAPESANTE";"02929";"2025-11-08 09:37:00";"-38,8713";"-55,6274333333";"3,6";"83"
"CAPESANTE";"02929";"2025-11-08 09:44:00";"-38,8717666667";"-55,6273";"1,9";"68"
"CAPESANTE";"02929";"2025-11-08 09:59:00";"-38,8721166667";"-55,6344666667";"4,6";"282"
"CAPESANTE";"02929";"2025-11-08 10:14:00";"-38,8718666667";"-55,6539166667";"6,4";"272"
"CAPESANTE";"02929";"2025-11-08 10:29:00";"-38,87235";"-55,6341333333";"4,6";"85"
"CAPESANTE";"02929";"2025-11-08 10:37:00";"-38,8718166667";"-55,62185";"5,9";"267"
"CAPESANTE";"02929";"2025-11-08 10:44:00";"-38,8728333333";"-55,6232166667";"5,9";"270"
"CAPESANTE";"02929";"2025-11-08 10:59:00";"-38,87265";"-55,6475666667";"3,0";"269"
"CAPESANTE";"02929";"2025-11-08 11:14:00";"-38,8729";"-55,6427166667";"4,6";"92"
"CAPESANTE";"02929";"2025-11-08 11:29:00";"-38,87235";"-55,62285";"4,3";"75"
"CAPESANTE";"02929";"2025-11-08 11:37:00";"-38,8726833333";"-55,6374666667";"4,3";"265"
"CAPESANTE";"02929";"2025-11-08 11:44:00";"-38,8732333333";"-55,6389833333";"4,3";"272"
"CAPESANTE";"02929";"2025-11-08 11:59:00";"-38,8737166667";"-55,6519833333";"6,4";"89"
"CAPESANTE";"02929";"2025-11-08 12:14:00";"-38,8734333333";"-55,62605";"4,6";"87"
"CAPESANTE";"02929";"2025-11-08 12:29:00";"-38,8738";"-55,6321166667";"4,4";"274"
"CAPESANTE";"02929";"2025-11-08 12:37:00";"-38,8731";"-55,6483";"1,3";"284"
"CAPESANTE";"02929";"2025-11-08 12:44:00";"-38,87365";"-55,6494833333";"2,2";"262"
"CAPESANTE";"02929";"2025-11-08 12:59:00";"-38,8766833333";"-55,6330833333";"4,6";"94"
"CAPESANTE";"02929";"2025-11-08 13:14:00";"-38,8767666667";"-55,6196166667";"6,3";"272"
"CAPESANTE";"02929";"2025-11-08 13:28:00";"-38,8769333333";"-55,6440166667";"4,2";"271"
"CAPESANTE";"02929";"2025-11-08 13:37:00";"-38,8767166667";"-55,6425166667";"4,6";"87"
"CAPESANTE";"02929";"2025-11-08 13:43:00";"-38,8770166667";"-55,6561833333";"6,6";"89"
"CAPESANTE";"02929";"2025-11-08 13:58:00";"-38,87725";"-55,628";"6,6";"82"
"CAPESANTE";"02929";"2025-11-08 14:13:00";"-38,8770833333";"-55,6139333333";"6,8";"262"
"CAPESANTE";"02929";"2025-11-08 14:28:00";"-38,8775333333";"-55,6421";"4,4";"272"
"CAPESANTE";"02929";"2025-11-08 14:37:00";"-38,8772333333";"-55,6384";"4,9";"90"
"CAPESANTE";"02929";"2025-11-08 14:43:00";"-38,87785";"-55,6413666667";"5,2";"89"
"CAPESANTE";"02929";"2025-11-08 14:58:00";"-38,8773833333";"-55,6187833333";"2,2";"74"
"CAPESANTE";"02929";"2025-11-08 15:13:00";"-38,85945";"-55,6144666667";"4,8";"359"
"CAPESANTE";"02929";"2025-11-08 15:28:00";"-38,8452333333";"-55,6109333333";"5,2";"150"
"CAPESANTE";"02929";"2025-11-08 15:37:00";"-38,87785";"-55,62605";"4,4";"89"
"CAPESANTE";"02929";"2025-11-08 15:43:00";"-38,8644833333";"-55,6104333333";"3,9";"180"
"CAPESANTE";"02929";"2025-11-08 15:58:00";"-38,8794166667";"-55,6164333333";"4,1";"204"
"CAPESANTE";"02929";"2025-11-08 16:13:00";"-38,8910333333";"-55,6258";"5,6";"249"
"CAPESANTE";"02929";"2025-11-08 16:28:00";"-38,9083666667";"-55,6236166667";"4,5";"167"
"CAPESANTE";"02929";"2025-11-08 16:37:00";"-38,8713333333";"-55,6123333333";"5,1";"202"
"CAPESANTE";"02929";"2025-11-08 16:43:00";"-38,9177666667";"-55,6274666667";"6,6";"351"
"CAPESANTE";"02929";"2025-11-08 16:58:00";"-38,8957";"-55,62785";"4,8";"1"
"CAPESANTE";"02929";"2025-11-08 17:13:00";"-38,8959";"-55,6275666667";"3,6";"182"
"CAPESANTE";"02929";"2025-11-08 17:28:00";"-38,91005";"-55,6278833333";"1,4";"201"
"CAPESANTE";"02929";"2025-11-08 17:37:00";"-38,9033333333";"-55,6278833333";"4,9";"0"
"CAPESANTE";"02929";"2025-11-08 17:43:00";"-38,91755";"-55,6290166667";"2,3";"67"
"CAPESANTE";"02929";"2025-11-08 17:58:00";"-38,8971";"-55,6271833333";"5,2";"359"
"CAPESANTE";"02929";"2025-11-08 18:13:00";"-38,8975333333";"-55,6266666667";"5,3";"184"
"CAPESANTE";"02929";"2025-11-08 18:28:00";"-38,91215";"-55,6273166667";"2,9";"206"
"CAPESANTE";"02929";"2025-11-08 18:37:00";"-38,9053";"-55,6271666667";"4,8";"2"
"CAPESANTE";"02929";"2025-11-08 18:43:00";"-38,8989666667";"-55,6265333333";"4,2";"1"
"CAPESANTE";"02929";"2025-11-08 18:58:00";"-38,8876";"-55,6250166667";"5,1";"194"
"CAPESANTE";"02929";"2025-11-08 19:13:00";"-38,9070833333";"-55,6260166667";"4,1";"179"
"CAPESANTE";"02929";"2025-11-08 19:28:00";"-38,9062833333";"-55,6283166667";"4,9";"359"
"CAPESANTE";"02929";"2025-11-08 19:37:00";"-38,8893";"-55,6270666667";"2,1";"350"
"CAPESANTE";"02929";"2025-11-08 19:43:00";"-38,8898666667";"-55,6290166667";"2,6";"341"
"CAPESANTE";"02929";"2025-11-08 19:58:00";"-38,8982833333";"-55,6365333333";"4,1";"178"
"CAPESANTE";"02929";"2025-11-08 20:13:00";"-38,9128166667";"-55,6376";"5,6";"178"
"CAPESANTE";"02929";"2025-11-08 20:28:00";"-38,90055";"-55,63705";"4,6";"359"
"CAPESANTE";"02929";"2025-11-08 20:37:00";"-38,8908666667";"-55,6361333333";"6,4";"189"
"CAPESANTE";"02929";"2025-11-08 20:43:00";"-38,8891833333";"-55,6436833333";"5,5";"198"
"CAPESANTE";"02929";"2025-11-08 20:58:00";"-38,9088";"-55,6441333333";"4,2";"182"
"CAPESANTE";"02929";"2025-11-08 21:13:00";"-38,90805";"-55,6458833333";"4,6";"0"
"CAPESANTE";"02929";"2025-11-08 21:28:00";"-38,8925833333";"-55,6468166667";"4,3";"326"
"CAPESANTE";"02929";"2025-11-08 21:37:00";"-38,90225";"-55,6441833333";"4,4";"182"
"CAPESANTE";"02929";"2025-11-08 21:43:00";"-38,90375";"-55,6492";"4,0";"188"
"CAPESANTE";"02929";"2025-11-08 21:58:00";"-38,91925";"-55,6481";"4,0";"172"
"CAPESANTE";"02929";"2025-11-08 22:13:00";"-38,9125";"-55,64985";"4,5";"1"
"CAPESANTE";"02929";"2025-11-08 22:28:00";"-38,8974";"-55,6529";"4,7";"316"
"CAPESANTE";"02929";"2025-11-08 22:37:00";"-38,9121666667";"-55,6495833333";"3,3";"176"
"CAPESANTE";"02929";"2025-11-08 22:43:00";"-38,8831166667";"-55,63945";"4,6";"35"
"CAPESANTE";"02929";"2025-11-08 22:58:00";"-38,8745166667";"-55,6284833333";"6,1";"161"
"CAPESANTE";"02929";"2025-11-08 23:13:00";"-38,8944666667";"-55,6267666667";"3,6";"184"
"CAPESANTE";"02929";"2025-11-08 23:27:00";"-38,89215";"-55,6271833333";"4,7";"1"
"CAPESANTE";"02929";"2025-11-08 23:37:00";"-38,8769666667";"-55,6338833333";"3,2";"20"
"CAPESANTE";"02929";"2025-11-08 23:42:00";"-38,8770833333";"-55,6287166667";"4,7";"331"
"CAPESANTE";"02929";"2025-11-08 23:57:00";"-38,8937166667";"-55,6277666667";"4,5";"175"
"CAPESANTE";"02929";"2025-11-09 00:12:00";"-38,89345";"-55,6280666667";"4,8";"357"
"CAPESANTE";"02929";"2025-11-09 00:27:00";"-38,8779166667";"-55,6280166667";"5,9";"16"
"CAPESANTE";"02929";"2025-11-09 00:37:00";"-38,8874333333";"-55,6275";"4,7";"180"
"CAPESANTE";"02929";"2025-11-09 00:42:00";"-38,8947333333";"-55,6283666667";"4,4";"186"
"CAPESANTE";"02929";"2025-11-09 01:12:00";"-38,8820333333";"-55,6287666667";"1,5";"9"
"CAPESANTE";"02929";"2025-11-09 01:27:00";"-38,88625";"-55,6292";"4,8";"180"
"CAPESANTE";"02929";"2025-11-09 01:37:00";"-38,90395";"-55,6256666667";"4,3";"188"
"CAPESANTE";"02929";"2025-11-09 01:42:00";"-38,90145";"-55,6279833333";"4,3";"255"
"CAPESANTE";"02929";"2025-11-09 01:57:00";"-38,8821333333";"-55,62955";"4,2";"2"
"CAPESANTE";"02929";"2025-11-09 02:12:00";"-38,8849333333";"-55,6298833333";"4,3";"182"
"CAPESANTE";"02929";"2025-11-09 02:27:00";"-38,8994666667";"-55,6291";"4,2";"168"
"CAPESANTE";"02929";"2025-11-09 02:37:00";"-38,8887166667";"-55,6295";"4,2";"357"
"CAPESANTE";"02929";"2025-11-09 02:42:00";"-38,885";"-55,6302";"4,1";"5"
"CAPESANTE";"02929";"2025-11-09 02:57:00";"-38,8819";"-55,6307166667";"5,5";"192"
"CAPESANTE";"02929";"2025-11-09 03:12:00";"-38,8979333333";"-55,6300333333";"1,7";"159"
"CAPESANTE";"02929";"2025-11-09 03:27:00";"-38,8883666667";"-55,6310666667";"4,2";"3"
"CAPESANTE";"02929";"2025-11-09 03:37:00";"-38,87555";"-55,6302";"3,6";"301"
"CAPESANTE";"02929";"2025-11-09 03:42:00";"-38,87415";"-55,6328833333";"3,7";"114"
"CAPESANTE";"02929";"2025-11-09 03:57:00";"-38,8935166667";"-55,6315666667";"4,6";"175"
"CAPESANTE";"02929";"2025-11-09 04:12:00";"-38,8966333333";"-55,6318833333";"5,6";"353"
"CAPESANTE";"02929";"2025-11-09 04:27:00";"-38,87965";"-55,6314";"3,1";"2"
"CAPESANTE";"02929";"2025-11-09 04:37:00";"-38,8873666667";"-55,6315333333";"4,5";"179"
"CAPESANTE";"02929";"2025-11-09 04:42:00";"-38,88995";"-55,6323166667";"4,3";"182"
"CAPESANTE";"02929";"2025-11-09 04:57:00";"-38,8992333333";"-55,6324833333";"6,0";"359"
"CAPESANTE";"02929";"2025-11-09 05:12:00";"-38,8807666667";"-55,6324333333";"1,3";"8"
"CAPESANTE";"02929";"2025-11-09 05:27:00";"-38,88745";"-55,6330166667";"4,2";"183"
"CAPESANTE";"02929";"2025-11-09 05:37:00";"-38,8987166667";"-55,6312833333";"3,9";"159"
"CAPESANTE";"02929";"2025-11-09 05:42:00";"-38,9023";"-55,63245";"4,1";"279"
"CAPESANTE";"02929";"2025-11-09 05:57:00";"-38,8822333333";"-55,6334666667";"3,9";"0"
"CAPESANTE";"02929";"2025-11-09 06:12:00";"-38,8854166667";"-55,6338166667";"4,9";"180"
"CAPESANTE";"02929";"2025-11-09 06:27:00";"-38,8996333333";"-55,6322";"5,3";"163"
"CAPESANTE";"02929";"2025-11-09 06:37:00";"-38,8880333333";"-55,6335166667";"5,9";"3"
"CAPESANTE";"02929";"2025-11-09 06:42:00";"-38,8838166667";"-55,6342166667";"4,5";"355"
"CAPESANTE";"02929";"2025-11-09 06:57:00";"-38,8829333333";"-55,6345666667";"4,2";"179"
"CAPESANTE";"02929";"2025-11-09 07:12:00";"-38,8968";"-55,6342833333";"1,4";"167"
"CAPESANTE";"02929";"2025-11-09 07:27:00";"-38,88695";"-55,6349333333";"4,7";"2"
"CAPESANTE";"02929";"2025-11-09 07:37:00";"-38,8758833333";"-55,6342666667";"4,4";"169"
"CAPESANTE";"02929";"2025-11-09 07:42:00";"-38,8771833333";"-55,6353";"5,2";"186"
"CAPESANTE";"02929";"2025-11-09 07:57:00";"-38,89505";"-55,6352666667";"1,2";"165"
"CAPESANTE";"02929";"2025-11-09 08:12:00";"-38,8903";"-55,6357333333";"4,8";"0"
"CAPESANTE";"02929";"2025-11-09 08:27:00";"-38,8746333333";"-55,6356833333";"0,8";"263"
"CAPESANTE";"02929";"2025-11-09 08:37:00";"-38,8904833333";"-55,63525";"4,5";"183"
"CAPESANTE";"02929";"2025-11-09 08:42:00";"-38,8929833333";"-55,6360833333";"3,9";"182"
"CAPESANTE";"02929";"2025-11-09 08:57:00";"-38,8999666667";"-55,63605";"7,2";"355"
"CAPESANTE";"02929";"2025-11-09 09:12:00";"-38,8795";"-55,63645";"1,6";"1"
"CAPESANTE";"02929";"2025-11-09 09:27:00";"-38,8852166667";"-55,6369166667";"4,7";"172"
"CAPESANTE";"02929";"2025-11-09 09:37:00";"-38,9028666667";"-55,6336333333";"4,1";"170"
"CAPESANTE";"02929";"2025-11-09 09:41:00";"-38,89955";"-55,6339";"7,5";"156"
"CAPESANTE";"02929";"2025-11-09 09:56:00";"-38,88135";"-55,6372833333";"4,5";"359"
"CAPESANTE";"02929";"2025-11-09 10:11:00";"-38,87335";"-55,6390833333";"2,7";"161"
"CAPESANTE";"02929";"2025-11-09 10:26:00";"-38,8860333333";"-55,6376166667";"4,1";"182"
"CAPESANTE";"02929";"2025-11-09 10:37:00";"-38,8877666667";"-55,63715";"5,0";"353"
"CAPESANTE";"02929";"2025-11-09 10:41:00";"-38,8998833333";"-55,6357166667";"7,1";"163"
"CAPESANTE";"02929";"2025-11-09 10:56:00";"-38,8828";"-55,6379166667";"4,6";"356"
"CAPESANTE";"02929";"2025-11-09 11:11:00";"-38,8814166667";"-55,6382666667";"4,0";"171"
"CAPESANTE";"02929";"2025-11-09 11:26:00";"-38,89585";"-55,6379";"1,5";"257"
"CAPESANTE";"02929";"2025-11-09 11:37:00";"-38,88795";"-55,6378833333";"4,8";"1"
"CAPESANTE";"02929";"2025-11-09 11:41:00";"-38,8852333333";"-55,63865";"4,7";"0"
"CAPESANTE";"02929";"2025-11-09 11:56:00";"-38,8775833333";"-55,6390833333";"5,6";"183"
"CAPESANTE";"02929";"2025-11-09 12:11:00";"-38,8952666667";"-55,6389166667";"0,8";"158"
"CAPESANTE";"02929";"2025-11-09 12:26:00";"-38,8884";"-55,6393666667";"4,8";"359"
"CAPESANTE";"02929";"2025-11-09 12:37:00";"-38,8749666667";"-55,6382666667";"5,2";"9"
"CAPESANTE";"02929";"2025-11-09 12:41:00";"-38,8745";"-55,6396666667";"2,1";"202"
"CAPESANTE";"02929";"2025-11-09 12:56:00";"-38,8926333333";"-55,6397";"4,5";"182"
"CAPESANTE";"02929";"2025-11-09 13:11:00";"-38,8936666667";"-55,6400333333";"4,9";"359"
"CAPESANTE";"02929";"2025-11-09 13:26:00";"-38,8776333333";"-55,6396";"3,6";"5"
"CAPESANTE";"02929";"2025-11-09 13:37:00";"-38,8887833333";"-55,6396333333";"4,2";"178"
"CAPESANTE";"02929";"2025-11-09 13:41:00";"-38,8865333333";"-55,6468166667";"4,6";"221"
"CAPESANTE";"02929";"2025-11-09 13:56:00";"-38,8953166667";"-55,6542666667";"5,4";"178"
"CAPESANTE";"02929";"2025-11-09 14:11:00";"-38,91305";"-55,65625";"1,9";"220"
"CAPESANTE";"02929";"2025-11-09 14:26:00";"-38,9193666667";"-55,6446";"4,8";"94"
"CAPESANTE";"02929";"2025-11-09 14:37:00";"-38,89095";"-55,6563";"2,2";"171"
"CAPESANTE";"02929";"2025-11-09 14:41:00";"-38,9229666667";"-55,6248666667";"5,4";"172"
"CAPESANTE";"02929";"2025-11-09 14:56:00";"-38,9076333333";"-55,6275333333";"5,0";"357"
"CAPESANTE";"02929";"2025-11-09 15:11:00";"-38,8934666667";"-55,6286333333";"6,3";"183"
"CAPESANTE";"02929";"2025-11-09 15:26:00";"-38,9103";"-55,6286333333";"0,9";"116"
"CAPESANTE";"02929";"2025-11-09 15:37:00";"-38,9128";"-55,62755";"5,0";"357"
"CAPESANTE";"02929";"2025-11-09 15:41:00";"-38,9047";"-55,6291";"4,8";"356"
"CAPESANTE";"02929";"2025-11-09 15:56:00";"-38,8897166667";"-55,6264666667";"4,2";"138"
"CAPESANTE";"02929";"2025-11-09 16:11:00";"-38,90935";"-55,62565";"4,1";"182"
"CAPESANTE";"02929";"2025-11-09 16:26:00";"-38,9068166667";"-55,62525";"4,8";"1"
"CAPESANTE";"02929";"2025-11-09 16:37:00";"-38,89245";"-55,6286166667";"3,4";"4"
"CAPESANTE";"02929";"2025-11-09 16:41:00";"-38,89075";"-55,6246333333";"4,2";"7"
"CAPESANTE";"02929";"2025-11-09 16:56:00";"-38,9047166667";"-55,62485";"3,4";"195"
"CAPESANTE";"02929";"2025-11-09 17:11:00";"-38,91625";"-55,6256666667";"5,5";"358"
"CAPESANTE";"02929";"2025-11-09 17:26:00";"-38,8940166667";"-55,6244666667";"4,8";"0"
"CAPESANTE";"02929";"2025-11-09 17:37:00";"-38,8999333333";"-55,6247";"3,7";"180"
"CAPESANTE";"02929";"2025-11-09 17:41:00";"-38,9005333333";"-55,6239833333";"4,2";"178"
"CAPESANTE";"02929";"2025-11-09 17:56:00";"-38,9143";"-55,6234";"2,4";"169"
"CAPESANTE";"02929";"2025-11-09 18:11:00";"-38,9012666667";"-55,6235333333";"4,7";"1"
"CAPESANTE";"02929";"2025-11-09 18:26:00";"-38,8931";"-55,6227666667";"5,7";"191"
"CAPESANTE";"02929";"2025-11-09 18:37:00";"-38,9133166667";"-55,6237833333";"1,0";"156"
"CAPESANTE";"02929";"2025-11-09 18:41:00";"-38,9112833333";"-55,6232333333";"2,4";"169"
"CAPESANTE";"02929";"2025-11-09 18:56:00";"-38,9059";"-55,6228333333";"4,9";"356"
"CAPESANTE";"02929";"2025-11-09 19:11:00";"-38,8898333333";"-55,6221";"3,1";"18"
"CAPESANTE";"02929";"2025-11-09 19:26:00";"-38,9022666667";"-55,6225166667";"3,8";"177"
"CAPESANTE";"02929";"2025-11-09 19:37:00";"-38,9106166667";"-55,62305";"6,5";"4"
"CAPESANTE";"02929";"2025-11-09 19:41:00";"-38,9117833333";"-55,61915";"5,1";"359"
"CAPESANTE";"02929";"2025-11-09 19:55:00";"-38,91965";"-55,62475";"4,6";"179"
"CAPESANTE";"02929";"2025-11-09 20:10:00";"-38,93045";"-55,6259";"6,2";"4"
"CAPESANTE";"02929";"2025-11-09 20:25:00";"-38,90735";"-55,6256666667";"7,3";"3"
"CAPESANTE";"02929";"2025-11-09 20:37:00";"-38,9159833333";"-55,6247666667";"4,1";"181"
"CAPESANTE";"02929";"2025-11-09 20:40:00";"-38,9188166667";"-55,6271833333";"4,4";"184"
"CAPESANTE";"02929";"2025-11-09 20:55:00";"-38,9294666667";"-55,6261833333";"5,5";"325"
"CAPESANTE";"02929";"2025-11-09 21:10:00";"-38,9089166667";"-55,6271833333";"4,3";"357"
"CAPESANTE";"02929";"2025-11-09 21:25:00";"-38,91245";"-55,6268833333";"4,2";"177"
"CAPESANTE";"02929";"2025-11-09 21:37:00";"-38,9295";"-55,62765";"3,9";"184"
"CAPESANTE";"02929";"2025-11-09 21:40:00";"-38,9278833333";"-55,6272333333";"1,9";"219"
"CAPESANTE";"02929";"2025-11-09 21:55:00";"-38,9172666667";"-55,6266833333";"4,7";"358"
"CAPESANTE";"02929";"2025-11-09 22:10:00";"-38,9022833333";"-55,6248333333";"4,0";"12"
"CAPESANTE";"02929";"2025-11-09 22:25:00";"-38,9187833333";"-55,62625";"3,9";"183"
"CAPESANTE";"02929";"2025-11-09 22:37:00";"-38,9215166667";"-55,6267333333";"4,7";"2"
"CAPESANTE";"02929";"2025-11-09 22:40:00";"-38,9338";"-55,62845";"5,0";"135"
"CAPESANTE";"02929";"2025-11-09 22:55:00";"-38,9241";"-55,6264166667";"4,4";"358"
"CAPESANTE";"02929";"2025-11-09 23:10:00";"-38,9063666667";"-55,6258833333";"1,6";"19"
"CAPESANTE";"02929";"2025-11-09 23:25:00";"-38,9140666667";"-55,6259166667";"3,4";"169"
"CAPESANTE";"02929";"2025-11-09 23:37:00";"-38,9282";"-55,6264333333";"6,3";"4"
"CAPESANTE";"02929";"2025-11-09 23:40:00";"-38,9285833333";"-55,6265";"2,6";"194"
"CAPESANTE";"02929";"2025-11-09 23:55:00";"-38,9161833333";"-55,6259833333";"4,2";"2"
"CAPESANTE";"02929";"2025-11-10 00:10:00";"-38,90195";"-55,6245166667";"3,0";"269"
"CAPESANTE";"02929";"2025-11-10 00:25:00";"-38,9207666667";"-55,6255333333";"6,4";"183"
"CAPESANTE";"02929";"2025-11-10 00:37:00";"-38,9194666667";"-55,6259666667";"4,4";"0"
"CAPESANTE";"02929";"2025-11-10 00:40:00";"-38,9302166667";"-55,6247333333";"6,0";"353"
"CAPESANTE";"02929";"2025-11-10 00:55:00";"-38,9103";"-55,6250833333";"4,4";"6"
"CAPESANTE";"02929";"2025-11-10 01:10:00";"-38,911";"-55,62875";"4,0";"183"
"CAPESANTE";"02929";"2025-11-10 01:25:00";"-38,9273";"-55,6284833333";"0,8";"175"
"CAPESANTE";"02929";"2025-11-10 01:37:00";"-38,914";"-55,62505";"4,4";"0"
"CAPESANTE";"02929";"2025-11-10 01:40:00";"-38,9196833333";"-55,6291166667";"4,6";"2"
"CAPESANTE";"02929";"2025-11-10 01:55:00";"-38,9045666667";"-55,6278666667";"3,5";"18"
"CAPESANTE";"02929";"2025-11-10 02:10:00";"-38,91815";"-55,6294666667";"0,6";"179"
"CAPESANTE";"02929";"2025-11-10 02:25:00";"-38,9302833333";"-55,6286666667";"4,6";"301"
"CAPESANTE";"02929";"2025-11-10 02:37:00";"-38,9063";"-55,6288166667";"1,6";"23"
"CAPESANTE";"02929";"2025-11-10 02:40:00";"-38,9211";"-55,6497833333";"5,0";"300"
"CAPESANTE";"02929";"2025-11-10 02:55:00";"-38,9112666667";"-55,6536833333";"6,1";"359"
"CAPESANTE";"02929";"2025-11-10 03:10:00";"-38,8938666667";"-55,6532";"1,2";"18"
"CAPESANTE";"02929";"2025-11-10 03:25:00";"-38,9004166667";"-55,6486833333";"3,6";"175"
"CAPESANTE";"02929";"2025-11-10 03:37:00";"-38,9151666667";"-55,65405";"5,2";"17"
"CAPESANTE";"02929";"2025-11-10 03:40:00";"-38,9159";"-55,6452666667";"4,2";"211"
"CAPESANTE";"02929";"2025-11-10 03:55:00";"-38,8980166667";"-55,64845";"4,3";"0"
"CAPESANTE";"02929";"2025-11-10 04:10:00";"-38,8941166667";"-55,6480333333";"5,2";"179"
"CAPESANTE";"02929";"2025-11-10 04:25:00";"-38,9107";"-55,6473";"2,4";"167"
"CAPESANTE";"02929";"2025-11-10 04:37:00";"-38,901";"-55,6484166667";"4,7";"2"
"CAPESANTE";"02929";"2025-11-10 04:40:00";"-38,9028833333";"-55,6426666667";"0,9";"1"
"CAPESANTE";"02929";"2025-11-10 04:55:00";"-38,8883333333";"-55,6451166667";"5,8";"280"
"CAPESANTE";"02929";"2025-11-10 05:10:00";"-38,9062333333";"-55,64755";"3,7";"177"
"CAPESANTE";"02929";"2025-11-10 05:25:00";"-38,9084833333";"-55,6471833333";"6,5";"1"
"CAPESANTE";"02929";"2025-11-10 05:37:00";"-38,89065";"-55,6417";"4,1";"347"
"CAPESANTE";"02929";"2025-11-10 05:40:00";"-38,8919166667";"-55,6463833333";"2,2";"32"
"CAPESANTE";"02929";"2025-11-10 05:54:00";"-38,90075";"-55,6468166667";"3,5";"179"
"CAPESANTE";"02929";"2025-11-10 06:09:00";"-38,9139333333";"-55,6449833333";"6,2";"161"
"CAPESANTE";"02929";"2025-11-10 06:24:00";"-38,8974333333";"-55,64635";"4,2";"357"
"CAPESANTE";"02929";"2025-11-10 06:37:00";"-38,8982666667";"-55,6467333333";"3,9";"182"
"CAPESANTE";"02929";"2025-11-10 06:39:00";"-38,89355";"-55,6454333333";"6,7";"171"
"CAPESANTE";"02929";"2025-11-10 06:54:00";"-38,9095666667";"-55,6453333333";"1,0";"137"
"CAPESANTE";"02929";"2025-11-10 07:09:00";"-38,9053333333";"-55,6448666667";"4,0";"356"
"CAPESANTE";"02929";"2025-11-10 07:24:00";"-38,8896166667";"-55,6432833333";"3,3";"8"
"CAPESANTE";"02929";"2025-11-10 07:37:00";"-38,9084333333";"-55,6454";"3,4";"175"
"CAPESANTE";"02929";"2025-11-10 07:39:00";"-38,9014";"-55,6446333333";"4,1";"183"
"CAPESANTE";"02929";"2025-11-10 07:54:00";"-38,9131";"-55,6431";"5,7";"346"
"CAPESANTE";"02929";"2025-11-10 08:09:00";"-38,8923333333";"-55,6436833333";"4,6";"1"
"CAPESANTE";"02929";"2025-11-10 08:24:00";"-38,8965333333";"-55,6433333333";"3,8";"173"
"CAPESANTE";"02929";"2025-11-10 08:37:00";"-38,9130166667";"-55,6411833333";"4,9";"165"
"CAPESANTE";"02929";"2025-11-10 08:39:00";"-38,9093666667";"-55,6422333333";"1,6";"146"
"CAPESANTE";"02929";"2025-11-10 08:54:00";"-38,90155";"-55,6424166667";"4,6";"2"
"CAPESANTE";"02929";"2025-11-10 09:09:00";"-38,8869333333";"-55,6421";"3,1";"178"
"CAPESANTE";"02929";"2025-11-10 09:24:00";"-38,9046";"-55,6419833333";"4,1";"192"
"CAPESANTE";"02929";"2025-11-10 09:37:00";"-38,9042833333";"-55,6425833333";"4,1";"355"
"CAPESANTE";"02929";"2025-11-10 09:39:00";"-38,9095333333";"-55,6412666667";"5,6";"349"
"CAPESANTE";"02929";"2025-11-10 09:54:00";"-38,89145";"-55,6414833333";"1,6";"7"
"CAPESANTE";"02929";"2025-11-10 10:09:00";"-38,899";"-55,64135";"4,4";"177"
"CAPESANTE";"02929";"2025-11-10 10:24:00";"-38,9113333333";"-55,6391333333";"3,3";"153"
"CAPESANTE";"02929";"2025-11-10 10:37:00";"-38,89215";"-55,6417";"2,1";"10"
"CAPESANTE";"02929";"2025-11-10 10:39:00";"-38,8969833333";"-55,6408833333";"5,5";"357"
"CAPESANTE";"02929";"2025-11-10 10:54:00";"-38,8917333333";"-55,6404333333";"5,8";"179"
"CAPESANTE";"02929";"2025-11-10 11:09:00";"-38,9086166667";"-55,6405666667";"2,0";"177"
"CAPESANTE";"02929";"2025-11-10 11:24:00";"-38,9061";"-55,6403333333";"5,0";"1"
"CAPESANTE";"02929";"2025-11-10 11:37:00";"-38,8891166667";"-55,6402333333";"5,4";"187"
"CAPESANTE";"02929";"2025-11-10 11:39:00";"-38,8897333333";"-55,6399166667";"4,0";"11"
"CAPESANTE";"02929";"2025-11-10 11:54:00";"-38,9024333333";"-55,6398333333";"4,6";"180"
"CAPESANTE";"02929";"2025-11-10 12:09:00";"-38,9142833333";"-55,6395166667";"4,7";"342"
"CAPESANTE";"02929";"2025-11-10 12:24:00";"-38,8933";"-55,6394666667";"4,4";"358"
"CAPESANTE";"02929";"2025-11-10 12:37:00";"-38,9004833333";"-55,6397333333";"4,2";"184"
"CAPESANTE";"02929";"2025-11-10 12:39:00";"-38,8970666667";"-55,6390666667";"4,9";"181"
"CAPESANTE";"02929";"2025-11-10 12:54:00";"-38,9108666667";"-55,6380666667";"2,3";"136"
"CAPESANTE";"02929";"2025-11-10 13:09:00";"-38,9040666667";"-55,6386833333";"4,7";"359"
"CAPESANTE";"02929";"2025-11-10 13:24:00";"-38,8880666667";"-55,6366";"5,6";"355"
"CAPESANTE";"02929";"2025-11-10 13:37:00";"-38,9102166667";"-55,6385333333";"1,1";"140"
"CAPESANTE";"02929";"2025-11-10 13:39:00";"-38,9041333333";"-55,6383333333";"4,8";"182"
"CAPESANTE";"02929";"2025-11-10 13:54:00";"-38,9104666667";"-55,6379";"6,2";"356"
"CAPESANTE";"02929";"2025-11-10 14:09:00";"-38,8921666667";"-55,6376833333";"1,3";"17"
"CAPESANTE";"02929";"2025-11-10 14:24:00";"-38,8998333333";"-55,6374833333";"3,8";"179"
"CAPESANTE";"02929";"2025-11-10 14:37:00";"-38,913";"-55,6377666667";"5,5";"357"
"CAPESANTE";"02929";"2025-11-10 14:39:00";"-38,91435";"-55,6344666667";"4,3";"236"
"CAPESANTE";"02929";"2025-11-10 14:54:00";"-38,8956833333";"-55,63615";"4,8";"357"
"CAPESANTE";"02929";"2025-11-10 15:09:00";"-38,89785";"-55,6356833333";"4,1";"190"
"CAPESANTE";"02929";"2025-11-10 15:24:00";"-38,91175";"-55,6352666667";"1,7";"150"
"CAPESANTE";"02929";"2025-11-10 15:37:00";"-38,8973666667";"-55,63615";"4,4";"358"
"CAPESANTE";"02929";"2025-11-10 15:39:00";"-38,89845";"-55,63525";"4,2";"5"
"CAPESANTE";"02929";"2025-11-10 15:54:00";"-38,8941833333";"-55,6344166667";"5,6";"190"
"CAPESANTE";"02929";"2025-11-10 16:08:00";"-38,9113";"-55,6347833333";"0,2";"164"
"CAPESANTE";"02929";"2025-11-10 16:23:00";"-38,90215";"-55,6343666667";"4,6";"359"
"CAPESANTE";"02929";"2025-11-10 16:37:00";"-38,8923333333";"-55,6339333333";"5,7";"189"
"CAPESANTE";"02929";"2025-11-10 16:38:00";"-38,8923666667";"-55,6348166667";"6,1";"164"
"CAPESANTE";"02929";"2025-11-10 16:53:00";"-38,9100166667";"-55,6339333333";"3,3";"168"
"CAPESANTE";"02929";"2025-11-10 17:08:00";"-38,9060833333";"-55,6335666667";"4,8";"359"
"CAPESANTE";"02929";"2025-11-10 17:23:00";"-38,89015";"-55,6335";"6,2";"347"
"CAPESANTE";"02929";"2025-11-10 17:37:00";"-38,9090333333";"-55,6339166667";"4,5";"183"
"CAPESANTE";"02929";"2025-11-10 17:38:00";"-38,9061333333";"-55,6331666667";"4,0";"179"
"CAPESANTE";"02929";"2025-11-10 17:53:00";"-38,9093";"-55,63275";"6,4";"359"
"CAPESANTE";"02929";"2025-11-10 18:08:00";"-38,8932833333";"-55,63295";"1,4";"349"
"CAPESANTE";"02929";"2025-11-10 18:23:00";"-38,90265";"-55,6322333333";"4,3";"179"
"CAPESANTE";"02929";"2025-11-10 18:37:00";"-38,9127333333";"-55,6330666667";"6,6";"3"
"CAPESANTE";"02929";"2025-11-10 18:38:00";"-38,9139166667";"-55,6334";"5,8";"7"
"CAPESANTE";"02929";"2025-11-10 18:53:00";"-38,8947666667";"-55,6319833333";"1,3";"359"
"CAPESANTE";"02929";"2025-11-10 19:08:00";"-38,9036333333";"-55,6315333333";"4,8";"180"
"CAPESANTE";"02929";"2025-11-10 19:23:00";"-38,9128166667";"-55,6289833333";"6,4";"38"
"CAPESANTE";"02929";"2025-11-10 19:37:00";"-38,8951333333";"-55,6318833333";"1,5";"8"
"CAPESANTE";"02929";"2025-11-10 19:38:00";"-38,9146833333";"-55,64575";"6,2";"274"
"CAPESANTE";"02929";"2025-11-10 19:53:00";"-38,9133166667";"-55,6577333333";"6,6";"357"
"CAPESANTE";"02929";"2025-11-10 20:08:00";"-38,8969166667";"-55,6580666667";"3,2";"1"
"CAPESANTE";"02929";"2025-11-10 20:23:00";"-38,8867333333";"-55,6465666667";"4,9";"18"
"CAPESANTE";"02929";"2025-11-10 20:37:00";"-38,9144833333";"-55,6577";"5,5";"355"
"CAPESANTE";"02929";"2025-11-10 20:38:00";"-38,87285";"-55,64305";"3,1";"284"
"CAPESANTE";"02929";"2025-11-10 20:53:00";"-38,8863666667";"-55,6517833333";"5,1";"207"
"CAPESANTE";"02929";"2025-11-10 21:08:00";"-38,9040333333";"-55,65765";"5,4";"77"
"CAPESANTE";"02929";"2025-11-10 21:23:00";"-38,8886666667";"-55,6462166667";"4,5";"0"
"CAPESANTE";"02929";"2025-11-10 21:37:00";"-38,8852666667";"-55,6511166667";"4,8";"209"
"CAPESANTE";"02929";"2025-11-10 21:38:00";"-38,87495";"-55,64505";"4,2";"194"
"CAPESANTE";"02929";"2025-11-10 21:53:00";"-38,8940333333";"-55,64595";"4,1";"171"
"CAPESANTE";"02929";"2025-11-10 22:08:00";"-38,8892166667";"-55,6456";"4,4";"1"
"CAPESANTE";"02929";"2025-11-10 22:23:00";"-38,8734833333";"-55,64485";"5,1";"64"
"CAPESANTE";"02929";"2025-11-10 22:37:00";"-38,8934333333";"-55,6458833333";"4,1";"184"
"CAPESANTE";"02929";"2025-11-10 22:38:00";"-38,8911833333";"-55,645";"4,5";"180"
"CAPESANTE";"02929";"2025-11-10 22:53:00";"-38,8912333333";"-55,64455";"5,5";"1"
"CAPESANTE";"02929";"2025-11-10 23:08:00";"-38,8750666667";"-55,64465";"2,2";"352"
"CAPESANTE";"02929";"2025-11-10 23:23:00";"-38,88645";"-55,6441833333";"4,7";"181"
"CAPESANTE";"02929";"2025-11-10 23:37:00";"-38,89235";"-55,6445333333";"6,0";"356"
"CAPESANTE";"02929";"2025-11-10 23:38:00";"-38,8976666667";"-55,6436666667";"5,9";"358"
"CAPESANTE";"02929";"2025-11-10 23:53:00";"-38,8776166667";"-55,6437666667";"4,3";"355"
"CAPESANTE";"02929";"2025-11-11 00:08:00";"-38,8812666667";"-55,64345";"4,3";"137"
"CAPESANTE";"02929";"2025-11-11 00:23:00";"-38,8959166667";"-55,6432166667";"3,4";"175"
"CAPESANTE";"02929";"2025-11-11 00:37:00";"-38,8780833333";"-55,6437666667";"4,2";"0"
"CAPESANTE";"02929";"2025-11-11 00:38:00";"-38,8846833333";"-55,6426833333";"4,4";"1"
"CAPESANTE";"02929";"2025-11-11 00:53:00";"-38,8756833333";"-55,6426333333";"5,9";"175"
"CAPESANTE";"02929";"2025-11-11 01:08:00";"-38,8937833333";"-55,6426";"4,2";"179"
"CAPESANTE";"02929";"2025-11-11 01:23:00";"-38,8960166667";"-55,6417833333";"5,2";"0"
"CAPESANTE";"02929";"2025-11-11 01:37:00";"-38,8735166667";"-55,6427166667";"5,6";"178"
"CAPESANTE";"02929";"2025-11-11 01:38:00";"-38,8775333333";"-55,6417333333";"1,0";"355"
"CAPESANTE";"02929";"2025-11-11 01:53:00";"-38,8638833333";"-55,63655";"5,9";"2"
"CAPESANTE";"02929";"2025-11-11 02:07:00";"-38,84665";"-55,6364666667";"0,0";"12"
"CAPESANTE";"02929";"2025-11-11 02:22:00";"-38,8423833333";"-55,6359833333";"4,1";"180"
"CAPESANTE";"02929";"2025-11-11 02:37:00";"-38,85865";"-55,6358166667";"2,3";"142"
"CAPESANTE";"02929";"2025-11-11 02:52:00";"-38,8529";"-55,6239833333";"4,6";"30"
"CAPESANTE";"02929";"2025-11-11 03:07:00";"-38,8435833333";"-55,6156166667";"5,4";"237"
"CAPESANTE";"02929";"2025-11-11 03:22:00";"-38,8444166667";"-55,64025";"4,6";"264"
"CAPESANTE";"02929";"2025-11-11 03:37:00";"-38,8427666667";"-55,6390166667";"4,7";"82"
"CAPESANTE";"02929";"2025-11-11 03:52:00";"-38,8430333333";"-55,6183333333";"3,8";"100"
"CAPESANTE";"02929";"2025-11-11 04:07:00";"-38,8431333333";"-55,6311833333";"3,9";"268"
"CAPESANTE";"02929";"2025-11-11 04:22:00";"-38,8430833333";"-55,6497666667";"3,5";"152"
"CAPESANTE";"02929";"2025-11-11 04:37:00";"-38,8434333333";"-55,6243";"4,4";"86"
"CAPESANTE";"02929";"2025-11-11 04:52:00";"-38,8437833333";"-55,6199833333";"4,9";"247"
"CAPESANTE";"02929";"2025-11-11 05:07:00";"-38,84375";"-55,6407666667";"1,1";"241"
"CAPESANTE";"02929";"2025-11-11 05:22:00";"-38,8441166667";"-55,6379166667";"4,6";"89"
"CAPESANTE";"02929";"2025-11-11 05:37:00";"-38,8443333333";"-55,6182166667";"3,6";"99"
"CAPESANTE";"02929";"2025-11-11 05:52:00";"-38,8448666667";"-55,6305";"4,3";"268"
"CAPESANTE";"02929";"2025-11-11 06:07:00";"-38,8447333333";"-55,6474";"3,6";"167"
"CAPESANTE";"02929";"2025-11-11 06:22:00";"-38,8451333333";"-55,6212166667";"4,6";"81"
"CAPESANTE";"02929";"2025-11-11 06:37:00";"-38,8485666667";"-55,6196333333";"5,2";"294"
"CAPESANTE";"02929";"2025-11-11 06:52:00";"-38,8484";"-55,6402333333";"1,2";"285"
"CAPESANTE";"02929";"2025-11-11 07:07:00";"-38,8489666667";"-55,6312666667";"4,1";"91"
"CAPESANTE";"02929";"2025-11-11 07:22:00";"-38,8490333333";"-55,6116";"2,5";"196"
"CAPESANTE";"02929";"2025-11-11 07:37:00";"-38,8493666667";"-55,6351";"4,4";"271"
"CAPESANTE";"02929";"2025-11-11 07:52:00";"-38,8494333333";"-55,6379333333";"4,6";"85"
"CAPESANTE";"02929";"2025-11-11 08:07:00";"-38,8493333333";"-55,6166333333";"1,8";"57"
"CAPESANTE";"02929";"2025-11-11 08:22:00";"-38,8498166667";"-55,62755";"4,4";"266"
"CAPESANTE";"02929";"2025-11-11 08:37:00";"-38,8494833333";"-55,6383833333";"4,9";"88"
"CAPESANTE";"02929";"2025-11-11 08:52:00";"-38,8500666667";"-55,6207833333";"4,6";"86"
"CAPESANTE";"02929";"2025-11-11 09:07:00";"-38,84825";"-55,6206666667";"4,4";"264"
"CAPESANTE";"02929";"2025-11-11 09:22:00";"-38,8479333333";"-55,6396166667";"1,8";"270"
"CAPESANTE";"02929";"2025-11-11 09:37:00";"-38,8501";"-55,6198";"4,7";"88"
"CAPESANTE";"02929";"2025-11-11 09:52:00";"-38,8475833333";"-55,61395";"5,6";"269"
"CAPESANTE";"02929";"2025-11-11 10:07:00";"-38,8477";"-55,6372333333";"4,0";"265"
"CAPESANTE";"02929";"2025-11-11 10:22:00";"-38,8473666667";"-55,6347";"5,2";"89"
"CAPESANTE";"02929";"2025-11-11 10:37:00";"-38,8476166667";"-55,6141833333";"6,0";"271"
"CAPESANTE";"02929";"2025-11-11 10:52:00";"-38,8470833333";"-55,63125";"4,3";"273"
"CAPESANTE";"02929";"2025-11-11 11:07:00";"-38,8462666667";"-55,6484666667";"1,6";"148"
"CAPESANTE";"02929";"2025-11-11 11:22:00";"-38,8468833333";"-55,6234833333";"4,6";"92"
"CAPESANTE";"02929";"2025-11-11 11:37:00";"-38,84715";"-55,6322166667";"4,6";"271"
"CAPESANTE";"02929";"2025-11-11 11:52:00";"-38,8463666667";"-55,6419333333";"1,0";"259"
"CAPESANTE";"02929";"2025-11-11 12:07:00";"-38,8458333333";"-55,6326166667";"4,4";"93"
"CAPESANTE";"02929";"2025-11-11 12:21:00";"-38,8448166667";"-55,6115333333";"4,0";"126"
"CAPESANTE";"02929";"2025-11-11 12:27:00";"-38,8453333333";"-55,6406666667";"1,4";"260"
"CAPESANTE";"02929";"2025-11-11 12:36:00";"-38,8454833333";"-55,63685";"4,5";"268"
"CAPESANTE";"02929";"2025-11-11 12:37:00";"-38,8463666667";"-55,6422";"1,5";"287"
"CAPESANTE";"02929";"2025-11-11 12:51:00";"-38,8426";"-55,642";"5,6";"45"
"CAPESANTE";"02929";"2025-11-11 13:06:00";"-38,8299";"-55,62245";"4,5";"48"
"CAPESANTE";"02929";"2025-11-11 13:21:00";"-38,8177166667";"-55,6126166667";"5,1";"9"
"CAPESANTE";"02929";"2025-11-11 13:27:00";"-38,8013333333";"-55,604";"6,0";"164"
"CAPESANTE";"02929";"2025-11-11 13:36:00";"-38,80195";"-55,6074333333";"3,4";"19"
"CAPESANTE";"02929";"2025-11-11 13:37:00";"-38,8415666667";"-55,6405666667";"5,9";"43"
"CAPESANTE";"02929";"2025-11-11 13:51:00";"-38,8151666667";"-55,59965";"4,7";"162"
"CAPESANTE";"02929";"2025-11-11 14:06:00";"-38,8279833333";"-55,6027";"5,0";"254"
"CAPESANTE";"02929";"2025-11-11 14:21:00";"-38,8290666667";"-55,6268833333";"1,9";"284"
"CAPESANTE";"02929";"2025-11-11 14:27:00";"-38,8326666667";"-55,6226666667";"4,6";"90"
"CAPESANTE";"02929";"2025-11-11 14:36:00";"-38,8327833333";"-55,6288333333";"5,0";"92"
"CAPESANTE";"02929";"2025-11-11 14:37:00";"-38,8162333333";"-55,5992166667";"4,6";"167"
"CAPESANTE";"02929";"2025-11-11 14:51:00";"-38,8331666667";"-55,60865";"2,0";"109"
"CAPESANTE";"02929";"2025-11-11 15:06:00";"-38,8129666667";"-55,5872166667";"8,7";"26"
"CAPESANTE";"02929";"2025-11-11 15:21:00";"-38,7796";"-55,5640166667";"9,5";"29"
"CAPESANTE";"02929";"2025-11-11 15:27:00";"-38,7346666667";"-55,5346666667";"9,4";"28"
"CAPESANTE";"02929";"2025-11-11 15:36:00";"-38,7448333333";"-55,5413833333";"9,2";"22"
"CAPESANTE";"02929";"2025-11-11 15:37:00";"-38,8335";"-55,6075333333";"3,1";"108"
"CAPESANTE";"02929";"2025-11-11 15:51:00";"-38,7099833333";"-55,5191166667";"10,7";"23"
"CAPESANTE";"02929";"2025-11-11 16:06:00";"-38,67485";"-55,4968";"9,7";"24"
"CAPESANTE";"02929";"2025-11-11 16:21:00";"-38,6379";"-55,4758666667";"9,8";"24"
"CAPESANTE";"02929";"2025-11-11 16:27:00";"-38,5886666667";"-55,45";"10,0";"19"
"CAPESANTE";"02929";"2025-11-11 16:36:00";"-38,60065";"-55,4549";"10,1";"21"
"CAPESANTE";"02929";"2025-11-11 16:37:00";"-38,7063833333";"-55,51685";"9,1";"26"
"CAPESANTE";"02929";"2025-11-11 16:51:00";"-38,5613";"-55,4379166667";"9,3";"18"
"CAPESANTE";"02929";"2025-11-11 17:06:00";"-38,5235666667";"-55,4244333333";"10,4";"15"
"CAPESANTE";"02929";"2025-11-11 17:21:00";"-38,4842166667";"-55,41065";"9,8";"14"
"CAPESANTE";"02929";"2025-11-11 17:27:00";"-38,4326666667";"-55,392";"9,8";"17"
"CAPESANTE";"02929";"2025-11-11 17:36:00";"-38,4450833333";"-55,3963666667";"9,2";"18"
"CAPESANTE";"02929";"2025-11-11 17:37:00";"-38,5582833333";"-55,4367166667";"9,3";"15"
"CAPESANTE";"02929";"2025-11-11 17:51:00";"-38,4061333333";"-55,3821166667";"10,1";"16"
"CAPESANTE";"02929";"2025-11-11 18:06:00";"-38,3672833333";"-55,36905";"9,6";"14"
"CAPESANTE";"02929";"2025-11-11 18:21:00";"-38,3288666667";"-55,3558333333";"9,9";"14"
"CAPESANTE";"02929";"2025-11-11 18:27:00";"-38,278";"-55,3406666667";"9,6";"5"
"CAPESANTE";"02929";"2025-11-11 18:36:00";"-38,2905833333";"-55,34245";"9,6";"9"
"CAPESANTE";"02929";"2025-11-11 18:37:00";"-38,4027";"-55,3808666667";"9,4";"17"
"CAPESANTE";"02929";"2025-11-11 18:51:00";"-38,25115";"-55,3370666667";"9,4";"7"
"CAPESANTE";"02929";"2025-11-11 19:06:00";"-38,2125333333";"-55,33215";"9,2";"5"
"CAPESANTE";"02929";"2025-11-11 19:21:00";"-38,1730166667";"-55,32715";"9,3";"7"
"CAPESANTE";"02929";"2025-11-11 19:27:00";"-38,1206666667";"-55,3206666667";"10,0";"8"
"CAPESANTE";"02929";"2025-11-11 19:36:00";"-38,1338666667";"-55,3221666667";"9,7";"5"
"CAPESANTE";"02929";"2025-11-11 19:37:00";"-38,2459166667";"-55,3364";"9,6";"4"
"CAPESANTE";"02929";"2025-11-11 19:51:00";"-38,0931833333";"-55,3165833333";"9,6";"7"
"CAPESANTE";"02929";"2025-11-11 20:06:00";"-38,0535833333";"-55,3116333333";"9,5";"9"
"CAPESANTE";"02929";"2025-11-11 20:21:00";"-38,0155666667";"-55,29925";"9,5";"14"
"CAPESANTE";"02929";"2025-11-11 20:27:00";"-37,9966666667";"-55,3106666667";"4,2";"271"
"CAPESANTE";"02929";"2025-11-11 20:36:00";"-37,99645";"-55,30305";"4,6";"273"
"CAPESANTE";"02929";"2025-11-11 20:37:00";"-38,0904";"-55,3161166667";"9,4";"5"
"CAPESANTE";"02929";"2025-11-11 20:51:00";"-37,9967166667";"-55,3222";"3,4";"262"
"CAPESANTE";"02929";"2025-11-11 21:06:00";"-37,9966";"-55,3236666667";"5,1";"270"
"CAPESANTE";"02929";"2025-11-11 21:21:00";"-37,99695";"-55,3426833333";"4,4";"261"
"CAPESANTE";"02929";"2025-11-11 21:27:00";"-37,9973333333";"-55,32";"4,4";"81"
"CAPESANTE";"02929";"2025-11-11 21:36:00";"-37,9964333333";"-55,3237666667";"4,5";"91"
"CAPESANTE";"02929";"2025-11-11 21:37:00";"-37,9969833333";"-55,32425";"4,1";"273"
"CAPESANTE";"02929";"2025-11-11 21:51:00";"-37,9961333333";"-55,3293833333";"4,3";"273"
"CAPESANTE";"02929";"2025-11-11 22:06:00";"-37,9967833333";"-55,3482833333";"2,8";"241"
"CAPESANTE";"02929";"2025-11-11 22:20:00";"-37,99425";"-55,3308";"4,3";"86"
"CAPESANTE";"02929";"2025-11-11 22:27:00";"-37,9926666667";"-55,3293333333";"4,4";"270"
"CAPESANTE";"02929";"2025-11-11 22:35:00";"-37,99295";"-55,3205666667";"6,0";"273"
"CAPESANTE";"02929";"2025-11-11 22:37:00";"-37,9960833333";"-55,33185";"4,3";"274"
"CAPESANTE";"02929";"2025-11-11 22:50:00";"-37,993";"-55,3417";"1,5";"235"
"CAPESANTE";"02929";"2025-11-11 23:05:00";"-37,9924";"-55,3581166667";"4,1";"268"
"CAPESANTE";"02929";"2025-11-11 23:20:00";"-37,9898166667";"-55,36865";"5,7";"79"
"CAPESANTE";"02929";"2025-11-11 23:27:00";"-37,9893333333";"-55,3473333333";"6,0";"274"
"CAPESANTE";"02929";"2025-11-11 23:35:00";"-37,9905833333";"-55,3478333333";"4,3";"100"
"CAPESANTE";"02929";"2025-11-11 23:37:00";"-37,9932";"-55,3431833333";"2,9";"255"
"CAPESANTE";"02929";"2025-11-11 23:50:00";"-37,9890833333";"-55,3632666667";"4,5";"273"
"CAPESANTE";"02929";"2025-11-12 00:05:00";"-37,9870333333";"-55,3644333333";"6,1";"84"
"CAPESANTE";"02929";"2025-11-12 00:20:00";"-37,9869666667";"-55,3444833333";"4,3";"82"
"CAPESANTE";"02929";"2025-11-12 00:27:00";"-37,978";"-55,3153333333";"0,8";"71"
"CAPESANTE";"02929";"2025-11-12 00:35:00";"-37,9804333333";"-55,3214333333";"6,8";"58"
"CAPESANTE";"02929";"2025-11-12 00:37:00";"-37,9890666667";"-55,3658166667";"4,4";"277"
"CAPESANTE";"02929";"2025-11-12 00:50:00";"-37,97765";"-55,3095";"6,2";"272"
"CAPESANTE";"02929";"2025-11-12 01:05:00";"-37,97755";"-55,3339833333";"4,4";"267"
"CAPESANTE";"02929";"2025-11-12 01:20:00";"-37,9761666667";"-55,32965";"3,9";"82"
"CAPESANTE";"02929";"2025-11-12 01:27:00";"-37,9746666667";"-55,3073333333";"4,4";"265"
"CAPESANTE";"02929";"2025-11-12 01:35:00";"-37,9760666667";"-55,3114333333";"2,7";"99"
"CAPESANTE";"02929";"2025-11-12 01:37:00";"-37,9775833333";"-55,31345";"5,5";"266"
"CAPESANTE";"02929";"2025-11-12 01:50:00";"-37,9653833333";"-55,3191666667";"5,4";"3"
"CAPESANTE";"02929";"2025-11-12 02:05:00";"-37,9639";"-55,2957666667";"4,3";"83"
"CAPESANTE";"02929";"2025-11-12 02:20:00";"-37,9539833333";"-55,2841";"5,2";"35"
"CAPESANTE";"02929";"2025-11-12 02:27:00";"-37,9333333333";"-55,2726666667";"5,0";"4"
"CAPESANTE";"02929";"2025-11-12 02:35:00";"-37,9376166667";"-55,2750666667";"2,8";"30"
"CAPESANTE";"02929";"2025-11-12 02:37:00";"-37,9643833333";"-55,3155166667";"6,0";"79"
"CAPESANTE";"02929";"2025-11-12 02:50:00";"-37,9319333333";"-55,289";"3,7";"271"
"CAPESANTE";"02929";"2025-11-12 03:05:00";"-37,9319";"-55,3085333333";"5,5";"262"
"CAPESANTE";"02929";"2025-11-12 03:20:00";"-37,9198666667";"-55,2993166667";"3,7";"45"
"CAPESANTE";"02929";"2025-11-12 03:27:00";"-37,906";"-55,2793333333";"4,6";"53"
"CAPESANTE";"02929";"2025-11-12 03:35:00";"-37,91025";"-55,287";"4,5";"52"
"CAPESANTE";"02929";"2025-11-12 03:37:00";"-37,9316833333";"-55,2926333333";"4,1";"271"
"CAPESANTE";"02929";"2025-11-12 03:50:00";"-37,9107166667";"-55,284";"5,6";"210"
"CAPESANTE";"02929";"2025-11-12 04:05:00";"-37,9246666667";"-55,2996166667";"4,4";"225"
"CAPESANTE";"02929";"2025-11-12 04:20:00";"-37,9239";"-55,2943166667";"5,6";"43"
"CAPESANTE";"02929";"2025-11-12 04:27:00";"-37,9086666667";"-55,2753333333";"4,8";"41"
"CAPESANTE";"02929";"2025-11-12 04:35:00";"-37,9114666667";"-55,2791333333";"4,4";"43"
"CAPESANTE";"02929";"2025-11-12 04:37:00";"-37,9134666667";"-55,2864";"5,7";"218"
"CAPESANTE";"02929";"2025-11-12 04:50:00";"-37,8912166667";"-55,2614";"9,5";"34"
"CAPESANTE";"02929";"2025-11-12 05:05:00";"-37,8703166667";"-55,2457833333";"4,6";"21"
"CAPESANTE";"02929";"2025-11-12 05:20:00";"-37,8538";"-55,2350666667";"9,0";"20"
"CAPESANTE";"02929";"2025-11-12 05:27:00";"-37,8086666667";"-55,204";"9,0";"28"
"CAPESANTE";"02929";"2025-11-12 05:35:00";"-37,82165";"-55,2130333333";"8,8";"30"
"CAPESANTE";"02929";"2025-11-12 05:37:00";"-37,88655";"-55,2579333333";"8,8";"28"
"CAPESANTE";"02929";"2025-11-12 05:50:00";"-37,7896666667";"-55,19035";"8,7";"25"
"CAPESANTE";"02929";"2025-11-12 06:05:00";"-37,7579";"-55,1675";"8,8";"32"
"CAPESANTE";"02929";"2025-11-12 06:20:00";"-37,7305";"-55,1413";"5,9";"47"
"CAPESANTE";"02929";"2025-11-12 06:27:00";"-37,7166666667";"-55,1166666667";"3,4";"319"
"CAPESANTE";"02929";"2025-11-12 06:35:00";"-37,7198833333";"-55,1231666667";"1,0";"97"
"CAPESANTE";"02929";"2025-11-12 06:37:00";"-37,78425";"-55,1865833333";"9,4";"26"
"CAPESANTE";"02929";"2025-11-12 06:50:00";"-37,7229";"-55,1291666667";"4,6";"233"
"CAPESANTE";"02929";"2025-11-12 07:05:00";"-37,7330666667";"-55,1436166667";"5,3";"251"
"CAPESANTE";"02929";"2025-11-12 07:20:00";"-37,71965";"-55,1294666667";"4,8";"49"
"CAPESANTE";"02929";"2025-11-12 07:27:00";"-37,7213333333";"-55,1326666667";"4,4";"232"
"CAPESANTE";"02929";"2025-11-12 07:35:00";"-37,7164333333";"-55,1243";"5,5";"242"
"CAPESANTE";"02929";"2025-11-12 07:37:00";"-37,7249666667";"-55,1326";"4,2";"235"
"CAPESANTE";"02929";"2025-11-12 07:50:00";"-37,72685";"-55,1419";"1,3";"202"
"CAPESANTE";"02929";"2025-11-12 08:05:00";"-37,72275";"-55,13365";"4,6";"61"
"CAPESANTE";"02929";"2025-11-12 08:20:00";"-37,7147833333";"-55,1179833333";"5,7";"65"
"CAPESANTE";"02929";"2025-11-12 08:27:00";"-37,728";"-55,1413333333";"1,8";"207"
"CAPESANTE";"02929";"2025-11-12 08:34:00";"-37,7245333333";"-55,1361166667";"4,4";"239"
"CAPESANTE";"02929";"2025-11-12 08:37:00";"-37,7279666667";"-55,14255";"2,9";"206"
"CAPESANTE";"02929";"2025-11-12 08:49:00";"-37,7266166667";"-55,1393666667";"5,2";"52"
"CAPESANTE";"02929";"2025-11-12 09:04:00";"-37,7166833333";"-55,1220666667";"1,5";"78"
"CAPESANTE";"02929";"2025-11-12 09:19:00";"-37,7209666667";"-55,1287";"4,4";"230"
"CAPESANTE";"02929";"2025-11-12 09:27:00";"-37,7306666667";"-55,144";"5,6";"49"
"CAPESANTE";"02929";"2025-11-12 09:34:00";"-37,731";"-55,14175";"10,5";"197"
"CAPESANTE";"02929";"2025-11-12 09:37:00";"-37,72445";"-55,1354";"4,8";"52"
"CAPESANTE";"02929";"2025-11-12 09:49:00";"-37,7235";"-55,1324166667";"5,1";"43"
"CAPESANTE";"02929";"2025-11-12 10:04:00";"-37,71545";"-55,1160833333";"3,1";"19"
"CAPESANTE";"02929";"2025-11-12 10:19:00";"-37,7256333333";"-55,1353833333";"4,1";"231"
"CAPESANTE";"02929";"2025-11-12 10:27:00";"-37,7346666667";"-55,1453333333";"5,8";"28"
"CAPESANTE";"02929";"2025-11-12 10:34:00";"-37,7367166667";"-55,1425666667";"2,5";"208"
"CAPESANTE";"02929";"2025-11-12 10:37:00";"-37,7209333333";"-55,12795";"4,7";"60"
"CAPESANTE";"02929";"2025-11-12 10:49:00";"-37,7256833333";"-55,1348166667";"4,7";"55"
"CAPESANTE";"02929";"2025-11-12 11:04:00";"-37,7170166667";"-55,1193333333";"3,8";"35"
"CAPESANTE";"02929";"2025-11-12 11:19:00";"-37,7254166667";"-55,1407333333";"4,0";"233"
"CAPESANTE";"02929";"2025-11-12 11:27:00";"-37,7266666667";"-55,13";"5,6";"63"
"CAPESANTE";"02929";"2025-11-12 11:34:00";"-37,7320333333";"-55,1429833333";"7,0";"64"
"CAPESANTE";"02929";"2025-11-12 11:37:00";"-37,7234833333";"-55,1309666667";"4,4";"48"
"CAPESANTE";"02929";"2025-11-12 11:49:00";"-37,7197166667";"-55,1178";"6,0";"58"
"CAPESANTE";"02929";"2025-11-12 12:04:00";"-37,7124166667";"-55,1054";"5,5";"240"
"CAPESANTE";"02929";"2025-11-12 12:19:00";"-37,7235166667";"-55,1250333333";"4,3";"230"
"CAPESANTE";"02929";"2025-11-12 12:27:00";"-37,7186666667";"-55,116";"4,8";"53"
"CAPESANTE";"02929";"2025-11-12 12:34:00";"-37,72375";"-55,1242";"4,8";"50"
"CAPESANTE";"02929";"2025-11-12 12:37:00";"-37,7174";"-55,1138";"3,8";"56"
"CAPESANTE";"02929";"2025-11-12 12:49:00";"-37,7138333333";"-55,1066333333";"1,7";"81"
"CAPESANTE";"02929";"2025-11-12 13:04:00";"-37,71585";"-55,1125";"4,6";"234"
"CAPESANTE";"02929";"2025-11-12 13:19:00";"-37,7238333333";"-55,1259";"6,2";"270"
"CAPESANTE";"02929";"2025-11-12 13:27:00";"-37,736";"-55,1513333333";"1,6";"196"
"CAPESANTE";"02929";"2025-11-12 13:34:00";"-37,7326833333";"-55,1473333333";"3,6";"235"
"CAPESANTE";"02929";"2025-11-12 13:37:00";"-37,7118";"-55,1026833333";"6,5";"55"
"CAPESANTE";"02929";"2025-11-12 13:49:00";"-37,73615";"-55,1597";"5,5";"47"
"CAPESANTE";"02929";"2025-11-12 14:04:00";"-37,7234666667";"-55,1392666667";"5,0";"50"
"CAPESANTE";"02929";"2025-11-12 14:19:00";"-37,7195666667";"-55,1295666667";"5,2";"238"
"CAPESANTE";"02929";"2025-11-12 14:27:00";"-37,7326666667";"-55,15";"4,0";"209"
"CAPESANTE";"02929";"2025-11-12 14:34:00";"-37,7293666667";"-55,1482833333";"3,5";"234"
"CAPESANTE";"02929";"2025-11-12 14:37:00";"-37,7323333333";"-55,1546";"5,9";"55"
"CAPESANTE";"02929";"2025-11-12 14:49:00";"-37,7276833333";"-55,1482166667";"4,5";"43"
"CAPESANTE";"02929";"2025-11-12 15:04:00";"-37,7182333333";"-55,13135";"1,6";"90"
"CAPESANTE";"02929";"2025-11-12 15:19:00";"-37,7041666667";"-55,1123666667";"4,2";"32"
"CAPESANTE";"02929";"2025-11-12 15:27:00";"-37,6833333333";"-55,088";"6,2";"57"
"CAPESANTE";"02929";"2025-11-12 15:34:00";"-37,6912";"-55,0995333333";"2,8";"49"
"CAPESANTE";"02929";"2025-11-12 15:37:00";"-37,72575";"-55,1450666667";"4,3";"58"
"CAPESANTE";"02929";"2025-11-12 15:49:00";"-37,67695";"-55,0760166667";"4,5";"56"
"CAPESANTE";"02929";"2025-11-12 16:04:00";"-37,6670666667";"-55,0613833333";"5,9";"308"
"CAPESANTE";"02929";"2025-11-12 16:19:00";"-37,64815";"-55,05075";"4,1";"24"
"CAPESANTE";"02929";"2025-11-12 16:27:00";"-37,6253333333";"-55,0313333333";"4,6";"37"
"CAPESANTE";"02929";"2025-11-12 16:34:00";"-37,6322666667";"-55,038";"5,1";"35"
"CAPESANTE";"02929";"2025-11-12 16:37:00";"-37,6745";"-55,0711";"4,5";"62"
"CAPESANTE";"02929";"2025-11-12 16:49:00";"-37,6181166667";"-55,0248166667";"2,9";"29"
"CAPESANTE";"02929";"2025-11-12 17:04:00";"-37,60025";"-55,0110666667";"4,5";"28"
"CAPESANTE";"02929";"2025-11-12 17:19:00";"-37,5857833333";"-54,9991666667";"7,4";"14"
"CAPESANTE";"02929";"2025-11-12 17:34:00";"-37,59435";"-55,0094666667";"4,3";"213"
"CAPESANTE";"02929";"2025-11-12 17:37:00";"-37,61415";"-55,0223333333";"5,4";"20"
"CAPESANTE";"02929";"2025-11-12 17:49:00";"-37,5901833333";"-55,0061";"4,5";"35"
"CAPESANTE";"02929";"2025-11-12 18:04:00";"-37,5764";"-54,9926833333";"7,3";"36"
"CAPESANTE";"02929";"2025-11-12 18:19:00";"-37,5588";"-54,9755333333";"4,4";"39"
"CAPESANTE";"02929";"2025-11-12 18:34:00";"-37,5431";"-54,9603666667";"4,5";"34"
"CAPESANTE";"02929";"2025-11-12 18:37:00";"-37,5861333333";"-55,00235";"4,3";"41"
"CAPESANTE";"02929";"2025-11-12 18:48:00";"-37,5345166667";"-54,9468833333";"5,7";"224"
"CAPESANTE";"02929";"2025-11-12 19:03:00";"-37,5260333333";"-54,9640833333";"1,7";"358"
"CAPESANTE";"02929";"2025-11-12 19:18:00";"-37,52195";"-54,9803833333";"4,0";"307"
"CAPESANTE";"02929";"2025-11-12 19:33:00";"-37,52095";"-54,98305";"6,2";"127"
"CAPESANTE";"02929";"2025-11-12 19:37:00";"-37,5326666667";"-54,95415";"5,6";"295"
"CAPESANTE";"02929";"2025-11-12 19:48:00";"-37,5291666667";"-54,9656666667";"3,5";"258"
"CAPESANTE";"02929";"2025-11-12 20:03:00";"-37,5198";"-54,9840666667";"1,5";"356"
"CAPESANTE";"02929";"2025-11-12 20:18:00";"-37,5245833333";"-54,9774833333";"4,7";"121"
"CAPESANTE";"02929";"2025-11-12 20:27:00";"-37,522";"-54,9826666667";"4,2";"305"
"CAPESANTE";"02929";"2025-11-12 20:33:00";"-37,5267333333";"-54,9727666667";"5,9";"295"
"CAPESANTE";"02929";"2025-11-12 20:37:00";"-37,5270666667";"-54,9715666667";"5,0";"296"
"CAPESANTE";"02929";"2025-11-12 20:48:00";"-37,5189833333";"-54,988";"5,7";"253"
"CAPESANTE";"02929";"2025-11-12 21:03:00";"-37,5324166667";"-54,9775";"2,1";"68"
"CAPESANTE";"02929";"2025-11-12 21:18:00";"-37,5277333333";"-54,9870833333";"4,5";"303"
"CAPESANTE";"02929";"2025-11-12 21:27:00";"-37,5313333333";"-54,9773333333";"2,4";"107"
"CAPESANTE";"02929";"2025-11-12 21:33:00";"-37,52575";"-54,9873833333";"7,1";"128"
"CAPESANTE";"02929";"2025-11-12 21:37:00";"-37,52195";"-54,9920833333";"3,3";"175"
"CAPESANTE";"02929";"2025-11-12 21:48:00";"-37,5329";"-54,9718666667";"4,5";"282"
"CAPESANTE";"02929";"2025-11-12 22:03:00";"-37,5243166667";"-54,9905";"2,1";"297"
"CAPESANTE";"02929";"2025-11-12 22:18:00";"-37,5303833333";"-54,9800333333";"4,1";"133"
"CAPESANTE";"02929";"2025-11-12 22:27:00";"-37,5253333333";"-54,9906666667";"4,0";"308"
"CAPESANTE";"02929";"2025-11-12 22:33:00";"-37,5301";"-54,9808333333";"6,0";"296"
"CAPESANTE";"02929";"2025-11-12 22:37:00";"-37,53105";"-54,9803";"5,8";"298"
"CAPESANTE";"02929";"2025-11-12 22:48:00";"-37,5202";"-54,9952833333";"5,8";"12"
"CAPESANTE";"02929";"2025-11-12 23:03:00";"-37,5300166667";"-54,9773333333";"2,1";"73"
"CAPESANTE";"02929";"2025-11-12 23:18:00";"-37,52535";"-54,9861333333";"4,8";"302"
"CAPESANTE";"02929";"2025-11-12 23:27:00";"-37,5286666667";"-54,9793333333";"2,2";"94"
"CAPESANTE";"02929";"2025-11-12 23:33:00";"-37,5238";"-54,9883666667";"4,7";"117"
"CAPESANTE";"02929";"2025-11-12 23:37:00";"-37,5224833333";"-54,9911166667";"6,0";"140"
"CAPESANTE";"02929";"2025-11-12 23:48:00";"-37,5314";"-54,9725333333";"3,0";"281"
"CAPESANTE";"02929";"2025-11-13 00:03:00";"-37,5211166667";"-54,98975";"4,0";"308"
"CAPESANTE";"02929";"2025-11-13 00:18:00";"-37,5281";"-54,9794666667";"3,9";"130"
"CAPESANTE";"02929";"2025-11-13 00:27:00";"-37,5213333333";"-54,9886666667";"4,0";"321"
"CAPESANTE";"02929";"2025-11-13 00:33:00";"-37,52565";"-54,98315";"4,1";"306"
"CAPESANTE";"02929";"2025-11-13 00:37:00";"-37,5283833333";"-54,9795";"4,7";"301"
"CAPESANTE";"02929";"2025-11-13 00:48:00";"-37,5222333333";"-54,9885833333";"5,5";"126"
"CAPESANTE";"02929";"2025-11-13 01:03:00";"-37,53015";"-54,9709333333";"3,1";"217"
"CAPESANTE";"02929";"2025-11-13 01:18:00";"-37,5203666667";"-54,9879666667";"4,1";"311"
"CAPESANTE";"02929";"2025-11-13 01:27:00";"-37,53";"-54,9693333333";"5,4";"289"
"CAPESANTE";"02929";"2025-11-13 01:33:00";"-37,5282833333";"-54,9769";"1,2";"86"
"CAPESANTE";"02929";"2025-11-13 01:37:00";"-37,5257";"-54,9823833333";"4,1";"124"
"CAPESANTE";"02929";"2025-11-13 01:48:00";"-37,5250666667";"-54,9808333333";"3,9";"314"
"CAPESANTE";"02929";"2025-11-13 02:03:00";"-37,5228666667";"-54,9856";"5,3";"119"
"CAPESANTE";"02929";"2025-11-13 02:18:00";"-37,5283666667";"-54,9732";"6,4";"294"
"CAPESANTE";"02929";"2025-11-13 02:27:00";"-37,5226666667";"-54,984";"4,4";"122"
"CAPESANTE";"02929";"2025-11-13 02:33:00";"-37,5190666667";"-54,9889333333";"5,5";"308"
"CAPESANTE";"02929";"2025-11-13 02:37:00";"-37,5223666667";"-54,9854666667";"1,8";"325"
"CAPESANTE";"02929";"2025-11-13 02:48:00";"-37,5257166667";"-54,9768333333";"4,3";"107"
"CAPESANTE";"02929";"2025-11-13 03:03:00";"-37,5166333333";"-54,9701666667";"6,0";"301"
"CAPESANTE";"02929";"2025-11-13 03:18:00";"-37,5052333333";"-54,9870333333";"6,1";"347"
"CAPESANTE";"02929";"2025-11-13 03:27:00";"-37,514";"-54,9753333333";"5,6";"299"
"CAPESANTE";"02929";"2025-11-13 03:33:00";"-37,5118333333";"-54,9739333333";"4,3";"131"
"CAPESANTE";"02929";"2025-11-13 03:37:00";"-37,52495";"-54,9704833333";"6,2";"36"
"CAPESANTE";"02929";"2025-11-13 03:48:00";"-37,5092833333";"-54,9848333333";"3,1";"308"
"CAPESANTE";"02929";"2025-11-13 04:03:00";"-37,5119333333";"-54,97935";"4,0";"116"
"CAPESANTE";"02929";"2025-11-13 04:18:00";"-37,5202166667";"-54,97645";"6,0";"298"
"CAPESANTE";"02929";"2025-11-13 04:27:00";"-37,52";"-54,984";"4,2";"125"
"CAPESANTE";"02929";"2025-11-13 04:33:00";"-37,5132666667";"-54,9943666667";"3,6";"178"
"CAPESANTE";"02929";"2025-11-13 04:37:00";"-37,50715";"-54,9879333333";"4,7";"294"
"CAPESANTE";"02929";"2025-11-13 04:47:00";"-37,5230166667";"-54,9784";"3,4";"124"
"CAPESANTE";"02929";"2025-11-13 05:02:00";"-37,51735";"-54,9912333333";"1,5";"303"
"CAPESANTE";"02929";"2025-11-13 05:17:00";"-37,52265";"-54,9859";"4,1";"138"
"CAPESANTE";"02929";"2025-11-13 05:27:00";"-37,5213333333";"-54,9846666667";"2,0";"309"
"CAPESANTE";"02929";"2025-11-13 05:32:00";"-37,5279333333";"-54,9738833333";"6,4";"311"
"CAPESANTE";"02929";"2025-11-13 05:37:00";"-37,5244166667";"-54,9763333333";"6,1";"285"
"CAPESANTE";"02929";"2025-11-13 05:47:00";"-37,5181166667";"-54,99165";"2,5";"209"
"CAPESANTE";"02929";"2025-11-13 06:02:00";"-37,52805";"-54,975";"1,8";"141"
"CAPESANTE";"02929";"2025-11-13 06:17:00";"-37,52125";"-54,9858333333";"2,9";"304"
"CAPESANTE";"02929";"2025-11-13 06:27:00";"-37,5226666667";"-54,9806666667";"1,8";"125"
"CAPESANTE";"02929";"2025-11-13 06:32:00";"-37,5181166667";"-54,9891833333";"4,5";"122"
"CAPESANTE";"02929";"2025-11-13 06:37:00";"-37,5223166667";"-54,9853166667";"4,3";"132"
"CAPESANTE";"02929";"2025-11-13 06:47:00";"-37,5233166667";"-54,9789666667";"6,3";"308"
"CAPESANTE";"02929";"2025-11-13 07:02:00";"-37,5151";"-54,9958333333";"3,0";"353"
"CAPESANTE";"02929";"2025-11-13 07:17:00";"-37,52275";"-54,9783833333";"2,3";"115"
"CAPESANTE";"02929";"2025-11-13 07:27:00";"-37,5133333333";"-54,9973333333";"2,4";"211"
"CAPESANTE";"02929";"2025-11-13 07:32:00";"-37,5179833333";"-54,9907";"4,2";"305"
"CAPESANTE";"02929";"2025-11-13 07:37:00";"-37,5190333333";"-54,9869166667";"4,5";"301"
"CAPESANTE";"02929";"2025-11-13 07:47:00";"-37,5190666667";"-54,9895166667";"4,9";"126"
"CAPESANTE";"02929";"2025-11-13 08:02:00";"-37,5251166667";"-54,979";"5,8";"302"
"CAPESANTE";"02929";"2025-11-13 08:17:00";"-37,5159";"-54,9958833333";"4,5";"320"
"CAPESANTE";"02929";"2025-11-13 08:27:00";"-37,5253333333";"-54,9806666667";"5,8";"298"
"CAPESANTE";"02929";"2025-11-13 08:32:00";"-37,5236333333";"-54,9826833333";"0,8";"68"
"CAPESANTE";"02929";"2025-11-13 08:37:00";"-37,52265";"-54,9830333333";"4,2";"116"
"CAPESANTE";"02929";"2025-11-13 08:47:00";"-37,5207166667";"-54,99015";"4,4";"313"
"CAPESANTE";"02929";"2025-11-13 09:02:00";"-37,5196166667";"-54,9904";"5,2";"113"
"CAPESANTE";"02929";"2025-11-13 09:17:00";"-37,5258833333";"-54,9803666667";"5,6";"290"
"CAPESANTE";"02929";"2025-11-13 09:27:00";"-37,5206666667";"-54,99";"4,8";"125"
"CAPESANTE";"02929";"2025-11-13 09:32:00";"-37,5174333333";"-54,9975333333";"3,7";"285"
"CAPESANTE";"02929";"2025-11-13 09:37:00";"-37,5187833333";"-54,9937666667";"1,8";"306"
"CAPESANTE";"02929";"2025-11-13 09:47:00";"-37,5250666667";"-54,9825166667";"1,4";"111"
"CAPESANTE";"02929";"2025-11-13 10:02:00";"-37,5211666667";"-54,9919166667";"6,8";"304"
"CAPESANTE";"02929";"2025-11-13 10:17:00";"-37,5203";"-54,9928";"5,7";"136"
"CAPESANTE";"02929";"2025-11-13 10:27:00";"-37,52";"-54,994";"4,4";"307"
"CAPESANTE";"02929";"2025-11-13 10:32:00";"-37,5261166667";"-54,9817666667";"6,2";"290"
"CAPESANTE";"02929";"2025-11-13 10:37:00";"-37,5270166667";"-54,9773";"2,5";"221"
"CAPESANTE";"02929";"2025-11-13 10:47:00";"-37,5173166667";"-54,9987";"4,3";"336"
"CAPESANTE";"02929";"2025-11-13 11:02:00";"-37,5223333333";"-54,9789833333";"1,5";"99"
"CAPESANTE";"02929";"2025-11-13 11:17:00";"-37,5186333333";"-54,9841833333";"4,4";"304"
"CAPESANTE";"02929";"2025-11-13 11:27:00";"-37,522";"-54,9786666667";"1,4";"97"
"CAPESANTE";"02929";"2025-11-13 11:32:00";"-37,5161333333";"-54,9891666667";"6,1";"135"
"CAPESANTE";"02929";"2025-11-13 11:37:00";"-37,5158";"-54,9916166667";"5,8";"119"
"CAPESANTE";"02929";"2025-11-13 11:47:00";"-37,52325";"-54,9713333333";"3,5";"202"
"CAPESANTE";"02929";"2025-11-13 12:02:00";"-37,5155833333";"-54,9882666667";"2,7";"333"
"CAPESANTE";"02929";"2025-11-13 12:17:00";"-37,5210833333";"-54,9779333333";"5,2";"124"
"CAPESANTE";"02929";"2025-11-13 12:27:00";"-37,514";"-54,99";"4,4";"315"
"CAPESANTE";"02929";"2025-11-13 12:32:00";"-37,5185666667";"-54,9830833333";"4,4";"302"
"CAPESANTE";"02929";"2025-11-13 12:37:00";"-37,5209333333";"-54,9792833333";"4,6";"303"
"CAPESANTE";"02929";"2025-11-13 12:47:00";"-37,5133666667";"-54,98475";"6,0";"115"
"CAPESANTE";"02929";"2025-11-13 13:02:00";"-37,51945";"-54,9707166667";"4,6";"296"
"CAPESANTE";"02929";"2025-11-13 13:17:00";"-37,5093666667";"-54,9870166667";"4,9";"325"
"CAPESANTE";"02929";"2025-11-13 13:27:00";"-37,5193333333";"-54,9706666667";"6,0";"302"
"CAPESANTE";"02929";"2025-11-13 13:32:00";"-37,5192166667";"-54,9716833333";"1,7";"92"
"CAPESANTE";"02929";"2025-11-13 13:37:00";"-37,51765";"-54,9759";"4,3";"118"
"CAPESANTE";"02929";"2025-11-13 13:47:00";"-37,5143666667";"-54,9798";"4,8";"301"
"CAPESANTE";"02929";"2025-11-13 14:02:00";"-37,5125333333";"-54,9823";"5,3";"133"
"CAPESANTE";"02929";"2025-11-13 14:17:00";"-37,51825";"-54,9694166667";"5,2";"297"
"CAPESANTE";"02929";"2025-11-13 14:27:00";"-37,514";"-54,9786666667";"4,6";"126"
"CAPESANTE";"02929";"2025-11-13 14:32:00";"-37,5089333333";"-54,9857166667";"5,5";"324"
"CAPESANTE";"02929";"2025-11-13 14:37:00";"-37,5115666667";"-54,9843666667";"1,4";"321"
"CAPESANTE";"02929";"2025-11-13 14:47:00";"-37,5166166667";"-54,9730333333";"1,9";"109"
"CAPESANTE";"02929";"2025-11-13 15:01:00";"-37,5111666667";"-54,9831666667";"4,3";"307"
"CAPESANTE";"02929";"2025-11-13 15:16:00";"-37,5139";"-54,97735";"3,9";"127"
"CAPESANTE";"02929";"2025-11-13 15:27:00";"-37,5093333333";"-54,98";"2,8";"334"
"CAPESANTE";"02929";"2025-11-13 15:31:00";"-37,516";"-54,9733666667";"5,8";"315"
"CAPESANTE";"02929";"2025-11-13 15:37:00";"-37,51775";"-54,9701333333";"4,8";"293"
"CAPESANTE";"02929";"2025-11-13 15:46:00";"-37,5069666667";"-54,9746833333";"6,4";"132"
"CAPESANTE";"02929";"2025-11-13 16:01:00";"-37,5194";"-54,9597";"5,5";"134"
"CAPESANTE";"02929";"2025-11-13 16:16:00";"-37,5087666667";"-54,9731333333";"1,7";"336"
"CAPESANTE";"02929";"2025-11-13 16:27:00";"-37,5213333333";"-54,9613333333";"4,4";"311"
"CAPESANTE";"02929";"2025-11-13 16:31:00";"-37,516";"-54,9662";"4,4";"140"
"CAPESANTE";"02929";"2025-11-13 16:37:00";"-37,5135666667";"-54,9678166667";"4,5";"139"
"CAPESANTE";"02929";"2025-11-13 16:46:00";"-37,51455";"-54,9682833333";"4,6";"318"
"CAPESANTE";"02929";"2025-11-13 17:01:00";"-37,5077";"-54,9762333333";"7,4";"133"
"CAPESANTE";"02929";"2025-11-13 17:16:00";"-37,5204666667";"-54,9606666667";"4,8";"138"
"CAPESANTE";"02929";"2025-11-13 17:27:00";"-37,508";"-54,972";"6,4";"131"
"CAPESANTE";"02929";"2025-11-13 17:31:00";"-37,5079666667";"-54,9715333333";"1,5";"309"
"CAPESANTE";"02929";"2025-11-13 17:37:00";"-37,5094";"-54,9734833333";"0,6";"336"
"CAPESANTE";"02929";"2025-11-13 17:46:00";"-37,51405";"-54,9654";"4,5";"139"
"CAPESANTE";"02929";"2025-11-13 18:01:00";"-37,5131166667";"-54,9669333333";"5,5";"314"
"CAPESANTE";"02929";"2025-11-13 18:16:00";"-37,50275";"-54,9817";"4,7";"302"
"CAPESANTE";"02929";"2025-11-13 18:31:00";"-37,5119";"-54,9674166667";"2,3";"142"
"CAPESANTE";"02929";"2025-11-13 18:37:00";"-37,51795";"-54,9618666667";"4,3";"131"
"CAPESANTE";"02929";"2025-11-13 18:46:00";"-37,5064";"-54,9735166667";"4,6";"317"
"CAPESANTE";"02929";"2025-11-13 19:01:00";"-37,5037166667";"-54,9782333333";"6,1";"138"
"CAPESANTE";"02929";"2025-11-13 19:16:00";"-37,5159833333";"-54,9666";"3,5";"310"
"CAPESANTE";"02929";"2025-11-13 19:27:00";"-37,5093333333";"-54,974";"5,2";"136"
"CAPESANTE";"02929";"2025-11-13 19:31:00";"-37,50265";"-54,9796666667";"2,9";"312"
"CAPESANTE";"02929";"2025-11-13 19:37:00";"-37,5023166667";"-54,9780333333";"0,8";"302"
"CAPESANTE";"02929";"2025-11-13 19:46:00";"-37,5147166667";"-54,9676";"4,1";"143"
"CAPESANTE";"02929";"2025-11-13 20:01:00";"-37,5235333333";"-54,96275";"5,8";"308"
"CAPESANTE";"02929";"2025-11-13 20:16:00";"-37,5162666667";"-54,97835";"4,8";"299"
"CAPESANTE";"02929";"2025-11-13 20:27:00";"-37,5253333333";"-54,9573333333";"5,8";"296"
"CAPESANTE";"02929";"2025-11-13 20:31:00";"-37,5251833333";"-54,9588666667";"1,5";"114"
"CAPESANTE";"02929";"2025-11-13 20:37:00";"-37,5179166667";"-54,96335";"5,4";"131"
"CAPESANTE";"02929";"2025-11-13 20:46:00";"-37,5213666667";"-54,9650166667";"4,4";"305"
"CAPESANTE";"02929";"2025-11-13 21:01:00";"-37,5159";"-54,9743166667";"6,8";"122"
"CAPESANTE";"02929";"2025-11-13 21:16:00";"-37,5251333333";"-54,9566333333";"3,3";"134"
"CAPESANTE";"02929";"2025-11-13 21:27:00";"-37,516";"-54,9746666667";"3,6";"285"
"CAPESANTE";"02929";"2025-11-13 21:31:00";"-37,5202666667";"-54,9658666667";"2,2";"304"
"CAPESANTE";"02929";"2025-11-13 21:37:00";"-37,51805";"-54,9717333333";"1,1";"318"
"CAPESANTE";"02929";"2025-11-13 21:46:00";"-37,5172666667";"-54,97065";"6,3";"134"
"CAPESANTE";"02929";"2025-11-13 22:01:00";"-37,52675";"-54,9524666667";"4,1";"122"
"CAPESANTE";"02929";"2025-11-13 22:16:00";"-37,51695";"-54,9634166667";"4,5";"313"
"CAPESANTE";"02929";"2025-11-13 22:27:00";"-37,5213333333";"-54,9533333333";"4,8";"122"
"CAPESANTE";"02929";"2025-11-13 22:31:00";"-37,5137333333";"-54,9675666667";"6,0";"131"
"CAPESANTE";"02929";"2025-11-13 22:37:00";"-37,5219";"-54,9618833333";"4,4";"123"
"CAPESANTE";"02929";"2025-11-13 22:46:00";"-37,5234666667";"-54,9487666667";"2,2";"102"
"CAPESANTE";"02929";"2025-11-13 23:01:00";"-37,5183833333";"-54,96";"4,5";"299"
"CAPESANTE";"02929";"2025-11-13 23:16:00";"-37,5142";"-54,97055";"6,3";"120"
"CAPESANTE";"02929";"2025-11-13 23:27:00";"-37,5226666667";"-54,9533333333";"4,4";"303"
"CAPESANTE";"02929";"2025-11-13 23:31:00";"-37,52375";"-54,9509666667";"1,7";"122"
"CAPESANTE";"02929";"2025-11-13 23:37:00";"-37,5252333333";"-54,9475166667";"6,5";"303"
"CAPESANTE";"02929";"2025-11-13 23:46:00";"-37,5194333333";"-54,9601166667";"4,1";"300"
"CAPESANTE";"02929";"2025-11-14 00:01:00";"-37,5143833333";"-54,9705833333";"6,4";"121"
"CAPESANTE";"02929";"2025-11-14 00:16:00";"-37,52435";"-54,95145";"3,5";"133"
"CAPESANTE";"02929";"2025-11-14 00:37:00";"-37,51565";"-54,9673";"1,3";"290"
"CAPESANTE";"02929";"2025-11-14 00:46:00";"-37,5155333333";"-54,9693666667";"5,7";"123"
"CAPESANTE";"02929";"2025-11-14 01:00:00";"-37,5247";"-54,9521833333";"3,5";"132"
"CAPESANTE";"02929";"2025-11-14 01:15:00";"-37,5191";"-54,9632666667";"4,4";"307"
"CAPESANTE";"02929";"2025-11-14 01:27:00";"-37,524";"-54,9546666667";"1,4";"112"
"CAPESANTE";"02929";"2025-11-14 01:30:00";"-37,5176666667";"-54,9668";"4,8";"121"
"CAPESANTE";"02929";"2025-11-14 01:37:00";"-37,5205";"-54,9600166667";"4,5";"120"
"CAPESANTE";"02929";"2025-11-14 01:45:00";"-37,5252333333";"-54,9500333333";"5,8";"102"
"CAPESANTE";"02929";"2025-11-14 02:00:00";"-37,5174666667";"-54,96775";"3,8";"304"
"CAPESANTE";"02929";"2025-11-14 02:15:00";"-37,52025";"-54,9630666667";"4,3";"126"
"CAPESANTE";"02929";"2025-11-14 02:27:00";"-37,5186666667";"-54,9666666667";"4,4";"305"
"CAPESANTE";"02929";"2025-11-14 02:30:00";"-37,5264833333";"-54,9520833333";"5,7";"314"
"CAPESANTE";"02929";"2025-11-14 02:37:00";"-37,5231833333";"-54,9567833333";"4,7";"298"
"CAPESANTE";"02929";"2025-11-14 02:45:00";"-37,5170833333";"-54,97";"1,8";"286"
"CAPESANTE";"02929";"2025-11-14 03:00:00";"-37,5294";"-54,9808833333";"5,7";"132"
"CAPESANTE";"02929";"2025-11-14 03:15:00";"-37,5395166667";"-54,9630333333";"1,9";"126"
"CAPESANTE";"02929";"2025-11-14 03:27:00";"-37,5293333333";"-54,984";"4,4";"336"
"CAPESANTE";"02929";"2025-11-14 03:30:00";"-37,53355";"-54,9735";"4,7";"301"
"CAPESANTE";"02929";"2025-11-14 03:37:00";"-37,52015";"-54,9786333333";"3,7";"233"
"CAPESANTE";"02929";"2025-11-14 03:45:00";"-37,5314333333";"-54,9784166667";"5,6";"126"
"CAPESANTE";"02929";"2025-11-14 04:00:00";"-37,5405";"-54,9615833333";"2,7";"126"
"CAPESANTE";"02929";"2025-11-14 04:15:00";"-37,5343";"-54,9739666667";"4,7";"305"
"CAPESANTE";"02929";"2025-11-14 04:27:00";"-37,5386666667";"-54,9633333333";"2,2";"121"
"CAPESANTE";"02929";"2025-11-14 04:30:00";"-37,5313";"-54,97705";"5,5";"120"
"CAPESANTE";"02929";"2025-11-14 04:37:00";"-37,5367666667";"-54,9687";"4,6";"124"
"CAPESANTE";"02929";"2025-11-14 04:45:00";"-37,54";"-54,9603666667";"4,5";"110"
"CAPESANTE";"02929";"2025-11-14 05:00:00";"-37,5325333333";"-54,9739833333";"4,6";"299"
"CAPESANTE";"02929";"2025-11-14 05:15:00";"-37,53115";"-54,9757833333";"5,0";"120"
"CAPESANTE";"02929";"2025-11-14 05:27:00";"-37,5346666667";"-54,968";"4,8";"306"
"CAPESANTE";"02929";"2025-11-14 05:30:00";"-37,5396833333";"-54,9588666667";"7,2";"135"
"CAPESANTE";"02929";"2025-11-14 05:37:00";"-37,5385666667";"-54,9629166667";"6,1";"304"
"CAPESANTE";"02929";"2025-11-14 05:45:00";"-37,5318833333";"-54,9739166667";"4,6";"303"
"CAPESANTE";"02929";"2025-11-14 06:00:00";"-37,5310166667";"-54,97475";"5,4";"111"
"CAPESANTE";"02929";"2025-11-14 06:15:00";"-37,5392666667";"-54,9569333333";"6,1";"83"
"CAPESANTE";"02929";"2025-11-14 06:27:00";"-37,5273333333";"-54,982";"5,6";"112"
"CAPESANTE";"02929";"2025-11-14 06:30:00";"-37,53055";"-54,9749166667";"4,2";"296"
"CAPESANTE";"02929";"2025-11-14 06:37:00";"-37,5296";"-54,9799333333";"3,5";"270"
"CAPESANTE";"02929";"2025-11-14 06:45:00";"-37,5300666667";"-54,97505";"4,8";"121"
"CAPESANTE";"02929";"2025-11-14 07:00:00";"-37,5381333333";"-54,95725";"4,0";"183"
"CAPESANTE";"02929";"2025-11-14 07:15:00";"-37,5286833333";"-54,9770833333";"1,8";"305"
"CAPESANTE";"02929";"2025-11-14 07:27:00";"-37,5366666667";"-54,9606666667";"4,4";"98"
"CAPESANTE";"02929";"2025-11-14 07:30:00";"-37,53115";"-54,9716166667";"7,0";"112"
"CAPESANTE";"02929";"2025-11-14 07:37:00";"-37,5355";"-54,9650833333";"3,5";"123"
"CAPESANTE";"02929";"2025-11-14 07:45:00";"-37,5375333333";"-54,9582166667";"4,1";"303"
"CAPESANTE";"02929";"2025-11-14 08:00:00";"-37,52835";"-54,97685";"1,3";"288"
"CAPESANTE";"02929";"2025-11-14 08:15:00";"-37,5314333333";"-54,9701666667";"4,6";"124"
"CAPESANTE";"02929";"2025-11-14 08:27:00";"-37,5286666667";"-54,974";"4,4";"304"
"CAPESANTE";"02929";"2025-11-14 08:30:00";"-37,5366333333";"-54,9594";"5,5";"297"
"CAPESANTE";"02929";"2025-11-14 08:37:00";"-37,5325666667";"-54,96865";"4,2";"298"
"CAPESANTE";"02929";"2025-11-14 08:45:00";"-37,5278833333";"-54,97665";"1,8";"266"
"CAPESANTE";"02929";"2025-11-14 09:00:00";"-37,5327166667";"-54,9665166667";"4,5";"124"
"CAPESANTE";"02929";"2025-11-14 09:15:00";"-37,5342166667";"-54,96315";"5,2";"298"
"CAPESANTE";"02929";"2025-11-14 09:27:00";"-37,53";"-54,9693333333";"4,6";"127"
"CAPESANTE";"02929";"2025-11-14 09:30:00";"-37,52585";"-54,9798666667";"5,7";"279"
"CAPESANTE";"02929";"2025-11-14 09:37:00";"-37,5265";"-54,9774833333";"5,8";"117"
"CAPESANTE";"02929";"2025-11-14 09:45:00";"-37,5334333333";"-54,9639833333";"4,5";"121"
"CAPESANTE";"02929";"2025-11-14 10:00:00";"-37,5322833333";"-54,9654833333";"4,5";"305"
"CAPESANTE";"02929";"2025-11-14 10:15:00";"-37,5238166667";"-54,9815333333";"4,8";"29"
"CAPESANTE";"02929";"2025-11-14 10:27:00";"-37,5333333333";"-54,9613333333";"5,4";"295"
"CAPESANTE";"02929";"2025-11-14 10:30:00";"-37,5338333333";"-54,9615";"1,4";"88"
"CAPESANTE";"02929";"2025-11-14 10:37:00";"-37,5345666667";"-54,9554833333";"5,0";"128"
"CAPESANTE";"02929";"2025-11-14 10:45:00";"-37,5311333333";"-54,96605";"4,3";"301"
"CAPESANTE";"02929";"2025-11-14 11:00:00";"-37,5243666667";"-54,98345";"5,0";"288"
"CAPESANTE";"02929";"2025-11-14 11:14:00";"-37,5245";"-54,9777833333";"6,1";"120"
"CAPESANTE";"02929";"2025-11-14 11:27:00";"-37,5293333333";"-54,968";"4,4";"305"
"CAPESANTE";"02929";"2025-11-14 11:29:00";"-37,5325333333";"-54,9599";"5,1";"92"
"CAPESANTE";"02929";"2025-11-14 11:37:00";"-37,5264833333";"-54,9746166667";"1,1";"316"
"CAPESANTE";"02929";"2025-11-14 11:44:00";"-37,5269833333";"-54,9724166667";"4,4";"307"
"CAPESANTE";"02929";"2025-11-14 11:59:00";"-37,5249";"-54,9754166667";"5,1";"132"
"CAPESANTE";"02929";"2025-11-14 12:14:00";"-37,5322833333";"-54,9593166667";"3,4";"276"
"CAPESANTE";"02929";"2025-11-14 12:27:00";"-37,5206666667";"-54,9813333333";"5,8";"125"
"CAPESANTE";"02929";"2025-11-14 12:29:00";"-37,52265";"-54,9790833333";"1,7";"301"
"CAPESANTE";"02929";"2025-11-14 12:37:00";"-37,5235";"-54,97845";"4,6";"321"
"CAPESANTE";"02929";"2025-11-14 12:44:00";"-37,5237833333";"-54,9763166667";"4,7";"120"
"CAPESANTE";"02929";"2025-11-14 12:59:00";"-37,5296666667";"-54,95815";"3,3";"180"
"CAPESANTE";"02929";"2025-11-14 13:14:00";"-37,5222";"-54,9784833333";"4,3";"307"
"CAPESANTE";"02929";"2025-11-14 13:27:00";"-37,5286666667";"-54,9633333333";"3,8";"88"
"CAPESANTE";"02929";"2025-11-14 13:29:00";"-37,5233833333";"-54,9757833333";"4,6";"128"
"CAPESANTE";"02929";"2025-11-14 13:37:00";"-37,5289";"-54,9668166667";"1,6";"100"
"CAPESANTE";"02929";"2025-11-14 13:44:00";"-37,5309166667";"-54,95895";"3,7";"237"
"CAPESANTE";"02929";"2025-11-14 13:59:00";"-37,5216333333";"-54,97825";"1,1";"310"
"CAPESANTE";"02929";"2025-11-14 14:14:00";"-37,5250833333";"-54,9714333333";"5,2";"123"
"CAPESANTE";"02929";"2025-11-14 14:27:00";"-37,5213333333";"-54,9773333333";"4,6";"307"
"CAPESANTE";"02929";"2025-11-14 14:29:00";"-37,5301166667";"-54,9607833333";"5,5";"293"
"CAPESANTE";"02929";"2025-11-14 14:37:00";"-37,5263833333";"-54,9697833333";"4,1";"298"
"CAPESANTE";"02929";"2025-11-14 14:44:00";"-37,5211333333";"-54,9799333333";"2,3";"264"
"CAPESANTE";"02929";"2025-11-14 14:59:00";"-37,5265166667";"-54,9627";"4,5";"135"
"CAPESANTE";"02929";"2025-11-14 15:14:00";"-37,53145";"-54,9513666667";"6,2";"289"
"CAPESANTE";"02929";"2025-11-14 15:29:00";"-37,5218833333";"-54,9712666667";"1,1";"288"
"CAPESANTE";"02929";"2025-11-14 15:37:00";"-37,5213833333";"-54,97255";"5,7";"123"
"CAPESANTE";"02929";"2025-11-14 15:44:00";"-37,5074666667";"-54,9856";"4,8";"323"
"CAPESANTE";"02929";"2025-11-14 15:59:00";"-37,50795";"-54,98465";"4,6";"134"
"CAPESANTE";"02929";"2025-11-14 16:14:00";"-37,5114";"-54,9807166667";"6,5";"318"
"CAPESANTE";"02929";"2025-11-14 16:27:00";"-37,4886666667";"-55,004";"1,4";"310"
"CAPESANTE";"02929";"2025-11-14 16:29:00";"-37,4996333333";"-54,9942166667";"6,3";"329"
"CAPESANTE";"02929";"2025-11-14 16:37:00";"-37,5028833333";"-54,9908833333";"5,4";"297"
"CAPESANTE";"02929";"2025-11-14 16:44:00";"-37,4876";"-55,0074";"5,2";"284"
"CAPESANTE";"02929";"2025-11-14 16:59:00";"-37,4702166667";"-55,01045";"1,7";"22"
"CAPESANTE";"02929";"2025-11-14 17:14:00";"-37,4513166667";"-55,00385";"4,5";"15"
"CAPESANTE";"02929";"2025-11-14 17:27:00";"-37,4233333333";"-54,992";"4,8";"6"
"CAPESANTE";"02929";"2025-11-14 17:29:00";"-37,4342666667";"-54,99695";"5,0";"15"
"CAPESANTE";"02929";"2025-11-14 17:37:00";"-37,4775833333";"-55,0103166667";"4,6";"356"
"CAPESANTE";"02929";"2025-11-14 17:44:00";"-37,4180666667";"-54,9915166667";"6,4";"14"
"CAPESANTE";"02929";"2025-11-14 17:59:00";"-37,4026";"-54,9850166667";"3,7";"36"
"CAPESANTE";"02929";"2025-11-14 18:14:00";"-37,4150166667";"-54,99005";"3,9";"196"
"CAPESANTE";"02929";"2025-11-14 18:27:00";"-37,442";"-54,9953333333";"4,2";"212"
"CAPESANTE";"02929";"2025-11-14 18:29:00";"-37,4318666667";"-54,993";"4,4";"198"
"CAPESANTE";"02929";"2025-11-14 18:37:00";"-37,4079666667";"-54,9879333333";"4,7";"9"
"CAPESANTE";"02929";"2025-11-14 18:44:00";"-37,4456333333";"-54,999";"5,5";"209"
"CAPESANTE";"02929";"2025-11-14 18:59:00";"-37,4607833333";"-55,00445";"3,0";"182"
"CAPESANTE";"02929";"2025-11-14 19:14:00";"-37,47995";"-55,0068333333";"2,5";"180"
"CAPESANTE";"02929";"2025-11-14 19:27:00";"-37,498";"-54,9853333333";"5,0";"138"
"CAPESANTE";"02929";"2025-11-14 19:29:00";"-37,4897333333";"-54,9970166667";"4,5";"146"
"CAPESANTE";"02929";"2025-11-14 19:37:00";"-37,4559166667";"-55,0029";"4,4";"198"
"CAPESANTE";"02929";"2025-11-14 19:44:00";"-37,5016833333";"-54,98125";"5,7";"136"
"CAPESANTE";"02929";"2025-11-14 19:59:00";"-37,5150333333";"-54,96635";"7,5";"139"
"CAPESANTE";"02929";"2025-11-14 20:14:00";"-37,5073166667";"-54,9769666667";"0,9";"311"
"CAPESANTE";"02929";"2025-11-14 20:27:00";"-37,5153333333";"-54,9693333333";"4,4";"318"
"CAPESANTE";"02929";"2025-11-14 20:29:00";"-37,51785";"-54,9659166667";"0,9";"115"
"CAPESANTE";"02929";"2025-11-14 20:37:00";"-37,51005";"-54,97245";"2,1";"124"
"CAPESANTE";"02929";"2025-11-14 20:44:00";"-37,51245";"-54,9724166667";"3,1";"323"
"CAPESANTE";"02929";"2025-11-14 20:59:00";"-37,5178333333";"-54,9673";"4,7";"141"
"CAPESANTE";"02929";"2025-11-14 21:14:00";"-37,5161833333";"-54,9694166667";"4,5";"317"
"CAPESANTE";"02929";"2025-11-14 21:27:00";"-37,524";"-54,96";"7,4";"126"
"CAPESANTE";"02929";"2025-11-14 21:28:00";"-37,51415";"-54,9718666667";"6,0";"142"
"CAPESANTE";"02929";"2025-11-14 21:37:00";"-37,5095833333";"-54,97465";"5,9";"147"
"CAPESANTE";"02929";"2025-11-14 21:43:00";"-37,5248666667";"-54,9602666667";"5,4";"309"
"CAPESANTE";"02929";"2025-11-14 22:13:00";"-37,5246833333";"-54,95995";"5,5";"109"
"CAPESANTE";"02929";"2025-11-14 22:27:00";"-37,52";"-54,968";"4,6";"140"
"CAPESANTE";"02929";"2025-11-14 22:28:00";"-37,5161833333";"-54,9719333333";"1,3";"279"
"CAPESANTE";"02929";"2025-11-14 22:37:00";"-37,5164166667";"-54,9702833333";"2,4";"317"
"CAPESANTE";"02929";"2025-11-14 22:43:00";"-37,5228";"-54,9651666667";"4,8";"137"
"CAPESANTE";"02929";"2025-11-14 22:58:00";"-37,5213666667";"-54,9672";"4,4";"318"
"CAPESANTE";"02929";"2025-11-14 23:13:00";"-37,5156666667";"-54,9745833333";"6,4";"145"
"CAPESANTE";"02929";"2025-11-14 23:27:00";"-37,52";"-54,9706666667";"4,2";"320"
"CAPESANTE";"02929";"2025-11-14 23:28:00";"-37,5285833333";"-54,9593166667";"4,4";"117"
"CAPESANTE";"02929";"2025-11-14 23:37:00";"-37,5276";"-54,96035";"3,5";"316"
"CAPESANTE";"02929";"2025-11-14 23:43:00";"-37,5173833333";"-54,9734333333";"4,0";"316"
"CAPESANTE";"02929";"2025-11-14 23:58:00";"-37,5192";"-54,9720666667";"4,9";"137"
"CAPESANTE";"02929";"2025-11-15 00:13:00";"-37,5269166667";"-54,9638166667";"5,6";"309"
"CAPESANTE";"02929";"2025-11-15 00:27:00";"-37,5226666667";"-54,9693333333";"4,6";"141"
"CAPESANTE";"02929";"2025-11-15 00:28:00";"-37,5149";"-54,9768";"3,2";"319"
"CAPESANTE";"02929";"2025-11-15 00:37:00";"-37,5127166667";"-54,9794833333";"4,5";"36"
"CAPESANTE";"02929";"2025-11-15 00:43:00";"-37,5255333333";"-54,9663666667";"1,6";"120"
"CAPESANTE";"02929";"2025-11-15 00:58:00";"-37,5219";"-54,9708166667";"3,9";"320"
"CAPESANTE";"02929";"2025-11-15 01:13:00";"-37,5157";"-54,97775";"5,9";"140"
"CAPESANTE";"02929";"2025-11-15 01:27:00";"-37,5206666667";"-54,9726666667";"4,4";"318"
"CAPESANTE";"02929";"2025-11-15 01:28:00";"-37,5276";"-54,9633";"5,4";"114"
"CAPESANTE";"02929";"2025-11-15 01:37:00";"-37,5279";"-54,96395";"5,2";"312"
"CAPESANTE";"02929";"2025-11-15 01:43:00";"-37,5185333333";"-54,9754";"4,5";"321"
"CAPESANTE";"02929";"2025-11-15 02:13:00";"-37,5280833333";"-54,9633166667";"4,9";"80"
"CAPESANTE";"02929";"2025-11-15 02:27:00";"-37,5193333333";"-54,976";"4,6";"140"
"CAPESANTE";"02929";"2025-11-15 02:28:00";"-37,51715";"-54,9778";"5,6";"313"
"CAPESANTE";"02929";"2025-11-15 02:37:00";"-37,5125";"-54,9805333333";"2,7";"194"
"CAPESANTE";"02929";"2025-11-15 02:43:00";"-37,5222166667";"-54,9730333333";"4,6";"142"
"CAPESANTE";"02929";"2025-11-15 02:58:00";"-37,52735";"-54,9681333333";"5,7";"317"
"CAPESANTE";"02929";"2025-11-15 03:13:00";"-37,5144";"-54,9806";"4,1";"329"
"CAPESANTE";"02929";"2025-11-15 03:27:00";"-37,498";"-54,9866666667";"5,6";"135"
"CAPESANTE";"02929";"2025-11-15 03:28:00";"-37,4990333333";"-54,9883666667";"1,8";"346"
"CAPESANTE";"02929";"2025-11-15 03:37:00";"-37,5275333333";"-54,9652833333";"5,1";"111"
"CAPESANTE";"02929";"2025-11-15 03:43:00";"-37,5003666667";"-54,98365";"4,5";"140"
"CAPESANTE";"02929";"2025-11-15 03:58:00";"-37,5137833333";"-54,9670666667";"8,3";"128"
"CAPESANTE";"02929";"2025-11-15 04:13:00";"-37,5053";"-54,9781333333";"1,8";"322"
"CAPESANTE";"02929";"2025-11-15 04:27:00";"-37,516";"-54,9686666667";"5,6";"318"
"CAPESANTE";"02929";"2025-11-15 04:28:00";"-37,5129";"-54,9715";"4,5";"141"
"CAPESANTE";"02929";"2025-11-15 04:37:00";"-37,5066333333";"-54,9763333333";"2,0";"122"
"CAPESANTE";"02929";"2025-11-15 04:43:00";"-37,5137166667";"-54,9711333333";"4,7";"318"
"CAPESANTE";"02929";"2025-11-15 04:58:00";"-37,5084333333";"-54,9771333333";"5,6";"141"
"CAPESANTE";"02929";"2025-11-15 05:13:00";"-37,5196833333";"-54,9642666667";"3,4";"236"
"CAPESANTE";"02929";"2025-11-15 05:27:00";"-37,5153333333";"-54,9706666667";"1,6";"125"
"CAPESANTE";"02929";"2025-11-15 05:28:00";"-37,50755";"-54,9781";"3,8";"318"
"CAPESANTE";"02929";"2025-11-15 05:37:00";"-37,5072166667";"-54,9776";"3,4";"324"
"CAPESANTE";"02929";"2025-11-15 05:43:00";"-37,5161166667";"-54,9697833333";"1,4";"138"
"CAPESANTE";"02929";"2025-11-15 05:58:00";"-37,5116";"-54,97525";"2,2";"335"
"CAPESANTE";"02929";"2025-11-15 06:13:00";"-37,5160166667";"-54,9710666667";"4,3";"144"
"CAPESANTE";"02929";"2025-11-15 06:27:00";"-37,5106666667";"-54,9773333333";"5,6";"147"
"CAPESANTE";"02929";"2025-11-15 06:28:00";"-37,5146833333";"-54,9731166667";"4,9";"321"
"CAPESANTE";"02929";"2025-11-15 06:37:00";"-37,51665";"-54,97005";"4,6";"316"
"CAPESANTE";"02929";"2025-11-15 06:43:00";"-37,51325";"-54,97505";"4,8";"142"
"CAPESANTE";"02929";"2025-11-15 06:58:00";"-37,5185833333";"-54,9703166667";"5,8";"322"
"CAPESANTE";"02929";"2025-11-15 07:13:00";"-37,5083166667";"-54,9794833333";"5,1";"149"
"CAPESANTE";"02929";"2025-11-15 07:27:00";"-37,5198333333";"-54,9658833333";"5,5";"136"
"CAPESANTE";"02929";"2025-11-15 07:37:00";"-37,51905";"-54,9678333333";"4,3";"135"
"CAPESANTE";"02929";"2025-11-15 07:42:00";"-37,5099666667";"-54,97975";"4,3";"325"
"CAPESANTE";"02929";"2025-11-15 07:57:00";"-37,5178333333";"-54,9715166667";"1,4";"95"
"CAPESANTE";"02929";"2025-11-15 08:12:00";"-37,5120333333";"-54,9788";"2,0";"320"
"CAPESANTE";"02929";"2025-11-15 08:27:00";"-37,518";"-54,9733333333";"5,6";"311"
"CAPESANTE";"02929";"2025-11-15 08:37:00";"-37,5145666667";"-54,9758";"4,3";"138"
"CAPESANTE";"02929";"2025-11-15 08:42:00";"-37,5160833333";"-54,9756333333";"4,8";"322"
"CAPESANTE";"02929";"2025-11-15 08:57:00";"-37,5108666667";"-54,9817";"5,5";"138"
"CAPESANTE";"02929";"2025-11-15 09:12:00";"-37,5205166667";"-54,9695166667";"4,4";"297"
"CAPESANTE";"02929";"2025-11-15 09:27:00";"-37,5081833333";"-54,9840166667";"5,2";"338"
"CAPESANTE";"02929";"2025-11-15 09:37:00";"-37,5089666667";"-54,98335";"5,8";"329"
"CAPESANTE";"02929";"2025-11-15 09:42:00";"-37,51835";"-54,9737";"1,9";"95"
"CAPESANTE";"02929";"2025-11-15 09:57:00";"-37,50575";"-54,97905";"4,2";"318"
"CAPESANTE";"02929";"2025-11-15 10:12:00";"-37,4961166667";"-54,9932666667";"2,1";"233"
"CAPESANTE";"02929";"2025-11-15 10:27:00";"-37,5065166667";"-54,9852333333";"5,8";"136"
"CAPESANTE";"02929";"2025-11-15 10:37:00";"-37,5121166667";"-54,97315";"5,2";"328"
"CAPESANTE";"02929";"2025-11-15 10:42:00";"-37,51665";"-54,9750666667";"4,4";"314"
"CAPESANTE";"02929";"2025-11-15 10:57:00";"-37,5055";"-54,9894666667";"4,5";"294"
"CAPESANTE";"02929";"2025-11-15 11:12:00";"-37,5143666667";"-54,9791666667";"2,1";"124"
"CAPESANTE";"02929";"2025-11-15 11:27:00";"-37,5113333333";"-54,9833333333";"4,6";"142"
"CAPESANTE";"02929";"2025-11-15 11:37:00";"-37,5070166667";"-54,9865833333";"4,3";"325"
"CAPESANTE";"02929";"2025-11-15 11:42:00";"-37,5130666667";"-54,9818333333";"4,6";"146"
"CAPESANTE";"02929";"2025-11-15 11:57:00";"-37,5110166667";"-54,9844166667";"4,5";"323"
"CAPESANTE";"02929";"2025-11-15 12:12:00";"-37,5090833333";"-54,9871";"4,9";"142"
"CAPESANTE";"02929";"2025-11-15 12:27:00";"-37,5172166667";"-54,9793666667";"5,5";"321"
"CAPESANTE";"02929";"2025-11-15 12:37:00";"-37,5166333333";"-54,9789";"5,8";"317"
"CAPESANTE";"02929";"2025-11-15 12:42:00";"-37,5058666667";"-54,99315";"4,3";"51"
"CAPESANTE";"02929";"2025-11-15 12:57:00";"-37,5174";"-54,9785166667";"4,1";"115"
"CAPESANTE";"02929";"2025-11-15 13:12:00";"-37,5087";"-54,9895666667";"2,4";"298"
"CAPESANTE";"02929";"2025-11-15 13:27:00";"-37,5161";"-54,9813333333";"1,4";"131"
"CAPESANTE";"02929";"2025-11-15 13:37:00";"-37,5157333333";"-54,9809166667";"2,1";"130"
"CAPESANTE";"02929";"2025-11-15 13:42:00";"-37,51055";"-54,9878";"5,0";"319"
"CAPESANTE";"02929";"2025-11-15 13:57:00";"-37,51355";"-54,9851833333";"4,5";"141"
"CAPESANTE";"02929";"2025-11-15 14:12:00";"-37,5158";"-54,9832666667";"5,0";"319"
"CAPESANTE";"02929";"2025-11-15 14:27:00";"-37,5112666667";"-54,9887666667";"6,6";"132"
"CAPESANTE";"02929";"2025-11-15 14:37:00";"-37,5080833333";"-54,9916333333";"5,7";"136"
"CAPESANTE";"02929";"2025-11-15 14:42:00";"-37,5205833333";"-54,9771166667";"3,1";"262"
"CAPESANTE";"02929";"2025-11-15 14:57:00";"-37,51015";"-54,9917";"3,6";"280"
"CAPESANTE";"02929";"2025-11-15 15:12:00";"-37,51905";"-54,9811666667";"2,1";"140"
"CAPESANTE";"02929";"2025-11-15 15:27:00";"-37,5108833333";"-54,9901333333";"1,5";"318"
"CAPESANTE";"02929";"2025-11-15 15:37:00";"-37,5112666667";"-54,9888833333";"4,3";"321"
"CAPESANTE";"02929";"2025-11-15 15:42:00";"-37,51795";"-54,9832833333";"4,6";"139"
"CAPESANTE";"02929";"2025-11-15 15:57:00";"-37,5139166667";"-54,9878166667";"4,1";"319"
"CAPESANTE";"02929";"2025-11-15 16:12:00";"-37,51565";"-54,98665";"4,4";"143"
"CAPESANTE";"02929";"2025-11-15 16:27:00";"-37,5169333333";"-54,9857166667";"6,1";"320"
"CAPESANTE";"02929";"2025-11-15 16:37:00";"-37,5190333333";"-54,98335";"5,5";"329"
"CAPESANTE";"02929";"2025-11-15 16:42:00";"-37,5060833333";"-54,9988";"6,1";"332"
"CAPESANTE";"02929";"2025-11-15 16:57:00";"-37,4923333333";"-55,0079666667";"7,2";"353"
"CAPESANTE";"02929";"2025-11-15 17:12:00";"-37,4757833333";"-55,0082833333";"3,6";"0"
"CAPESANTE";"02929";"2025-11-15 17:27:00";"-37,4572833333";"-55,0043333333";"0,7";"43"
"CAPESANTE";"02929";"2025-11-15 17:37:00";"-37,4959333333";"-55,0053833333";"1,5";"323"
"CAPESANTE";"02929";"2025-11-15 17:41:00";"-37,4629833333";"-55,0082666667";"5,1";"201"
"CAPESANTE";"02929";"2025-11-15 17:56:00";"-37,4660833333";"-55,0102833333";"6,1";"14"
"CAPESANTE";"02929";"2025-11-15 18:11:00";"-37,4519333333";"-55,0032333333";"3,3";"8"
"CAPESANTE";"02929";"2025-11-15 18:26:00";"-37,4355833333";"-54,9965833333";"3,6";"29"
"CAPESANTE";"02929";"2025-11-15 18:27:00";"-37,4466666667";"-55,002";"4,6";"196"
"CAPESANTE";"02929";"2025-11-15 18:37:00";"-37,4713166667";"-55,0102666667";"3,4";"250"
"CAPESANTE";"02929";"2025-11-15 18:41:00";"-37,4484333333";"-55,0027166667";"4,7";"193"
"CAPESANTE";"02929";"2025-11-15 18:56:00";"-37,4654";"-55,0053333333";"6,5";"194"
"CAPESANTE";"02929";"2025-11-15 19:11:00";"-37,48585";"-54,9967833333";"4,5";"138"
"CAPESANTE";"02929";"2025-11-15 19:26:00";"-37,5000333333";"-54,9816166667";"4,3";"139"
"CAPESANTE";"02929";"2025-11-15 19:27:00";"-37,5126666667";"-54,9706666667";"4,8";"314"
"CAPESANTE";"02929";"2025-11-15 19:37:00";"-37,4584833333";"-55,00285";"5,1";"196"
"CAPESANTE";"02929";"2025-11-15 19:41:00";"-37,5120833333";"-54,9712166667";"5,3";"315"
"CAPESANTE";"02929";"2025-11-15 19:56:00";"-37,50075";"-54,9839166667";"4,9";"343"
"CAPESANTE";"02929";"2025-11-15 20:11:00";"-37,5124";"-54,97045";"5,0";"131"
"CAPESANTE";"02929";"2025-11-15 20:26:00";"-37,5046166667";"-54,9805833333";"1,8";"303"
"CAPESANTE";"02929";"2025-11-15 20:27:00";"-37,51";"-54,974";"2,0";"128"
"CAPESANTE";"02929";"2025-11-15 20:37:00";"-37,50215";"-54,98125";"0,8";"314"
"CAPESANTE";"02929";"2025-11-15 20:41:00";"-37,5103666667";"-54,9739666667";"2,9";"118"
"CAPESANTE";"02929";"2025-11-15 20:56:00";"-37,5059833333";"-54,9796833333";"4,2";"323"
"CAPESANTE";"02929";"2025-11-15 21:11:00";"-37,5060333333";"-54,98125";"5,8";"320"
"CAPESANTE";"02929";"2025-11-15 21:26:00";"-37,4947";"-54,9950333333";"4,5";"288"
"CAPESANTE";"02929";"2025-11-15 21:27:00";"-37,5086666667";"-54,9826666667";"2,0";"128"
"CAPESANTE";"02929";"2025-11-15 21:37:00";"-37,5100333333";"-54,97545";"5,9";"320"
"CAPESANTE";"02929";"2025-11-15 21:41:00";"-37,5086166667";"-54,9822666667";"1,6";"125"
"CAPESANTE";"02929";"2025-11-15 21:56:00";"-37,5021833333";"-54,99105";"4,5";"324"
"CAPESANTE";"02929";"2025-11-15 22:11:00";"-37,4965333333";"-54,99595";"6,0";"144"
"CAPESANTE";"02929";"2025-11-15 22:26:00";"-37,5094333333";"-54,9824666667";"3,8";"133"
"CAPESANTE";"02929";"2025-11-15 22:27:00";"-37,5006666667";"-54,9933333333";"4,2";"317"
"CAPESANTE";"02929";"2025-11-15 22:37:00";"-37,5061";"-54,9869";"6,1";"316"
"CAPESANTE";"02929";"2025-11-15 22:41:00";"-37,5003";"-54,9939";"4,1";"320"
"CAPESANTE";"02929";"2025-11-15 22:56:00";"-37,5011333333";"-54,99335";"4,1";"137"
"CAPESANTE";"02929";"2025-11-15 23:11:00";"-37,5122333333";"-54,9797333333";"6,0";"123"
"CAPESANTE";"02929";"2025-11-15 23:26:00";"-37,5015";"-54,9933833333";"3,9";"321"
"CAPESANTE";"02929";"2025-11-15 23:27:00";"-37,4993333333";"-54,9953333333";"5,6";"147"
"CAPESANTE";"02929";"2025-11-15 23:37:00";"-37,4956";"-54,9975166667";"4,8";"156"
"CAPESANTE";"02929";"2025-11-15 23:41:00";"-37,5002";"-54,9950666667";"5,3";"147"
"CAPESANTE";"02929";"2025-11-15 23:56:00";"-37,5118";"-54,9806166667";"7,1";"117"
"CAPESANTE";"02929";"2025-11-16 00:11:00";"-37,5018";"-54,9939666667";"2,6";"325"
"CAPESANTE";"02929";"2025-11-16 00:26:00";"-37,5044";"-54,9915";"2,4";"118"
"CAPESANTE";"02929";"2025-11-16 00:27:00";"-37,5166666667";"-54,9766666667";"1,8";"125"
"CAPESANTE";"02929";"2025-11-16 00:37:00";"-37,5093166667";"-54,985";"1,3";"121"
"CAPESANTE";"02929";"2025-11-16 00:41:00";"-37,5172333333";"-54,97595";"0,5";"124"
"CAPESANTE";"02929";"2025-11-16 00:56:00";"-37,5152166667";"-54,9790166667";"4,1";"323"
"CAPESANTE";"02929";"2025-11-16 01:11:00";"-37,5144333333";"-54,9801666667";"4,8";"138"
"CAPESANTE";"02929";"2025-11-16 01:26:00";"-37,5224333333";"-54,9731333333";"6,2";"315"
"CAPESANTE";"02929";"2025-11-16 01:37:00";"-37,519";"-54,9749333333";"6,2";"320"
"CAPESANTE";"02929";"2025-11-16 01:41:00";"-37,51015";"-54,9863";"3,9";"330"
"CAPESANTE";"02929";"2025-11-16 01:56:00";"-37,5226833333";"-54,9763";"3,8";"143"
"CAPESANTE";"02929";"2025-11-16 02:11:00";"-37,5193833333";"-54,9777166667";"4,6";"322"
"CAPESANTE";"02929";"2025-11-16 02:26:00";"-37,5151";"-54,98475";"5,8";"142"
"CAPESANTE";"02929";"2025-11-16 02:37:00";"-37,5188";"-54,9800666667";"3,9";"144"
"CAPESANTE";"02929";"2025-11-16 02:41:00";"-37,5267333333";"-54,9725333333";"3,1";"149"
"CAPESANTE";"02929";"2025-11-16 02:56:00";"-37,5143";"-54,9836833333";"1,8";"324"
"CAPESANTE";"02929";"2025-11-16 03:11:00";"-37,5196833333";"-54,9810333333";"4,3";"136"
"CAPESANTE";"02929";"2025-11-16 03:26:00";"-37,5209166667";"-54,9753";"5,7";"317"
"CAPESANTE";"02929";"2025-11-16 03:27:00";"-37,5106666667";"-54,9893333333";"3,4";"167"
"CAPESANTE";"02929";"2025-11-16 03:37:00";"-37,5170333333";"-54,9808166667";"4,5";"324"
"CAPESANTE";"02929";"2025-11-16 03:40:00";"-37,51055";"-54,9893666667";"3,1";"206"
"CAPESANTE";"02929";"2025-11-16 03:55:00";"-37,5239833333";"-54,9771333333";"1,5";"117"
"CAPESANTE";"02929";"2025-11-16 04:10:00";"-37,5120333333";"-54,9837333333";"3,3";"327"
"CAPESANTE";"02929";"2025-11-16 04:25:00";"-37,4977166667";"-54,9989166667";"4,4";"136"
"CAPESANTE";"02929";"2025-11-16 04:27:00";"-37,5106666667";"-54,9846666667";"1,0";"140"
"CAPESANTE";"02929";"2025-11-16 04:37:00";"-37,5225833333";"-54,9789666667";"4,3";"136"
"CAPESANTE";"02929";"2025-11-16 04:40:00";"-37,51085";"-54,9847833333";"1,1";"137"
"CAPESANTE";"02929";"2025-11-16 04:55:00";"-37,5045333333";"-54,9934666667";"7,6";"318"
"CAPESANTE";"02929";"2025-11-16 05:10:00";"-37,4925166667";"-55,0087166667";"3,9";"310"
"CAPESANTE";"02929";"2025-11-16 05:25:00";"-37,4939333333";"-55,0007666667";"2,4";"340"
"CAPESANTE";"02929";"2025-11-16 05:27:00";"-37,5026666667";"-54,994";"4,6";"141"
"CAPESANTE";"02929";"2025-11-16 05:37:00";"-37,5101";"-54,9867666667";"7,3";"312"
"CAPESANTE";"02929";"2025-11-16 05:40:00";"-37,5029833333";"-54,9939";"5,2";"154"
"CAPESANTE";"02929";"2025-11-16 05:55:00";"-37,5138333333";"-54,9794333333";"4,4";"201"
"CAPESANTE";"02929";"2025-11-16 06:10:00";"-37,5012";"-54,9964166667";"2,0";"4"
"CAPESANTE";"02929";"2025-11-16 06:25:00";"-37,5073666667";"-54,9897833333";"4,8";"146"
"CAPESANTE";"02929";"2025-11-16 06:27:00";"-37,514";"-54,9833333333";"6,0";"315"
"CAPESANTE";"02929";"2025-11-16 06:37:00";"-37,5115666667";"-54,9842166667";"3,4";"118"
"CAPESANTE";"02929";"2025-11-16 06:40:00";"-37,51325";"-54,9835333333";"6,2";"317"
"CAPESANTE";"02929";"2025-11-16 06:55:00";"-37,50135";"-54,9973833333";"1,3";"285"
"CAPESANTE";"02929";"2025-11-16 07:10:00";"-37,5089333333";"-54,98865";"5,0";"142"
"CAPESANTE";"02929";"2025-11-16 07:25:00";"-37,513";"-54,9840333333";"7,1";"303"
"CAPESANTE";"02929";"2025-11-16 07:27:00";"-37,502";"-54,9986666667";"2,0";"256"
"CAPESANTE";"02929";"2025-11-16 07:37:00";"-37,50175";"-54,9957833333";"2,8";"318"
"CAPESANTE";"02929";"2025-11-16 07:40:00";"-37,5017833333";"-54,9984166667";"2,1";"241"
"CAPESANTE";"02929";"2025-11-16 07:55:00";"-37,50675";"-54,9915333333";"4,3";"132"
"CAPESANTE";"02929";"2025-11-16 08:10:00";"-37,516";"-54,9824";"5,1";"316"
"CAPESANTE";"02929";"2025-11-16 08:25:00";"-37,5028666667";"-54,9974333333";"1,3";"252"
"CAPESANTE";"02929";"2025-11-16 08:27:00";"-37,506";"-54,9933333333";"4,4";"142"
"CAPESANTE";"02929";"2025-11-16 08:37:00";"-37,5040833333";"-54,9945333333";"3,7";"137"
"CAPESANTE";"02929";"2025-11-16 08:40:00";"-37,5058833333";"-54,9938";"4,3";"147"
"CAPESANTE";"02929";"2025-11-16 08:55:00";"-37,5177833333";"-54,9826833333";"3,4";"82"
"CAPESANTE";"02929";"2025-11-16 09:10:00";"-37,50385";"-54,9964333333";"3,9";"323"
"CAPESANTE";"02929";"2025-11-16 09:25:00";"-37,5038333333";"-54,9968166667";"4,3";"146"
"CAPESANTE";"02929";"2025-11-16 09:27:00";"-37,516";"-54,9813333333";"4,8";"125"
"CAPESANTE";"02929";"2025-11-16 09:37:00";"-37,5145666667";"-54,9849666667";"2,8";"127"
"CAPESANTE";"02929";"2025-11-16 09:40:00";"-37,5157833333";"-54,9817666667";"4,8";"114"
"CAPESANTE";"02929";"2025-11-16 09:55:00";"-37,5059166667";"-54,9951666667";"4,1";"333"
"CAPESANTE";"02929";"2025-11-16 10:10:00";"-37,5052166667";"-54,9962";"4,9";"139"
"CAPESANTE";"02929";"2025-11-16 10:25:00";"-37,5169166667";"-54,9838";"4,0";"110"
"CAPESANTE";"02929";"2025-11-16 10:27:00";"-37,506";"-54,996";"4,4";"322"
"CAPESANTE";"02929";"2025-11-16 10:37:00";"-37,5080833333";"-54,9928833333";"4,1";"321"
"CAPESANTE";"02929";"2025-11-16 10:40:00";"-37,5064666667";"-54,99545";"4,2";"313"
"CAPESANTE";"02929";"2025-11-16 10:55:00";"-37,5049";"-54,9975166667";"4,9";"139"
"CAPESANTE";"02929";"2025-11-16 11:10:00";"-37,5163833333";"-54,98265";"4,5";"111"
"CAPESANTE";"02929";"2025-11-16 11:25:00";"-37,5062833333";"-54,9966333333";"4,1";"326"
"CAPESANTE";"02929";"2025-11-16 11:27:00";"-37,5053333333";"-54,998";"4,8";"140"
"CAPESANTE";"02929";"2025-11-16 11:37:00";"-37,5012666667";"-55,00165";"5,6";"136"
"CAPESANTE";"02929";"2025-11-16 11:40:00";"-37,5041333333";"-54,9992";"6,3";"133"
"CAPESANTE";"02929";"2025-11-16 11:55:00";"-37,5167166667";"-54,98545";"4,3";"113"
"CAPESANTE";"02929";"2025-11-16 12:10:00";"-37,5077166667";"-54,996";"3,8";"319"
"CAPESANTE";"02929";"2025-11-16 12:25:00";"-37,5092";"-54,9949666667";"5,1";"134"
"CAPESANTE";"02929";"2025-11-16 12:27:00";"-37,5213333333";"-54,9806666667";"5,6";"138"
"CAPESANTE";"02929";"2025-11-16 12:37:00";"-37,5151166667";"-54,9875";"1,2";"130"
"CAPESANTE";"02929";"2025-11-16 12:40:00";"-37,5211833333";"-54,9810833333";"5,8";"127"
"CAPESANTE";"02929";"2025-11-16 12:55:00";"-37,5107666667";"-54,99375";"4,4";"311"
"CAPESANTE";"02929";"2025-11-16 13:10:00";"-37,5115833333";"-54,9934666667";"4,5";"140"
"CAPESANTE";"02929";"2025-11-16 13:25:00";"-37,5223";"-54,9797";"3,8";"182"
"CAPESANTE";"02929";"2025-11-16 13:27:00";"-37,51";"-54,9953333333";"1,0";"344"
"CAPESANTE";"02929";"2025-11-16 13:37:00";"-37,51275";"-54,99165";"4,8";"331"
"CAPESANTE";"02929";"2025-11-16 13:40:00";"-37,5103";"-54,9952333333";"1,3";"300"
"CAPESANTE";"02929";"2025-11-16 13:54:00";"-37,5141";"-54,9916166667";"4,7";"141"
"CAPESANTE";"02929";"2025-11-16 14:09:00";"-37,5220166667";"-54,9806333333";"5,0";"280"
"CAPESANTE";"02929";"2025-11-16 14:24:00";"-37,51";"-54,9953833333";"1,7";"6"
"CAPESANTE";"02929";"2025-11-16 14:27:00";"-37,516";"-54,99";"4,2";"138"
"CAPESANTE";"02929";"2025-11-16 14:37:00";"-37,5114666667";"-54,9943333333";"6,2";"144"
"CAPESANTE";"02929";"2025-11-16 14:39:00";"-37,51535";"-54,99115";"4,4";"147"
"CAPESANTE";"02929";"2025-11-16 14:54:00";"-37,5233166667";"-54,9813333333";"4,9";"221"
"CAPESANTE";"02929";"2025-11-16 15:09:00";"-37,5093666667";"-54,9969333333";"1,8";"23"
"CAPESANTE";"02929";"2025-11-16 15:24:00";"-37,5135";"-54,9940166667";"7,6";"116"
"CAPESANTE";"02929";"2025-11-16 15:27:00";"-37,5213333333";"-54,9806666667";"3,4";"175"
"CAPESANTE";"02929";"2025-11-16 15:37:00";"-37,5196833333";"-54,9804666667";"4,2";"184"
"CAPESANTE";"02929";"2025-11-16 15:39:00";"-37,52015";"-54,9816666667";"4,4";"130"
"CAPESANTE";"02929";"2025-11-16 15:54:00";"-37,5116166667";"-54,9973333333";"4,5";"340"
"CAPESANTE";"02929";"2025-11-16 16:09:00";"-37,50675";"-55,0022833333";"4,2";"156"
"CAPESANTE";"02929";"2025-11-16 16:24:00";"-37,51085";"-54,9875833333";"6,4";"27"
"CAPESANTE";"02929";"2025-11-16 16:27:00";"-37,494";"-55,004";"2,4";"352"
"CAPESANTE";"02929";"2025-11-16 16:37:00";"-37,51325";"-54,9956";"4,0";"316"
"CAPESANTE";"02929";"2025-11-16 16:39:00";"-37,495";"-55,0031";"3,9";"315"
"CAPESANTE";"02929";"2025-11-16 16:54:00";"-37,4755166667";"-55,0075";"5,7";"5"
"CAPESANTE";"02929";"2025-11-16 17:09:00";"-37,4573333333";"-55,0026166667";"1,4";"5"
"CAPESANTE";"02929";"2025-11-16 17:24:00";"-37,4431833333";"-54,9986";"4,8";"25"
"CAPESANTE";"02929";"2025-11-16 17:27:00";"-37,4253333333";"-54,9926666667";"4,2";"5"
"CAPESANTE";"02929";"2025-11-16 17:37:00";"-37,4802333333";"-55,00805";"7,6";"3"
"CAPESANTE";"02929";"2025-11-16 17:39:00";"-37,4265333333";"-54,9925666667";"3,8";"356"
"CAPESANTE";"02929";"2025-11-16 17:54:00";"-37,4273333333";"-54,9879333333";"6,4";"7"
"CAPESANTE";"02929";"2025-11-16 18:09:00";"-37,4063166667";"-54,9818833333";"4,7";"21"
"CAPESANTE";"02929";"2025-11-16 18:24:00";"-37,4037666667";"-54,9817333333";"2,8";"167"
"CAPESANTE";"02929";"2025-11-16 18:27:00";"-37,384";"-54,972";"1,6";"0"
"CAPESANTE";"02929";"2025-11-16 18:37:00";"-37,4289666667";"-54,9906";"2,1";"159"
"CAPESANTE";"02929";"2025-11-16 18:39:00";"-37,3852666667";"-54,9723666667";"5,1";"16"
"CAPESANTE";"02929";"2025-11-16 18:54:00";"-37,3752666667";"-54,9886333333";"4,4";"297"
"CAPESANTE";"02929";"2025-11-16 19:09:00";"-37,3728333333";"-54,9991666667";"4,0";"172"
"CAPESANTE";"02929";"2025-11-16 19:24:00";"-37,3874666667";"-54,9942666667";"3,2";"132"
"CAPESANTE";"02929";"2025-11-16 19:27:00";"-37,3986666667";"-54,9846666667";"3,6";"157"
"CAPESANTE";"02929";"2025-11-16 19:37:00";"-37,3765";"-54,9849";"6,1";"287"
"CAPESANTE";"02929";"2025-11-16 19:39:00";"-37,3974";"-54,9857166667";"3,4";"154"
"CAPESANTE";"02929";"2025-11-16 19:54:00";"-37,4093166667";"-54,9772666667";"2,7";"153"
"CAPESANTE";"02929";"2025-11-16 20:09:00";"-37,4186166667";"-54,9774";"1,6";"196"
"CAPESANTE";"02929";"2025-11-16 20:24:00";"-37,4279";"-54,9806";"2,3";"212"
"CAPESANTE";"02929";"2025-11-16 20:27:00";"-37,438";"-54,9873333333";"3,0";"212"
"CAPESANTE";"02929";"2025-11-16 20:37:00";"-37,4069";"-54,9787833333";"2,8";"116"
"CAPESANTE";"02929";"2025-11-16 20:39:00";"-37,4365666667";"-54,9863666667";"2,4";"257"
"CAPESANTE";"02929";"2025-11-16 20:54:00";"-37,4463166667";"-54,9943833333";"1,4";"168"
"CAPESANTE";"02929";"2025-11-16 21:09:00";"-37,4579";"-55,0011833333";"4,6";"202"
"CAPESANTE";"02929";"2025-11-16 21:24:00";"-37,46965";"-55,0059";"2,6";"188"
"CAPESANTE";"02929";"2025-11-16 21:27:00";"-37,4846666667";"-55,01";"4,6";"194"
"CAPESANTE";"02929";"2025-11-16 21:37:00";"-37,4448333333";"-54,9933166667";"4,0";"202"
"CAPESANTE";"02929";"2025-11-16 21:39:00";"-37,4836333333";"-55,0095333333";"2,4";"105"
"CAPESANTE";"02929";"2025-11-16 21:54:00";"-37,4961333333";"-55,0095833333";"4,7";"151"
"CAPESANTE";"02929";"2025-11-16 22:09:00";"-37,4846166667";"-55,0106333333";"4,0";"351"
"CAPESANTE";"02929";"2025-11-16 22:24:00";"-37,4685833333";"-55,0110833333";"5,1";"27"
"CAPESANTE";"02929";"2025-11-16 22:27:00";"-37,45";"-55,0006666667";"4,4";"93"
"CAPESANTE";"02929";"2025-11-16 22:37:00";"-37,4949166667";"-55,0097";"1,9";"194"
"CAPESANTE";"02929";"2025-11-16 22:39:00";"-37,45245";"-55,0034166667";"6,7";"21"
"CAPESANTE";"02929";"2025-11-16 22:54:00";"-37,4609";"-55,0018833333";"4,7";"329"
"CAPESANTE";"02929";"2025-11-16 23:09:00";"-37,4407833333";"-54,9903166667";"4,6";"36"
"CAPESANTE";"02929";"2025-11-16 23:24:00";"-37,4326833333";"-54,9864666667";"6,2";"31"
"CAPESANTE";"02929";"2025-11-16 23:27:00";"-37,414";"-54,9746666667";"4,6";"13"
"CAPESANTE";"02929";"2025-11-16 23:37:00";"-37,4599";"-55,0002166667";"3,1";"189"
"CAPESANTE";"02929";"2025-11-16 23:39:00";"-37,4159666667";"-54,9753833333";"2,5";"7"
"CAPESANTE";"02929";"2025-11-16 23:54:00";"-37,40715";"-54,9670666667";"6,8";"33"
"CAPESANTE";"02929";"2025-11-17 00:08:00";"-37,3918333333";"-54,9540166667";"2,2";"20"
"CAPESANTE";"02929";"2025-11-17 00:23:00";"-37,39235";"-54,9605666667";"1,5";"183"
"CAPESANTE";"02929";"2025-11-17 00:27:00";"-37,4026666667";"-54,968";"3,4";"209"
"CAPESANTE";"02929";"2025-11-17 00:37:00";"-37,4094833333";"-54,969";"6,3";"31"
"CAPESANTE";"02929";"2025-11-17 00:38:00";"-37,4010833333";"-54,96705";"7,6";"188"
"CAPESANTE";"02929";"2025-11-17 00:53:00";"-37,4097666667";"-54,9732166667";"2,3";"164"
"CAPESANTE";"02929";"2025-11-17 01:08:00";"-37,4193333333";"-54,9791";"3,1";"189"
"CAPESANTE";"02929";"2025-11-17 01:23:00";"-37,4298833333";"-54,9853833333";"3,0";"237"
"CAPESANTE";"02929";"2025-11-17 01:27:00";"-37,4406666667";"-54,9913333333";"2,6";"214"
"CAPESANTE";"02929";"2025-11-17 01:37:00";"-37,4090833333";"-54,9728";"3,1";"199"
"CAPESANTE";"02929";"2025-11-17 01:38:00";"-37,4392833333";"-54,9904833333";"3,8";"208"
"CAPESANTE";"02929";"2025-11-17 01:53:00";"-37,4465833333";"-54,9942833333";"2,4";"178"
"CAPESANTE";"02929";"2025-11-17 02:08:00";"-37,4540333333";"-54,9981833333";"2,8";"193"
"CAPESANTE";"02929";"2025-11-17 02:23:00";"-37,46125";"-55,0044666667";"2,8";"188"
"CAPESANTE";"02929";"2025-11-17 02:27:00";"-37,47";"-55,01";"2,4";"198"
"CAPESANTE";"02929";"2025-11-17 02:37:00";"-37,4462166667";"-54,9941333333";"2,0";"198"
"CAPESANTE";"02929";"2025-11-17 02:38:00";"-37,46885";"-55,0094333333";"1,6";"203"
"CAPESANTE";"02929";"2025-11-17 02:53:00";"-37,4784666667";"-55,0106833333";"2,5";"197"
"CAPESANTE";"02929";"2025-11-17 03:08:00";"-37,4878833333";"-55,0101833333";"2,5";"164"
"CAPESANTE";"02929";"2025-11-17 03:23:00";"-37,4966833333";"-55,0086";"1,8";"148"
"CAPESANTE";"02929";"2025-11-17 03:27:00";"-37,5093333333";"-55,0073333333";"3,0";"174"
"CAPESANTE";"02929";"2025-11-17 03:37:00";"-37,4771666667";"-55,01065";"2,9";"165"
"CAPESANTE";"02929";"2025-11-17 03:38:00";"-37,5073333333";"-55,0072333333";"2,5";"167"
"CAPESANTE";"02929";"2025-11-17 03:53:00";"-37,51735";"-55,0060333333";"2,7";"228"
"CAPESANTE";"02929";"2025-11-17 04:08:00";"-37,5210333333";"-55,01815";"4,4";"271"
"CAPESANTE";"02929";"2025-11-17 04:27:00";"-37,528";"-55,0446666667";"2,8";"247"
"CAPESANTE";"02929";"2025-11-17 04:37:00";"-37,5169666667";"-55,0053833333";"2,9";"186"
"CAPESANTE";"02929";"2025-11-17 04:38:00";"-37,52735";"-55,04265";"2,4";"248"
"CAPESANTE";"02929";"2025-11-17 04:53:00";"-37,5307333333";"-55,0552333333";"1,6";"208"
"CAPESANTE";"02929";"2025-11-17 05:08:00";"-37,5370666667";"-55,0605166667";"1,9";"161"
"CAPESANTE";"02929";"2025-11-17 05:23:00";"-37,5437333333";"-55,0652833333";"1,3";"0"
"CAPESANTE";"02929";"2025-11-17 05:27:00";"-37,552";"-55,0713333333";"2,4";"197"
"CAPESANTE";"02929";"2025-11-17 05:37:00";"-37,5305";"-55,0548333333";"4,5";"271"
"CAPESANTE";"02929";"2025-11-17 05:38:00";"-37,5513166667";"-55,0703333333";"2,8";"199"
"CAPESANTE";"02929";"2025-11-17 05:53:00";"-37,5583";"-55,0752333333";"2,1";"206"
"CAPESANTE";"02929";"2025-11-17 06:08:00";"-37,56595";"-55,0804333333";"1,5";"210"
"CAPESANTE";"02929";"2025-11-17 06:23:00";"-37,5738";"-55,086";"2,2";"204"
"CAPESANTE";"02929";"2025-11-17 06:27:00";"-37,584";"-55,0926666667";"2,4";"194"
"CAPESANTE";"02929";"2025-11-17 06:37:00";"-37,5577833333";"-55,0749";"2,7";"231"
"CAPESANTE";"02929";"2025-11-17 06:38:00";"-37,5821666667";"-55,0916833333";"3,3";"216"
"CAPESANTE";"02929";"2025-11-17 06:53:00";"-37,5907833333";"-55,0971666667";"2,4";"191"
"CAPESANTE";"02929";"2025-11-17 07:08:00";"-37,5973666667";"-55,1016666667";"0,8";"267"
"CAPESANTE";"02929";"2025-11-17 07:23:00";"-37,6012333333";"-55,10935";"1,7";"233"
"CAPESANTE";"02929";"2025-11-17 07:27:00";"-37,6046666667";"-55,118";"1,8";"247"
"CAPESANTE";"02929";"2025-11-17 07:37:00";"-37,5902833333";"-55,09675";"2,7";"212"
"CAPESANTE";"02929";"2025-11-17 07:38:00";"-37,604";"-55,11655";"1,8";"223"
"CAPESANTE";"02929";"2025-11-17 07:53:00";"-37,6186166667";"-55,11805";"4,4";"184"
"CAPESANTE";"02929";"2025-11-17 08:08:00";"-37,6125833333";"-55,1158333333";"4,4";"32"
"CAPESANTE";"02929";"2025-11-17 08:23:00";"-37,5966333333";"-55,1084666667";"6,3";"20"
"CAPESANTE";"02929";"2025-11-17 08:27:00";"-37,5746666667";"-55,0946666667";"2,2";"29"
"CAPESANTE";"02929";"2025-11-17 08:37:00";"-37,6173833333";"-55,1177333333";"5,1";"176"
"CAPESANTE";"02929";"2025-11-17 08:38:00";"-37,57695";"-55,0964333333";"5,2";"26"
"CAPESANTE";"02929";"2025-11-17 08:53:00";"-37,5588666667";"-55,0886333333";"4,8";"33"
"CAPESANTE";"02929";"2025-11-17 09:08:00";"-37,5441666667";"-55,0779666667";"4,6";"14"
"CAPESANTE";"02929";"2025-11-17 09:23:00";"-37,5295666667";"-55,0593666667";"5,1";"57"
"CAPESANTE";"02929";"2025-11-17 09:27:00";"-37,526";"-55,0633333333";"3,6";"267"
"CAPESANTE";"02929";"2025-11-17 09:37:00";"-37,5602";"-55,0895833333";"6,2";"32"
"CAPESANTE";"02929";"2025-11-17 09:38:00";"-37,5256833333";"-55,0601666667";"2,2";"253"
"CAPESANTE";"02929";"2025-11-17 09:53:00";"-37,5258";"-55,07305";"3,6";"107"
"CAPESANTE";"02929";"2025-11-17 10:07:00";"-37,5253833333";"-55,0503833333";"1,6";"78"
"CAPESANTE";"02929";"2025-11-17 10:22:00";"-37,5203666667";"-55,01625";"5,0";"82"
"CAPESANTE";"02929";"2025-11-17 10:37:00";"-37,5117";"-55,0014";"5,6";"111"
"CAPESANTE";"02929";"2025-11-17 10:52:00";"-37,5191666667";"-54,9836833333";"5,7";"98"
"CAPESANTE";"02929";"2025-11-17 11:07:00";"-37,5132666667";"-54,9992166667";"4,2";"296"
"CAPESANTE";"02929";"2025-11-17 11:22:00";"-37,5141333333";"-54,9984333333";"4,6";"118"
"CAPESANTE";"02929";"2025-11-17 11:27:00";"-37,52";"-54,9873333333";"5,6";"293"
"CAPESANTE";"02929";"2025-11-17 11:37:00";"-37,5203166667";"-54,9825833333";"2,4";"221"
"CAPESANTE";"02929";"2025-11-17 11:52:00";"-37,5121666667";"-55,0019333333";"1,6";"336"
"CAPESANTE";"02929";"2025-11-17 12:07:00";"-37,5173333333";"-54,99395";"4,9";"125"
"CAPESANTE";"02929";"2025-11-17 12:22:00";"-37,5158833333";"-54,98775";"7,1";"320"
"CAPESANTE";"02929";"2025-11-17 12:27:00";"-37,4986666667";"-55,0046666667";"3,2";"336"
"CAPESANTE";"02929";"2025-11-17 12:37:00";"-37,50025";"-55,0043";"3,0";"347"
"CAPESANTE";"02929";"2025-11-17 12:52:00";"-37,4942833333";"-54,99825";"5,0";"135"
"CAPESANTE";"02929";"2025-11-17 13:07:00";"-37,5040833333";"-54,9834833333";"5,5";"133"
"CAPESANTE";"02929";"2025-11-17 13:22:00";"-37,4959166667";"-54,9951166667";"4,1";"319"
"CAPESANTE";"02929";"2025-11-17 13:27:00";"-37,5006666667";"-54,9906666667";"4,0";"149"
"CAPESANTE";"02929";"2025-11-17 13:37:00";"-37,4977166667";"-54,9939";"3,5";"138"
"CAPESANTE";"02929";"2025-11-17 13:52:00";"-37,5059333333";"-54,9853166667";"5,8";"294"
"CAPESANTE";"02929";"2025-11-17 14:07:00";"-37,4918666667";"-55,0028833333";"1,4";"350"
"CAPESANTE";"02929";"2025-11-17 14:22:00";"-37,4965666667";"-54,9986333333";"4,1";"144"
"CAPESANTE";"02929";"2025-11-17 14:27:00";"-37,4993333333";"-54,996";"4,6";"320"
"CAPESANTE";"02929";"2025-11-17 14:37:00";"-37,5042";"-54,9910333333";"4,5";"312"
"CAPESANTE";"02929";"2025-11-17 14:52:00";"-37,4898666667";"-55,0057166667";"1,1";"31"
"CAPESANTE";"02929";"2025-11-17 15:07:00";"-37,4980666667";"-54,9979666667";"5,3";"133"
"CAPESANTE";"02929";"2025-11-17 15:22:00";"-37,5014833333";"-54,9969166667";"5,8";"327"
"CAPESANTE";"02929";"2025-11-17 15:27:00";"-37,486";"-55,0086666667";"6,6";"354"
"CAPESANTE";"02929";"2025-11-17 15:37:00";"-37,4885";"-55,0084";"4,9";"304"
"CAPESANTE";"02929";"2025-11-17 15:52:00";"-37,4725166667";"-55,0075166667";"4,0";"9"
"CAPESANTE";"02929";"2025-11-17 16:07:00";"-37,4867666667";"-55,0089166667";"3,6";"171"
"CAPESANTE";"02929";"2025-11-17 16:22:00";"-37,48225";"-55,0123833333";"4,6";"5"
"CAPESANTE";"02929";"2025-11-17 16:27:00";"-37,4766666667";"-55,014";"3,8";"182"
"CAPESANTE";"02929";"2025-11-17 16:37:00";"-37,4714833333";"-55,0130833333";"5,6";"190"
"CAPESANTE";"02929";"2025-11-17 16:52:00";"-37,4861";"-55,0131666667";"2,3";"132"
"CAPESANTE";"02929";"2025-11-17 17:07:00";"-37,4741833333";"-55,0152166667";"4,0";"348"
"CAPESANTE";"02929";"2025-11-17 17:22:00";"-37,4765";"-55,0148333333";"3,4";"168"
"CAPESANTE";"02929";"2025-11-17 17:27:00";"-37,49";"-55,0046666667";"6,0";"176"
"CAPESANTE";"02929";"2025-11-17 17:37:00";"-37,4892";"-55,0114166667";"5,0";"79"
"CAPESANTE";"02929";"2025-11-17 17:52:00";"-37,5044166667";"-55,0043666667";"0,6";"177"
"CAPESANTE";"02929";"2025-11-17 18:07:00";"-37,5188166667";"-55,01075";"4,1";"221"
"CAPESANTE";"02929";"2025-11-17 18:22:00";"-37,5210333333";"-55,0154666667";"6,8";"68"
"CAPESANTE";"02929";"2025-11-17 18:27:00";"-37,518";"-54,984";"8,8";"102"
"CAPESANTE";"02929";"2025-11-17 18:37:00";"-37,5044333333";"-55,0042666667";"1,8";"139"
"CAPESANTE";"02929";"2025-11-17 18:52:00";"-37,5207333333";"-54,9594833333";"6,1";"48"
"CAPESANTE";"02929";"2025-11-17 19:07:00";"-37,5066833333";"-54,9469166667";"3,6";"49"
"CAPESANTE";"02929";"2025-11-17 19:22:00";"-37,4888166667";"-54,93555";"4,6";"32"
"CAPESANTE";"02929";"2025-11-17 19:27:00";"-37,47";"-54,922";"4,4";"28"
"CAPESANTE";"02929";"2025-11-17 19:37:00";"-37,5196666667";"-54,95845";"6,3";"32"
"CAPESANTE";"02929";"2025-11-17 19:52:00";"-37,4620166667";"-54,91405";"3,0";"64"
"CAPESANTE";"02929";"2025-11-17 20:07:00";"-37,4546166667";"-54,9131333333";"3,9";"202"
"CAPESANTE";"02929";"2025-11-17 20:21:00";"-37,4664833333";"-54,9198333333";"1,7";"293"
"CAPESANTE";"02929";"2025-11-17 20:27:00";"-37,4493333333";"-54,9073333333";"4,2";"43"
"CAPESANTE";"02929";"2025-11-17 20:36:00";"-37,4509666667";"-54,9104333333";"1,9";"77"
"CAPESANTE";"02929";"2025-11-17 20:37:00";"-37,4619666667";"-54,9139";"3,3";"56"
"CAPESANTE";"02929";"2025-11-17 20:51:00";"-37,4567666667";"-54,9143166667";"3,2";"213"
"CAPESANTE";"02929";"2025-11-17 21:06:00";"-37,4631333333";"-54,9182166667";"6,0";"36"
"CAPESANTE";"02929";"2025-11-17 21:21:00";"-37,4513";"-54,9069166667";"4,5";"72"
"CAPESANTE";"02929";"2025-11-17 21:27:00";"-37,4626666667";"-54,916";"4,0";"188"
"CAPESANTE";"02929";"2025-11-17 21:36:00";"-37,4606166667";"-54,9160666667";"3,1";"226"
"CAPESANTE";"02929";"2025-11-17 21:37:00";"-37,4570666667";"-54,9143333333";"4,7";"213"
"CAPESANTE";"02929";"2025-11-17 21:51:00";"-37,4572833333";"-54,9132166667";"4,3";"29"
"CAPESANTE";"02929";"2025-11-17 22:06:00";"-37,4515833333";"-54,9079833333";"5,4";"243"
"CAPESANTE";"02929";"2025-11-17 22:21:00";"-37,4651";"-54,9164";"3,8";"185"
"CAPESANTE";"02929";"2025-11-17 22:27:00";"-37,4526666667";"-54,9066666667";"3,6";"74"
"CAPESANTE";"02929";"2025-11-17 22:36:00";"-37,45285";"-54,9094333333";"4,1";"33"
"CAPESANTE";"02929";"2025-11-17 22:37:00";"-37,4564166667";"-54,9126833333";"3,9";"28"
"CAPESANTE";"02929";"2025-11-17 22:51:00";"-37,4561";"-54,9113666667";"5,7";"210"
"CAPESANTE";"02929";"2025-11-17 23:06:00";"-37,4650833333";"-54,9168833333";"5,4";"21"
"CAPESANTE";"02929";"2025-11-17 23:21:00";"-37,4519833333";"-54,9061333333";"1,5";"57"
"CAPESANTE";"02929";"2025-11-17 23:27:00";"-37,4646666667";"-54,916";"1,6";"159"
"CAPESANTE";"02929";"2025-11-17 23:36:00";"-37,4607333333";"-54,9137333333";"4,3";"197"
"CAPESANTE";"02929";"2025-11-17 23:37:00";"-37,4572";"-54,9120166667";"4,7";"211"
"CAPESANTE";"02929";"2025-11-17 23:51:00";"-37,46215";"-54,9141";"3,6";"34"
"CAPESANTE";"02929";"2025-11-18 00:06:00";"-37,45135";"-54,90265";"3,5";"37"
"CAPESANTE";"02929";"2025-11-18 00:21:00";"-37,4642";"-54,9150666667";"2,0";"181"
"CAPESANTE";"02929";"2025-11-18 00:27:00";"-37,4553333333";"-54,9086666667";"4,2";"27"
"CAPESANTE";"02929";"2025-11-18 00:36:00";"-37,4602166667";"-54,9118666667";"4,3";"37"
"CAPESANTE";"02929";"2025-11-18 00:37:00";"-37,4615666667";"-54,91365";"5,3";"18"
"CAPESANTE";"02929";"2025-11-18 00:51:00";"-37,45125";"-54,9022833333";"4,3";"237"
"CAPESANTE";"02929";"2025-11-18 01:06:00";"-37,4650833333";"-54,9140833333";"1,0";"159"
"CAPESANTE";"02929";"2025-11-18 01:21:00";"-37,4575666667";"-54,9090333333";"4,1";"28"
"CAPESANTE";"02929";"2025-11-18 01:27:00";"-37,4546666667";"-54,9053333333";"5,4";"213"
"CAPESANTE";"02929";"2025-11-18 01:36:00";"-37,4508";"-54,8980666667";"5,1";"243"
"CAPESANTE";"02929";"2025-11-18 01:37:00";"-37,4516166667";"-54,9034";"6,2";"244"
"CAPESANTE";"02929";"2025-11-18 01:51:00";"-37,4645833333";"-54,91305";"1,2";"196"
"CAPESANTE";"02929";"2025-11-18 02:06:00";"-37,4587";"-54,9085";"4,5";"31"
"CAPESANTE";"02929";"2025-11-18 02:21:00";"-37,4551333333";"-54,9038666667";"5,6";"231"
"CAPESANTE";"02929";"2025-11-18 02:27:00";"-37,474";"-54,9153333333";"3,2";"251"
"CAPESANTE";"02929";"2025-11-18 02:36:00";"-37,4684333333";"-54,9127666667";"2,2";"163"
"CAPESANTE";"02929";"2025-11-18 02:37:00";"-37,4649166667";"-54,9128666667";"1,9";"152"
"CAPESANTE";"02929";"2025-11-18 02:51:00";"-37,4615666667";"-54,9091166667";"4,6";"28"
"CAPESANTE";"02929";"2025-11-18 03:06:00";"-37,4554166667";"-54,90335";"5,2";"222"
"CAPESANTE";"02929";"2025-11-18 03:21:00";"-37,4698166667";"-54,9139833333";"1,6";"150"
"CAPESANTE";"02929";"2025-11-18 03:27:00";"-37,458";"-54,9046666667";"1,8";"74"
"CAPESANTE";"02929";"2025-11-18 03:36:00";"-37,46205";"-54,90855";"4,6";"25"
"CAPESANTE";"02929";"2025-11-18 03:37:00";"-37,46005";"-54,908";"4,5";"24"
"CAPESANTE";"02929";"2025-11-18 03:51:00";"-37,4588333333";"-54,9053";"5,3";"212"
"CAPESANTE";"02929";"2025-11-18 04:06:00";"-37,4716333333";"-54,9133";"2,5";"183"
"CAPESANTE";"02929";"2025-11-18 04:21:00";"-37,4595333333";"-54,9057166667";"4,5";"28"
"CAPESANTE";"02929";"2025-11-18 04:27:00";"-37,466";"-54,91";"4,0";"209"
"CAPESANTE";"02929";"2025-11-18 04:36:00";"-37,4609666667";"-54,90655";"5,2";"205"
"CAPESANTE";"02929";"2025-11-18 04:37:00";"-37,4599833333";"-54,90645";"5,5";"217"
"CAPESANTE";"02929";"2025-11-18 04:51:00";"-37,4737166667";"-54,9133666667";"5,4";"195"
"CAPESANTE";"02929";"2025-11-18 05:06:00";"-37,4585833333";"-54,90425";"3,4";"33"
"CAPESANTE";"02929";"2025-11-18 05:21:00";"-37,4563833333";"-54,9132833333";"4,6";"224"
"CAPESANTE";"02929";"2025-11-18 05:27:00";"-37,474";"-54,9253333333";"3,6";"311"
"CAPESANTE";"02929";"2025-11-18 05:36:00";"-37,4704333333";"-54,9242";"1,6";"252"
"CAPESANTE";"02929";"2025-11-18 05:37:00";"-37,4747333333";"-54,9141666667";"3,3";"273"
"CAPESANTE";"02929";"2025-11-18 05:51:00";"-37,4624333333";"-54,9184";"4,9";"29"
"CAPESANTE";"02929";"2025-11-18 06:06:00";"-37,45715";"-54,9133833333";"5,7";"215"
"CAPESANTE";"02929";"2025-11-18 06:20:00";"-37,4699666667";"-54,9224166667";"2,9";"174"
"CAPESANTE";"02929";"2025-11-18 06:27:00";"-37,4566666667";"-54,9133333333";"1,4";"57"
"CAPESANTE";"02929";"2025-11-18 06:35:00";"-37,4602833333";"-54,9163666667";"4,4";"25"
"CAPESANTE";"02929";"2025-11-18 06:37:00";"-37,46125";"-54,9174";"2,9";"45"
"CAPESANTE";"02929";"2025-11-18 06:50:00";"-37,4592333333";"-54,917";"6,1";"220"
"CAPESANTE";"02929";"2025-11-18 07:05:00";"-37,4713";"-54,9239833333";"4,2";"188"
"CAPESANTE";"02929";"2025-11-18 07:20:00";"-37,4570166667";"-54,9131";"2,5";"43"
"CAPESANTE";"02929";"2025-11-18 07:27:00";"-37,4673333333";"-54,92";"4,2";"207"
"CAPESANTE";"02929";"2025-11-18 07:35:00";"-37,4619";"-54,9163833333";"4,0";"209"
"CAPESANTE";"02929";"2025-11-18 07:37:00";"-37,4612833333";"-54,9184166667";"4,0";"218"
"CAPESANTE";"02929";"2025-11-18 07:50:00";"-37,4736";"-54,92225";"3,6";"332"
"CAPESANTE";"02929";"2025-11-18 08:05:00";"-37,4578833333";"-54,9121833333";"1,1";"38"
"CAPESANTE";"02929";"2025-11-18 08:20:00";"-37,4651333333";"-54,9172833333";"5,1";"222"
"CAPESANTE";"02929";"2025-11-18 08:27:00";"-37,466";"-54,9166666667";"4,4";"29"
"CAPESANTE";"02929";"2025-11-18 08:35:00";"-37,4722333333";"-54,92205";"4,9";"31"
"CAPESANTE";"02929";"2025-11-18 08:37:00";"-37,4720666667";"-54,922";"5,3";"28"
"CAPESANTE";"02929";"2025-11-18 08:50:00";"-37,4585666667";"-54,9113333333";"2,6";"36"
"CAPESANTE";"02929";"2025-11-18 09:05:00";"-37,46855";"-54,9193166667";"3,8";"224"
"CAPESANTE";"02929";"2025-11-18 09:20:00";"-37,4691666667";"-54,9182833333";"4,8";"23"
"CAPESANTE";"02929";"2025-11-18 09:27:00";"-37,462";"-54,9126666667";"5,4";"212"
"CAPESANTE";"02929";"2025-11-18 09:35:00";"-37,4578333333";"-54,90895";"4,3";"51"
"CAPESANTE";"02929";"2025-11-18 09:37:00";"-37,4575166667";"-54,9103333333";"4,0";"42"
"CAPESANTE";"02929";"2025-11-18 09:50:00";"-37,4716333333";"-54,9196833333";"4,2";"215"
"CAPESANTE";"02929";"2025-11-18 10:05:00";"-37,4684666667";"-54,9169166667";"3,4";"30"
"CAPESANTE";"02929";"2025-11-18 10:20:00";"-37,4567166667";"-54,9083666667";"4,0";"221"
"CAPESANTE";"02929";"2025-11-18 10:35:00";"-37,4710166667";"-54,91855";"1,7";"225"
"CAPESANTE";"02929";"2025-11-18 10:37:00";"-37,4723166667";"-54,91995";"1,7";"162"
"CAPESANTE";"02929";"2025-11-18 10:50:00";"-37,4662333333";"-54,9146833333";"3,9";"28"
"CAPESANTE";"02929";"2025-11-18 11:05:00";"-37,4595";"-54,9098333333";"5,6";"203"
"CAPESANTE";"02929";"2025-11-18 11:20:00";"-37,4733166667";"-54,9192166667";"2,4";"225"
"CAPESANTE";"02929";"2025-11-18 11:27:00";"-37,4586666667";"-54,9086666667";"3,0";"36"
"CAPESANTE";"02929";"2025-11-18 11:35:00";"-37,4624166667";"-54,9111166667";"4,7";"27"
"CAPESANTE";"02929";"2025-11-18 11:37:00";"-37,4639666667";"-54,91305";"4,4";"28"
"CAPESANTE";"02929";"2025-11-18 11:50:00";"-37,4598166667";"-54,9086333333";"5,8";"210"
"CAPESANTE";"02929";"2025-11-18 12:05:00";"-37,47345";"-54,9186666667";"7,5";"218"
"CAPESANTE";"02929";"2025-11-18 12:20:00";"-37,4636";"-54,9105833333";"4,0";"34"
"CAPESANTE";"02929";"2025-11-18 12:27:00";"-37,474";"-54,9173333333";"4,4";"213"
"CAPESANTE";"02929";"2025-11-18 12:35:00";"-37,4678";"-54,9126333333";"4,5";"213"
"CAPESANTE";"02929";"2025-11-18 12:37:00";"-37,4615666667";"-54,9100333333";"4,4";"222"
"CAPESANTE";"02929";"2025-11-18 12:50:00";"-37,4820166667";"-54,9197166667";"5,0";"242"
"CAPESANTE";"02929";"2025-11-18 13:05:00";"-37,4665333333";"-54,9123166667";"1,0";"357"
"CAPESANTE";"02929";"2025-11-18 13:20:00";"-37,4706166667";"-54,9138833333";"4,3";"212"
"CAPESANTE";"02929";"2025-11-18 13:27:00";"-37,4753333333";"-54,9173333333";"4,4";"25"
"CAPESANTE";"02929";"2025-11-18 13:35:00";"-37,483";"-54,9223833333";"4,7";"332"
"CAPESANTE";"02929";"2025-11-18 13:37:00";"-37,4812666667";"-54,9217166667";"4,8";"359"
"CAPESANTE";"02929";"2025-11-18 13:50:00";"-37,4666333333";"-54,9115666667";"1,3";"353"
"CAPESANTE";"02929";"2025-11-18 14:05:00";"-37,47145";"-54,91725";"4,4";"207"
"CAPESANTE";"02929";"2025-11-18 14:20:00";"-37,47965";"-54,9237666667";"6,6";"27"
"CAPESANTE";"02929";"2025-11-18 14:27:00";"-37,4633333333";"-54,912";"3,2";"234"
"CAPESANTE";"02929";"2025-11-18 14:35:00";"-37,4666833333";"-54,9142333333";"0,4";"33"
"CAPESANTE";"02929";"2025-11-18 14:37:00";"-37,4658833333";"-54,9114";"2,1";"27"
"CAPESANTE";"02929";"2025-11-18 14:50:00";"-37,4741833333";"-54,9203666667";"2,4";"216"
"CAPESANTE";"02929";"2025-11-18 15:05:00";"-37,4786666667";"-54,9246666667";"5,8";"38"
"CAPESANTE";"02929";"2025-11-18 15:20:00";"-37,4654666667";"-54,9148";"4,3";"14"
"CAPESANTE";"02929";"2025-11-18 15:27:00";"-37,4806666667";"-54,9273333333";"4,4";"35"
"CAPESANTE";"02929";"2025-11-18 15:35:00";"-37,4797";"-54,9250666667";"1,2";"188"
"CAPESANTE";"02929";"2025-11-18 15:37:00";"-37,4763";"-54,9219";"5,0";"213"
"CAPESANTE";"02929";"2025-11-18 15:50:00";"-37,47055";"-54,9191166667";"4,8";"36"
"CAPESANTE";"02929";"2025-11-18 16:05:00";"-37,4617333333";"-54,9023333333";"6,1";"78"
"CAPESANTE";"02929";"2025-11-18 16:20:00";"-37,4614833333";"-54,88325";"4,7";"115"
"CAPESANTE";"02929";"2025-11-18 16:27:00";"-37,442";"-54,8813333333";"2,8";"2"
"CAPESANTE";"02929";"2025-11-18 16:34:00";"-37,4464166667";"-54,8809";"3,9";"351"
"CAPESANTE";"02929";"2025-11-18 16:37:00";"-37,4687";"-54,9177666667";"3,2";"35"
"CAPESANTE";"02929";"2025-11-18 16:49:00";"-37,4477";"-54,8882";"6,3";"213"
"CAPESANTE";"02929";"2025-11-18 17:04:00";"-37,4607166667";"-54,89665";"2,8";"206"
"CAPESANTE";"02929";"2025-11-18 17:19:00";"-37,4624833333";"-54,8993666667";"4,1";"313"
"CAPESANTE";"02929";"2025-11-18 17:27:00";"-37,464";"-54,8966666667";"4,4";"141"
"CAPESANTE";"02929";"2025-11-18 17:34:00";"-37,4570833333";"-54,9038666667";"6,4";"144"
"CAPESANTE";"02929";"2025-11-18 17:37:00";"-37,4508333333";"-54,8902666667";"3,8";"211"
"CAPESANTE";"02929";"2025-11-18 17:49:00";"-37,4697833333";"-54,8901";"2,8";"131"
"CAPESANTE";"02929";"2025-11-18 18:04:00";"-37,4620166667";"-54,8987";"4,5";"316"
"CAPESANTE";"02929";"2025-11-18 18:19:00";"-37,4596666667";"-54,90035";"6,9";"141"
"CAPESANTE";"02929";"2025-11-18 18:27:00";"-37,4693333333";"-54,892";"5,4";"319"
"CAPESANTE";"02929";"2025-11-18 18:34:00";"-37,4712833333";"-54,8877166667";"4,4";"141"
"CAPESANTE";"02929";"2025-11-18 18:37:00";"-37,4719166667";"-54,8877";"5,4";"136"
"CAPESANTE";"02929";"2025-11-18 18:49:00";"-37,4611833333";"-54,9012166667";"3,0";"323"
"CAPESANTE";"02929";"2025-11-18 19:04:00";"-37,4613833333";"-54,9015166667";"6,0";"139"
"CAPESANTE";"02929";"2025-11-18 19:19:00";"-37,4736666667";"-54,8872833333";"5,8";"123"
"CAPESANTE";"02929";"2025-11-18 19:27:00";"-37,4566666667";"-54,9026666667";"2,0";"353"
"CAPESANTE";"02929";"2025-11-18 19:34:00";"-37,4604833333";"-54,8992166667";"4,0";"315"
"CAPESANTE";"02929";"2025-11-18 19:37:00";"-37,4584833333";"-54,9040333333";"4,0";"314"
"CAPESANTE";"02929";"2025-11-18 19:49:00";"-37,4590666667";"-54,8999166667";"6,7";"142"
"CAPESANTE";"02929";"2025-11-18 20:04:00";"-37,4706333333";"-54,8849666667";"2,9";"134"
"CAPESANTE";"02929";"2025-11-18 20:19:00";"-37,4598166667";"-54,8988";"2,4";"324"
"CAPESANTE";"02929";"2025-11-18 20:27:00";"-37,468";"-54,8893333333";"4,8";"141"
"CAPESANTE";"02929";"2025-11-18 20:34:00";"-37,4622";"-54,8957666667";"4,8";"141"
"CAPESANTE";"02929";"2025-11-18 20:37:00";"-37,4620166667";"-54,8969166667";"4,9";"138"
"CAPESANTE";"02929";"2025-11-18 20:49:00";"-37,4724666667";"-54,88235";"2,9";"173"
"CAPESANTE";"02929";"2025-11-18 21:04:00";"-37,4597";"-54,89445";"5,2";"7"
"CAPESANTE";"02929";"2025-11-18 21:19:00";"-37,4577833333";"-54,8870666667";"5,1";"135"
"CAPESANTE";"02929";"2025-11-18 21:27:00";"-37,4573333333";"-54,8886666667";"4,2";"322"
"CAPESANTE";"02929";"2025-11-18 21:34:00";"-37,4638833333";"-54,8805166667";"5,2";"302"
"CAPESANTE";"02929";"2025-11-18 21:37:00";"-37,4710833333";"-54,8854";"5,3";"317"
"CAPESANTE";"02929";"2025-11-18 21:49:00";"-37,45065";"-54,8960666667";"4,3";"328"
"CAPESANTE";"02929";"2025-11-18 22:04:00";"-37,4524166667";"-54,8949666667";"5,4";"145"
"CAPESANTE";"02929";"2025-11-18 22:19:00";"-37,4625";"-54,87905";"4,9";"105"
"CAPESANTE";"02929";"2025-11-18 22:27:00";"-37,464";"-54,9026666667";"3,6";"272"
"CAPESANTE";"02929";"2025-11-18 22:34:00";"-37,4642333333";"-54,8937333333";"3,8";"275"
"CAPESANTE";"02929";"2025-11-18 22:37:00";"-37,4485833333";"-54,8973333333";"1,3";"18"
"CAPESANTE";"02929";"2025-11-18 22:49:00";"-37,4633833333";"-54,9084833333";"2,4";"333"
"CAPESANTE";"02929";"2025-11-18 23:04:00";"-37,46895";"-54,8988";"4,5";"130"
"CAPESANTE";"02929";"2025-11-18 23:19:00";"-37,4751333333";"-54,8899166667";"3,9";"296"
"CAPESANTE";"02929";"2025-11-18 23:27:00";"-37,4566666667";"-54,9046666667";"2,0";"310"
"CAPESANTE";"02929";"2025-11-18 23:34:00";"-37,4623666667";"-54,9050666667";"3,8";"320"
"CAPESANTE";"02929";"2025-11-18 23:37:00";"-37,4618333333";"-54,91015";"3,4";"291"
"CAPESANTE";"02929";"2025-11-18 23:49:00";"-37,4658666667";"-54,9008";"3,5";"137"
"CAPESANTE";"02929";"2025-11-19 00:04:00";"-37,4746833333";"-54,88575";"4,2";"113"
"CAPESANTE";"02929";"2025-11-19 00:19:00";"-37,4633";"-54,90295";"4,2";"314"
"CAPESANTE";"02929";"2025-11-19 00:27:00";"-37,468";"-54,8973333333";"4,4";"135"
"CAPESANTE";"02929";"2025-11-19 00:34:00";"-37,4607333333";"-54,905";"5,4";"143"
"CAPESANTE";"02929";"2025-11-19 00:37:00";"-37,46855";"-54,89805";"4,3";"143"
"CAPESANTE";"02929";"2025-11-19 00:49:00";"-37,4734";"-54,8899";"2,5";"81"
"CAPESANTE";"02929";"2025-11-19 01:04:00";"-37,4667833333";"-54,8981666667";"4,0";"317"
"CAPESANTE";"02929";"2025-11-19 01:19:00";"-37,4551666667";"-54,9054333333";"4,1";"260"
"CAPESANTE";"02929";"2025-11-19 01:27:00";"-37,4726666667";"-54,886";"5,2";"134"
"CAPESANTE";"02929";"2025-11-19 01:34:00";"-37,4706333333";"-54,8934333333";"3,7";"119"
"CAPESANTE";"02929";"2025-11-19 01:37:00";"-37,4737333333";"-54,8862333333";"4,4";"113"
"CAPESANTE";"02929";"2025-11-19 01:49:00";"-37,4682";"-54,8955";"3,3";"317"
"CAPESANTE";"02929";"2025-11-19 02:04:00";"-37,4552333333";"-54,9033666667";"4,3";"2"
"CAPESANTE";"02929";"2025-11-19 02:19:00";"-37,4674333333";"-54,9095333333";"6,4";"132"
"CAPESANTE";"02929";"2025-11-19 02:27:00";"-37,4713333333";"-54,9046666667";"4,4";"320"
"CAPESANTE";"02929";"2025-11-19 02:33:00";"-37,4774";"-54,8969333333";"3,6";"173"
"CAPESANTE";"02929";"2025-11-19 02:37:00";"-37,4652333333";"-54,8987333333";"4,3";"325"
"CAPESANTE";"02929";"2025-11-19 02:48:00";"-37,4636";"-54,912";"2,6";"41"
"CAPESANTE";"02929";"2025-11-19 03:03:00";"-37,4678333333";"-54,9078166667";"6,2";"137"
"CAPESANTE";"02929";"2025-11-19 03:18:00";"-37,4780666667";"-54,8921333333";"3,9";"104"
"CAPESANTE";"02929";"2025-11-19 03:27:00";"-37,4613333333";"-54,9106666667";"3,6";"17"
"CAPESANTE";"02929";"2025-11-19 03:33:00";"-37,4673333333";"-54,9076666667";"5,2";"321"
"CAPESANTE";"02929";"2025-11-19 03:37:00";"-37,4614166667";"-54,9098833333";"4,7";"13"
"CAPESANTE";"02929";"2025-11-19 03:48:00";"-37,46395";"-54,91005";"5,7";"151"
"CAPESANTE";"02929";"2025-11-19 04:03:00";"-37,47685";"-54,8957166667";"2,4";"229"
"CAPESANTE";"02929";"2025-11-19 04:18:00";"-37,4621166667";"-54,9111666667";"1,6";"20"
"CAPESANTE";"02929";"2025-11-19 04:27:00";"-37,4753333333";"-54,898";"5,0";"138"
"CAPESANTE";"02929";"2025-11-19 04:33:00";"-37,4683833333";"-54,90565";"5,1";"131"
"CAPESANTE";"02929";"2025-11-19 04:37:00";"-37,4679666667";"-54,9062833333";"5,2";"134"
"CAPESANTE";"02929";"2025-11-19 04:48:00";"-37,4789166667";"-54,8913333333";"3,2";"122"
"CAPESANTE";"02929";"2025-11-19 05:03:00";"-37,4654";"-54,9083166667";"4,3";"314"
"CAPESANTE";"02929";"2025-11-19 05:18:00";"-37,4618";"-54,9021";"5,7";"138"
"CAPESANTE";"02929";"2025-11-19 05:27:00";"-37,4666666667";"-54,896";"4,6";"322"
"CAPESANTE";"02929";"2025-11-19 05:33:00";"-37,4725";"-54,8879";"3,9";"115"
"CAPESANTE";"02929";"2025-11-19 05:37:00";"-37,4763833333";"-54,8962333333";"5,2";"320"
"CAPESANTE";"02929";"2025-11-19 05:48:00";"-37,4592833333";"-54,9041166667";"5,3";"324"
"CAPESANTE";"02929";"2025-11-19 06:03:00";"-37,4585166667";"-54,8987666667";"5,3";"151"
"CAPESANTE";"02929";"2025-11-19 06:18:00";"-37,4696833333";"-54,8849";"3,6";"151"
"CAPESANTE";"02929";"2025-11-19 06:27:00";"-37,454";"-54,9013333333";"2,2";"11"
"CAPESANTE";"02929";"2025-11-19 06:33:00";"-37,4598666667";"-54,8967666667";"4,1";"303"
"CAPESANTE";"02929";"2025-11-19 06:37:00";"-37,4566166667";"-54,9055166667";"1,6";"63"
"CAPESANTE";"02929";"2025-11-19 06:48:00";"-37,4533166667";"-54,9022666667";"3,8";"133"
"CAPESANTE";"02929";"2025-11-19 07:03:00";"-37,4686833333";"-54,8869333333";"3,6";"115"
"CAPESANTE";"02929";"2025-11-19 07:18:00";"-37,46405";"-54,8914166667";"4,6";"313"
"CAPESANTE";"02929";"2025-11-19 07:27:00";"-37,4566666667";"-54,898";"5,0";"146"
"CAPESANTE";"02929";"2025-11-19 07:33:00";"-37,4496";"-54,9027833333";"3,4";"293"
"CAPESANTE";"02929";"2025-11-19 07:37:00";"-37,4578";"-54,89845";"5,3";"141"
"CAPESANTE";"02929";"2025-11-19 07:48:00";"-37,4644166667";"-54,8905333333";"4,8";"128"
"CAPESANTE";"02929";"2025-11-19 08:03:00";"-37,46535";"-54,8893166667";"5,6";"301"
"CAPESANTE";"02929";"2025-11-19 08:18:00";"-37,4522666667";"-54,9007166667";"3,1";"337"
"CAPESANTE";"02929";"2025-11-19 08:27:00";"-37,4693333333";"-54,8833333333";"1,8";"102"
"CAPESANTE";"02929";"2025-11-19 08:33:00";"-37,4641666667";"-54,8898";"4,8";"145"
"CAPESANTE";"02929";"2025-11-19 08:37:00";"-37,4677166667";"-54,8865166667";"2,8";"61"
"CAPESANTE";"02929";"2025-11-19 08:48:00";"-37,46825";"-54,8850833333";"6,0";"322"
"CAPESANTE";"02929";"2025-11-19 09:03:00";"-37,4540666667";"-54,8994";"1,3";"4"
"CAPESANTE";"02929";"2025-11-19 09:18:00";"-37,4617333333";"-54,89145";"5,5";"132"
"CAPESANTE";"02929";"2025-11-19 09:27:00";"-37,4633333333";"-54,8886666667";"5,0";"318"
"CAPESANTE";"02929";"2025-11-19 09:33:00";"-37,47145";"-54,8790833333";"2,4";"241"
"CAPESANTE";"02929";"2025-11-19 09:37:00";"-37,46385";"-54,88965";"4,4";"304"
"CAPESANTE";"02929";"2025-11-19 09:48:00";"-37,4564666667";"-54,89655";"4,3";"321"
"CAPESANTE";"02929";"2025-11-19 10:03:00";"-37,45735";"-54,8948666667";"4,1";"150"
"CAPESANTE";"02929";"2025-11-19 10:18:00";"-37,4683833333";"-54,8807666667";"4,8";"132"
"CAPESANTE";"02929";"2025-11-19 10:27:00";"-37,454";"-54,8966666667";"2,4";"23"
"CAPESANTE";"02929";"2025-11-19 10:33:00";"-37,46";"-54,8917833333";"3,5";"273"
"CAPESANTE";"02929";"2025-11-19 10:37:00";"-37,4535";"-54,8982833333";"0,7";"24"
"CAPESANTE";"02929";"2025-11-19 10:48:00";"-37,453";"-54,8980333333";"6,4";"127"
"CAPESANTE";"02929";"2025-11-19 11:03:00";"-37,46755";"-54,8827333333";"0,9";"80"
"CAPESANTE";"02929";"2025-11-19 11:18:00";"-37,4651666667";"-54,8856166667";"5,1";"306"
"CAPESANTE";"02929";"2025-11-19 11:27:00";"-37,45";"-54,9";"1,8";"238"
"CAPESANTE";"02929";"2025-11-19 11:33:00";"-37,4526333333";"-54,8954166667";"4,0";"2"
"CAPESANTE";"02929";"2025-11-19 11:37:00";"-37,45845";"-54,8927833333";"4,7";"138"
"CAPESANTE";"02929";"2025-11-19 11:48:00";"-37,4526";"-54,89635";"1,7";"312"
"CAPESANTE";"02929";"2025-11-19 12:03:00";"-37,4617333333";"-54,8879";"3,0";"140"
"CAPESANTE";"02929";"2025-11-19 12:18:00";"-37,4687333333";"-54,8790833333";"4,1";"309"
"CAPESANTE";"02929";"2025-11-19 12:27:00";"-37,45";"-54,8973333333";"3,4";"161"
"CAPESANTE";"02929";"2025-11-19 12:33:00";"-37,4554166667";"-54,8950833333";"3,1";"321"
"CAPESANTE";"02929";"2025-11-19 12:37:00";"-37,4507833333";"-54,90055";"3,3";"317"
"CAPESANTE";"02929";"2025-11-19 12:47:00";"-37,4586";"-54,8902333333";"4,6";"134"
"CAPESANTE";"02929";"2025-11-19 13:02:00";"-37,4691333333";"-54,8750666667";"2,8";"150"
"CAPESANTE";"02929";"2025-11-19 13:17:00";"-37,4584666667";"-54,89005";"4,4";"314"
"CAPESANTE";"02929";"2025-11-19 13:28:00";"-37,45";"-54,8986666667";"6,4";"135"
"CAPESANTE";"02929";"2025-11-19 13:32:00";"-37,4467833333";"-54,8977166667";"2,8";"8"
"CAPESANTE";"02929";"2025-11-19 13:37:00";"-37,4628333333";"-54,8857";"4,9";"140"
"CAPESANTE";"02929";"2025-11-19 13:47:00";"-37,4570666667";"-54,89035";"4,7";"140"
"CAPESANTE";"02929";"2025-11-19 14:02:00";"-37,4675833333";"-54,8756666667";"3,7";"114"
"CAPESANTE";"02929";"2025-11-19 14:17:00";"-37,4652333333";"-54,8837166667";"6,2";"329"
"CAPESANTE";"02929";"2025-11-19 14:27:00";"-37,444";"-54,898";"2,2";"255"
"CAPESANTE";"02929";"2025-11-19 14:32:00";"-37,4518833333";"-54,8975666667";"6,0";"333"
"CAPESANTE";"02929";"2025-11-19 14:37:00";"-37,4613166667";"-54,8858166667";"2,9";"112"
"CAPESANTE";"02929";"2025-11-19 14:47:00";"-37,4519333333";"-54,8936";"4,5";"155"
"CAPESANTE";"02929";"2025-11-19 15:02:00";"-37,4663";"-54,8782166667";"2,2";"91"
"CAPESANTE";"02929";"2025-11-19 15:17:00";"-37,4613833333";"-54,8826666667";"5,5";"327"
"CAPESANTE";"02929";"2025-11-19 15:27:00";"-37,4413333333";"-54,898";"1,8";"230"
"CAPESANTE";"02929";"2025-11-19 15:32:00";"-37,4470333333";"-54,8976333333";"5,0";"317"
"CAPESANTE";"02929";"2025-11-19 15:37:00";"-37,4567166667";"-54,8890333333";"4,9";"121"
"CAPESANTE";"02929";"2025-11-19 15:47:00";"-37,4473666667";"-54,8969833333";"7,0";"146"
"CAPESANTE";"02929";"2025-11-19 16:02:00";"-37,46225";"-54,8812166667";"4,5";"138"
"CAPESANTE";"02929";"2025-11-19 16:17:00";"-37,4662333333";"-54,8746166667";"5,6";"294"
"CAPESANTE";"02929";"2025-11-19 16:27:00";"-37,4453333333";"-54,8966666667";"3,0";"40"
"CAPESANTE";"02929";"2025-11-19 16:32:00";"-37,4527833333";"-54,8906333333";"3,8";"308"
"CAPESANTE";"02929";"2025-11-19 16:37:00";"-37,4517666667";"-54,8921";"4,2";"130"
"CAPESANTE";"02929";"2025-11-19 16:47:00";"-37,4402833333";"-54,8951833333";"3,1";"157"
"CAPESANTE";"02929";"2025-11-19 17:02:00";"-37,4562";"-54,8815";"4,2";"148"
"CAPESANTE";"02929";"2025-11-19 17:17:00";"-37,4623333333";"-54,8755833333";"5,5";"297"
"CAPESANTE";"02929";"2025-11-19 17:27:00";"-37,4413333333";"-54,8913333333";"5,0";"357"
"CAPESANTE";"02929";"2025-11-19 17:32:00";"-37,4491333333";"-54,8896333333";"5,6";"328"
"CAPESANTE";"02929";"2025-11-19 17:37:00";"-37,4459";"-54,8923333333";"5,1";"147"
"CAPESANTE";"02929";"2025-11-19 17:47:00";"-37,4378166667";"-54,8852";"8,2";"37"
"CAPESANTE";"02929";"2025-11-19 18:02:00";"-37,42525";"-54,8657833333";"4,2";"54"
"CAPESANTE";"02929";"2025-11-19 18:17:00";"-37,4089666667";"-54,8434833333";"5,0";"63"
"CAPESANTE";"02929";"2025-11-19 18:27:00";"-37,4133333333";"-54,818";"4,4";"136"
"CAPESANTE";"02929";"2025-11-19 18:32:00";"-37,4044666667";"-54,827";"7,0";"144"
"CAPESANTE";"02929";"2025-11-19 18:37:00";"-37,4329166667";"-54,8773333333";"5,5";"43"
"CAPESANTE";"02929";"2025-11-19 18:47:00";"-37,4153666667";"-54,8114333333";"5,2";"67"
"CAPESANTE";"02929";"2025-11-19 19:02:00";"-37,4208";"-54,8219666667";"4,3";"225"
"CAPESANTE";"02929";"2025-11-19 19:17:00";"-37,4068166667";"-54,8393833333";"4,3";"307"
"CAPESANTE";"02929";"2025-11-19 19:27:00";"-37,406";"-54,8446666667";"4,4";"140"
"CAPESANTE";"02929";"2025-11-19 19:32:00";"-37,3965333333";"-54,8488666667";"3,7";"226"
"CAPESANTE";"02929";"2025-11-19 19:37:00";"-37,41515";"-54,8102666667";"3,2";"246"
"CAPESANTE";"02929";"2025-11-19 19:47:00";"-37,4127";"-54,8381833333";"5,3";"130"
"CAPESANTE";"02929";"2025-11-19 20:02:00";"-37,4130333333";"-54,8411833333";"4,5";"318"
"CAPESANTE";"02929";"2025-11-19 20:17:00";"-37,3982333333";"-54,8525333333";"4,3";"357"
"CAPESANTE";"02929";"2025-11-19 20:27:00";"-37,4133333333";"-54,8393333333";"5,0";"87"
"CAPESANTE";"02929";"2025-11-19 20:32:00";"-37,4094833333";"-54,84765";"4,2";"155"
"CAPESANTE";"02929";"2025-11-19 20:37:00";"-37,4117666667";"-54,8343166667";"3,6";"82"
"CAPESANTE";"02929";"2025-11-19 20:47:00";"-37,41925";"-54,83815";"5,3";"213"
"CAPESANTE";"02929";"2025-11-19 21:02:00";"-37,4063833333";"-54,8564833333";"3,3";"359"
"CAPESANTE";"02929";"2025-11-19 21:17:00";"-37,3914";"-54,8431333333";"5,5";"55"
"CAPESANTE";"02929";"2025-11-19 21:27:00";"-37,3873333333";"-54,8193333333";"5,0";"132"
"CAPESANTE";"02929";"2025-11-19 21:32:00";"-37,3788";"-54,83025";"3,3";"130"
"CAPESANTE";"02929";"2025-11-19 21:37:00";"-37,41625";"-54,8457833333";"6,5";"314"
"CAPESANTE";"02929";"2025-11-19 21:47:00";"-37,3901";"-54,81415";"2,5";"27"
"CAPESANTE";"02929";"2025-11-19 22:02:00";"-37,3702";"-54,8166";"4,7";"343"
"CAPESANTE";"02929";"2025-11-19 22:17:00";"-37,3511";"-54,8138666667";"6,1";"49"
"CAPESANTE";"02929";"2025-11-19 22:27:00";"-37,33";"-54,8106666667";"4,0";"272"
"CAPESANTE";"02929";"2025-11-19 22:32:00";"-37,3358333333";"-54,7997166667";"5,2";"27"
"CAPESANTE";"02929";"2025-11-19 22:37:00";"-37,3846";"-54,8107666667";"8,7";"344"
"CAPESANTE";"02929";"2025-11-19 22:47:00";"-37,3301666667";"-54,8183";"1,5";"330"
"CAPESANTE";"02929";"2025-11-19 23:01:00";"-37,3242666667";"-54,8065333333";"5,7";"99"
"CAPESANTE";"02929";"2025-11-19 23:16:00";"-37,3217833333";"-54,7982666667";"6,0";"268"
"CAPESANTE";"02929";"2025-11-19 23:27:00";"-37,3226666667";"-54,82";"6,4";"93"
"CAPESANTE";"02929";"2025-11-19 23:31:00";"-37,3212";"-54,8165833333";"1,7";"336"
"CAPESANTE";"02929";"2025-11-19 23:37:00";"-37,3276666667";"-54,8211833333";"5,5";"306"
"CAPESANTE";"02929";"2025-11-19 23:46:00";"-37,3225166667";"-54,8097166667";"5,2";"73"
"CAPESANTE";"02929";"2025-11-20 00:01:00";"-37,3229333333";"-54,7936833333";"5,8";"262"
"CAPESANTE";"02929";"2025-11-20 00:16:00";"-37,3229833333";"-54,8163666667";"1,7";"354"
"CAPESANTE";"02929";"2025-11-20 00:27:00";"-37,3233333333";"-54,7933333333";"1,8";"66"
"CAPESANTE";"02929";"2025-11-20 00:31:00";"-37,3236333333";"-54,80725";"4,4";"99"
"CAPESANTE";"02929";"2025-11-20 00:37:00";"-37,3224666667";"-54,7998";"5,0";"81"
"CAPESANTE";"02929";"2025-11-20 00:46:00";"-37,3238";"-54,7880166667";"11,1";"228"
"CAPESANTE";"02929";"2025-11-20 01:01:00";"-37,3239";"-54,8117833333";"4,1";"263"
"CAPESANTE";"02929";"2025-11-20 01:16:00";"-37,3245166667";"-54,81075";"4,2";"96"
"CAPESANTE";"02929";"2025-11-20 01:31:00";"-37,3240666667";"-54,7898833333";"3,6";"81"
"CAPESANTE";"02929";"2025-11-20 01:37:00";"-37,32395";"-54,7974666667";"4,0";"274"
"CAPESANTE";"02929";"2025-11-20 01:46:00";"-37,3248666667";"-54,81095";"3,9";"262"
"CAPESANTE";"02929";"2025-11-20 02:01:00";"-37,3252";"-54,8114833333";"5,3";"85"
"CAPESANTE";"02929";"2025-11-20 02:16:00";"-37,3247666667";"-54,7904";"3,7";"84"
"CAPESANTE";"02929";"2025-11-20 02:27:00";"-37,3253333333";"-54,818";"3,0";"278"
"CAPESANTE";"02929";"2025-11-20 02:31:00";"-37,32555";"-54,8081333333";"4,0";"258"
"CAPESANTE";"02929";"2025-11-20 02:37:00";"-37,32465";"-54,8169333333";"1,1";"291"
"CAPESANTE";"02929";"2025-11-20 02:46:00";"-37,3253166667";"-54,8175666667";"6,0";"127"
"CAPESANTE";"02929";"2025-11-20 03:01:00";"-37,3363333333";"-54,7984166667";"2,6";"109"
"CAPESANTE";"02929";"2025-11-20 03:16:00";"-37,33955";"-54,7997";"4,9";"280"
"CAPESANTE";"02929";"2025-11-20 03:27:00";"-37,3386666667";"-54,8146666667";"4,6";"94"
"CAPESANTE";"02929";"2025-11-20 03:31:00";"-37,3392666667";"-54,8172666667";"5,9";"269"
"CAPESANTE";"02929";"2025-11-20 03:37:00";"-37,3302666667";"-54,8090166667";"4,4";"119"
"CAPESANTE";"02929";"2025-11-20 03:46:00";"-37,3390333333";"-54,8056166667";"4,2";"80"
"CAPESANTE";"02929";"2025-11-20 04:01:00";"-37,3388166667";"-54,7996";"5,3";"264"
"CAPESANTE";"02929";"2025-11-20 04:16:00";"-37,3384166667";"-54,8179666667";"3,6";"277"
"CAPESANTE";"02929";"2025-11-20 04:27:00";"-37,3393333333";"-54,7933333333";"3,2";"101"
"CAPESANTE";"02929";"2025-11-20 04:31:00";"-37,3392333333";"-54,8050833333";"4,7";"90"
"CAPESANTE";"02929";"2025-11-20 04:37:00";"-37,3389166667";"-54,7978666667";"1,2";"67"
"CAPESANTE";"02929";"2025-11-20 04:46:00";"-37,3385";"-54,79845";"5,1";"255"
"CAPESANTE";"02929";"2025-11-20 05:01:00";"-37,3383";"-54,8189166667";"0,7";"229"
"CAPESANTE";"02929";"2025-11-20 05:16:00";"-37,3381";"-54,8081666667";"4,7";"97"
"CAPESANTE";"02929";"2025-11-20 05:27:00";"-37,338";"-54,8133333333";"4,4";"272"
"CAPESANTE";"02929";"2025-11-20 05:31:00";"-37,33795";"-54,7984666667";"5,2";"275"
"CAPESANTE";"02929";"2025-11-20 05:37:00";"-37,33835";"-54,8077333333";"4,6";"279"
"CAPESANTE";"02929";"2025-11-20 05:46:00";"-37,33785";"-54,8190333333";"0,7";"282"
"CAPESANTE";"02929";"2025-11-20 06:01:00";"-37,3374333333";"-54,8070333333";"4,5";"97"
"CAPESANTE";"02929";"2025-11-20 06:16:00";"-37,3372833333";"-54,7975";"5,2";"284"
"CAPESANTE";"02929";"2025-11-20 06:27:00";"-37,3366666667";"-54,8153333333";"6,2";"92"
"CAPESANTE";"02929";"2025-11-20 06:31:00";"-37,3371666667";"-54,8178";"0,7";"274"
"CAPESANTE";"02929";"2025-11-20 06:37:00";"-37,3376833333";"-54,8238333333";"4,7";"60"
"CAPESANTE";"02929";"2025-11-20 06:46:00";"-37,33685";"-54,8065666667";"5,0";"80"
"CAPESANTE";"02929";"2025-11-20 07:01:00";"-37,3369666667";"-54,7934166667";"6,1";"272"
"CAPESANTE";"02929";"2025-11-20 07:16:00";"-37,3365166667";"-54,8157833333";"4,1";"275"
"CAPESANTE";"02929";"2025-11-20 07:27:00";"-37,336";"-54,7953333333";"1,6";"90"
"CAPESANTE";"02929";"2025-11-20 07:31:00";"-37,33625";"-54,8115333333";"4,7";"95"
"CAPESANTE";"02929";"2025-11-20 07:37:00";"-37,3368666667";"-54,7966";"2,3";"61"
"CAPESANTE";"02929";"2025-11-20 07:46:00";"-37,3367";"-54,79015";"4,7";"63"
"CAPESANTE";"02929";"2025-11-20 08:01:00";"-37,3359833333";"-54,8119";"4,0";"262"
"CAPESANTE";"02929";"2025-11-20 08:16:00";"-37,3356";"-54,81655";"6,4";"94"
"CAPESANTE";"02929";"2025-11-20 08:27:00";"-37,3353333333";"-54,802";"3,8";"264"
"CAPESANTE";"02929";"2025-11-20 08:31:00";"-37,3357";"-54,79545";"2,4";"82"
"CAPESANTE";"02929";"2025-11-20 08:37:00";"-37,3360666667";"-54,79955";"5,0";"275"
"CAPESANTE";"02929";"2025-11-20 08:46:00";"-37,3354333333";"-54,8085666667";"3,3";"266"
"CAPESANTE";"02929";"2025-11-20 09:00:00";"-37,33495";"-54,8205333333";"5,7";"87"
"CAPESANTE";"02929";"2025-11-20 09:15:00";"-37,3349833333";"-54,7955166667";"1,0";"72"
"CAPESANTE";"02929";"2025-11-20 09:27:00";"-37,3346666667";"-54,8166666667";"0,6";"237"
"CAPESANTE";"02929";"2025-11-20 09:30:00";"-37,3348";"-54,80465";"4,4";"273"
"CAPESANTE";"02929";"2025-11-20 09:37:00";"-37,3355";"-54,8168333333";"1,8";"274"
"CAPESANTE";"02929";"2025-11-20 09:45:00";"-37,3359833333";"-54,82155";"6,0";"260"
"CAPESANTE";"02929";"2025-11-20 10:00:00";"-37,3346";"-54,7978833333";"4,7";"84"
"CAPESANTE";"02929";"2025-11-20 10:15:00";"-37,3342166667";"-54,8004166667";"4,5";"263"
"CAPESANTE";"02929";"2025-11-20 10:27:00";"-37,334";"-54,8086666667";"4,8";"91"
"CAPESANTE";"02929";"2025-11-20 10:30:00";"-37,3341666667";"-54,8178";"2,1";"277"
"CAPESANTE";"02929";"2025-11-20 10:37:00";"-37,33455";"-54,8114333333";"4,8";"84"
"CAPESANTE";"02929";"2025-11-20 10:45:00";"-37,3339333333";"-54,8013";"4,5";"90"
"CAPESANTE";"02929";"2025-11-20 11:00:00";"-37,3336";"-54,7961333333";"5,9";"269"
"CAPESANTE";"02929";"2025-11-20 11:15:00";"-37,3335166667";"-54,8164833333";"1,2";"319"
"CAPESANTE";"02929";"2025-11-20 11:27:00";"-37,3326666667";"-54,7933333333";"3,4";"88"
"CAPESANTE";"02929";"2025-11-20 11:30:00";"-37,3333";"-54,8071833333";"4,8";"77"
"CAPESANTE";"02929";"2025-11-20 11:37:00";"-37,3336833333";"-54,7939333333";"1,2";"76"
"CAPESANTE";"02929";"2025-11-20 11:45:00";"-37,3329333333";"-54,79125";"5,5";"268"
"CAPESANTE";"02929";"2025-11-20 12:00:00";"-37,3331166667";"-54,8137833333";"4,2";"270"
"CAPESANTE";"02929";"2025-11-20 12:15:00";"-37,33275";"-54,8108666667";"4,4";"86"
"CAPESANTE";"02929";"2025-11-20 12:27:00";"-37,3326666667";"-54,804";"4,2";"273"
"CAPESANTE";"02929";"2025-11-20 12:30:00";"-37,3316";"-54,7900833333";"5,3";"75"
"CAPESANTE";"02929";"2025-11-20 12:37:00";"-37,33315";"-54,8015166667";"3,9";"269"
"CAPESANTE";"02929";"2025-11-20 12:45:00";"-37,3324833333";"-54,8101666667";"3,8";"286"
"CAPESANTE";"02929";"2025-11-20 13:00:00";"-37,3319666667";"-54,81535";"6,4";"103"
"CAPESANTE";"02929";"2025-11-20 13:15:00";"-37,3316666667";"-54,7938166667";"2,9";"93"
"CAPESANTE";"02929";"2025-11-20 13:27:00";"-37,3313333333";"-54,8173333333";"3,2";"279"
"CAPESANTE";"02929";"2025-11-20 13:30:00";"-37,3319333333";"-54,8071";"3,8";"279"
"CAPESANTE";"02929";"2025-11-20 13:37:00";"-37,3322666667";"-54,8167";"2,0";"263"
"CAPESANTE";"02929";"2025-11-20 13:45:00";"-37,33145";"-54,8205";"4,8";"92"
"CAPESANTE";"02929";"2025-11-20 14:00:00";"-37,3314666667";"-54,7955666667";"1,3";"71"
"CAPESANTE";"02929";"2025-11-20 14:15:00";"-37,3312833333";"-54,8042666667";"3,7";"278"
"CAPESANTE";"02929";"2025-11-20 14:30:00";"-37,3306333333";"-54,8201333333";"5,0";"287"
"CAPESANTE";"02929";"2025-11-20 14:37:00";"-37,3316333333";"-54,8082";"4,7";"89"
"CAPESANTE";"02929";"2025-11-20 14:45:00";"-37,33105";"-54,8002";"4,6";"85"
"CAPESANTE";"02929";"2025-11-20 15:00:00";"-37,3307";"-54,8008666667";"4,3";"278"
"CAPESANTE";"02929";"2025-11-20 15:15:00";"-37,3306166667";"-54,8188666667";"2,0";"270"
"CAPESANTE";"02929";"2025-11-20 15:27:00";"-37,3293333333";"-54,7906666667";"5,0";"97"
"CAPESANTE";"02929";"2025-11-20 15:30:00";"-37,3300166667";"-54,80405";"4,7";"83"
"CAPESANTE";"02929";"2025-11-20 15:37:00";"-37,3303833333";"-54,7932333333";"4,7";"70"
"CAPESANTE";"02929";"2025-11-20 15:45:00";"-37,3298";"-54,7950166667";"5,8";"279"
"CAPESANTE";"02929";"2025-11-20 16:00:00";"-37,3297666667";"-54,8176";"2,2";"276"
"CAPESANTE";"02929";"2025-11-20 16:15:00";"-37,3293666667";"-54,80825";"4,5";"103"
"CAPESANTE";"02929";"2025-11-20 16:27:00";"-37,3293333333";"-54,8026666667";"4,4";"273"
"CAPESANTE";"02929";"2025-11-20 16:30:00";"-37,3283166667";"-54,7886166667";"6,5";"66"
"CAPESANTE";"02929";"2025-11-20 16:37:00";"-37,3296666667";"-54,8060666667";"4,3";"275"
"CAPESANTE";"02929";"2025-11-20 16:45:00";"-37,3290833333";"-54,8082";"4,0";"262"
"CAPESANTE";"02929";"2025-11-20 17:00:00";"-37,3289166667";"-54,8147";"6,1";"88"
"CAPESANTE";"02929";"2025-11-20 17:15:00";"-37,3240333333";"-54,7971666667";"6,4";"3"
"CAPESANTE";"02929";"2025-11-20 17:27:00";"-37,3106666667";"-54,7773333333";"4,4";"108"
"CAPESANTE";"02929";"2025-11-20 17:30:00";"-37,3077666667";"-54,7953166667";"5,1";"4"
"CAPESANTE";"02929";"2025-11-20 17:37:00";"-37,32895";"-54,8156333333";"1,6";"276"
"CAPESANTE";"02929";"2025-11-20 17:45:00";"-37,3123166667";"-54,7720333333";"4,0";"97"
"CAPESANTE";"02929";"2025-11-20 18:00:00";"-37,3008166667";"-54,7627666667";"4,6";"18"
"CAPESANTE";"02929";"2025-11-20 18:15:00";"-37,2851833333";"-54,7560333333";"4,8";"18"
"CAPESANTE";"02929";"2025-11-20 18:27:00";"-37,2793333333";"-54,726";"4,6";"281"
"CAPESANTE";"02929";"2025-11-20 18:30:00";"-37,2815333333";"-54,735";"4,8";"107"
"CAPESANTE";"02929";"2025-11-20 18:37:00";"-37,3116833333";"-54,7668";"3,2";"337"
"CAPESANTE";"02929";"2025-11-20 18:45:00";"-37,2797333333";"-54,7333";"5,8";"280"
"CAPESANTE";"02929";"2025-11-20 19:00:00";"-37,2797";"-54,7521833333";"1,9";"257"
"CAPESANTE";"02929";"2025-11-20 19:14:00";"-37,2942333333";"-54,7671166667";"4,8";"213"
"CAPESANTE";"02929";"2025-11-20 19:27:00";"-37,3193333333";"-54,7813333333";"4,4";"188"
"CAPESANTE";"02929";"2025-11-20 19:29:00";"-37,3049666667";"-54,77745";"5,4";"195"
"CAPESANTE";"02929";"2025-11-20 19:37:00";"-37,2798";"-54,7439833333";"5,0";"271"
"CAPESANTE";"02929";"2025-11-20 19:44:00";"-37,3218166667";"-54,7818166667";"1,7";"169"
"CAPESANTE";"02929";"2025-11-20 19:59:00";"-37,31375";"-54,7756166667";"5,7";"20"
"CAPESANTE";"02929";"2025-11-20 20:14:00";"-37,3099166667";"-54,7779333333";"5,7";"216"
"CAPESANTE";"02929";"2025-11-20 20:27:00";"-37,326";"-54,8006666667";"4,4";"269"
"CAPESANTE";"02929";"2025-11-20 20:29:00";"-37,3238833333";"-54,7885166667";"2,7";"260"
"CAPESANTE";"02929";"2025-11-20 20:37:00";"-37,3239";"-54,7802833333";"6,2";"25"
"CAPESANTE";"02929";"2025-11-20 20:44:00";"-37,3258333333";"-54,8058833333";"4,5";"263"
"CAPESANTE";"02929";"2025-11-20 20:59:00";"-37,327";"-54,8236166667";"4,5";"305"
"CAPESANTE";"02929";"2025-11-20 21:14:00";"-37,3261166667";"-54,7999166667";"4,3";"94"
"CAPESANTE";"02929";"2025-11-20 21:29:00";"-37,3264666667";"-54,80195";"4,6";"274"
"CAPESANTE";"02929";"2025-11-20 21:37:00";"-37,3259166667";"-54,8167166667";"4,5";"278"
"CAPESANTE";"02929";"2025-11-20 21:44:00";"-37,3269333333";"-54,8203166667";"2,2";"235"
"CAPESANTE";"02929";"2025-11-20 21:59:00";"-37,3267666667";"-54,8031666667";"4,5";"78"
"CAPESANTE";"02929";"2025-11-20 22:14:00";"-37,3274333333";"-54,7947333333";"6,7";"285"
"CAPESANTE";"02929";"2025-11-20 22:27:00";"-37,3273333333";"-54,8186666667";"6,2";"86"
"CAPESANTE";"02929";"2025-11-20 22:29:00";"-37,3270666667";"-54,8187833333";"2,6";"256"
"CAPESANTE";"02929";"2025-11-20 22:37:00";"-37,3268333333";"-54,8164666667";"6,4";"88"
"CAPESANTE";"02929";"2025-11-20 22:44:00";"-37,3274333333";"-54,8119333333";"4,5";"92"
"CAPESANTE";"02929";"2025-11-20 22:59:00";"-37,3274166667";"-54,7921666667";"4,9";"64"
"CAPESANTE";"02929";"2025-11-20 23:14:00";"-37,3278333333";"-54,8127166667";"4,4";"268"
"CAPESANTE";"02929";"2025-11-20 23:27:00";"-37,3286666667";"-54,7993333333";"4,6";"87"
"CAPESANTE";"02929";"2025-11-20 23:29:00";"-37,3285166667";"-54,8171666667";"5,4";"87"
"CAPESANTE";"02929";"2025-11-20 23:37:00";"-37,3274";"-54,79915";"4,3";"84"
"CAPESANTE";"02929";"2025-11-20 23:44:00";"-37,3287166667";"-54,7957333333";"0,7";"79"
"CAPESANTE";"02929";"2025-11-20 23:59:00";"-37,3281333333";"-54,8066166667";"4,3";"259"
"CAPESANTE";"02929";"2025-11-21 00:14:00";"-37,3283333333";"-54,8222166667";"4,2";"98"
"CAPESANTE";"02929";"2025-11-21 00:27:00";"-37,3486666667";"-54,8193333333";"5,8";"88"
"CAPESANTE";"02929";"2025-11-21 00:29:00";"-37,3471666667";"-54,82375";"2,7";"183"
"CAPESANTE";"02929";"2025-11-21 00:37:00";"-37,3281833333";"-54,7945166667";"5,9";"266"
"CAPESANTE";"02929";"2025-11-21 00:44:00";"-37,3485333333";"-54,8129166667";"4,7";"93"
"CAPESANTE";"02929";"2025-11-21 00:59:00";"-37,3497";"-54,7920666667";"5,7";"96"
"CAPESANTE";"02929";"2025-11-21 01:14:00";"-37,3482333333";"-54,8127333333";"4,1";"270"
"CAPESANTE";"02929";"2025-11-21 01:27:00";"-37,348";"-54,7993333333";"4,8";"93"
"CAPESANTE";"02929";"2025-11-21 01:29:00";"-37,3479166667";"-54,81815";"5,9";"85"
"CAPESANTE";"02929";"2025-11-21 01:37:00";"-37,3485333333";"-54,8003";"4,1";"94"
"CAPESANTE";"02929";"2025-11-21 01:44:00";"-37,3480333333";"-54,7962";"1,3";"75"
"CAPESANTE";"02929";"2025-11-21 01:59:00";"-37,3440833333";"-54,8051833333";"4,8";"279"
"CAPESANTE";"02929";"2025-11-21 02:14:00";"-37,3471";"-54,8219833333";"5,8";"201"
"CAPESANTE";"02929";"2025-11-21 02:27:00";"-37,32";"-54,8206666667";"3,8";"17"
"CAPESANTE";"02929";"2025-11-21 02:29:00";"-37,3315";"-54,8241666667";"4,7";"4"
"CAPESANTE";"02929";"2025-11-21 02:37:00";"-37,3443833333";"-54,7940166667";"5,2";"280"
"CAPESANTE";"02929";"2025-11-21 02:44:00";"-37,3175166667";"-54,8224666667";"4,9";"277"
"CAPESANTE";"02929";"2025-11-21 02:59:00";"-37,3172166667";"-54,8437333333";"0,3";"201"
"CAPESANTE";"02929";"2025-11-21 03:14:00";"-37,3180833333";"-54,8360666667";"4,6";"93"
"CAPESANTE";"02929";"2025-11-21 03:27:00";"-37,3173333333";"-54,794";"4,6";"88"
"CAPESANTE";"02929";"2025-11-21 03:29:00";"-37,3174833333";"-54,81445";"5,5";"89"
"CAPESANTE";"02929";"2025-11-21 03:37:00";"-37,31715";"-54,8348833333";"4,0";"280"
"CAPESANTE";"02929";"2025-11-21 03:44:00";"-37,3173";"-54,7889666667";"4,4";"88"
"CAPESANTE";"02929";"2025-11-21 03:59:00";"-37,3161";"-54,7908333333";"4,3";"259"
"CAPESANTE";"02929";"2025-11-21 04:14:00";"-37,31625";"-54,8085";"2,3";"255"
"CAPESANTE";"02929";"2025-11-21 04:27:00";"-37,3153333333";"-54,784";"5,0";"88"
"CAPESANTE";"02929";"2025-11-21 04:29:00";"-37,3146666667";"-54,7994";"4,5";"108"
"CAPESANTE";"02929";"2025-11-21 04:37:00";"-37,31685";"-54,7800833333";"4,2";"16"
"CAPESANTE";"02929";"2025-11-21 04:44:00";"-37,3163666667";"-54,7812666667";"3,8";"263"
"CAPESANTE";"02929";"2025-11-21 04:59:00";"-37,3161833333";"-54,80555";"5,1";"290"
"CAPESANTE";"02929";"2025-11-21 05:13:00";"-37,31675";"-54,8025333333";"4,5";"91"
"CAPESANTE";"02929";"2025-11-21 05:27:00";"-37,3173333333";"-54,7826666667";"4,0";"47"
"CAPESANTE";"02929";"2025-11-21 05:28:00";"-37,31685";"-54,78215";"4,2";"93"
"CAPESANTE";"02929";"2025-11-21 05:37:00";"-37,3163833333";"-54,7956166667";"3,8";"269"
"CAPESANTE";"02929";"2025-11-21 05:43:00";"-37,3168";"-54,7847666667";"5,7";"273"
"CAPESANTE";"02929";"2025-11-21 05:58:00";"-37,3169666667";"-54,8074666667";"1,6";"260"
"CAPESANTE";"02929";"2025-11-21 06:13:00";"-37,3143";"-54,79935";"4,3";"93"
"CAPESANTE";"02929";"2025-11-21 06:27:00";"-37,3153333333";"-54,7973333333";"7,2";"268"
"CAPESANTE";"02929";"2025-11-21 06:28:00";"-37,31305";"-54,7807833333";"1,4";"246"
"CAPESANTE";"02929";"2025-11-21 06:37:00";"-37,3170666667";"-54,7978166667";"4,2";"268"
"CAPESANTE";"02929";"2025-11-21 06:43:00";"-37,3156833333";"-54,8045833333";"7,0";"269"
"CAPESANTE";"02929";"2025-11-21 06:58:00";"-37,3175833333";"-54,7869666667";"4,9";"86"
"CAPESANTE";"02929";"2025-11-21 07:13:00";"-37,3177333333";"-54,78885";"4,5";"266"
"CAPESANTE";"02929";"2025-11-21 07:27:00";"-37,318";"-54,798";"4,6";"90"
"CAPESANTE";"02929";"2025-11-21 07:28:00";"-37,3174166667";"-54,8072";"2,6";"310"
"CAPESANTE";"02929";"2025-11-21 07:37:00";"-37,31755";"-54,7993666667";"4,3";"84"
"CAPESANTE";"02929";"2025-11-21 07:43:00";"-37,31825";"-54,7941333333";"4,9";"88"
"CAPESANTE";"02929";"2025-11-21 07:58:00";"-37,3182666667";"-54,7860333333";"5,5";"267"
"CAPESANTE";"02929";"2025-11-21 08:13:00";"-37,3182833333";"-54,8062333333";"1,0";"233"
"CAPESANTE";"02929";"2025-11-21 08:27:00";"-37,318";"-54,7806666667";"4,2";"257"
"CAPESANTE";"02929";"2025-11-21 08:28:00";"-37,3187833333";"-54,79445";"5,0";"89"
"CAPESANTE";"02929";"2025-11-21 08:37:00";"-37,3172666667";"-54,7851833333";"5,0";"66"
"CAPESANTE";"02929";"2025-11-21 08:43:00";"-37,3186";"-54,7850333333";"5,4";"246"
"CAPESANTE";"02929";"2025-11-21 08:58:00";"-37,3186833333";"-54,8065333333";"1,4";"333"
"CAPESANTE";"02929";"2025-11-21 09:13:00";"-37,3193";"-54,79535";"4,4";"96"
"CAPESANTE";"02929";"2025-11-21 09:27:00";"-37,3193333333";"-54,804";"4,2";"267"
"CAPESANTE";"02929";"2025-11-21 09:28:00";"-37,3197";"-54,7836";"5,6";"270"
"CAPESANTE";"02929";"2025-11-21 09:37:00";"-37,31905";"-54,7996166667";"4,1";"257"
"CAPESANTE";"02929";"2025-11-21 09:43:00";"-37,3192833333";"-54,8066833333";"1,4";"231"
"CAPESANTE";"02929";"2025-11-21 09:58:00";"-37,3199";"-54,7963";"4,9";"93"
"CAPESANTE";"02929";"2025-11-21 10:13:00";"-37,3198833333";"-54,7828833333";"4,9";"264"
"CAPESANTE";"02929";"2025-11-21 10:27:00";"-37,3206666667";"-54,8026666667";"4,6";"88"
"CAPESANTE";"02929";"2025-11-21 10:28:00";"-37,3199666667";"-54,8068";"0,8";"284"
"CAPESANTE";"02929";"2025-11-21 10:37:00";"-37,31985";"-54,8078666667";"6,3";"94"
"CAPESANTE";"02929";"2025-11-21 10:43:00";"-37,32045";"-54,7991333333";"4,4";"86"
"CAPESANTE";"02929";"2025-11-21 10:58:00";"-37,3195666667";"-54,7808666667";"5,0";"168"
"CAPESANTE";"02929";"2025-11-21 11:13:00";"-37,3208333333";"-54,80485";"4,9";"275"
"CAPESANTE";"02929";"2025-11-21 11:27:00";"-37,3193333333";"-54,786";"3,0";"39"
"CAPESANTE";"02929";"2025-11-21 11:28:00";"-37,32115";"-54,8012166667";"4,3";"87"
"CAPESANTE";"02929";"2025-11-21 11:37:00";"-37,3203";"-54,7862666667";"2,1";"43"
"CAPESANTE";"02929";"2025-11-21 11:43:00";"-37,3186333333";"-54,7826";"4,6";"137"
"CAPESANTE";"02929";"2025-11-21 11:58:00";"-37,3213166667";"-54,8016";"4,4";"273"
"CAPESANTE";"02929";"2025-11-21 12:13:00";"-37,3219166667";"-54,80485";"4,9";"88"
"CAPESANTE";"02929";"2025-11-21 12:27:00";"-37,316";"-54,7946666667";"4,4";"268"
"CAPESANTE";"02929";"2025-11-21 12:28:00";"-37,3204166667";"-54,7851";"1,7";"23"
"CAPESANTE";"02929";"2025-11-21 12:37:00";"-37,3214";"-54,7931166667";"4,0";"266"
"CAPESANTE";"02929";"2025-11-21 12:43:00";"-37,3158333333";"-54,798";"3,6";"259"
"CAPESANTE";"02929";"2025-11-21 12:58:00";"-37,3151166667";"-54,8104666667";"6,1";"91"
"CAPESANTE";"02929";"2025-11-21 13:13:00";"-37,3155333333";"-54,7867";"4,7";"77"
"CAPESANTE";"02929";"2025-11-21 13:27:00";"-37,314";"-54,8073333333";"2,0";"317"
"CAPESANTE";"02929";"2025-11-21 13:28:00";"-37,3152166667";"-54,7913333333";"4,6";"275"
"CAPESANTE";"02929";"2025-11-21 13:37:00";"-37,3146666667";"-54,8078666667";"1,7";"316"
"CAPESANTE";"02929";"2025-11-21 13:43:00";"-37,3135166667";"-54,8094";"4,1";"281"
"CAPESANTE";"02929";"2025-11-21 13:58:00";"-37,3120333333";"-54,8034333333";"5,8";"258"
"CAPESANTE";"02929";"2025-11-21 14:13:00";"-37,312";"-54,82595";"1,8";"338"
"CAPESANTE";"02929";"2025-11-21 14:27:00";"-37,3106666667";"-54,8053333333";"2,8";"125"
"CAPESANTE";"02929";"2025-11-21 14:28:00";"-37,3128333333";"-54,81865";"3,7";"79"
"CAPESANTE";"02929";"2025-11-21 14:37:00";"-37,31485";"-54,804";"2,5";"84"
"CAPESANTE";"02929";"2025-11-21 14:43:00";"-37,3120833333";"-54,80425";"4,9";"206"
"CAPESANTE";"02929";"2025-11-21 14:58:00";"-37,3124666667";"-54,82815";"2,6";"286"
"CAPESANTE";"02929";"2025-11-21 15:13:00";"-37,3131166667";"-54,8187666667";"3,2";"106"
"CAPESANTE";"02929";"2025-11-21 15:27:00";"-37,3147333333";"-54,8042";"4,6";"243"
"CAPESANTE";"02929";"2025-11-21 15:37:00";"-37,31255";"-54,82055";"3,8";"271"
"CAPESANTE";"02929";"2025-11-21 15:42:00";"-37,3150333333";"-54,8264166667";"2,4";"297"
"CAPESANTE";"02929";"2025-11-21 16:12:00";"-37,3137833333";"-54,8073333333";"7,0";"272"
"CAPESANTE";"02929";"2025-11-21 16:27:00";"-37,3132166667";"-54,8287833333";"1,0";"51"
"CAPESANTE";"02929";"2025-11-21 16:37:00";"-37,31335";"-54,8272333333";"6,5";"101"
"CAPESANTE";"02929";"2025-11-21 16:42:00";"-37,3139833333";"-54,8164666667";"4,5";"90"
"CAPESANTE";"02929";"2025-11-21 16:57:00";"-37,3148333333";"-54,80225";"6,9";"267"
"CAPESANTE";"02929";"2025-11-21 17:12:00";"-37,3143333333";"-54,8272166667";"2,6";"278"
"CAPESANTE";"02929";"2025-11-21 17:27:00";"-37,3146166667";"-54,8208166667";"4,4";"92"
"CAPESANTE";"02929";"2025-11-21 17:37:00";"-37,3135166667";"-54,8058166667";"1,9";"63"
"CAPESANTE";"02929";"2025-11-21 17:42:00";"-37,31525";"-54,80445";"4,0";"225"
"CAPESANTE";"02929";"2025-11-21 17:57:00";"-37,3148333333";"-54,8288833333";"4,0";"256"
"CAPESANTE";"02929";"2025-11-21 18:12:00";"-37,3151833333";"-54,8218833333";"4,1";"90"
"CAPESANTE";"02929";"2025-11-21 18:27:00";"-37,318";"-54,8111333333";"5,8";"264"
"CAPESANTE";"02929";"2025-11-21 18:37:00";"-37,3148666667";"-54,8214833333";"4,7";"273"
"CAPESANTE";"02929";"2025-11-21 18:42:00";"-37,3178166667";"-54,8273833333";"1,3";"5"
"CAPESANTE";"02929";"2025-11-21 18:57:00";"-37,3184666667";"-54,81405";"4,7";"97"
"CAPESANTE";"02929";"2025-11-21 19:12:00";"-37,3189666667";"-54,8063666667";"6,0";"263"
"CAPESANTE";"02929";"2025-11-21 19:27:00";"-37,3193333333";"-54,8126666667";"5,0";"89"
"CAPESANTE";"02929";"2025-11-21 19:37:00";"-37,3187166667";"-54,82385";"6,3";"85"
"CAPESANTE";"02929";"2025-11-21 19:42:00";"-37,3191333333";"-54,81005";"4,1";"97"
"CAPESANTE";"02929";"2025-11-21 19:57:00";"-37,3193666667";"-54,8068666667";"5,5";"274"
"CAPESANTE";"02929";"2025-11-21 20:12:00";"-37,3186833333";"-54,8244333333";"2,6";"306"
"CAPESANTE";"02929";"2025-11-21 20:27:00";"-37,3197";"-54,81285";"5,0";"88"
"CAPESANTE";"02929";"2025-11-21 20:37:00";"-37,3186166667";"-54,79955";"3,5";"113"
"CAPESANTE";"02929";"2025-11-21 20:42:00";"-37,3199666667";"-54,8112";"4,6";"265"
"CAPESANTE";"02929";"2025-11-21 20:57:00";"-37,3191666667";"-54,8282";"4,3";"274"
"CAPESANTE";"02929";"2025-11-21 21:12:00";"-37,3202833333";"-54,8086";"4,5";"85"
"CAPESANTE";"02929";"2025-11-21 21:27:00";"-37,338";"-54,7833333333";"3,4";"181"
"CAPESANTE";"02929";"2025-11-21 21:37:00";"-37,3200166667";"-54,8253";"2,5";"319"
"CAPESANTE";"02929";"2025-11-21 21:42:00";"-37,3389333333";"-54,78365";"2,7";"249"
"CAPESANTE";"02929";"2025-11-21 21:57:00";"-37,3398666667";"-54,8065166667";"4,6";"254"
"CAPESANTE";"02929";"2025-11-21 22:12:00";"-37,3401";"-54,8126166667";"7,0";"98"
"CAPESANTE";"02929";"2025-11-21 22:27:00";"-37,3406666667";"-54,798";"4,0";"266"
"CAPESANTE";"02929";"2025-11-21 22:37:00";"-37,3398833333";"-54,7991833333";"4,2";"256"
"CAPESANTE";"02929";"2025-11-21 22:42:00";"-37,3405166667";"-54,7993166667";"4,2";"265"
"CAPESANTE";"02929";"2025-11-21 22:57:00";"-37,3396166667";"-54,8164666667";"3,5";"218"
"CAPESANTE";"02929";"2025-11-21 23:12:00";"-37,3408333333";"-54,7899";"4,4";"90"
"CAPESANTE";"02929";"2025-11-21 23:27:00";"-37,3411";"-54,7942833333";"4,5";"260"
"CAPESANTE";"02929";"2025-11-21 23:37:00";"-37,3403166667";"-54,8116666667";"2,2";"337"
"CAPESANTE";"02929";"2025-11-21 23:42:00";"-37,3403";"-54,8126666667";"2,5";"324"
"CAPESANTE";"02929";"2025-11-21 23:57:00";"-37,3414";"-54,8009833333";"4,6";"100"
"CAPESANTE";"02929";"2025-11-22 00:12:00";"-37,3418333333";"-54,7904333333";"5,6";"275"
"CAPESANTE";"02929";"2025-11-22 00:27:00";"-37,3418";"-54,81415";"2,5";"286"
"CAPESANTE";"02929";"2025-11-22 00:37:00";"-37,3414666667";"-54,8082333333";"4,9";"94"
"CAPESANTE";"02929";"2025-11-22 00:42:00";"-37,3421333333";"-54,8096333333";"5,0";"86"
"CAPESANTE";"02929";"2025-11-22 00:57:00";"-37,3405833333";"-54,7891666667";"3,1";"124"
"CAPESANTE";"02929";"2025-11-22 01:12:00";"-37,34235";"-54,8111";"4,1";"267"
"CAPESANTE";"02929";"2025-11-22 01:26:00";"-37,3426166667";"-54,8169833333";"5,0";"96"
"CAPESANTE";"02929";"2025-11-22 01:27:00";"-37,342";"-54,7953333333";"1,6";"50"
"CAPESANTE";"02929";"2025-11-22 01:37:00";"-37,34165";"-54,7948833333";"3,9";"30"
"CAPESANTE";"02929";"2025-11-22 01:41:00";"-37,3418666667";"-54,7951166667";"2,1";"40"
"CAPESANTE";"02929";"2025-11-22 01:56:00";"-37,3429666667";"-54,8049666667";"4,7";"257"
"CAPESANTE";"02929";"2025-11-22 02:11:00";"-37,3419666667";"-54,8228666667";"5,5";"242"
"CAPESANTE";"02929";"2025-11-22 02:26:00";"-37,3432666667";"-54,79925";"4,8";"87"
"CAPESANTE";"02929";"2025-11-22 02:37:00";"-37,34295";"-54,7973666667";"5,3";"272"
"CAPESANTE";"02929";"2025-11-22 02:41:00";"-37,3437166667";"-54,80055";"3,9";"268"
"CAPESANTE";"02929";"2025-11-22 02:56:00";"-37,343";"-54,8194166667";"1,4";"325"
"CAPESANTE";"02929";"2025-11-22 03:11:00";"-37,3479166667";"-54,8234";"6,0";"79"
"CAPESANTE";"02929";"2025-11-22 03:26:00";"-37,3476";"-54,7985333333";"5,2";"85"
"CAPESANTE";"02929";"2025-11-22 03:27:00";"-37,3473333333";"-54,802";"3,8";"284"
"CAPESANTE";"02929";"2025-11-22 03:37:00";"-37,3437833333";"-54,81625";"4,6";"265"
"CAPESANTE";"02929";"2025-11-22 03:41:00";"-37,3471666667";"-54,8022333333";"2,5";"301"
"CAPESANTE";"02929";"2025-11-22 03:56:00";"-37,3453333333";"-54,8221833333";"3,8";"269"
"CAPESANTE";"02929";"2025-11-22 04:11:00";"-37,34125";"-54,8314";"6,0";"99"
"CAPESANTE";"02929";"2025-11-22 04:26:00";"-37,3407333333";"-54,8088166667";"2,2";"23"
"CAPESANTE";"02929";"2025-11-22 04:27:00";"-37,3413333333";"-54,8173333333";"4,2";"272"
"CAPESANTE";"02929";"2025-11-22 04:37:00";"-37,3453166667";"-54,8153";"3,7";"277"
"CAPESANTE";"02929";"2025-11-22 04:41:00";"-37,34115";"-54,8179";"4,3";"275"
"CAPESANTE";"02929";"2025-11-22 04:56:00";"-37,34055";"-54,8347666667";"3,4";"103"
"CAPESANTE";"02929";"2025-11-22 05:11:00";"-37,3408166667";"-54,8103166667";"4,0";"93"
"CAPESANTE";"02929";"2025-11-22 05:26:00";"-37,3405666667";"-54,81535";"4,3";"268"
"CAPESANTE";"02929";"2025-11-22 05:27:00";"-37,3386666667";"-54,832";"3,4";"252"
"CAPESANTE";"02929";"2025-11-22 05:37:00";"-37,3401166667";"-54,82965";"2,4";"329"
"CAPESANTE";"02929";"2025-11-22 05:41:00";"-37,33875";"-54,8324166667";"4,3";"239"
"CAPESANTE";"02929";"2025-11-22 05:56:00";"-37,3401833333";"-54,8123833333";"4,8";"94"
"CAPESANTE";"02929";"2025-11-22 06:11:00";"-37,33985";"-54,8127166667";"5,9";"277"
"CAPESANTE";"02929";"2025-11-22 06:26:00";"-37,33905";"-54,8312333333";"1,3";"352"
"CAPESANTE";"02929";"2025-11-22 06:27:00";"-37,3393333333";"-54,8213333333";"4,4";"88"
"CAPESANTE";"02929";"2025-11-22 06:37:00";"-37,3402";"-54,8192333333";"4,8";"86"
"CAPESANTE";"02929";"2025-11-22 06:41:00";"-37,3393";"-54,8202333333";"3,6";"87"
"CAPESANTE";"02929";"2025-11-22 06:56:00";"-37,33915";"-54,8067166667";"6,0";"226"
"CAPESANTE";"02929";"2025-11-22 07:11:00";"-37,3396";"-54,8310333333";"4,1";"264"
"CAPESANTE";"02929";"2025-11-22 07:26:00";"-37,33905";"-54,8255333333";"4,7";"92"
"CAPESANTE";"02929";"2025-11-22 07:27:00";"-37,336";"-54,808";"4,6";"129"
"CAPESANTE";"02929";"2025-11-22 07:37:00";"-37,3368333333";"-54,80945";"4,1";"37"
"CAPESANTE";"02929";"2025-11-22 07:41:00";"-37,3362666667";"-54,8082333333";"6,0";"113"
"CAPESANTE";"02929";"2025-11-22 07:56:00";"-37,3387333333";"-54,8301";"5,0";"282"
"CAPESANTE";"02929";"2025-11-22 08:11:00";"-37,33865";"-54,8308166667";"3,5";"97"
"CAPESANTE";"02929";"2025-11-22 08:26:00";"-37,3363333333";"-54,81165";"5,5";"113"
"CAPESANTE";"02929";"2025-11-22 08:27:00";"-37,338";"-54,8293333333";"4,6";"268"
"CAPESANTE";"02929";"2025-11-22 08:37:00";"-37,3387333333";"-54,8236166667";"4,3";"275"
"CAPESANTE";"02929";"2025-11-22 08:41:00";"-37,3380666667";"-54,8293";"4,3";"267"
"CAPESANTE";"02929";"2025-11-22 08:56:00";"-37,3376666667";"-54,8339166667";"5,8";"93"
"CAPESANTE";"02929";"2025-11-22 09:11:00";"-37,3370333333";"-54,8143666667";"1,7";"64"
"CAPESANTE";"02929";"2025-11-22 09:26:00";"-37,3374833333";"-54,8251666667";"5,9";"274"
"CAPESANTE";"02929";"2025-11-22 09:27:00";"-37,3366666667";"-54,838";"6,0";"96"
"CAPESANTE";"02929";"2025-11-22 09:37:00";"-37,3372333333";"-54,8409166667";"1,6";"127"
"CAPESANTE";"02929";"2025-11-22 09:41:00";"-37,3370333333";"-54,8381166667";"5,7";"95"
"CAPESANTE";"02929";"2025-11-22 09:56:00";"-37,33715";"-54,8145666667";"2,1";"58"
"CAPESANTE";"02929";"2025-11-22 10:11:00";"-37,33695";"-54,8192166667";"4,4";"266"
"CAPESANTE";"02929";"2025-11-22 10:26:00";"-37,33625";"-54,8390333333";"0,8";"236"
"CAPESANTE";"02929";"2025-11-22 10:27:00";"-37,3366666667";"-54,8153333333";"4,4";"91"
"CAPESANTE";"02929";"2025-11-22 10:37:00";"-37,3372";"-54,8191833333";"4,9";"88"
"CAPESANTE";"02929";"2025-11-22 10:41:00";"-37,33665";"-54,8158333333";"4,9";"96"
"CAPESANTE";"02929";"2025-11-22 10:56:00";"-37,3363333333";"-54,8154";"5,7";"277"
"CAPESANTE";"02929";"2025-11-22 11:11:00";"-37,3357333333";"-54,8352166667";"5,3";"278"
"CAPESANTE";"02929";"2025-11-22 11:26:00";"-37,3360333333";"-54,8185";"3,8";"92"
"CAPESANTE";"02929";"2025-11-22 11:27:00";"-37,336";"-54,814";"6,2";"271"
"CAPESANTE";"02929";"2025-11-22 11:37:00";"-37,33675";"-54,8074";"4,8";"263"
"CAPESANTE";"02929";"2025-11-22 11:40:00";"-37,3358833333";"-54,8130166667";"6,3";"272"
"CAPESANTE";"02929";"2025-11-22 11:55:00";"-37,3354833333";"-54,8329";"2,2";"291"
"CAPESANTE";"02929";"2025-11-22 12:10:00";"-37,3354666667";"-54,8208333333";"4,1";"95"
"CAPESANTE";"02929";"2025-11-22 12:25:00";"-37,3352666667";"-54,8115833333";"6,0";"274"
"CAPESANTE";"02929";"2025-11-22 12:27:00";"-37,3346666667";"-54,832";"1,4";"272"
"CAPESANTE";"02929";"2025-11-22 12:37:00";"-37,3358166667";"-54,8306833333";"4,4";"274"
"CAPESANTE";"02929";"2025-11-22 12:40:00";"-37,3349666667";"-54,832";"1,4";"318"
"CAPESANTE";"02929";"2025-11-22 12:55:00";"-37,3349333333";"-54,8218";"4,0";"100"
"CAPESANTE";"02929";"2025-11-22 13:10:00";"-37,3350666667";"-54,8082";"4,7";"276"
"CAPESANTE";"02929";"2025-11-22 13:25:00";"-37,3346833333";"-54,8319166667";"0,9";"283"
"CAPESANTE";"02929";"2025-11-22 13:27:00";"-37,334";"-54,8233333333";"4,6";"91"
"CAPESANTE";"02929";"2025-11-22 13:37:00";"-37,3349";"-54,8266833333";"4,7";"86"
"CAPESANTE";"02929";"2025-11-22 13:40:00";"-37,3343";"-54,8241666667";"4,9";"94"
"CAPESANTE";"02929";"2025-11-22 13:55:00";"-37,3342333333";"-54,80485";"2,3";"309"
"CAPESANTE";"02929";"2025-11-22 14:10:00";"-37,33405";"-54,8290833333";"4,4";"272"
"CAPESANTE";"02929";"2025-11-22 14:25:00";"-37,3443";"-54,8270833333";"4,6";"138"
"CAPESANTE";"02929";"2025-11-22 14:27:00";"-37,352";"-54,8206666667";"4,6";"46"
"CAPESANTE";"02929";"2025-11-22 14:37:00";"-37,3344833333";"-54,8104";"3,4";"99"
"CAPESANTE";"02929";"2025-11-22 14:40:00";"-37,3518";"-54,8204833333";"4,8";"41"
"CAPESANTE";"02929";"2025-11-22 14:55:00";"-37,3512333333";"-54,7954833333";"1,5";"81"
"CAPESANTE";"02929";"2025-11-22 15:10:00";"-37,3488";"-54,8072333333";"4,2";"265"
"CAPESANTE";"02929";"2025-11-22 15:25:00";"-37,3460166667";"-54,8232";"6,2";"47"
"CAPESANTE";"02929";"2025-11-22 15:27:00";"-37,346";"-54,7966666667";"1,4";"88"
"CAPESANTE";"02929";"2025-11-22 15:37:00";"-37,3513";"-54,8007166667";"5,0";"90"
"CAPESANTE";"02929";"2025-11-22 15:40:00";"-37,3461333333";"-54,7971333333";"1,7";"102"
"CAPESANTE";"02929";"2025-11-22 15:55:00";"-37,34585";"-54,8055666667";"4,2";"269"
"CAPESANTE";"02929";"2025-11-22 16:10:00";"-37,3475833333";"-54,8228";"5,1";"172"
"CAPESANTE";"02929";"2025-11-22 16:25:00";"-37,3664166667";"-54,8244666667";"0,8";"133"
"CAPESANTE";"02929";"2025-11-22 16:27:00";"-37,3546666667";"-54,8233333333";"4,6";"2"
"CAPESANTE";"02929";"2025-11-22 16:37:00";"-37,3459333333";"-54,80025";"6,1";"267"
"CAPESANTE";"02929";"2025-11-22 16:40:00";"-37,35585";"-54,8231166667";"4,8";"3"
"CAPESANTE";"02929";"2025-11-22 16:55:00";"-37,3464833333";"-54,8120166667";"4,6";"91"
"CAPESANTE";"02929";"2025-11-22 17:10:00";"-37,3460833333";"-54,7915";"5,0";"41"
"CAPESANTE";"02929";"2025-11-22 17:25:00";"-37,3456";"-54,8133666667";"4,2";"267"
"CAPESANTE";"02929";"2025-11-22 17:27:00";"-37,3553333333";"-54,8226666667";"4,6";"179"
"CAPESANTE";"02929";"2025-11-22 17:37:00";"-37,3465166667";"-54,8181";"7,6";"85"
"CAPESANTE";"02929";"2025-11-22 17:40:00";"-37,3536833333";"-54,8227333333";"6,2";"181"
"CAPESANTE";"02929";"2025-11-22 17:55:00";"-37,36295";"-54,8220333333";"6,5";"358"
"CAPESANTE";"02929";"2025-11-22 18:10:00";"-37,3458333333";"-54,82195";"7,0";"334"
"CAPESANTE";"02929";"2025-11-22 18:25:00";"-37,3444833333";"-54,797";"3,7";"88"
"CAPESANTE";"02929";"2025-11-22 18:27:00";"-37,3446666667";"-54,8066666667";"4,4";"270"
"CAPESANTE";"02929";"2025-11-22 18:37:00";"-37,3656";"-54,8204333333";"5,2";"182"
"CAPESANTE";"02929";"2025-11-22 18:40:00";"-37,3447833333";"-54,8049166667";"4,6";"266"
"CAPESANTE";"02929";"2025-11-22 18:55:00";"-37,3449333333";"-54,8219166667";"4,6";"230"
"CAPESANTE";"02929";"2025-11-22 19:10:00";"-37,3636833333";"-54,8251833333";"0,8";"162"
"CAPESANTE";"02929";"2025-11-22 19:25:00";"-37,3535166667";"-54,8257";"4,5";"357"
"CAPESANTE";"02929";"2025-11-22 19:27:00";"-37,3453333333";"-54,812";"6,2";"96"
"CAPESANTE";"02929";"2025-11-22 19:37:00";"-37,3443833333";"-54,8190333333";"2,1";"273"
"CAPESANTE";"02929";"2025-11-22 19:40:00";"-37,3448333333";"-54,8147333333";"6,1";"98"
"CAPESANTE";"02929";"2025-11-22 19:55:00";"-37,3446";"-54,7934666667";"2,1";"77"
"CAPESANTE";"02929";"2025-11-22 20:10:00";"-37,3222333333";"-54,79115";"2,0";"357"
"CAPESANTE";"02929";"2025-11-22 20:25:00";"-37,30245";"-54,7916666667";"5,6";"0"
"CAPESANTE";"02929";"2025-11-22 20:27:00";"-37,2853333333";"-54,7913333333";"5,8";"2"
"CAPESANTE";"02929";"2025-11-22 20:37:00";"-37,3452333333";"-54,7951833333";"4,1";"85"
"CAPESANTE";"02929";"2025-11-22 20:40:00";"-37,2867833333";"-54,7911666667";"4,2";"5"
"CAPESANTE";"02929";"2025-11-22 20:55:00";"-37,2664166667";"-54,79135";"1,3";"13"
"CAPESANTE";"02929";"2025-11-22 21:10:00";"-37,2699666667";"-54,7912166667";"4,2";"176"
"CAPESANTE";"02929";"2025-11-22 21:25:00";"-37,2706833333";"-54,7824833333";"4,8";"17"
"CAPESANTE";"02929";"2025-11-22 21:27:00";"-37,2646666667";"-54,7653333333";"4,8";"89"
"CAPESANTE";"02929";"2025-11-22 21:37:00";"-37,2696833333";"-54,7916166667";"4,2";"1"
"CAPESANTE";"02929";"2025-11-22 21:40:00";"-37,2646333333";"-54,76555";"4,9";"94"
"CAPESANTE";"02929";"2025-11-22 21:54:00";"-37,2628";"-54,7458666667";"5,3";"100"
"CAPESANTE";"02929";"2025-11-22 22:09:00";"-37,2655";"-54,7664833333";"3,2";"270"
"CAPESANTE";"02929";"2025-11-22 22:24:00";"-37,2686166667";"-54,7587333333";"4,6";"95"
"CAPESANTE";"02929";"2025-11-22 22:27:00";"-37,2706666667";"-54,7433333333";"6,0";"262"
"CAPESANTE";"02929";"2025-11-22 22:37:00";"-37,2640666667";"-54,75015";"3,2";"58"
"CAPESANTE";"02929";"2025-11-22 22:39:00";"-37,2704833333";"-54,7417333333";"3,7";"229"
"CAPESANTE";"02929";"2025-11-22 22:54:00";"-37,2712333333";"-54,7652";"0,8";"292"
"CAPESANTE";"02929";"2025-11-22 23:09:00";"-37,2722166667";"-54,7566833333";"4,5";"86"
"CAPESANTE";"02929";"2025-11-22 23:24:00";"-37,2731666667";"-54,7454";"5,6";"270"
"CAPESANTE";"02929";"2025-11-22 23:27:00";"-37,2726666667";"-54,7673333333";"3,6";"290"
"CAPESANTE";"02929";"2025-11-22 23:37:00";"-37,2714";"-54,7629166667";"4,1";"269"
"CAPESANTE";"02929";"2025-11-22 23:39:00";"-37,2728833333";"-54,7668333333";"1,4";"269"
"CAPESANTE";"02929";"2025-11-22 23:54:00";"-37,2741333333";"-54,7552166667";"4,1";"84"
"CAPESANTE";"02929";"2025-11-23 00:09:00";"-37,2762";"-54,74545";"5,6";"253"
"CAPESANTE";"02929";"2025-11-23 00:24:00";"-37,2797833333";"-54,76505";"2,6";"270"
"CAPESANTE";"02929";"2025-11-23 00:27:00";"-37,2806666667";"-54,7913333333";"4,4";"268"
"CAPESANTE";"02929";"2025-11-23 00:37:00";"-37,27415";"-54,75945";"4,3";"98"
"CAPESANTE";"02929";"2025-11-23 00:39:00";"-37,2805166667";"-54,7892";"4,6";"272"
"CAPESANTE";"02929";"2025-11-23 00:54:00";"-37,2791";"-54,7946833333";"5,1";"88"
"CAPESANTE";"02929";"2025-11-23 01:09:00";"-37,2784333333";"-54,7758666667";"3,8";"66"
"CAPESANTE";"02929";"2025-11-23 01:24:00";"-37,29585";"-54,7998833333";"9,1";"229"
"CAPESANTE";"02929";"2025-11-23 01:27:00";"-37,322";"-54,8386666667";"8,8";"231"
"CAPESANTE";"02929";"2025-11-23 01:37:00";"-37,2786166667";"-54,7997333333";"5,5";"91"
"CAPESANTE";"02929";"2025-11-23 01:39:00";"-37,3199333333";"-54,8353833333";"9,1";"227"
"CAPESANTE";"02929";"2025-11-23 01:54:00";"-37,34415";"-54,8705166667";"8,8";"230"
"CAPESANTE";"02929";"2025-11-23 02:09:00";"-37,36715";"-54,9065666667";"8,9";"233"
"CAPESANTE";"02929";"2025-11-23 02:24:00";"-37,3871333333";"-54,9445833333";"8,6";"234"
"CAPESANTE";"02929";"2025-11-23 02:27:00";"-37,3993333333";"-54,962";"4,0";"225"
"CAPESANTE";"02929";"2025-11-23 02:37:00";"-37,3402666667";"-54,8649166667";"8,8";"231"
"CAPESANTE";"02929";"2025-11-23 02:39:00";"-37,3988";"-54,9613333333";"3,6";"226"
"CAPESANTE";"02929";"2025-11-23 02:54:00";"-37,4166833333";"-54,9804";"4,9";"206"
"CAPESANTE";"02929";"2025-11-23 03:09:00";"-37,4320166667";"-54,98665";"3,7";"204"
"CAPESANTE";"02929";"2025-11-23 03:24:00";"-37,4184166667";"-54,9842333333";"4,6";"22"
"CAPESANTE";"02929";"2025-11-23 03:27:00";"-37,4213333333";"-54,9886666667";"4,6";"196"
"CAPESANTE";"02929";"2025-11-23 03:37:00";"-37,4143666667";"-54,9794";"4,5";"201"
"CAPESANTE";"02929";"2025-11-23 03:39:00";"-37,4194333333";"-54,9881";"4,7";"198"
"CAPESANTE";"02929";"2025-11-23 03:54:00";"-37,4339666667";"-54,99365";"3,5";"192"
"CAPESANTE";"02929";"2025-11-23 04:09:00";"-37,4518";"-54,9999833333";"4,6";"192"
"CAPESANTE";"02929";"2025-11-23 04:24:00";"-37,45825";"-55,0125";"4,5";"276"
"CAPESANTE";"02929";"2025-11-23 04:27:00";"-37,4526666667";"-55,034";"3,8";"345"
"CAPESANTE";"02929";"2025-11-23 04:37:00";"-37,4321833333";"-54,9927666667";"1,5";"190"
"CAPESANTE";"02929";"2025-11-23 04:39:00";"-37,4530666667";"-55,0309333333";"3,1";"271"
"CAPESANTE";"02929";"2025-11-23 04:54:00";"-37,4560333333";"-55,0144666667";"4,1";"108"
"CAPESANTE";"02929";"2025-11-23 05:09:00";"-37,4561";"-55,0158";"4,5";"289"
"CAPESANTE";"02929";"2025-11-23 05:24:00";"-37,4521666667";"-55,0352833333";"4,5";"213"
"CAPESANTE";"02929";"2025-11-23 05:27:00";"-37,4613333333";"-55,0166666667";"4,6";"109"
"CAPESANTE";"02929";"2025-11-23 05:37:00";"-37,4551833333";"-55,0178833333";"5,0";"105"
"CAPESANTE";"02929";"2025-11-23 05:39:00";"-37,4606833333";"-55,0195833333";"1,9";"102"
"CAPESANTE";"02929";"2025-11-23 05:54:00";"-37,4601333333";"-55,0070666667";"5,6";"283"
"CAPESANTE";"02929";"2025-11-23 06:09:00";"-37,4540666667";"-55,02965";"1,7";"281"
"CAPESANTE";"02929";"2025-11-23 06:24:00";"-37,4567";"-55,0209833333";"5,0";"111"
"CAPESANTE";"02929";"2025-11-23 06:27:00";"-37,4613333333";"-55,0046666667";"5,8";"286"
"CAPESANTE";"02929";"2025-11-23 06:37:00";"-37,461";"-55,0041333333";"3,4";"306"
"CAPESANTE";"02929";"2025-11-23 06:39:00";"-37,4606833333";"-55,0024";"4,3";"178"
"CAPESANTE";"02929";"2025-11-23 06:54:00";"-37,4558";"-55,0256666667";"4,5";"291"
"CAPESANTE";"02929";"2025-11-23 07:09:00";"-37,4564666667";"-55,0246166667";"4,5";"107"
"CAPESANTE";"02929";"2025-11-23 07:24:00";"-37,4608166667";"-55,0055166667";"3,9";"84"
"CAPESANTE";"02929";"2025-11-23 07:37:00";"-37,4565666667";"-55,0225666667";"4,7";"291"
"CAPESANTE";"02929";"2025-11-23 07:39:00";"-37,45735";"-55,0228";"5,8";"276"
"CAPESANTE";"02929";"2025-11-23 07:53:00";"-37,456";"-55,02815";"5,7";"109"
"CAPESANTE";"02929";"2025-11-23 08:08:00";"-37,4613833333";"-55,0074833333";"1,1";"109"
"CAPESANTE";"02929";"2025-11-23 08:23:00";"-37,4583166667";"-55,0209166667";"4,7";"288"
"CAPESANTE";"02929";"2025-11-23 08:27:00";"-37,456";"-55,0313333333";"6,0";"109"
"CAPESANTE";"02929";"2025-11-23 08:37:00";"-37,4547666667";"-55,03245";"6,1";"113"
"CAPESANTE";"02929";"2025-11-23 08:38:00";"-37,4549";"-55,0351";"5,5";"105"
"CAPESANTE";"02929";"2025-11-23 08:53:00";"-37,4611166667";"-55,0113";"4,2";"99"
"CAPESANTE";"02929";"2025-11-23 09:08:00";"-37,4604666667";"-55,0153666667";"4,5";"287"
"CAPESANTE";"02929";"2025-11-23 09:23:00";"-37,4555";"-55,03425";"5,2";"298"
"CAPESANTE";"02929";"2025-11-23 09:27:00";"-37,4613333333";"-55,0133333333";"4,6";"108"
"CAPESANTE";"02929";"2025-11-23 09:37:00";"-37,4605333333";"-55,0135333333";"4,2";"111"
"CAPESANTE";"02929";"2025-11-23 09:38:00";"-37,4603";"-55,0168666667";"4,3";"105"
"CAPESANTE";"02929";"2025-11-23 09:53:00";"-37,4623";"-55,01065";"5,9";"285"
"CAPESANTE";"02929";"2025-11-23 10:08:00";"-37,4568833333";"-55,03165";"1,1";"300"
"CAPESANTE";"02929";"2025-11-23 10:23:00";"-37,4600666667";"-55,0201";"4,4";"110"
"CAPESANTE";"02929";"2025-11-23 10:27:00";"-37,4633333333";"-55,01";"0,4";"295"
"CAPESANTE";"02929";"2025-11-23 10:37:00";"-37,4632666667";"-55,00715";"5,8";"290"
"CAPESANTE";"02929";"2025-11-23 10:38:00";"-37,4632333333";"-55,0098333333";"0,4";"0"
"CAPESANTE";"02929";"2025-11-23 10:53:00";"-37,4637";"-55,0108666667";"0,8";"117"
"CAPESANTE";"02929";"2025-11-23 11:08:00";"-37,46385";"-55,01345";"4,3";"295"
"CAPESANTE";"02929";"2025-11-23 11:23:00";"-37,45335";"-55,0515333333";"5,3";"298"
"CAPESANTE";"02929";"2025-11-23 11:27:00";"-37,4593333333";"-55,0326666667";"4,8";"91"
"CAPESANTE";"02929";"2025-11-23 11:37:00";"-37,46375";"-55,0109";"1,2";"319"
"CAPESANTE";"02929";"2025-11-23 11:38:00";"-37,4592333333";"-55,0354833333";"4,6";"90"
"CAPESANTE";"02929";"2025-11-23 11:53:00";"-37,4591";"-55,0158166667";"5,0";"80"
"CAPESANTE";"02929";"2025-11-23 12:08:00";"-37,4595833333";"-55,0371833333";"4,2";"271"
"CAPESANTE";"02929";"2025-11-23 12:23:00";"-37,45995";"-55,0360333333";"3,4";"81"
"CAPESANTE";"02929";"2025-11-23 12:27:00";"-37,4606666667";"-55,0126666667";"4,0";"230"
"CAPESANTE";"02929";"2025-11-23 12:37:00";"-37,4593166667";"-55,01715";"4,5";"77"
"CAPESANTE";"02929";"2025-11-23 12:38:00";"-37,45975";"-55,0152833333";"4,2";"70"
"CAPESANTE";"02929";"2025-11-23 12:53:00";"-37,46015";"-55,0326166667";"4,2";"277"
"CAPESANTE";"02929";"2025-11-23 13:08:00";"-37,4605166667";"-55,0370833333";"6,2";"85"
"CAPESANTE";"02929";"2025-11-23 13:23:00";"-37,4603833333";"-55,0138333333";"1,9";"97"
"CAPESANTE";"02929";"2025-11-23 13:27:00";"-37,4606666667";"-55,0313333333";"4,4";"269"
"CAPESANTE";"02929";"2025-11-23 13:37:00";"-37,4602166667";"-55,03045";"4,3";"272"
"CAPESANTE";"02929";"2025-11-23 13:38:00";"-37,4608";"-55,0274833333";"3,8";"266"
"CAPESANTE";"02929";"2025-11-23 13:53:00";"-37,4607833333";"-55,03585";"6,0";"93"
"CAPESANTE";"02929";"2025-11-23 14:08:00";"-37,461";"-55,0126333333";"2,5";"85"
"CAPESANTE";"02929";"2025-11-23 14:23:00";"-37,4613833333";"-55,0280333333";"4,3";"271"
"CAPESANTE";"02929";"2025-11-23 14:27:00";"-37,4613333333";"-55,0306666667";"4,8";"92"
"CAPESANTE";"02929";"2025-11-23 14:37:00";"-37,4606166667";"-55,0385833333";"5,5";"92"
"CAPESANTE";"02929";"2025-11-23 14:38:00";"-37,4615833333";"-55,0362";"6,3";"86"
"CAPESANTE";"02929";"2025-11-23 14:53:00";"-37,4617166667";"-55,01255";"1,8";"94"
"CAPESANTE";"02929";"2025-11-23 15:08:00";"-37,4619833333";"-55,0255";"5,1";"267"
"CAPESANTE";"02929";"2025-11-23 15:23:00";"-37,4623";"-55,035";"7,2";"86"
"CAPESANTE";"02929";"2025-11-23 15:27:00";"-37,4613333333";"-55,008";"2,2";"300"
"CAPESANTE";"02929";"2025-11-23 15:37:00";"-37,46165";"-55,0129";"1,7";"95"
"CAPESANTE";"02929";"2025-11-23 15:38:00";"-37,4621";"-55,0116666667";"2,5";"88"
"CAPESANTE";"02929";"2025-11-23 15:53:00";"-37,4755";"-55,0126333333";"1,8";"178"
"CAPESANTE";"02929";"2025-11-23 16:08:00";"-37,49435";"-55,0128166667";"3,1";"173"
"CAPESANTE";"02929";"2025-11-23 16:23:00";"-37,4978166667";"-55,0146";"5,2";"345"
"CAPESANTE";"02929";"2025-11-23 16:27:00";"-37,4766666667";"-55,0133333333";"8,2";"7"
"CAPESANTE";"02929";"2025-11-23 16:37:00";"-37,4741166667";"-55,0126166667";"4,7";"180"
"CAPESANTE";"02929";"2025-11-23 16:38:00";"-37,4813833333";"-55,0136";"4,0";"9"
"CAPESANTE";"02929";"2025-11-23 16:53:00";"-37,4582666667";"-55,0053";"4,5";"20"
"CAPESANTE";"02929";"2025-11-23 17:08:00";"-37,4534";"-55,00215";"5,6";"204"
"CAPESANTE";"02929";"2025-11-23 17:23:00";"-37,4688";"-55,0095666667";"0,7";"153"
"CAPESANTE";"02929";"2025-11-23 17:27:00";"-37,4566666667";"-54,9993333333";"4,8";"21"
"CAPESANTE";"02929";"2025-11-23 17:37:00";"-37,4601666667";"-55,0062";"4,4";"22"
"CAPESANTE";"02929";"2025-11-23 17:38:00";"-37,4607";"-55,0012333333";"4,6";"26"
"CAPESANTE";"02929";"2025-11-23 17:53:00";"-37,4547833333";"-54,9977833333";"5,2";"203"
"CAPESANTE";"02929";"2025-11-23 18:07:00";"-37,4686166667";"-55,0038166667";"3,4";"181"
"CAPESANTE";"02929";"2025-11-23 18:22:00";"-37,4583666667";"-54,9956";"4,8";"30"
"CAPESANTE";"02929";"2025-11-23 18:27:00";"-37,4626666667";"-54,9993333333";"4,2";"209"
"CAPESANTE";"02929";"2025-11-23 18:37:00";"-37,4596166667";"-54,9970833333";"4,2";"207"
"CAPESANTE";"02929";"2025-11-23 18:52:00";"-37,47245";"-55,00535";"5,9";"224"
"CAPESANTE";"02929";"2025-11-23 19:07:00";"-37,4559833333";"-54,9924166667";"1,8";"19"
"CAPESANTE";"02929";"2025-11-23 19:22:00";"-37,45855";"-54,99675";"4,2";"215"
"CAPESANTE";"02929";"2025-11-23 19:27:00";"-37,4693333333";"-55,0033333333";"6,4";"35"
"CAPESANTE";"02929";"2025-11-23 19:37:00";"-37,4717833333";"-55,0044333333";"6,5";"195"
"CAPESANTE";"02929";"2025-11-23 19:52:00";"-37,4553";"-54,9923666667";"4,2";"22"
"CAPESANTE";"02929";"2025-11-23 20:07:00";"-37,4605833333";"-54,99645";"4,5";"207"
"CAPESANTE";"02929";"2025-11-23 20:22:00";"-37,4723166667";"-55,0054166667";"3,8";"355"
"CAPESANTE";"02929";"2025-11-23 20:27:00";"-37,4526666667";"-54,992";"3,4";"0"
"CAPESANTE";"02929";"2025-11-23 20:37:00";"-37,45485";"-54,9930333333";"1,3";"24"
"CAPESANTE";"02929";"2025-11-23 20:52:00";"-37,4611833333";"-54,9977833333";"4,1";"211"
"CAPESANTE";"02929";"2025-11-23 21:07:00";"-37,4713666667";"-55,0057666667";"5,4";"14"
"CAPESANTE";"02929";"2025-11-23 21:22:00";"-37,4540166667";"-54,9939";"0,5";"0"
"CAPESANTE";"02929";"2025-11-23 21:27:00";"-37,466";"-55,0026666667";"4,2";"208"
"CAPESANTE";"02929";"2025-11-23 21:37:00";"-37,46275";"-55,00035";"4,0";"217"
"CAPESANTE";"02929";"2025-11-23 21:52:00";"-37,47165";"-55,0072333333";"7,2";"24"
"CAPESANTE";"02929";"2025-11-23 22:07:00";"-37,4534666667";"-54,9968166667";"1,4";"10"
"CAPESANTE";"02929";"2025-11-23 22:22:00";"-37,4596666667";"-55,0091666667";"5,1";"225"
"CAPESANTE";"02929";"2025-11-23 22:27:00";"-37,4633333333";"-55,028";"4,2";"285"
"CAPESANTE";"02929";"2025-11-23 22:37:00";"-37,4642";"-55,0228166667";"4,2";"286"
"CAPESANTE";"02929";"2025-11-23 22:52:00";"-37,4571166667";"-55,0382";"9,2";"357"
"CAPESANTE";"02929";"2025-11-23 23:07:00";"-37,4349166667";"-55,0340333333";"2,0";"316"
"CAPESANTE";"02929";"2025-11-23 23:22:00";"-37,4535166667";"-55,0287833333";"5,3";"113"
"CAPESANTE";"02929";"2025-11-23 23:28:00";"-37,46";"-55,0046666667";"3,0";"105"
"CAPESANTE";"02929";"2025-11-23 23:37:00";"-37,4595166667";"-55,0067";"4,6";"112"
"CAPESANTE";"02929";"2025-11-23 23:52:00";"-37,4566";"-54,9979166667";"5,2";"202"
"CAPESANTE";"02929";"2025-11-24 00:07:00";"-37,4703";"-55,0056666667";"2,8";"195"
"CAPESANTE";"02929";"2025-11-24 00:22:00";"-37,4559";"-54,99915";"4,6";"24"
"CAPESANTE";"02929";"2025-11-24 00:27:00";"-37,4626666667";"-55,0026666667";"4,4";"204"
"CAPESANTE";"02929";"2025-11-24 00:37:00";"-37,4584166667";"-55,0008666667";"4,0";"201"
"CAPESANTE";"02929";"2025-11-24 00:52:00";"-37,4678166667";"-55,00615";"5,8";"30"
"CAPESANTE";"02929";"2025-11-24 01:07:00";"-37,4528666667";"-54,99865";"2,7";"31"
"CAPESANTE";"02929";"2025-11-24 01:22:00";"-37,4637666667";"-55,00435";"4,4";"203"
"CAPESANTE";"02929";"2025-11-24 01:27:00";"-37,4593333333";"-55,0026666667";"4,4";"21"
"CAPESANTE";"02929";"2025-11-24 01:37:00";"-37,4641333333";"-55,0047833333";"4,7";"19"
"CAPESANTE";"02929";"2025-11-24 01:52:00";"-37,45015";"-54,99505";"5,0";"84"
"CAPESANTE";"02929";"2025-11-24 02:07:00";"-37,4672";"-55,0032833333";"4,3";"201"
"CAPESANTE";"02929";"2025-11-24 02:22:00";"-37,46255";"-55,0044";"4,3";"24"
"CAPESANTE";"02929";"2025-11-24 02:37:00";"-37,4495666667";"-54,9978";"3,0";"246"
"CAPESANTE";"02929";"2025-11-24 02:52:00";"-37,4675166667";"-55,0072833333";"2,1";"197"
"CAPESANTE";"02929";"2025-11-24 03:07:00";"-37,4621333333";"-55,0049166667";"4,6";"26"
"CAPESANTE";"02929";"2025-11-24 03:22:00";"-37,4508";"-54,9993333333";"4,6";"206"
"CAPESANTE";"02929";"2025-11-24 03:27:00";"-37,472";"-55,01";"5,4";"189"
"CAPESANTE";"02929";"2025-11-24 03:37:00";"-37,4688166667";"-55,0086333333";"1,3";"197"
"CAPESANTE";"02929";"2025-11-24 03:52:00";"-37,4626833333";"-55,0059333333";"4,4";"22"
"CAPESANTE";"02929";"2025-11-24 04:06:00";"-37,4486833333";"-54,9949666667";"7,2";"33"
"CAPESANTE";"02929";"2025-11-24 04:21:00";"-37,4563333333";"-54,9967666667";"4,5";"199"
"CAPESANTE";"02929";"2025-11-24 04:27:00";"-37,454";"-54,9946666667";"4,6";"29"
"CAPESANTE";"02929";"2025-11-24 04:36:00";"-37,4589833333";"-54,9980833333";"5,7";"25"
"CAPESANTE";"02929";"2025-11-24 04:37:00";"-37,4626166667";"-55,0059166667";"4,1";"21"
"CAPESANTE";"02929";"2025-11-24 04:51:00";"-37,4452";"-54,9878166667";"3,1";"50"
"CAPESANTE";"02929";"2025-11-24 05:06:00";"-37,4566666667";"-54,9961666667";"4,6";"209"
"CAPESANTE";"02929";"2025-11-24 05:21:00";"-37,45645";"-54,9955333333";"4,6";"27"
"CAPESANTE";"02929";"2025-11-24 05:36:00";"-37,4443166667";"-54,98505";"3,8";"359"
"CAPESANTE";"02929";"2025-11-24 05:37:00";"-37,4451333333";"-54,98765";"2,9";"58"
"CAPESANTE";"02929";"2025-11-24 05:51:00";"-37,46055";"-54,9973";"2,2";"204"
"CAPESANTE";"02929";"2025-11-24 06:06:00";"-37,4540333333";"-54,99655";"4,4";"22"
"CAPESANTE";"02929";"2025-11-24 06:21:00";"-37,4436833333";"-54,9902833333";"5,4";"200"
"CAPESANTE";"02929";"2025-11-24 06:27:00";"-37,4633333333";"-55,0006666667";"3,2";"323"
"CAPESANTE";"02929";"2025-11-24 06:36:00";"-37,4600833333";"-54,9989";"1,7";"178"
"CAPESANTE";"02929";"2025-11-24 06:37:00";"-37,4608";"-54,9974333333";"1,2";"201"
"CAPESANTE";"02929";"2025-11-24 06:51:00";"-37,4508666667";"-54,99305";"4,7";"31"
"CAPESANTE";"02929";"2025-11-24 07:06:00";"-37,4468";"-54,9897666667";"6,0";"219"
"CAPESANTE";"02929";"2025-11-24 07:21:00";"-37,4618";"-54,9967166667";"2,3";"141"
"CAPESANTE";"02929";"2025-11-24 07:27:00";"-37,4446666667";"-54,992";"1,0";"49"
"CAPESANTE";"02929";"2025-11-24 07:36:00";"-37,44875";"-54,99425";"4,4";"18"
"CAPESANTE";"02929";"2025-11-24 07:37:00";"-37,4501666667";"-54,9925";"4,3";"29"
"CAPESANTE";"02929";"2025-11-24 07:51:00";"-37,4463";"-54,9934333333";"5,6";"201"
"CAPESANTE";"02929";"2025-11-24 08:06:00";"-37,4613666667";"-54,99945";"5,8";"186"
"CAPESANTE";"02929";"2025-11-24 08:21:00";"-37,4453";"-54,9933";"4,6";"23"
"CAPESANTE";"02929";"2025-11-24 08:27:00";"-37,456";"-54,9993333333";"4,8";"201"
"CAPESANTE";"02929";"2025-11-24 08:36:00";"-37,4509666667";"-54,9966";"4,5";"203"
"CAPESANTE";"02929";"2025-11-24 08:37:00";"-37,4468333333";"-54,9936666667";"4,9";"201"
"CAPESANTE";"02929";"2025-11-24 08:51:00";"-37,4575";"-54,99985";"6,7";"12"
"CAPESANTE";"02929";"2025-11-24 09:06:00";"-37,4436666667";"-54,9919833333";"2,6";"69"
"CAPESANTE";"02929";"2025-11-24 09:21:00";"-37,45085";"-54,9972833333";"4,6";"203"
"CAPESANTE";"02929";"2025-11-24 09:27:00";"-37,45";"-54,9973333333";"4,6";"23"
"CAPESANTE";"02929";"2025-11-24 09:36:00";"-37,4555166667";"-54,9998333333";"6,3";"16"
"CAPESANTE";"02929";"2025-11-24 09:37:00";"-37,4576333333";"-54,9998833333";"5,9";"15"
"CAPESANTE";"02929";"2025-11-24 09:51:00";"-37,4414333333";"-54,9910166667";"3,6";"33"
"CAPESANTE";"02929";"2025-11-24 10:06:00";"-37,4533666667";"-54,9993166667";"4,5";"196"
"CAPESANTE";"02929";"2025-11-24 10:21:00";"-37,4645833333";"-55,0020333333";"1,6";"284"
"CAPESANTE";"02929";"2025-11-24 10:27:00";"-37,4466666667";"-54,996";"4,6";"21"
"CAPESANTE";"02929";"2025-11-24 10:36:00";"-37,4519333333";"-54,9989333333";"4,7";"19"
"CAPESANTE";"02929";"2025-11-24 10:37:00";"-37,4400333333";"-54,9903833333";"5,5";"5"
"CAPESANTE";"02929";"2025-11-24 10:51:00";"-37,44115";"-54,9933833333";"5,6";"211"
"CAPESANTE";"02929";"2025-11-24 11:06:00";"-37,45735";"-55,00165";"1,2";"165"
"CAPESANTE";"02929";"2025-11-24 11:21:00";"-37,4486833333";"-54,9980833333";"4,3";"24"
"CAPESANTE";"02929";"2025-11-24 11:27:00";"-37,4486666667";"-54,9986666667";"4,4";"202"
"CAPESANTE";"02929";"2025-11-24 11:36:00";"-37,4432666667";"-54,9954166667";"5,7";"210"
"CAPESANTE";"02929";"2025-11-24 11:37:00";"-37,44135";"-54,9934833333";"5,8";"211"
"CAPESANTE";"02929";"2025-11-24 11:51:00";"-37,4581333333";"-55,0022166667";"2,5";"182"
"CAPESANTE";"02929";"2025-11-24 12:06:00";"-37,4465833333";"-54,9977833333";"4,5";"18"
"CAPESANTE";"02929";"2025-11-24 12:21:00";"-37,4434333333";"-54,9965833333";"5,9";"201"
"CAPESANTE";"02929";"2025-11-24 12:27:00";"-37,4566666667";"-54,998";"6,4";"29"
"CAPESANTE";"02929";"2025-11-24 12:36:00";"-37,4581";"-55,0020833333";"3,5";"162"
"CAPESANTE";"02929";"2025-11-24 12:37:00";"-37,45875";"-55,0021833333";"4,5";"172"
"CAPESANTE";"02929";"2025-11-24 12:51:00";"-37,4442666667";"-54,9902666667";"4,1";"18"
"CAPESANTE";"02929";"2025-11-24 13:06:00";"-37,4444166667";"-54,9899";"4,4";"203"
"CAPESANTE";"02929";"2025-11-24 13:21:00";"-37,4541333333";"-54,9949333333";"6,2";"15"
"CAPESANTE";"02929";"2025-11-24 13:27:00";"-37,4346666667";"-54,9853333333";"5,2";"204"
"CAPESANTE";"02929";"2025-11-24 13:36:00";"-37,43795";"-54,9862333333";"3,1";"62"
"CAPESANTE";"02929";"2025-11-24 13:37:00";"-37,4427666667";"-54,9895";"4,5";"22"
"CAPESANTE";"02929";"2025-11-24 13:51:00";"-37,44675";"-54,99235";"4,5";"197"
"CAPESANTE";"02929";"2025-11-24 14:06:00";"-37,4449";"-54,9917333333";"2,5";"44"
"CAPESANTE";"02929";"2025-11-24 14:20:00";"-37,4332333333";"-54,9830666667";"4,0";"23"
"CAPESANTE";"02929";"2025-11-24 14:27:00";"-37,4493333333";"-54,9926666667";"3,2";"181"
"CAPESANTE";"02929";"2025-11-24 14:35:00";"-37,4467166667";"-54,9926833333";"3,9";"206"
"CAPESANTE";"02929";"2025-11-24 14:37:00";"-37,44795";"-54,9928333333";"4,0";"203"
"CAPESANTE";"02929";"2025-11-24 14:50:00";"-37,4432";"-54,9911166667";"1,4";"93"
"CAPESANTE";"02929";"2025-11-24 15:05:00";"-37,4353166667";"-54,9891333333";"2,0";"26"
"CAPESANTE";"02929";"2025-11-24 15:20:00";"-37,4400833333";"-54,9896166667";"4,1";"203"
"CAPESANTE";"02929";"2025-11-24 15:27:00";"-37,4426666667";"-54,9913333333";"4,4";"26"
"CAPESANTE";"02929";"2025-11-24 15:35:00";"-37,4505166667";"-54,9935833333";"5,0";"19"
"CAPESANTE";"02929";"2025-11-24 15:37:00";"-37,4433333333";"-54,99045";"0,9";"96"
"CAPESANTE";"02929";"2025-11-24 15:50:00";"-37,4349";"-54,98375";"5,2";"79"
"CAPESANTE";"02929";"2025-11-24 16:05:00";"-37,4512166667";"-54,9918666667";"4,1";"199"
"CAPESANTE";"02929";"2025-11-24 16:20:00";"-37,4440666667";"-54,9873666667";"4,5";"28"
"CAPESANTE";"02929";"2025-11-24 16:27:00";"-37,44";"-54,9853333333";"4,6";"207"
"CAPESANTE";"02929";"2025-11-24 16:35:00";"-37,4335666667";"-54,9802";"5,2";"212"
"CAPESANTE";"02929";"2025-11-24 16:37:00";"-37,43555";"-54,9821166667";"4,0";"153"
"CAPESANTE";"02929";"2025-11-24 16:50:00";"-37,4472333333";"-54,9913333333";"3,2";"230"
"CAPESANTE";"02929";"2025-11-24 17:05:00";"-37,4326666667";"-54,9845333333";"6,2";"13"
"CAPESANTE";"02929";"2025-11-24 17:20:00";"-37,4189";"-54,9744666667";"5,0";"7"
"CAPESANTE";"02929";"2025-11-24 17:27:00";"-37,4346666667";"-54,9853333333";"0,8";"184"
"CAPESANTE";"02929";"2025-11-24 17:35:00";"-37,4304";"-54,98275";"3,8";"213"
"CAPESANTE";"02929";"2025-11-24 17:36:00";"-37,4483";"-54,9928666667";"3,6";"262"
"CAPESANTE";"02929";"2025-11-24 17:50:00";"-37,4349333333";"-54,9804833333";"6,8";"29"
"CAPESANTE";"02929";"2025-11-24 18:05:00";"-37,4194833333";"-54,9694166667";"5,4";"27"
"CAPESANTE";"02929";"2025-11-24 18:20:00";"-37,433";"-54,9785666667";"4,2";"208"
"CAPESANTE";"02929";"2025-11-24 18:27:00";"-37,4513333333";"-54,9906666667";"4,2";"208"
"CAPESANTE";"02929";"2025-11-24 18:35:00";"-37,4457";"-54,9874666667";"4,1";"212"
"CAPESANTE";"02929";"2025-11-24 18:36:00";"-37,4324833333";"-54,9785333333";"4,6";"26"
"CAPESANTE";"02929";"2025-11-24 18:50:00";"-37,4584333333";"-54,9957";"2,1";"218"
"CAPESANTE";"02929";"2025-11-24 19:05:00";"-37,4462666667";"-54,9874333333";"5,4";"28"
"CAPESANTE";"02929";"2025-11-24 19:20:00";"-37,4401166667";"-54,98325";"6,2";"205"
"CAPESANTE";"02929";"2025-11-24 19:27:00";"-37,458";"-54,996";"5,4";"223"
"CAPESANTE";"02929";"2025-11-24 19:35:00";"-37,45585";"-54,99335";"1,6";"201"
"CAPESANTE";"02929";"2025-11-24 19:36:00";"-37,45975";"-54,9962833333";"3,1";"191"
"CAPESANTE";"02929";"2025-11-24 19:50:00";"-37,44945";"-54,9887833333";"4,4";"30"
"CAPESANTE";"02929";"2025-11-24 20:05:00";"-37,43915";"-54,9816666667";"5,6";"202"
"CAPESANTE";"02929";"2025-11-24 20:20:00";"-37,45415";"-54,9911833333";"2,9";"220"
"CAPESANTE";"02929";"2025-11-24 20:27:00";"-37,474";"-55,0046666667";"1,8";"245"
"CAPESANTE";"02929";"2025-11-24 20:35:00";"-37,4708166667";"-55,0017";"4,4";"204"
"CAPESANTE";"02929";"2025-11-24 20:36:00";"-37,4473833333";"-54,9873666667";"5,6";"30"
"CAPESANTE";"02929";"2025-11-24 20:50:00";"-37,47375";"-55,0050333333";"7,2";"42"
"CAPESANTE";"02929";"2025-11-24 21:05:00";"-37,4593333333";"-54,9939333333";"0,8";"31"
"CAPESANTE";"02929";"2025-11-24 21:20:00";"-37,4416833333";"-54,9815";"4,7";"16"
"CAPESANTE";"02929";"2025-11-24 21:27:00";"-37,4206666667";"-54,9673333333";"4,6";"29"
"CAPESANTE";"02929";"2025-11-24 21:35:00";"-37,4274";"-54,9719666667";"4,5";"25"
"CAPESANTE";"02929";"2025-11-24 21:36:00";"-37,4715333333";"-55,0029";"4,7";"31"
"CAPESANTE";"02929";"2025-11-24 21:50:00";"-37,4154666667";"-54,9679666667";"5,6";"176"
"CAPESANTE";"02929";"2025-11-24 22:05:00";"-37,4328";"-54,9780333333";"3,7";"216"
"CAPESANTE";"02929";"2025-11-24 22:20:00";"-37,4258";"-54,9712833333";"3,6";"31"
"CAPESANTE";"02929";"2025-11-24 22:27:00";"-37,4226666667";"-54,9693333333";"4,4";"209"
"CAPESANTE";"02929";"2025-11-24 22:35:00";"-37,4156166667";"-54,9652833333";"5,7";"208"
"CAPESANTE";"02929";"2025-11-24 22:36:00";"-37,41935";"-54,9687833333";"5,6";"200"
"CAPESANTE";"02929";"2025-11-24 22:50:00";"-37,4321833333";"-54,9759666667";"1,4";"201"
"CAPESANTE";"02929";"2025-11-24 23:05:00";"-37,4266166667";"-54,9724333333";"5,2";"333"
"CAPESANTE";"02929";"2025-11-24 23:20:00";"-37,4144666667";"-54,9637666667";"4,2";"196"
"CAPESANTE";"02929";"2025-11-24 23:27:00";"-37,434";"-54,9793333333";"6,8";"227"
"CAPESANTE";"02929";"2025-11-24 23:35:00";"-37,4313166667";"-54,9759666667";"4,4";"207"
"CAPESANTE";"02929";"2025-11-24 23:36:00";"-37,4327";"-54,9762333333";"1,3";"214"
"CAPESANTE";"02929";"2025-11-24 23:50:00";"-37,4270166667";"-54,97335";"4,4";"23"
"CAPESANTE";"02929";"2025-11-25 00:05:00";"-37,4147166667";"-54,9667333333";"5,9";"205"
"CAPESANTE";"02929";"2025-11-25 00:20:00";"-37,4309333333";"-54,97795";"4,4";"207"
"CAPESANTE";"02929";"2025-11-25 00:27:00";"-37,4213333333";"-54,9713333333";"4,8";"27"
"CAPESANTE";"02929";"2025-11-25 00:34:00";"-37,4281833333";"-54,9764";"3,7";"29"
"CAPESANTE";"02929";"2025-11-25 00:36:00";"-37,42475";"-54,9718333333";"4,6";"24"
"CAPESANTE";"02929";"2025-11-25 00:49:00";"-37,4146666667";"-54,9651166667";"5,8";"29"
"CAPESANTE";"02929";"2025-11-25 01:04:00";"-37,42975";"-54,9778666667";"4,5";"205"
"CAPESANTE";"02929";"2025-11-25 01:19:00";"-37,4305333333";"-54,9787333333";"4,3";"28"
"CAPESANTE";"02929";"2025-11-25 01:27:00";"-37,4186666667";"-54,9713333333";"4,8";"207"
"CAPESANTE";"02929";"2025-11-25 01:34:00";"-37,41675";"-54,9678166667";"3,7";"44"
"CAPESANTE";"02929";"2025-11-25 01:36:00";"-37,4151";"-54,9671666667";"5,6";"213"
"CAPESANTE";"02929";"2025-11-25 01:49:00";"-37,4282166667";"-54,9776666667";"4,7";"207"
"CAPESANTE";"02929";"2025-11-25 02:04:00";"-37,4313";"-54,9801";"5,4";"27"
"CAPESANTE";"02929";"2025-11-25 02:19:00";"-37,4171666667";"-54,9695166667";"3,0";"71"
"CAPESANTE";"02929";"2025-11-25 02:29:00";"-37,434";"-54,982";"3,8";"196"
"CAPESANTE";"02929";"2025-11-25 02:34:00";"-37,4271666667";"-54,9778166667";"4,8";"204"
"CAPESANTE";"02929";"2025-11-25 02:36:00";"-37,4306166667";"-54,9792166667";"4,3";"207"
"CAPESANTE";"02929";"2025-11-25 02:49:00";"-37,4320666667";"-54,9814833333";"6,0";"30"
"CAPESANTE";"02929";"2025-11-25 03:04:00";"-37,4172";"-54,9711";"1,6";"53"
"CAPESANTE";"02929";"2025-11-25 03:19:00";"-37,4239833333";"-54,97645";"4,3";"206"
"CAPESANTE";"02929";"2025-11-25 03:27:00";"-37,4286666667";"-54,98";"4,2";"28"
"CAPESANTE";"02929";"2025-11-25 03:34:00";"-37,4370666667";"-54,9843333333";"3,2";"19"
"CAPESANTE";"02929";"2025-11-25 03:36:00";"-37,4292166667";"-54,9795166667";"4,1";"29"
"CAPESANTE";"02929";"2025-11-25 03:49:00";"-37,4195666667";"-54,9737833333";"4,5";"31"
"CAPESANTE";"02929";"2025-11-25 04:04:00";"-37,41025";"-54,9677666667";"3,3";"328"
"CAPESANTE";"02929";"2025-11-25 04:19:00";"-37,42725";"-54,9794";"4,3";"212"
"CAPESANTE";"02929";"2025-11-25 04:27:00";"-37,4246666667";"-54,978";"4,6";"30"
"CAPESANTE";"02929";"2025-11-25 04:34:00";"-37,43235";"-54,9830833333";"5,3";"24"
"CAPESANTE";"02929";"2025-11-25 04:36:00";"-37,4175666667";"-54,97225";"1,3";"52"
"CAPESANTE";"02929";"2025-11-25 04:49:00";"-37,4165833333";"-54,9721833333";"1,3";"68"
"CAPESANTE";"02929";"2025-11-25 05:04:00";"-37,4236";"-54,9776666667";"4,5";"210"
"CAPESANTE";"02929";"2025-11-25 05:19:00";"-37,4366166667";"-54,98605";"3,6";"323"
"CAPESANTE";"02929";"2025-11-25 05:27:00";"-37,4146666667";"-54,9706666667";"4,4";"46"
"CAPESANTE";"02929";"2025-11-25 05:34:00";"-37,4187166667";"-54,9752833333";"4,5";"26"
"CAPESANTE";"02929";"2025-11-25 05:36:00";"-37,4158666667";"-54,97025";"4,7";"55"
"CAPESANTE";"02929";"2025-11-25 05:49:00";"-37,4188166667";"-54,9757166667";"4,5";"205"
"CAPESANTE";"02929";"2025-11-26 00:02:00";"-37,4051";"-54,9609666667";"5,1";"207"
"CAPESANTE";"02929";"2025-11-26 00:17:00";"-37,4185";"-54,9701833333";"0,6";"218"
"CAPESANTE";"02929";"2025-11-26 00:27:00";"-37,4033333333";"-54,96";"2,0";"25"
"CAPESANTE";"02929";"2025-11-26 00:32:00";"-37,4118";"-54,9660333333";"4,9";"28"
"CAPESANTE";"02929";"2025-11-26 00:36:00";"-37,40365";"-54,9593333333";"4,7";"25"
"CAPESANTE";"02929";"2025-11-26 00:47:00";"-37,40095";"-54,95935";"5,7";"201"
"CAPESANTE";"02929";"2025-11-26 01:02:00";"-37,4174333333";"-54,9702833333";"3,0";"210"
"CAPESANTE";"02929";"2025-11-26 01:17:00";"-37,41325";"-54,9678333333";"3,6";"60"
"CAPESANTE";"02929";"2025-11-26 01:27:00";"-37,4073333333";"-54,964";"4,2";"209"
"CAPESANTE";"02929";"2025-11-26 01:32:00";"-37,3982";"-54,9585333333";"3,1";"334"
"CAPESANTE";"02929";"2025-11-26 01:36:00";"-37,4069166667";"-54,9629833333";"4,1";"205"
"CAPESANTE";"02929";"2025-11-26 01:47:00";"-37,4138833333";"-54,9686666667";"4,4";"206"
"CAPESANTE";"02929";"2025-11-26 02:02:00";"-37,4155333333";"-54,9701333333";"5,5";"23"
"CAPESANTE";"02929";"2025-11-26 02:17:00";"-37,4002166667";"-54,9592666667";"2,7";"53"
"CAPESANTE";"02929";"2025-11-26 02:27:00";"-37,382";"-54,9413333333";"3,2";"353"
"CAPESANTE";"02929";"2025-11-26 02:32:00";"-37,3895833333";"-54,9471";"5,3";"30"
"CAPESANTE";"02929";"2025-11-26 02:36:00";"-37,4170666667";"-54,97065";"1,4";"210"
"CAPESANTE";"02929";"2025-11-26 02:47:00";"-37,3789833333";"-54,9466166667";"5,5";"215"
"CAPESANTE";"02929";"2025-11-26 03:02:00";"-37,3939333333";"-54,9572";"1,0";"200"
"CAPESANTE";"02929";"2025-11-26 03:17:00";"-37,4076833333";"-54,9652333333";"4,2";"206"
"CAPESANTE";"02929";"2025-11-26 03:32:00";"-37,4197";"-54,9726";"4,1";"195"
"CAPESANTE";"02929";"2025-11-26 03:36:00";"-37,3847666667";"-54,9510166667";"4,5";"204"
"CAPESANTE";"02929";"2025-11-26 03:47:00";"-37,40945";"-54,96685";"4,9";"27"
"CAPESANTE";"02929";"2025-11-26 04:02:00";"-37,3959";"-54,9604";"5,0";"349"
"CAPESANTE";"02929";"2025-11-26 04:17:00";"-37,4172333333";"-54,9751";"6,2";"207"
"CAPESANTE";"02929";"2025-11-26 04:27:00";"-37,424";"-54,9786666667";"6,4";"27"
"CAPESANTE";"02929";"2025-11-26 04:32:00";"-37,4276666667";"-54,98165";"2,0";"204"
"CAPESANTE";"02929";"2025-11-26 04:36:00";"-37,40425";"-54,9632333333";"3,9";"29"
"CAPESANTE";"02929";"2025-11-26 04:47:00";"-37,4152333333";"-54,9729166667";"4,6";"26"
"CAPESANTE";"02929";"2025-11-26 05:02:00";"-37,3999";"-54,96455";"3,3";"54"
"CAPESANTE";"02929";"2025-11-26 05:17:00";"-37,4163166667";"-54,9740333333";"2,2";"206"
"CAPESANTE";"02929";"2025-11-26 05:27:00";"-37,4053333333";"-54,9673333333";"2,6";"21"
"CAPESANTE";"02929";"2025-11-26 05:32:00";"-37,4130833333";"-54,9723333333";"4,4";"23"
"CAPESANTE";"02929";"2025-11-26 05:36:00";"-37,4091833333";"-54,9688666667";"4,6";"27"
"CAPESANTE";"02929";"2025-11-26 05:47:00";"-37,4051666667";"-54,9674666667";"5,8";"209"
"CAPESANTE";"02929";"2025-11-26 06:02:00";"-37,41925";"-54,9765";"3,6";"194"
"CAPESANTE";"02929";"2025-11-26 06:17:00";"-37,4098166667";"-54,9710333333";"1,7";"9"
"CAPESANTE";"02929";"2025-11-26 06:27:00";"-37,422";"-54,9786666667";"4,4";"271"
"CAPESANTE";"02929";"2025-11-26 06:32:00";"-37,4158166667";"-54,97535";"4,1";"210"
"CAPESANTE";"02929";"2025-11-26 06:36:00";"-37,4116666667";"-54,97175";"4,2";"205"
"CAPESANTE";"02929";"2025-11-26 06:46:00";"-37,4156666667";"-54,97575";"4,3";"31"
"CAPESANTE";"02929";"2025-11-26 07:01:00";"-37,4047833333";"-54,96915";"5,9";"201"
"CAPESANTE";"02929";"2025-11-26 07:16:00";"-37,4198833333";"-54,97705";"5,8";"198"
"CAPESANTE";"02929";"2025-11-26 07:27:00";"-37,41";"-54,9733333333";"4,4";"208"
"CAPESANTE";"02929";"2025-11-26 07:31:00";"-37,4054666667";"-54,9706166667";"2,8";"6"
"CAPESANTE";"02929";"2025-11-26 07:36:00";"-37,41";"-54,97195";"4,6";"27"
"CAPESANTE";"02929";"2025-11-26 07:46:00";"-37,4163166667";"-54,97745";"4,1";"206"
"CAPESANTE";"02929";"2025-11-26 08:01:00";"-37,4127333333";"-54,9755";"4,6";"28"
"CAPESANTE";"02929";"2025-11-26 08:16:00";"-37,4069";"-54,9726333333";"5,7";"198"
"CAPESANTE";"02929";"2025-11-26 08:27:00";"-37,4113333333";"-54,9753333333";"4,8";"28"
"CAPESANTE";"02929";"2025-11-26 08:31:00";"-37,4215833333";"-54,9796";"5,5";"201"
"CAPESANTE";"02929";"2025-11-26 08:36:00";"-37,41925";"-54,9783166667";"4,7";"184"
"CAPESANTE";"02929";"2025-11-26 08:46:00";"-37,406";"-54,9728666667";"1,4";"356"
"CAPESANTE";"02929";"2025-11-26 09:01:00";"-37,4148833333";"-54,9782333333";"4,3";"210"
"CAPESANTE";"02929";"2025-11-26 09:16:00";"-37,41195";"-54,9767666667";"4,2";"26"
"CAPESANTE";"02929";"2025-11-26 09:27:00";"-37,4153333333";"-54,9793333333";"1,6";"214"
"CAPESANTE";"02929";"2025-11-26 09:31:00";"-37,4045666667";"-54,9727666667";"5,8";"205"
"CAPESANTE";"02929";"2025-11-26 09:36:00";"-37,40315";"-54,9717";"4,1";"193"
"CAPESANTE";"02929";"2025-11-26 09:46:00";"-37,4189166667";"-54,9813333333";"5,6";"185"
"CAPESANTE";"02929";"2025-11-26 10:01:00";"-37,4049";"-54,9743666667";"1,0";"0"
"CAPESANTE";"02929";"2025-11-26 10:16:00";"-37,4102166667";"-54,978";"4,4";"207"
"CAPESANTE";"02929";"2025-11-26 10:27:00";"-37,4033333333";"-54,9673333333";"1,8";"352"
"CAPESANTE";"02929";"2025-11-26 10:31:00";"-37,4113666667";"-54,9730833333";"4,8";"43"
"CAPESANTE";"02929";"2025-11-26 10:36:00";"-37,4149333333";"-54,9808833333";"6,0";"33"
"CAPESANTE";"02929";"2025-11-26 10:46:00";"-37,3974166667";"-54,9642166667";"4,4";"135"
"CAPESANTE";"02929";"2025-11-26 11:01:00";"-37,4125833333";"-54,9731";"4,1";"218"
"CAPESANTE";"02929";"2025-11-26 11:16:00";"-37,3988333333";"-54,9632666667";"1,4";"346"
"CAPESANTE";"02929";"2025-11-26 11:27:00";"-37,4126666667";"-54,9713333333";"4,8";"217"
"CAPESANTE";"02929";"2025-11-26 11:31:00";"-37,4051166667";"-54,9657833333";"4,5";"206"
"CAPESANTE";"02929";"2025-11-26 11:36:00";"-37,40505";"-54,9674";"4,5";"208"
"CAPESANTE";"02929";"2025-11-26 11:46:00";"-37,4084833333";"-54,9682166667";"5,7";"23"
"CAPESANTE";"02929";"2025-11-26 12:01:00";"-37,39455";"-54,9613";"4,6";"36"
"CAPESANTE";"02929";"2025-11-26 12:16:00";"-37,4102";"-54,9689333333";"1,7";"226"
"CAPESANTE";"02929";"2025-11-26 12:27:00";"-37,3933333333";"-54,9593333333";"4,6";"139"
"CAPESANTE";"02929";"2025-11-26 12:31:00";"-37,4008666667";"-54,9637833333";"4,4";"28"
"CAPESANTE";"02929";"2025-11-26 12:36:00";"-37,4011666667";"-54,9635";"4,7";"24"
"CAPESANTE";"02929";"2025-11-26 12:46:00";"-37,4006333333";"-54,9619833333";"4,8";"209"
"CAPESANTE";"02929";"2025-11-26 13:01:00";"-37,4076166667";"-54,9650333333";"5,9";"28"
"CAPESANTE";"02929";"2025-11-26 13:16:00";"-37,3920833333";"-54,9570333333";"5,4";"21"
"CAPESANTE";"02929";"2025-11-26 13:27:00";"-37,402";"-54,9606666667";"4,6";"26"
"CAPESANTE";"02929";"2025-11-26 13:31:00";"-37,406";"-54,9635666667";"2,0";"222"
"CAPESANTE";"02929";"2025-11-26 13:36:00";"-37,4066833333";"-54,9660333333";"1,8";"219"
"CAPESANTE";"02929";"2025-11-26 13:46:00";"-37,3963333333";"-54,9566666667";"4,6";"27"
"CAPESANTE";"02929";"2025-11-26 14:01:00";"-37,4010333333";"-54,9593";"8,3";"211"
"CAPESANTE";"02929";"2025-11-26 14:16:00";"-37,4050666667";"-54,9616";"5,0";"26"
"CAPESANTE";"02929";"2025-11-26 14:27:00";"-37,406";"-54,9613333333";"1,6";"194"
"CAPESANTE";"02929";"2025-11-26 14:31:00";"-37,39475";"-54,9536833333";"5,8";"206"
"CAPESANTE";"02929";"2025-11-26 14:36:00";"-37,3925333333";"-54,9555";"4,6";"16"
"CAPESANTE";"02929";"2025-11-26 14:46:00";"-37,4094166667";"-54,9626833333";"5,0";"187"
"CAPESANTE";"02929";"2025-11-26 15:01:00";"-37,3965666667";"-54,9517";"1,4";"25"
"CAPESANTE";"02929";"2025-11-26 15:16:00";"-37,4046166667";"-54,9565666667";"4,6";"206"
"CAPESANTE";"02929";"2025-11-26 15:31:00";"-37,4032";"-54,9566";"5,3";"31"
"CAPESANTE";"02929";"2025-11-26 15:36:00";"-37,40535";"-54,95755";"5,0";"28"
"CAPESANTE";"02929";"2025-11-26 15:46:00";"-37,3985666667";"-54,9539333333";"6,4";"203"
"CAPESANTE";"02929";"2025-11-26 16:01:00";"-37,41165";"-54,9636833333";"3,0";"340"
"CAPESANTE";"02929";"2025-11-26 16:16:00";"-37,3968";"-54,9527";"4,5";"25"
"CAPESANTE";"02929";"2025-11-26 16:27:00";"-37,406";"-54,96";"6,2";"32"
"CAPESANTE";"02929";"2025-11-26 16:31:00";"-37,4089";"-54,96315";"1,3";"81"
"CAPESANTE";"02929";"2025-11-26 16:36:00";"-37,4056666667";"-54,95855";"4,4";"208"
"CAPESANTE";"02929";"2025-11-26 16:46:00";"-37,40005";"-54,95625";"4,6";"28"
"CAPESANTE";"02929";"2025-11-26 17:00:00";"-37,4011";"-54,95645";"4,5";"204"
"CAPESANTE";"02929";"2025-11-26 17:15:00";"-37,407";"-54,9616";"5,9";"33"
"CAPESANTE";"02929";"2025-11-26 17:30:00";"-37,3927666667";"-54,95315";"5,1";"29"
"CAPESANTE";"02929";"2025-11-26 17:36:00";"-37,3963833333";"-54,95305";"3,8";"36"
"CAPESANTE";"02929";"2025-11-26 17:45:00";"-37,4032333333";"-54,9618666667";"3,7";"182"
"CAPESANTE";"02929";"2025-11-26 18:00:00";"-37,38995";"-54,94815";"4,2";"26"
"CAPESANTE";"02929";"2025-11-26 18:15:00";"-37,3934666667";"-54,9524";"4,3";"211"
"CAPESANTE";"02929";"2025-11-26 18:27:00";"-37,3866666667";"-54,946";"1,4";"49"
"CAPESANTE";"02929";"2025-11-26 18:30:00";"-37,39675";"-54,9534";"5,9";"32"
"CAPESANTE";"02929";"2025-11-26 18:36:00";"-37,3990333333";"-54,9543833333";"6,1";"34"
"CAPESANTE";"02929";"2025-11-26 18:45:00";"-37,3865166667";"-54,9469333333";"6,7";"210"
"CAPESANTE";"02929";"2025-11-26 19:00:00";"-37,37145";"-54,9381666667";"1,8";"35"
"CAPESANTE";"02929";"2025-11-26 19:15:00";"-37,38375";"-54,9474166667";"2,1";"193"
"CAPESANTE";"02929";"2025-11-26 19:27:00";"-37,3686666667";"-54,9386666667";"6,0";"5"
"CAPESANTE";"02929";"2025-11-26 19:30:00";"-37,3802166667";"-54,9440333333";"5,3";"28"
"CAPESANTE";"02929";"2025-11-26 19:36:00";"-37,3795833333";"-54,9441166667";"4,2";"32"
"CAPESANTE";"02929";"2025-11-26 19:45:00";"-37,3614333333";"-54,9383";"6,1";"0"
"CAPESANTE";"02929";"2025-11-26 20:00:00";"-37,34965";"-54,9419666667";"5,7";"262"
"CAPESANTE";"02929";"2025-11-26 20:15:00";"-37,36015";"-54,9576166667";"9,0";"195"
"CAPESANTE";"02929";"2025-11-26 20:27:00";"-37,416";"-54,9886666667";"7,4";"223"
"CAPESANTE";"02929";"2025-11-26 20:30:00";"-37,3942333333";"-54,9738";"8,5";"201"
"CAPESANTE";"02929";"2025-11-26 20:36:00";"-37,3538666667";"-54,9378333333";"2,7";"355"
"CAPESANTE";"02929";"2025-11-26 20:45:00";"-37,4232333333";"-54,9926666667";"4,4";"193"
"CAPESANTE";"02929";"2025-11-26 21:00:00";"-37,4378333333";"-54,9964333333";"6,1";"206"
"CAPESANTE";"02929";"2025-11-26 21:15:00";"-37,4538833333";"-55,0015333333";"4,4";"158"
"CAPESANTE";"02929";"2025-11-26 21:27:00";"-37,4853333333";"-55,01";"6,0";"192"
"CAPESANTE";"02929";"2025-11-26 21:30:00";"-37,4746166667";"-55,00835";"4,4";"190"
"CAPESANTE";"02929";"2025-11-26 21:36:00";"-37,4307166667";"-54,9951666667";"4,2";"192"
"CAPESANTE";"02929";"2025-11-26 21:45:00";"-37,4905833333";"-55,0114833333";"4,8";"196"
"CAPESANTE";"02929";"2025-11-26 22:00:00";"-37,5072333333";"-55,0119";"5,8";"179"
"CAPESANTE";"02929";"2025-11-26 22:15:00";"-37,5218166667";"-55,0133833333";"4,4";"316"
"CAPESANTE";"02929";"2025-11-26 22:27:00";"-37,516";"-55,014";"4,4";"181"
"CAPESANTE";"02929";"2025-11-26 22:30:00";"-37,5050666667";"-55,0140166667";"3,6";"353"
"CAPESANTE";"02929";"2025-11-26 22:36:00";"-37,4980833333";"-55,0135166667";"1,7";"163"
"CAPESANTE";"02929";"2025-11-26 22:45:00";"-37,5186666667";"-55,0135666667";"2,3";"165"
"CAPESANTE";"02929";"2025-11-26 23:00:00";"-37,5234833333";"-55,0352666667";"2,2";"290"
"CAPESANTE";"02929";"2025-11-26 23:15:00";"-37,5272166667";"-55,0559";"4,6";"252"
"CAPESANTE";"02929";"2025-11-26 23:27:00";"-37,5406666667";"-55,064";"5,4";"165"
"CAPESANTE";"02929";"2025-11-26 23:30:00";"-37,53005";"-55,0642166667";"5,3";"186"
"CAPESANTE";"02929";"2025-11-26 23:36:00";"-37,5228666667";"-55,0217";"5,3";"254"
"CAPESANTE";"02929";"2025-11-26 23:45:00";"-37,5410166667";"-55,06475";"5,4";"357"
"CAPESANTE";"02929";"2025-11-27 00:00:00";"-37,5251833333";"-55,0669333333";"5,1";"297"
"CAPESANTE";"02929";"2025-11-27 00:15:00";"-37,5227";"-55,0533";"2,0";"94"
"CAPESANTE";"02929";"2025-11-27 00:27:00";"-37,522";"-55,03";"4,4";"270"
"CAPESANTE";"02929";"2025-11-27 00:30:00";"-37,5245833333";"-55,0283833333";"6,8";"91"
"CAPESANTE";"02929";"2025-11-27 00:36:00";"-37,5317166667";"-55,0640833333";"4,3";"1"
"CAPESANTE";"02929";"2025-11-27 00:45:00";"-37,5222666667";"-55,0363333333";"4,4";"262"
"CAPESANTE";"02929";"2025-11-27 01:00:00";"-37,5223666667";"-55,0587166667";"4,5";"264"
"CAPESANTE";"02929";"2025-11-27 01:15:00";"-37,5223";"-55,0695833333";"5,6";"90"
"CAPESANTE";"02929";"2025-11-27 01:27:00";"-37,522";"-55,0646666667";"4,4";"270"
"CAPESANTE";"02929";"2025-11-27 01:30:00";"-37,5227166667";"-55,04945";"6,1";"99"
"CAPESANTE";"02929";"2025-11-27 01:36:00";"-37,52255";"-55,0455166667";"5,6";"268"
"CAPESANTE";"02929";"2025-11-27 01:45:00";"-37,52195";"-55,06855";"1,6";"257"
"CAPESANTE";"02929";"2025-11-27 02:00:00";"-37,5213833333";"-55,0589833333";"4,1";"91"
"CAPESANTE";"02929";"2025-11-27 02:15:00";"-37,5231";"-55,05515";"5,1";"273"
"CAPESANTE";"02929";"2025-11-27 02:27:00";"-37,5233333333";"-55,062";"4,4";"92"
"CAPESANTE";"02929";"2025-11-27 02:30:00";"-37,5245";"-55,0738833333";"5,0";"249"
"CAPESANTE";"02929";"2025-11-27 02:36:00";"-37,5214833333";"-55,0726166667";"5,6";"85"
"CAPESANTE";"02929";"2025-11-27 02:45:00";"-37,5234";"-55,0571333333";"1,5";"98"
"CAPESANTE";"02929";"2025-11-27 02:59:00";"-37,5237166667";"-55,0650333333";"4,6";"267"
"CAPESANTE";"02929";"2025-11-27 03:14:00";"-37,52405";"-55,0705833333";"5,1";"89"
"CAPESANTE";"02929";"2025-11-27 03:27:00";"-37,5226666667";"-55,0313333333";"4,4";"90"
"CAPESANTE";"02929";"2025-11-27 03:29:00";"-37,5241833333";"-55,0511333333";"5,9";"79"
"CAPESANTE";"02929";"2025-11-27 03:36:00";"-37,5239";"-55,0516833333";"4,9";"278"
"CAPESANTE";"02929";"2025-11-27 03:44:00";"-37,5232666667";"-55,02855";"1,8";"105"
"CAPESANTE";"02929";"2025-11-27 03:59:00";"-37,5153";"-55,0082333333";"4,7";"59"
"CAPESANTE";"02929";"2025-11-27 04:14:00";"-37,5170333333";"-55,0122";"4,7";"238"
"CAPESANTE";"02929";"2025-11-27 04:27:00";"-37,5146666667";"-55,006";"1,0";"76"
"CAPESANTE";"02929";"2025-11-27 04:29:00";"-37,5217666667";"-55,0201333333";"4,8";"64"
"CAPESANTE";"02929";"2025-11-27 04:36:00";"-37,521";"-55,0188833333";"5,5";"56"
"CAPESANTE";"02929";"2025-11-27 04:44:00";"-37,5140666667";"-55,0033166667";"3,5";"77"
"CAPESANTE";"02929";"2025-11-27 04:59:00";"-37,5200333333";"-55,0183666667";"2,5";"231"
"CAPESANTE";"02929";"2025-11-27 05:14:00";"-37,5183";"-55,0122833333";"4,3";"61"
"CAPESANTE";"02929";"2025-11-27 05:27:00";"-37,5206666667";"-55,02";"2,4";"230"
"CAPESANTE";"02929";"2025-11-27 05:29:00";"-37,5137";"-55,0069666667";"5,6";"237"
"CAPESANTE";"02929";"2025-11-27 05:36:00";"-37,5147166667";"-55,0080833333";"4,2";"246"
"CAPESANTE";"02929";"2025-11-27 05:44:00";"-37,5236333333";"-55,0241666667";"5,4";"253"
"CAPESANTE";"02929";"2025-11-27 05:59:00";"-37,5135166667";"-55,0081";"1,3";"72"
"CAPESANTE";"02929";"2025-11-27 06:14:00";"-37,5186166667";"-55,01235";"4,9";"240"
"CAPESANTE";"02929";"2025-11-27 06:27:00";"-37,5153333333";"-55,0053333333";"0,8";"98"
"CAPESANTE";"02929";"2025-11-27 06:29:00";"-37,5217";"-55,0174166667";"5,4";"59"
"CAPESANTE";"02929";"2025-11-27 06:36:00";"-37,5179166667";"-55,0166";"5,2";"62"
"CAPESANTE";"02929";"2025-11-27 06:44:00";"-37,515";"-55,0021333333";"4,6";"77"
"CAPESANTE";"02929";"2025-11-27 06:59:00";"-37,52215";"-55,0174666667";"4,5";"231"
"CAPESANTE";"02929";"2025-11-27 07:14:00";"-37,5252666667";"-55,0380333333";"5,0";"273"
"CAPESANTE";"02929";"2025-11-27 07:27:00";"-37,548";"-55,0686666667";"6,6";"211"
"CAPESANTE";"02929";"2025-11-27 07:29:00";"-37,5305333333";"-55,0563166667";"5,4";"209"
"CAPESANTE";"02929";"2025-11-27 07:36:00";"-37,5167166667";"-55,0070166667";"4,5";"230"
"CAPESANTE";"02929";"2025-11-27 07:44:00";"-37,5533833333";"-55,0724333333";"7,3";"205"
"CAPESANTE";"02929";"2025-11-27 07:59:00";"-37,5863";"-55,0952833333";"9,3";"208"
"CAPESANTE";"02929";"2025-11-27 08:14:00";"-37,6206833333";"-55,1204166667";"9,3";"207"
"CAPESANTE";"02929";"2025-11-27 08:27:00";"-37,684";"-55,1613333333";"9,6";"211"
"CAPESANTE";"02929";"2025-11-27 08:29:00";"-37,6568833333";"-55,1425333333";"9,8";"208"
"CAPESANTE";"02929";"2025-11-27 08:36:00";"-37,5688833333";"-55,0823666667";"9,0";"207"
"CAPESANTE";"02929";"2025-11-27 08:44:00";"-37,6936333333";"-55,16825";"10,2";"208"
"CAPESANTE";"02929";"2025-11-27 08:59:00";"-37,7282";"-55,1933166667";"10,2";"214"
"CAPESANTE";"02929";"2025-11-27 09:14:00";"-37,7637166667";"-55,21945";"10,1";"211"
"CAPESANTE";"02929";"2025-11-27 09:27:00";"-37,8266666667";"-55,2646666667";"10,0";"208"
"CAPESANTE";"02929";"2025-11-27 09:29:00";"-37,7994";"-55,2450333333";"9,7";"207"
"CAPESANTE";"02929";"2025-11-27 09:36:00";"-37,7112666667";"-55,1808833333";"10,2";"209"
"CAPESANTE";"02929";"2025-11-27 09:44:00";"-37,8349833333";"-55,2703166667";"9,6";"212"
"CAPESANTE";"02929";"2025-11-27 09:59:00";"-37,8704";"-55,2952";"10,0";"207"
"CAPESANTE";"02929";"2025-11-27 10:14:00";"-37,9055333333";"-55,3195333333";"10,1";"211"
"CAPESANTE";"02929";"2025-11-27 10:27:00";"-37,9673333333";"-55,3626666667";"9,4";"208"
"CAPESANTE";"02929";"2025-11-27 10:29:00";"-37,9403833333";"-55,3443166667";"9,5";"208"
"CAPESANTE";"02929";"2025-11-27 10:36:00";"-37,85285";"-55,28295";"9,2";"210"
"CAPESANTE";"02929";"2025-11-27 10:44:00";"-37,9752";"-55,3678";"9,4";"208"
"CAPESANTE";"02929";"2025-11-27 10:59:00";"-38,0093833333";"-55,3911";"8,4";"209"
"CAPESANTE";"02929";"2025-11-27 11:14:00";"-38,0443";"-55,41495";"8,9";"209"
"CAPESANTE";"02929";"2025-11-27 11:27:00";"-38,102";"-55,4546666667";"8,6";"209"
"CAPESANTE";"02929";"2025-11-27 11:29:00";"-38,0761333333";"-55,4369166667";"9,2";"210"
"CAPESANTE";"02929";"2025-11-27 11:36:00";"-37,9926666667";"-55,3797833333";"9,2";"211"
"CAPESANTE";"02929";"2025-11-27 11:44:00";"-38,1089333333";"-55,4595";"8,5";"205"
"CAPESANTE";"02929";"2025-11-27 11:59:00";"-38,1414333333";"-55,4820666667";"9,5";"206"
"CAPESANTE";"02929";"2025-11-27 12:14:00";"-38,1734333333";"-55,5052";"8,4";"208"
"CAPESANTE";"02929";"2025-11-27 12:27:00";"-38,2306666667";"-55,5473333333";"9,0";"210"
"CAPESANTE";"02929";"2025-11-27 12:29:00";"-38,2062333333";"-55,5293166667";"8,5";"208"
"CAPESANTE";"02929";"2025-11-27 12:36:00";"-38,1263666667";"-55,4715";"8,6";"206"
"CAPESANTE";"02929";"2025-11-27 12:44:00";"-38,2375";"-55,5517333333";"8,7";"207"
"CAPESANTE";"02929";"2025-11-27 12:59:00";"-38,2695833333";"-55,5748333333";"8,8";"209"
"CAPESANTE";"02929";"2025-11-27 13:13:00";"-38,3011666667";"-55,5976333333";"8,9";"213"
"CAPESANTE";"02929";"2025-11-27 13:27:00";"-38,358";"-55,6386666667";"8,6";"210"
"CAPESANTE";"02929";"2025-11-27 13:28:00";"-38,3325166667";"-55,6205833333";"8,5";"209"
"CAPESANTE";"02929";"2025-11-27 13:36:00";"-38,2552666667";"-55,5644666667";"8,2";"209"
"CAPESANTE";"02929";"2025-11-27 13:43:00";"-38,3640833333";"-55,6437166667";"8,0";"211"
"CAPESANTE";"02929";"2025-11-27 13:58:00";"-38,3961833333";"-55,6672333333";"7,9";"210"
"CAPESANTE";"02929";"2025-11-27 14:13:00";"-38,42675";"-55,68985";"9,2";"210"
"CAPESANTE";"02929";"2025-11-27 14:27:00";"-38,484";"-55,732";"8,8";"212"
"CAPESANTE";"02929";"2025-11-27 14:28:00";"-38,4586833333";"-55,71355";"8,6";"210"
"CAPESANTE";"02929";"2025-11-27 14:36:00";"-38,3803833333";"-55,6554833333";"8,4";"204"
"CAPESANTE";"02929";"2025-11-27 14:43:00";"-38,4902166667";"-55,7366";"9,0";"208"
"CAPESANTE";"02929";"2025-11-27 14:58:00";"-38,5217";"-55,7603333333";"8,7";"215"
"CAPESANTE";"02929";"2025-11-27 15:13:00";"-38,5531333333";"-55,78455";"8,9";"212"
"CAPESANTE";"02929";"2025-11-27 15:27:00";"-38,61";"-55,83";"9,0";"214"
"CAPESANTE";"02929";"2025-11-27 15:28:00";"-38,5843666667";"-55,8094333333";"9,0";"209"
"CAPESANTE";"02929";"2025-11-27 15:36:00";"-38,5079166667";"-55,7497666667";"8,9";"211"
"CAPESANTE";"02929";"2025-11-27 15:43:00";"-38,6155166667";"-55,8348666667";"8,4";"205"
"CAPESANTE";"02929";"2025-11-27 15:58:00";"-38,6471333333";"-55,8601833333";"9,1";"215"
"CAPESANTE";"02929";"2025-11-27 16:13:00";"-38,6787666667";"-55,8862166667";"9,4";"214"
"CAPESANTE";"02929";"2025-11-27 16:27:00";"-38,7366666667";"-55,9333333333";"9,0";"213"
"CAPESANTE";"02929";"2025-11-27 16:28:00";"-38,71195";"-55,9127833333";"9,1";"211"
"CAPESANTE";"02929";"2025-11-27 16:36:00";"-38,63385";"-55,84945";"8,7";"214"
"CAPESANTE";"02929";"2025-11-27 16:43:00";"-38,7422666667";"-55,93835";"9,2";"213"
"CAPESANTE";"02929";"2025-11-27 16:58:00";"-38,7741666667";"-55,96455";"8,9";"211"
"CAPESANTE";"02929";"2025-11-27 17:13:00";"-38,80625";"-55,9912833333";"7,4";"208"
"CAPESANTE";"02929";"2025-11-27 17:27:00";"-38,866";"-56,0406666667";"9,6";"212"
"CAPESANTE";"02929";"2025-11-27 17:28:00";"-38,8388166667";"-56,0183166667";"9,5";"213"
"CAPESANTE";"02929";"2025-11-27 17:36:00";"-38,7597166667";"-55,9528";"8,8";"211"
"CAPESANTE";"02929";"2025-11-27 17:43:00";"-38,8724";"-56,0454833333";"9,6";"211"
"CAPESANTE";"02929";"2025-11-27 17:58:00";"-38,9071";"-56,0733333333";"9,3";"214"
"CAPESANTE";"02929";"2025-11-27 18:13:00";"-38,9389333333";"-56,0985166667";"9,7";"212"
"CAPESANTE";"02929";"2025-11-27 18:27:00";"-39,002";"-56,148";"9,8";"210"
"CAPESANTE";"02929";"2025-11-27 18:28:00";"-38,97315";"-56,1256666667";"9,6";"212"
"CAPESANTE";"02929";"2025-11-27 18:36:00";"-38,8904166667";"-56,0597666667";"9,1";"214"
"CAPESANTE";"02929";"2025-11-27 18:43:00";"-39,0077";"-56,1527666667";"9,4";"209"
"CAPESANTE";"02929";"2025-11-27 18:58:00";"-39,0425333333";"-56,17955";"9,6";"210"
"CAPESANTE";"02929";"2025-11-27 19:13:00";"-39,0775833333";"-56,2064166667";"9,4";"210"
"CAPESANTE";"02929";"2025-11-27 19:27:00";"-39,1426666667";"-56,2553333333";"9,8";"209"
"CAPESANTE";"02929";"2025-11-27 19:28:00";"-39,1126333333";"-56,2331166667";"9,7";"209"
"CAPESANTE";"02929";"2025-11-27 19:36:00";"-39,0294";"-56,1694333333";"9,8";"212"
"CAPESANTE";"02929";"2025-11-27 19:43:00";"-39,1478166667";"-56,2595333333";"9,9";"212"
"CAPESANTE";"02929";"2025-11-27 19:58:00";"-39,1834833333";"-56,2853166667";"9,8";"208"
"CAPESANTE";"02929";"2025-11-27 20:13:00";"-39,2189666667";"-56,3107833333";"9,5";"209"
"CAPESANTE";"02929";"2025-11-27 20:27:00";"-39,2846666667";"-56,3573333333";"10,0";"210"
"CAPESANTE";"02929";"2025-11-27 20:28:00";"-39,25585";"-56,3369166667";"9,6";"203"
"CAPESANTE";"02929";"2025-11-27 20:36:00";"-39,1682166667";"-56,2741666667";"9,9";"208"
"CAPESANTE";"02929";"2025-11-27 20:43:00";"-39,2900666667";"-56,3611166667";"9,7";"209"
"CAPESANTE";"02929";"2025-11-27 20:58:00";"-39,3256";"-56,3858833333";"9,9";"208"
"CAPESANTE";"02929";"2025-11-27 21:13:00";"-39,3633166667";"-56,3990333333";"9,7";"208"
"CAPESANTE";"02929";"2025-11-27 21:27:00";"-39,43";"-56,4386666667";"9,4";"208"
"CAPESANTE";"02929";"2025-11-27 21:28:00";"-39,3982333333";"-56,4241166667";"9,4";"203"
"CAPESANTE";"02929";"2025-11-27 21:36:00";"-39,3106333333";"-56,3754666667";"9,8";"206"
"CAPESANTE";"02929";"2025-11-27 21:43:00";"-39,4352166667";"-56,4423166667";"9,1";"207"
"CAPESANTE";"02929";"2025-11-27 21:58:00";"-39,4698333333";"-56,4675166667";"9,7";"211"
"CAPESANTE";"02929";"2025-11-27 22:13:00";"-39,5035666667";"-56,4936833333";"9,7";"209"
"CAPESANTE";"02929";"2025-11-27 22:27:00";"-39,566";"-56,5426666667";"9,4";"210"
"CAPESANTE";"02929";"2025-11-27 22:28:00";"-39,53705";"-56,52005";"9,3";"210"
"CAPESANTE";"02929";"2025-11-27 22:36:00";"-39,4559666667";"-56,4571";"9,6";"210"
"CAPESANTE";"02929";"2025-11-27 22:43:00";"-39,5701166667";"-56,5461666667";"9,1";"212"
"CAPESANTE";"02929";"2025-11-27 22:58:00";"-39,6031833333";"-56,5722833333";"9,1";"211"
"CAPESANTE";"02929";"2025-11-27 23:13:00";"-39,6359166667";"-56,5984";"9,2";"211"
"CAPESANTE";"02929";"2025-11-27 23:27:00";"-39,66845";"-56,6237833333";"9,0";"212"
"CAPESANTE";"02929";"2025-11-27 23:36:00";"-39,5907";"-56,5623";"9,0";"217"
"CAPESANTE";"02929";"2025-11-27 23:42:00";"-39,7006333333";"-56,6505";"9,1";"212"
"CAPESANTE";"02929";"2025-11-27 23:57:00";"-39,7317333333";"-56,67645";"9,3";"209"
"CAPESANTE";"02929";"2025-11-28 00:12:00";"-39,7618833333";"-56,7019833333";"8,8";"214"
"CAPESANTE";"02929";"2025-11-28 00:27:00";"-39,7932";"-56,7286";"8,9";"215"
"CAPESANTE";"02929";"2025-11-28 00:36:00";"-39,7185833333";"-56,6652";"8,6";"214"
"CAPESANTE";"02929";"2025-11-28 00:42:00";"-39,8243333333";"-56,7557666667";"8,8";"215"
"CAPESANTE";"02929";"2025-11-28 00:57:00";"-39,8555";"-56,7834666667";"9,4";"213"
"CAPESANTE";"02929";"2025-11-28 01:12:00";"-39,8861166667";"-56,8111666667";"7,9";"210"
"CAPESANTE";"02929";"2025-11-28 01:27:00";"-39,9426666667";"-56,864";"8,8";"216"
"CAPESANTE";"02929";"2025-11-28 01:36:00";"-39,84305";"-56,7724";"9,2";"211"
"CAPESANTE";"02929";"2025-11-28 01:42:00";"-39,9460166667";"-56,8667166667";"8,4";"213"
"CAPESANTE";"02929";"2025-11-28 01:57:00";"-39,9753666667";"-56,89405";"9,6";"216"
"CAPESANTE";"02929";"2025-11-28 02:12:00";"-40,0046833333";"-56,92145";"8,5";"214"
"CAPESANTE";"02929";"2025-11-28 02:27:00";"-40,0349166667";"-56,9497833333";"8,4";"211"
"CAPESANTE";"02929";"2025-11-28 02:36:00";"-39,9644333333";"-56,88385";"8,3";"216"
"CAPESANTE";"02929";"2025-11-28 02:42:00";"-40,0626";"-56,9759166667";"9,1";"217"
"CAPESANTE";"02929";"2025-11-28 02:57:00";"-40,0921";"-57,0038833333";"8,6";"217"
"CAPESANTE";"02929";"2025-11-28 03:12:00";"-40,1215333333";"-57,0323";"8,6";"215"
"CAPESANTE";"02929";"2025-11-28 03:27:00";"-40,1530666667";"-57,0616";"8,8";"214"
"CAPESANTE";"02929";"2025-11-28 03:36:00";"-40,0815666667";"-56,9937333333";"9,0";"216"
"CAPESANTE";"02929";"2025-11-28 03:42:00";"-40,1816333333";"-57,0875166667";"8,8";"214"
"CAPESANTE";"02929";"2025-11-28 03:57:00";"-40,2104666667";"-57,1138333333";"8,5";"216"
"CAPESANTE";"02929";"2025-11-28 04:12:00";"-40,2382";"-57,1390666667";"8,1";"214"
"CAPESANTE";"02929";"2025-11-28 04:27:00";"-40,29";"-57,1873333333";"8,4";"216"
"CAPESANTE";"02929";"2025-11-28 04:36:00";"-40,1998666667";"-57,1039833333";"8,3";"214"
"CAPESANTE";"02929";"2025-11-28 04:42:00";"-40,2926166667";"-57,1896833333";"8,1";"219"
"CAPESANTE";"02929";"2025-11-28 04:57:00";"-40,31945";"-57,2152";"8,0";"211"
"CAPESANTE";"02929";"2025-11-28 05:12:00";"-40,3457166667";"-57,2398333333";"7,1";"211"
"CAPESANTE";"02929";"2025-11-28 05:27:00";"-40,3704";"-57,2635833333";"7,2";"214"
"CAPESANTE";"02929";"2025-11-28 05:36:00";"-40,3098166667";"-57,2058";"7,9";"214"
"CAPESANTE";"02929";"2025-11-28 05:42:00";"-40,3951";"-57,2878666667";"7,3";"219"
"CAPESANTE";"02929";"2025-11-28 05:57:00";"-40,4176666667";"-57,3101833333";"6,4";"214"
"CAPESANTE";"02929";"2025-11-28 06:12:00";"-40,43835";"-57,3316";"4,8";"215"
"CAPESANTE";"02929";"2025-11-28 06:27:00";"-40,4566833333";"-57,3517666667";"3,7";"213"
"CAPESANTE";"02929";"2025-11-28 06:36:00";"-40,4101";"-57,3025166667";"7,1";"222"
"CAPESANTE";"02929";"2025-11-28 06:42:00";"-40,4761666667";"-57,3729166667";"6,3";"217"
"CAPESANTE";"02929";"2025-11-28 06:57:00";"-40,5003833333";"-57,3973833333";"7,6";"219"
"CAPESANTE";"02929";"2025-11-28 07:12:00";"-40,5251333333";"-57,4218666667";"7,3";"220"
"CAPESANTE";"02929";"2025-11-28 07:27:00";"-40,5733333333";"-57,4706666667";"8,0";"217"
"CAPESANTE";"02929";"2025-11-28 07:36:00";"-40,49155";"-57,3885166667";"8,0";"217"
"CAPESANTE";"02929";"2025-11-28 07:42:00";"-40,5752333333";"-57,4727333333";"8,4";"220"
"CAPESANTE";"02929";"2025-11-28 07:57:00";"-40,6000333333";"-57,49915";"8,0";"217"
"CAPESANTE";"02929";"2025-11-28 08:12:00";"-40,6247833333";"-57,5255833333";"7,1";"209"
"CAPESANTE";"02929";"2025-11-28 08:27:00";"-40,6501333333";"-57,5525333333";"7,9";"215"
"CAPESANTE";"02929";"2025-11-28 08:36:00";"-40,5909166667";"-57,48965";"5,7";"225"
"CAPESANTE";"02929";"2025-11-28 08:42:00";"-40,6735666667";"-57,5772";"6,4";"217"
"CAPESANTE";"02929";"2025-11-28 08:57:00";"-40,6972666667";"-57,6034166667";"7,9";"216"
"CAPESANTE";"02929";"2025-11-28 09:12:00";"-40,7200333333";"-57,6294333333";"8,7";"219"
"CAPESANTE";"02929";"2025-11-28 09:26:00";"-40,7418";"-57,655";"6,5";"216"
"CAPESANTE";"02929";"2025-11-28 09:27:00";"-40,762";"-57,6793333333";"7,0";"226"
"CAPESANTE";"02929";"2025-11-28 09:36:00";"-40,6906666667";"-57,596";"6,6";"212"
"CAPESANTE";"02929";"2025-11-28 09:41:00";"-40,7635833333";"-57,6814833333";"4,4";"229"
"CAPESANTE";"02929";"2025-11-28 09:56:00";"-40,7833666667";"-57,7071833333";"7,1";"219"
"CAPESANTE";"02929";"2025-11-28 10:11:00";"-40,80355";"-57,7341833333";"5,6";"224"
"CAPESANTE";"02929";"2025-11-28 10:26:00";"-40,8248166667";"-57,76255";"7,7";"226"
"CAPESANTE";"02929";"2025-11-28 10:36:00";"-40,7764833333";"-57,6977333333";"7,0";"223"
"CAPESANTE";"02929";"2025-11-28 10:41:00";"-40,84555";"-57,7910166667";"7,8";"223"
"CAPESANTE";"02929";"2025-11-28 10:56:00";"-40,8688833333";"-57,8218833333";"8,1";"228"
"CAPESANTE";"02929";"2025-11-28 11:11:00";"-40,8893833333";"-57,8490333333";"6,8";"224"
"CAPESANTE";"02929";"2025-11-28 11:26:00";"-40,9121";"-57,8786333333";"8,4";"224"
"CAPESANTE";"02929";"2025-11-28 11:27:00";"-40,934";"-57,9073333333";"8,2";"222"
"CAPESANTE";"02929";"2025-11-28 11:36:00";"-40,8606333333";"-57,8107666667";"8,4";"225"
"CAPESANTE";"02929";"2025-11-28 11:41:00";"-40,9350833333";"-57,9083";"7,9";"224"
"CAPESANTE";"02929";"2025-11-28 11:56:00";"-40,9576333333";"-57,9380666667";"8,4";"221"
"CAPESANTE";"02929";"2025-11-28 12:11:00";"-40,9810833333";"-57,9688333333";"7,8";"233"
"CAPESANTE";"02929";"2025-11-28 12:26:00";"-41,0044166667";"-58,0001166667";"9,4";"224"
"CAPESANTE";"02929";"2025-11-28 12:27:00";"-41,026";"-58,03";"7,6";"225"
"CAPESANTE";"02929";"2025-11-28 12:36:00";"-40,9509833333";"-57,9292833333";"8,6";"224"
"CAPESANTE";"02929";"2025-11-28 12:41:00";"-41,02645";"-58,0307333333";"8,7";"225"
"CAPESANTE";"02929";"2025-11-28 12:56:00";"-41,0496166667";"-58,0624166667";"6,2";"212"
"CAPESANTE";"02929";"2025-11-28 13:11:00";"-41,0728666667";"-58,09385";"7,7";"226"
"CAPESANTE";"02929";"2025-11-28 13:26:00";"-41,0977";"-58,1273666667";"6,3";"222"
"CAPESANTE";"02929";"2025-11-28 13:27:00";"-41,1186666667";"-58,1553333333";"8,4";"224"
"CAPESANTE";"02929";"2025-11-28 13:36:00";"-41,0422";"-58,0522";"8,0";"220"
"CAPESANTE";"02929";"2025-11-28 13:41:00";"-41,1197333333";"-58,15595";"8,5";"223"
"CAPESANTE";"02929";"2025-11-28 13:56:00";"-41,1451833333";"-58,1885833333";"9,2";"220"
"CAPESANTE";"02929";"2025-11-28 14:11:00";"-41,1709833333";"-58,2212666667";"8,2";"226"
"CAPESANTE";"02929";"2025-11-28 14:26:00";"-41,1986166667";"-58,2552333333";"8,0";"224"
"CAPESANTE";"02929";"2025-11-28 14:27:00";"-41,224";"-58,286";"9,0";"222"
"CAPESANTE";"02929";"2025-11-28 14:36:00";"-41,1376833333";"-58,17875";"7,9";"227"
"CAPESANTE";"02929";"2025-11-28 14:41:00";"-41,2245";"-58,287";"10,1";"226"
"CAPESANTE";"02929";"2025-11-28 14:56:00";"-41,2509666667";"-58,3184333333";"6,2";"215"
"CAPESANTE";"02929";"2025-11-28 15:11:00";"-41,2794166667";"-58,3475166667";"9,0";"217"
"CAPESANTE";"02929";"2025-11-28 15:26:00";"-41,30855";"-58,37995";"10,9";"217"
"CAPESANTE";"02929";"2025-11-28 15:27:00";"-41,336";"-58,4106666667";"9,2";"221"
"CAPESANTE";"02929";"2025-11-28 15:36:00";"-41,2435166667";"-58,3104666667";"9,3";"219"
"CAPESANTE";"02929";"2025-11-28 15:41:00";"-41,3368333333";"-58,4109166667";"9,1";"217"
"CAPESANTE";"02929";"2025-11-28 15:56:00";"-41,3636333333";"-58,4405166667";"8,2";"221"
"CAPESANTE";"02929";"2025-11-28 16:11:00";"-41,38915";"-58,4284666667";"5,9";"164"
"CAPESANTE";"02929";"2025-11-28 16:26:00";"-41,4158166667";"-58,4065666667";"8,1";"147"
"CAPESANTE";"02929";"2025-11-28 16:27:00";"-41,4313333333";"-58,3753333333";"5,4";"97"
"CAPESANTE";"02929";"2025-11-28 16:36:00";"-41,35665";"-58,4322166667";"8,9";"222"
"CAPESANTE";"02929";"2025-11-28 16:41:00";"-41,4318";"-58,3740166667";"6,3";"97"
"CAPESANTE";"02929";"2025-11-28 16:56:00";"-41,4385833333";"-58,3466166667";"4,7";"152"
"CAPESANTE";"02929";"2025-11-28 17:11:00";"-41,44165";"-58,3223833333";"1,7";"27"
"CAPESANTE";"02929";"2025-11-28 17:26:00";"-41,4440333333";"-58,2964666667";"4,2";"91"
"CAPESANTE";"02929";"2025-11-28 17:27:00";"-41,4433333333";"-58,28";"5,8";"93"
"CAPESANTE";"02929";"2025-11-28 17:36:00";"-41,4339";"-58,35195";"7,6";"91"
"CAPESANTE";"02929";"2025-11-28 17:41:00";"-41,4430666667";"-58,2799";"6,4";"90"
"CAPESANTE";"02929";"2025-11-28 17:56:00";"-41,4423833333";"-58,2588333333";"5,0";"83"
"CAPESANTE";"02929";"2025-11-28 18:11:00";"-41,4432666667";"-58,2337";"1,6";"39"
"CAPESANTE";"02929";"2025-11-28 18:26:00";"-41,4419";"-58,2109833333";"4,0";"89"
"CAPESANTE";"02929";"2025-11-28 18:27:00";"-41,4406666667";"-58,186";"4,4";"89"
"CAPESANTE";"02929";"2025-11-28 18:36:00";"-41,4432333333";"-58,2634333333";"1,7";"60"
"CAPESANTE";"02929";"2025-11-28 18:41:00";"-41,4404";"-58,1860833333";"4,8";"95"
"CAPESANTE";"02929";"2025-11-28 18:56:00";"-41,4402";"-58,1631333333";"1,7";"60"
"CAPESANTE";"02929";"2025-11-28 19:11:00";"-41,4372666667";"-58,1763666667";"4,5";"271"
"CAPESANTE";"02929";"2025-11-28 19:26:00";"-41,4367";"-58,1986333333";"3,2";"251"
"CAPESANTE";"02929";"2025-11-28 19:27:00";"-41,4366666667";"-58,1773333333";"4,2";"88"
"CAPESANTE";"02929";"2025-11-28 19:36:00";"-41,44035";"-58,1683333333";"4,2";"83"
"CAPESANTE";"02929";"2025-11-28 19:40:00";"-41,4369166667";"-58,1773333333";"4,1";"96"
"CAPESANTE";"02929";"2025-11-28 19:55:00";"-41,4365333333";"-58,1605333333";"2,7";"256"
"CAPESANTE";"02929";"2025-11-28 20:10:00";"-41,4366666667";"-58,1871333333";"4,6";"267"
"CAPESANTE";"02929";"2025-11-28 20:25:00";"-41,4363166667";"-58,1939333333";"4,6";"103"
"CAPESANTE";"02929";"2025-11-28 20:27:00";"-41,436";"-58,17";"4,4";"89"
"CAPESANTE";"02929";"2025-11-28 20:36:00";"-41,4358";"-58,1632833333";"3,9";"56"
"CAPESANTE";"02929";"2025-11-28 20:40:00";"-41,4363666667";"-58,17075";"5,2";"86"
"CAPESANTE";"02929";"2025-11-28 20:55:00";"-41,4361";"-58,1696333333";"5,1";"282"
"CAPESANTE";"02929";"2025-11-28 21:10:00";"-41,4360333333";"-58,1949833333";"4,7";"267"
"CAPESANTE";"02929";"2025-11-28 21:25:00";"-41,43575";"-58,1899";"4,3";"87"
"CAPESANTE";"02929";"2025-11-28 21:27:00";"-41,436";"-58,166";"1,4";"54"
"CAPESANTE";"02929";"2025-11-28 21:36:00";"-41,4359333333";"-58,1617666667";"6,4";"259"
"CAPESANTE";"02929";"2025-11-28 21:40:00";"-41,43575";"-58,1661166667";"2,1";"87"
"CAPESANTE";"02929";"2025-11-28 21:55:00";"-41,4354166667";"-58,1765833333";"5,2";"256"
"CAPESANTE";"02929";"2025-11-28 22:10:00";"-41,4352333333";"-58,1993333333";"4,6";"264"
"CAPESANTE";"02929";"2025-11-28 22:25:00";"-41,43525";"-58,18245";"4,2";"89"
"CAPESANTE";"02929";"2025-11-28 22:27:00";"-41,4333333333";"-58,1606666667";"4,8";"197"
"CAPESANTE";"02929";"2025-11-28 22:36:00";"-41,4355333333";"-58,1699833333";"4,5";"279"
"CAPESANTE";"02929";"2025-11-28 22:40:00";"-41,4342166667";"-58,1614833333";"5,2";"249"
"CAPESANTE";"02929";"2025-11-28 22:55:00";"-41,4350333333";"-58,1868166667";"5,2";"276"
"CAPESANTE";"02929";"2025-11-28 23:10:00";"-41,4343833333";"-58,1970666667";"5,6";"95"
"CAPESANTE";"02929";"2025-11-28 23:25:00";"-41,4346666667";"-58,1718666667";"5,0";"90"
"CAPESANTE";"02929";"2025-11-28 23:27:00";"-41,434";"-58,1726666667";"4,6";"272"
"CAPESANTE";"02929";"2025-11-28 23:36:00";"-41,4349666667";"-58,1805833333";"4,6";"267"
"CAPESANTE";"02929";"2025-11-28 23:40:00";"-41,43435";"-58,1717";"4,6";"264"
"CAPESANTE";"02929";"2025-11-28 23:55:00";"-41,4344";"-58,19685";"2,5";"269"
"CAPESANTE";"02929";"2025-11-29 00:10:00";"-41,43415";"-58,18745";"4,4";"91"
"CAPESANTE";"02929";"2025-11-29 00:25:00";"-41,4339";"-58,1651333333";"3,9";"90"
"CAPESANTE";"02929";"2025-11-29 00:36:00";"-41,43435";"-58,1915333333";"4,6";"273"
"CAPESANTE";"02929";"2025-11-29 00:40:00";"-41,4337833333";"-58,1806166667";"4,6";"273"
"CAPESANTE";"02929";"2025-11-29 00:55:00";"-41,4343";"-58,2029333333";"6,1";"278"
"CAPESANTE";"02929";"2025-11-29 01:10:00";"-41,4317666667";"-58,1793";"4,6";"83"
"CAPESANTE";"02929";"2025-11-29 01:25:00";"-41,4313166667";"-58,1585";"5,0";"84"
"CAPESANTE";"02929";"2025-11-29 01:27:00";"-41,4313333333";"-58,1313333333";"4,4";"91"
"CAPESANTE";"02929";"2025-11-29 01:36:00";"-41,4337";"-58,1971666667";"1,7";"291"
"CAPESANTE";"02929";"2025-11-29 01:40:00";"-41,4313833333";"-58,1329333333";"5,1";"84"
"CAPESANTE";"02929";"2025-11-29 01:55:00";"-41,4279833333";"-58,1293";"4,9";"277"
"CAPESANTE";"02929";"2025-11-29 02:10:00";"-41,4281166667";"-58,1539";"4,1";"258"
"CAPESANTE";"02929";"2025-11-29 02:25:00";"-41,4261666667";"-58,14625";"3,3";"82"
"CAPESANTE";"02929";"2025-11-29 02:27:00";"-41,4253333333";"-58,1233333333";"4,6";"70"
"CAPESANTE";"02929";"2025-11-29 02:36:00";"-41,4280166667";"-58,1225833333";"5,7";"269"
"CAPESANTE";"02929";"2025-11-29 02:40:00";"-41,4258166667";"-58,1247666667";"3,4";"77"
"CAPESANTE";"02929";"2025-11-29 02:55:00";"-41,4265166667";"-58,1407833333";"4,6";"264"
"CAPESANTE";"02929";"2025-11-29 03:10:00";"-41,4270166667";"-58,1608833333";"2,5";"130"
"CAPESANTE";"02929";"2025-11-29 03:25:00";"-41,42685";"-58,13485";"3,7";"94"
"CAPESANTE";"02929";"2025-11-29 03:27:00";"-41,426";"-58,128";"4,8";"274"
"CAPESANTE";"02929";"2025-11-29 03:36:00";"-41,4265";"-58,1358333333";"4,7";"269"
"CAPESANTE";"02929";"2025-11-29 03:40:00";"-41,42595";"-58,12625";"5,4";"270"
"CAPESANTE";"02929";"2025-11-29 03:55:00";"-41,4258833333";"-58,1522333333";"4,1";"274"
"CAPESANTE";"02929";"2025-11-29 04:10:00";"-41,4271833333";"-58,1486166667";"4,7";"87"
"CAPESANTE";"02929";"2025-11-29 04:25:00";"-41,4269166667";"-58,1255833333";"2,3";"57"
"CAPESANTE";"02929";"2025-11-29 04:27:00";"-41,4273333333";"-58,1373333333";"4,2";"269"
"CAPESANTE";"02929";"2025-11-29 04:36:00";"-41,4259333333";"-58,1457333333";"4,6";"271"
"CAPESANTE";"02929";"2025-11-29 04:40:00";"-41,4274333333";"-58,1357";"4,4";"269"
"CAPESANTE";"02929";"2025-11-29 04:55:00";"-41,4272166667";"-58,1562833333";"4,4";"266"
"CAPESANTE";"02929";"2025-11-29 05:10:00";"-41,42835";"-58,1383333333";"6,7";"87"
"CAPESANTE";"02929";"2025-11-29 05:25:00";"-41,4287";"-58,11945";"5,4";"271"
"CAPESANTE";"02929";"2025-11-29 05:27:00";"-41,4286666667";"-58,146";"4,2";"270"
"CAPESANTE";"02929";"2025-11-29 05:36:00";"-41,4275";"-58,1534";"1,0";"253"
"CAPESANTE";"02929";"2025-11-29 05:39:00";"-41,4286166667";"-58,14475";"4,1";"264"
"CAPESANTE";"02929";"2025-11-29 05:54:00";"-41,4290833333";"-58,1542666667";"5,6";"86"
"CAPESANTE";"02929";"2025-11-29 06:09:00";"-41,42895";"-58,1287833333";"4,3";"96"
"CAPESANTE";"02929";"2025-11-29 06:24:00";"-41,43295";"-58,1265666667";"4,3";"272"
"CAPESANTE";"02929";"2025-11-29 06:27:00";"-41,4326666667";"-58,1513333333";"1,6";"277"
"CAPESANTE";"02929";"2025-11-29 06:36:00";"-41,4289";"-58,1599166667";"2,8";"141"
"CAPESANTE";"02929";"2025-11-29 06:39:00";"-41,43295";"-58,14975";"4,2";"273"
"CAPESANTE";"02929";"2025-11-29 06:54:00";"-41,4375833333";"-58,1716666667";"4,2";"268"
"CAPESANTE";"02929";"2025-11-29 07:09:00";"-41,4375166667";"-58,1943166667";"1,6";"308"
"CAPESANTE";"02929";"2025-11-29 07:24:00";"-41,4379166667";"-58,1843";"4,2";"96"
"CAPESANTE";"02929";"2025-11-29 07:27:00";"-41,4373333333";"-58,1593333333";"5,6";"84"
"CAPESANTE";"02929";"2025-11-29 07:36:00";"-41,43775";"-58,1675";"4,2";"265"
"CAPESANTE";"02929";"2025-11-29 07:39:00";"-41,43745";"-58,16205";"4,0";"81"
"CAPESANTE";"02929";"2025-11-29 07:54:00";"-41,4381666667";"-58,1781666667";"4,3";"262"
"CAPESANTE";"02929";"2025-11-29 08:09:00";"-41,4377333333";"-58,1992333333";"5,6";"270"
"CAPESANTE";"02929";"2025-11-29 08:24:00";"-41,4384333333";"-58,1766166667";"4,3";"83"
"CAPESANTE";"02929";"2025-11-29 08:27:00";"-41,4386666667";"-58,1633333333";"6,2";"273"
"CAPESANTE";"02929";"2025-11-29 08:36:00";"-41,4382";"-58,1734833333";"4,2";"264"
"CAPESANTE";"02929";"2025-11-29 08:39:00";"-41,4387166667";"-58,1593833333";"4,9";"272"
"CAPESANTE";"02929";"2025-11-29 08:54:00";"-41,43875";"-58,1859666667";"4,5";"270"
"CAPESANTE";"02929";"2025-11-29 09:09:00";"-41,43905";"-58,1937666667";"5,1";"87"
"CAPESANTE";"02929";"2025-11-29 09:24:00";"-41,43905";"-58,16915";"3,9";"90"
"CAPESANTE";"02929";"2025-11-29 09:27:00";"-41,4393333333";"-58,17";"4,6";"269"
"CAPESANTE";"02929";"2025-11-29 09:36:00";"-41,4387666667";"-58,1820833333";"4,5";"263"
"CAPESANTE";"02929";"2025-11-29 09:39:00";"-41,43935";"-58,1675166667";"4,3";"278"
"CAPESANTE";"02929";"2025-11-29 09:54:00";"-41,4393666667";"-58,1925833333";"4,4";"267"
"CAPESANTE";"02929";"2025-11-29 10:09:00";"-41,4396166667";"-58,1885166667";"4,5";"98"
"CAPESANTE";"02929";"2025-11-29 10:24:00";"-41,4394833333";"-58,1650166667";"1,3";"73"
"CAPESANTE";"02929";"2025-11-29 10:27:00";"-41,44";"-58,1813333333";"4,6";"270"
"CAPESANTE";"02929";"2025-11-29 10:36:00";"-41,43935";"-58,1880666667";"4,2";"268"
"CAPESANTE";"02929";"2025-11-29 10:39:00";"-41,4399333333";"-58,17945";"4,7";"273"
"CAPESANTE";"02929";"2025-11-29 10:54:00";"-41,4396333333";"-58,2001666667";"4,0";"267"
"CAPESANTE";"02929";"2025-11-29 11:09:00";"-41,44065";"-58,1795333333";"2,8";"93"
"CAPESANTE";"02929";"2025-11-29 11:24:00";"-41,441";"-58,1601";"4,6";"250"
"CAPESANTE";"02929";"2025-11-29 11:27:00";"-41,4406666667";"-58,19";"4,6";"270"
"CAPESANTE";"02929";"2025-11-29 11:36:00";"-41,4398166667";"-58,1979666667";"1,2";"168"
"CAPESANTE";"02929";"2025-11-29 11:39:00";"-41,44095";"-58,1867166667";"4,6";"275"
"CAPESANTE";"02929";"2025-11-29 11:54:00";"-41,4412333333";"-58,1955833333";"5,7";"94"
"CAPESANTE";"02929";"2025-11-29 12:09:00";"-41,44125";"-58,1706166667";"3,8";"87"
"CAPESANTE";"02929";"2025-11-29 12:24:00";"-41,44155";"-58,1684333333";"4,9";"272"
"CAPESANTE";"02929";"2025-11-29 12:27:00";"-41,4413333333";"-58,196";"1,2";"279"
"CAPESANTE";"02929";"2025-11-29 12:36:00";"-41,4412166667";"-58,2008666667";"3,8";"93"
"CAPESANTE";"02929";"2025-11-29 12:39:00";"-41,44155";"-58,194";"4,6";"270"
"CAPESANTE";"02929";"2025-11-29 12:54:00";"-41,44185";"-58,1876166667";"4,1";"96"
"CAPESANTE";"02929";"2025-11-29 13:09:00";"-41,4418";"-58,1636833333";"1,5";"85"
"CAPESANTE";"02929";"2025-11-29 13:24:00";"-41,4421666667";"-58,1724833333";"5,1";"269"
"CAPESANTE";"02929";"2025-11-29 13:27:00";"-41,442";"-58,198";"5,2";"272"
"CAPESANTE";"02929";"2025-11-29 13:36:00";"-41,44185";"-58,1907333333";"4,8";"92"
"CAPESANTE";"02929";"2025-11-29 13:39:00";"-41,4421666667";"-58,1953";"2,3";"271"
"CAPESANTE";"02929";"2025-11-29 13:54:00";"-41,4425166667";"-58,1808666667";"4,5";"88"
"CAPESANTE";"02929";"2025-11-29 14:09:00";"-41,4419166667";"-58,1590666667";"6,3";"88"
"CAPESANTE";"02929";"2025-11-29 14:24:00";"-41,4427833333";"-58,1821166667";"4,5";"277"
"CAPESANTE";"02929";"2025-11-29 14:27:00";"-41,446";"-58,1953333333";"6,6";"97"
"CAPESANTE";"02929";"2025-11-29 14:36:00";"-41,4425";"-58,1846333333";"4,4";"97"
"CAPESANTE";"02929";"2025-11-29 14:39:00";"-41,4453";"-58,2001166667";"5,6";"94"
"CAPESANTE";"02929";"2025-11-29 14:54:00";"-41,4458666667";"-58,1733666667";"4,6";"89"
"CAPESANTE";"02929";"2025-11-29 15:09:00";"-41,44745";"-58,1645666667";"5,9";"262"
"CAPESANTE";"02929";"2025-11-29 15:24:00";"-41,4475333333";"-58,1904666667";"4,9";"272"
"CAPESANTE";"02929";"2025-11-29 15:27:00";"-41,45";"-58,1873333333";"4,8";"91"
"CAPESANTE";"02929";"2025-11-29 15:36:00";"-41,4459";"-58,1771";"4,7";"84"
"CAPESANTE";"02929";"2025-11-29 15:39:00";"-41,45035";"-58,19135";"4,2";"90"
"CAPESANTE";"02929";"2025-11-29 15:53:00";"-41,4503833333";"-58,1655333333";"4,2";"94"
"CAPESANTE";"02929";"2025-11-29 16:08:00";"-41,4501166667";"-58,1761833333";"4,2";"271"
"CAPESANTE";"02929";"2025-11-29 16:23:00";"-41,4499666667";"-58,1989";"2,8";"263"
"CAPESANTE";"02929";"2025-11-29 16:27:00";"-41,45";"-58,178";"4,6";"91"
"CAPESANTE";"02929";"2025-11-29 16:36:00";"-41,4503666667";"-58,1686666667";"5,0";"86"
"CAPESANTE";"02929";"2025-11-29 16:38:00";"-41,4497666667";"-58,1811833333";"4,3";"86"
"CAPESANTE";"02929";"2025-11-29 16:53:00";"-41,4498333333";"-58,1600833333";"4,6";"86"
"CAPESANTE";"02929";"2025-11-29 17:08:00";"-41,44945";"-58,1792166667";"4,8";"266"
"CAPESANTE";"02929";"2025-11-29 17:23:00";"-41,4487";"-58,1999166667";"4,9";"98"
"CAPESANTE";"02929";"2025-11-29 17:27:00";"-41,4493333333";"-58,168";"4,6";"91"
"CAPESANTE";"02929";"2025-11-29 17:36:00";"-41,44975";"-58,1617333333";"1,8";"95"
"CAPESANTE";"02929";"2025-11-29 17:38:00";"-41,44915";"-58,1726833333";"4,9";"88"
"CAPESANTE";"02929";"2025-11-29 17:53:00";"-41,4477";"-58,1541166667";"4,4";"73"
"CAPESANTE";"02929";"2025-11-29 18:08:00";"-41,4422";"-58,1283333333";"1,6";"69"
"CAPESANTE";"02929";"2025-11-29 18:23:00";"-41,4412833333";"-58,1388166667";"4,4";"273"
"CAPESANTE";"02929";"2025-11-29 18:36:00";"-41,4486666667";"-58,1580333333";"6,1";"65"
"CAPESANTE";"02929";"2025-11-29 18:38:00";"-41,4417333333";"-58,1619166667";"8,2";"265"
"CAPESANTE";"02929";"2025-11-29 18:53:00";"-41,4416166667";"-58,14505";"4,9";"86"
"CAPESANTE";"02929";"2025-11-29 19:08:00";"-41,4426166667";"-58,1262";"6,1";"283"
"CAPESANTE";"02929";"2025-11-29 19:23:00";"-41,4418";"-58,1535833333";"4,8";"270"
"CAPESANTE";"02929";"2025-11-29 19:27:00";"-41,4406666667";"-58,156";"5,0";"89"
"CAPESANTE";"02929";"2025-11-29 19:36:00";"-41,4416166667";"-58,1476666667";"4,5";"90"
"CAPESANTE";"02929";"2025-11-29 19:38:00";"-41,4408666667";"-58,1602166667";"5,2";"87"
"CAPESANTE";"02929";"2025-11-29 19:53:00";"-41,44095";"-58,1332666667";"1,8";"92"
"CAPESANTE";"02929";"2025-11-29 20:08:00";"-41,4405666667";"-58,1381333333";"4,7";"271"
"CAPESANTE";"02929";"2025-11-29 20:23:00";"-41,4406833333";"-58,1653833333";"1,9";"262"
"CAPESANTE";"02929";"2025-11-29 20:27:00";"-41,44";"-58,1493333333";"4,8";"89"
"CAPESANTE";"02929";"2025-11-29 20:36:00";"-41,4409333333";"-58,1356";"4,5";"89"
"CAPESANTE";"02929";"2025-11-29 20:38:00";"-41,4403666667";"-58,1538666667";"4,5";"92"
"CAPESANTE";"02929";"2025-11-29 20:53:00";"-41,4414333333";"-58,1313333333";"5,3";"190"
"CAPESANTE";"02929";"2025-11-29 21:08:00";"-41,4386333333";"-58,11";"5,0";"93"
"CAPESANTE";"02929";"2025-11-29 21:23:00";"-41,4390666667";"-58,0986";"6,0";"270"
"CAPESANTE";"02929";"2025-11-29 21:27:00";"-41,4393333333";"-58,128";"0,8";"292"
"CAPESANTE";"02929";"2025-11-29 21:36:00";"-41,4403";"-58,133";"4,1";"85"
"CAPESANTE";"02929";"2025-11-29 21:38:00";"-41,4390666667";"-58,1245666667";"4,7";"269"
"CAPESANTE";"02929";"2025-11-29 21:53:00";"-41,4394333333";"-58,12";"4,7";"90"
"CAPESANTE";"02929";"2025-11-29 22:08:00";"-41,4391";"-58,0957166667";"3,7";"78"
"CAPESANTE";"02929";"2025-11-29 22:23:00";"-41,4398";"-58,1144333333";"4,8";"269"
"CAPESANTE";"02929";"2025-11-29 22:27:00";"-41,44";"-58,1266666667";"5,0";"91"
"CAPESANTE";"02929";"2025-11-29 22:36:00";"-41,4394166667";"-58,12255";"4,5";"96"
"CAPESANTE";"02929";"2025-11-29 22:38:00";"-41,4401166667";"-58,1324166667";"4,4";"80"
"CAPESANTE";"02929";"2025-11-29 22:53:00";"-41,44";"-58,1039333333";"5,3";"93"
"CAPESANTE";"02929";"2025-11-29 23:08:00";"-41,4402833333";"-58,1028666667";"4,4";"270"
"CAPESANTE";"02929";"2025-11-29 23:23:00";"-41,44035";"-58,1282333333";"3,9";"268"
"CAPESANTE";"02929";"2025-11-29 23:28:00";"-41,4406666667";"-58,1173333333";"5,0";"89"
"CAPESANTE";"02929";"2025-11-29 23:36:00";"-41,44005";"-58,1062666667";"4,6";"91"
"CAPESANTE";"02929";"2025-11-29 23:38:00";"-41,4406666667";"-58,12415";"5,1";"90"
"CAPESANTE";"02929";"2025-11-29 23:53:00";"-41,4405";"-58,09965";"1,8";"76"
"CAPESANTE";"02929";"2025-11-30 00:08:00";"-41,4409833333";"-58,1032666667";"4,7";"267"
"CAPESANTE";"02929";"2025-11-30 00:23:00";"-41,44075";"-58,1265666667";"3,8";"287"
"CAPESANTE";"02929";"2025-11-30 00:27:00";"-41,4413333333";"-58,1093333333";"5,0";"91"
"CAPESANTE";"02929";"2025-11-30 00:36:00";"-41,4406666667";"-58,10065";"3,6";"84"
"CAPESANTE";"02929";"2025-11-30 00:38:00";"-41,44125";"-58,1142833333";"5,4";"91"
"CAPESANTE";"02929";"2025-11-30 00:53:00";"-41,4412166667";"-58,09075";"3,1";"207"
"CAPESANTE";"02929";"2025-11-30 01:08:00";"-41,4414166667";"-58,11745";"4,9";"263"
"CAPESANTE";"02929";"2025-11-30 01:23:00";"-41,4447833333";"-58,1299833333";"6,5";"90"
"CAPESANTE";"02929";"2025-11-30 01:27:00";"-41,4446666667";"-58,0973333333";"2,0";"81"
"CAPESANTE";"02929";"2025-11-30 01:36:00";"-41,4405833333";"-58,0922166667";"5,8";"79"
"CAPESANTE";"02929";"2025-11-30 01:38:00";"-41,4449333333";"-58,1023666667";"4,4";"90"
"CAPESANTE";"02929";"2025-11-30 01:52:00";"-41,4461833333";"-58,1013666667";"4,8";"269"
"CAPESANTE";"02929";"2025-11-30 02:07:00";"-41,4461666667";"-58,1259166667";"2,0";"287"
"CAPESANTE";"02929";"2025-11-30 02:22:00";"-41,4524833333";"-58,14655";"4,7";"241"
"CAPESANTE";"02929";"2025-11-30 02:27:00";"-41,4573333333";"-58,168";"4,8";"270"
"CAPESANTE";"02929";"2025-11-30 02:36:00";"-41,44625";"-58,099";"4,9";"269"
"CAPESANTE";"02929";"2025-11-30 02:37:00";"-41,4572166667";"-58,1622";"5,7";"265"
"CAPESANTE";"02929";"2025-11-30 02:52:00";"-41,4572333333";"-58,1891333333";"4,8";"271"
"CAPESANTE";"02929";"2025-11-30 03:07:00";"-41,4489";"-58,1946833333";"5,8";"90"
"CAPESANTE";"02929";"2025-11-30 03:22:00";"-41,4489";"-58,1671";"5,1";"95"
"CAPESANTE";"02929";"2025-11-30 03:27:00";"-41,4486666667";"-58,174";"4,8";"271"
"CAPESANTE";"02929";"2025-11-30 03:36:00";"-41,4572333333";"-58,1882333333";"4,8";"271"
"CAPESANTE";"02929";"2025-11-30 03:37:00";"-41,4486";"-58,1683833333";"5,1";"270"
"CAPESANTE";"02929";"2025-11-30 03:52:00";"-41,4484833333";"-58,1939166667";"2,0";"263"
"CAPESANTE";"02929";"2025-11-30 04:07:00";"-41,4482833333";"-58,1831333333";"4,7";"93"
"CAPESANTE";"02929";"2025-11-30 04:22:00";"-41,4488166667";"-58,1575666667";"5,7";"99"
"CAPESANTE";"02929";"2025-11-30 04:27:00";"-41,448";"-58,1853333333";"4,6";"270"
"CAPESANTE";"02929";"2025-11-30 04:36:00";"-41,4485833333";"-58,19265";"4,2";"269"
"CAPESANTE";"02929";"2025-11-30 04:37:00";"-41,448";"-58,1798333333";"4,7";"272"
"CAPESANTE";"02929";"2025-11-30 04:52:00";"-41,4471666667";"-58,1991";"4,3";"98"
"CAPESANTE";"02929";"2025-11-30 05:07:00";"-41,4473";"-58,1706666667";"4,8";"90"
"CAPESANTE";"02929";"2025-11-30 05:22:00";"-41,44705";"-58,16365";"4,6";"266"
"CAPESANTE";"02929";"2025-11-30 05:27:00";"-41,4466666667";"-58,1933333333";"1,2";"287"
"CAPESANTE";"02929";"2025-11-30 05:36:00";"-41,4477333333";"-58,2002666667";"5,5";"18"
"CAPESANTE";"02929";"2025-11-30 05:37:00";"-41,4469833333";"-58,18885";"4,4";"269"
"CAPESANTE";"02929";"2025-11-30 05:52:00";"-41,4467166667";"-58,1882833333";"4,9";"93"
"CAPESANTE";"02929";"2025-11-30 06:07:00";"-41,4465833333";"-58,1624666667";"1,9";"73"
"CAPESANTE";"02929";"2025-11-30 06:22:00";"-41,4465";"-58,1752833333";"5,5";"267"
"CAPESANTE";"02929";"2025-11-30 06:27:00";"-41,446";"-58,1966666667";"6,2";"91"
"CAPESANTE";"02929";"2025-11-30 06:36:00";"-41,44675";"-58,18935";"5,3";"89"
"CAPESANTE";"02929";"2025-11-30 06:37:00";"-41,4457333333";"-58,1977166667";"6,1";"284"
"CAPESANTE";"02929";"2025-11-30 06:52:00";"-41,4461666667";"-58,1753";"4,4";"87"
"CAPESANTE";"02929";"2025-11-30 07:07:00";"-41,4456";"-58,1587666667";"6,3";"273"
"CAPESANTE";"02929";"2025-11-30 07:22:00";"-41,4455833333";"-58,18525";"6,0";"268"
"CAPESANTE";"02929";"2025-11-30 07:27:00";"-41,4453333333";"-58,186";"5,0";"90"
"CAPESANTE";"02929";"2025-11-30 07:36:00";"-41,4461666667";"-58,1755833333";"4,7";"85"
"CAPESANTE";"02929";"2025-11-30 07:37:00";"-41,4452666667";"-58,1928";"5,2";"90"
"CAPESANTE";"02929";"2025-11-30 07:52:00";"-41,4452666667";"-58,1657";"5,0";"87"
"CAPESANTE";"02929";"2025-11-30 08:07:00";"-41,44495";"-58,1706333333";"4,6";"267"
"CAPESANTE";"02929";"2025-11-30 08:22:00";"-41,4448166667";"-58,1943";"1,0";"322"
"CAPESANTE";"02929";"2025-11-30 08:27:00";"-41,4446666667";"-58,1753333333";"4,8";"90"
"CAPESANTE";"02929";"2025-11-30 08:36:00";"-41,4453333333";"-58,1667333333";"5,5";"89"
"CAPESANTE";"02929";"2025-11-30 08:37:00";"-41,4446666667";"-58,1821833333";"5,0";"89"
"CAPESANTE";"02929";"2025-11-30 08:52:00";"-41,4451";"-58,1566";"5,9";"100"
"CAPESANTE";"02929";"2025-11-30 09:07:00";"-41,4443666667";"-58,1792833333";"4,7";"266"
"CAPESANTE";"02929";"2025-11-30 09:22:00";"-41,4436833333";"-58,1995";"4,3";"84"
"CAPESANTE";"02929";"2025-11-30 09:27:00";"-41,444";"-58,1646666667";"5,0";"91"
"CAPESANTE";"02929";"2025-11-30 09:36:00";"-41,4443666667";"-58,1591833333";"4,6";"109"
"CAPESANTE";"02929";"2025-11-30 09:37:00";"-41,4441";"-58,1714333333";"5,3";"80"
"CAPESANTE";"02929";"2025-11-30 09:52:00";"-41,4438";"-58,1637333333";"4,8";"270"
"CAPESANTE";"02929";"2025-11-30 10:07:00";"-41,44375";"-58,1899833333";"4,8";"267"
"CAPESANTE";"02929";"2025-11-30 10:22:00";"-41,4434666667";"-58,188";"4,8";"91"
"CAPESANTE";"02929";"2025-11-30 10:27:00";"-41,442";"-58,1573333333";"3,0";"151"
"CAPESANTE";"02929";"2025-11-30 10:36:00";"-41,4438333333";"-58,1639166667";"4,4";"268"
"CAPESANTE";"02929";"2025-11-30 10:37:00";"-41,4432166667";"-58,1623333333";"1,9";"61"
"CAPESANTE";"02929";"2025-11-30 10:52:00";"-41,4431333333";"-58,17635";"4,5";"272"
"CAPESANTE";"02929";"2025-11-30 11:07:00";"-41,4425";"-58,1989833333";"4,4";"321"
"CAPESANTE";"02929";"2025-11-30 11:22:00";"-41,4421";"-58,1629166667";"4,3";"89"
"CAPESANTE";"02929";"2025-11-30 11:27:00";"-41,4413333333";"-58,132";"4,8";"72"
"CAPESANTE";"02929";"2025-11-30 11:36:00";"-41,4432166667";"-58,1764666667";"4,9";"270"
"CAPESANTE";"02929";"2025-11-30 11:37:00";"-41,4422";"-58,1363";"5,0";"85"
"CAPESANTE";"02929";"2025-11-30 11:52:00";"-41,4424833333";"-58,1408333333";"5,0";"271"
"CAPESANTE";"02929";"2025-11-30 12:06:00";"-41,4422";"-58,1644333333";"1,8";"297"
"CAPESANTE";"02929";"2025-11-30 12:21:00";"-41,4427166667";"-58,1488333333";"4,7";"90"
"CAPESANTE";"02929";"2025-11-30 12:27:00";"-41,4433333333";"-58,1333333333";"5,2";"270"
"CAPESANTE";"02929";"2025-11-30 12:36:00";"-41,4422666667";"-58,12625";"4,3";"130"
"CAPESANTE";"02929";"2025-11-30 12:51:00";"-41,4430666667";"-58,15275";"4,9";"272"
"CAPESANTE";"02929";"2025-11-30 13:06:00";"-41,4433";"-58,1656333333";"6,3";"92"
"CAPESANTE";"02929";"2025-11-30 13:21:00";"-41,4433666667";"-58,1387666667";"4,7";"90"
"CAPESANTE";"02929";"2025-11-30 13:27:00";"-41,4433333333";"-58,1453333333";"4,8";"271"
"CAPESANTE";"02929";"2025-11-30 13:36:00";"-41,4436833333";"-58,1379333333";"4,8";"268"
"CAPESANTE";"02929";"2025-11-30 13:51:00";"-41,4436";"-58,1643666667";"4,4";"271"
"CAPESANTE";"02929";"2025-11-30 14:06:00";"-41,4441";"-58,1537333333";"4,6";"94"
"CAPESANTE";"02929";"2025-11-30 14:21:00";"-41,4438666667";"-58,1306833333";"7,3";"135"
"CAPESANTE";"02929";"2025-11-30 14:27:00";"-41,444";"-58,1566666667";"4,8";"270"
"CAPESANTE";"02929";"2025-11-30 14:36:00";"-41,4436166667";"-58,1652833333";"1,7";"283"
"CAPESANTE";"02929";"2025-11-30 14:51:00";"-41,4447";"-58,1711833333";"4,4";"245"
"CAPESANTE";"02929";"2025-11-30 15:06:00";"-41,4644166667";"-58,1717666667";"4,6";"180"
"CAPESANTE";"02929";"2025-11-30 15:21:00";"-41,4812333333";"-58,17425";"5,8";"291"
"CAPESANTE";"02929";"2025-11-30 15:27:00";"-41,4553333333";"-58,1766666667";"4,8";"0"
"CAPESANTE";"02929";"2025-11-30 15:36:00";"-41,4448";"-58,1712166667";"4,6";"243"
"CAPESANTE";"02929";"2025-11-30 15:51:00";"-41,4472166667";"-58,1700666667";"7,5";"91"
"CAPESANTE";"02929";"2025-11-30 16:06:00";"-41,44735";"-58,1413333333";"4,9";"95"
"CAPESANTE";"02929";"2025-11-30 16:21:00";"-41,4471";"-58,1357833333";"4,9";"272"
"CAPESANTE";"02929";"2025-11-30 16:27:00";"-41,4466666667";"-58,1666666667";"5,2";"265"
"CAPESANTE";"02929";"2025-11-30 16:36:00";"-41,4472166667";"-58,1693166667";"8,4";"90"
"CAPESANTE";"02929";"2025-11-30 16:51:00";"-41,4467833333";"-58,1548333333";"4,8";"92"
"CAPESANTE";"02929";"2025-11-30 17:06:00";"-41,4467333333";"-58,1311166667";"2,5";"95"
"CAPESANTE";"02929";"2025-11-30 17:21:00";"-41,4464333333";"-58,1471333333";"4,8";"270"
"CAPESANTE";"02929";"2025-11-30 17:27:00";"-41,446";"-58,1626666667";"5,0";"94"
"CAPESANTE";"02929";"2025-11-30 17:36:00";"-41,4468";"-58,1532666667";"5,0";"90"
"CAPESANTE";"02929";"2025-11-30 17:51:00";"-41,4462833333";"-58,1444833333";"4,7";"89"
"CAPESANTE";"02929";"2025-11-30 18:06:00";"-41,4459833333";"-58,1301166667";"6,0";"269"
"CAPESANTE";"02929";"2025-11-30 18:21:00";"-41,4458666667";"-58,1557";"7,1";"260"
"CAPESANTE";"02929";"2025-11-30 18:27:00";"-41,4453333333";"-58,1526666667";"4,8";"90"
"CAPESANTE";"02929";"2025-11-30 18:36:00";"-41,4461";"-58,1436";"4,2";"87"
"CAPESANTE";"02929";"2025-11-30 18:51:00";"-41,4455833333";"-58,1352166667";"4,9";"90"
"CAPESANTE";"02929";"2025-11-30 19:06:00";"-41,4452666667";"-58,1395";"4,7";"268"
"CAPESANTE";"02929";"2025-11-30 19:21:00";"-41,4452333333";"-58,1647166667";"1,4";"264"
"CAPESANTE";"02929";"2025-11-30 19:27:00";"-41,4446666667";"-58,1426666667";"4,8";"90"
"CAPESANTE";"02929";"2025-11-30 19:36:00";"-41,4455833333";"-58,13345";"4,6";"92"
"CAPESANTE";"02929";"2025-11-30 19:51:00";"-41,4452166667";"-58,12815";"5,2";"98"
"CAPESANTE";"02929";"2025-11-30 20:06:00";"-41,4399666667";"-58,1492666667";"4,7";"269"
"CAPESANTE";"02929";"2025-11-30 20:21:00";"-41,4392166667";"-58,1728166667";"4,5";"24"
"CAPESANTE";"02929";"2025-11-30 20:27:00";"-41,44";"-58,1386666667";"4,8";"91"
"CAPESANTE";"02929";"2025-11-30 20:36:00";"-41,4450666667";"-58,1270333333";"3,7";"34"
"CAPESANTE";"02929";"2025-11-30 20:51:00";"-41,4348166667";"-58,1339166667";"3,5";"49"
"CAPESANTE";"02929";"2025-11-30 21:06:00";"-41,4356833333";"-58,10695";"4,8";"93"
"CAPESANTE";"02929";"2025-11-30 21:21:00";"-41,4358";"-58,0954666667";"6,2";"276"
"CAPESANTE";"02929";"2025-11-30 21:27:00";"-41,4353333333";"-58,13";"1,0";"269"
"CAPESANTE";"02929";"2025-11-30 21:36:00";"-41,4347666667";"-58,1327666667";"5,2";"94"
"CAPESANTE";"02929";"2025-11-30 21:51:00";"-41,4351";"-58,1257166667";"4,4";"97"
"CAPESANTE";"02929";"2025-11-30 22:06:00";"-41,4351";"-58,09985";"4,6";"87"
"CAPESANTE";"02929";"2025-11-30 22:20:00";"-41,4314166667";"-58,1045833333";"4,8";"271"
"CAPESANTE";"02929";"2025-11-30 22:27:00";"-41,428";"-58,1333333333";"7,6";"353"
"CAPESANTE";"02929";"2025-11-30 22:35:00";"-41,43145";"-58,1294333333";"4,0";"283"
"CAPESANTE";"02929";"2025-11-30 22:36:00";"-41,4351166667";"-58,12385";"3,7";"90"
"CAPESANTE";"02929";"2025-11-30 22:50:00";"-41,4233166667";"-58,1192";"4,4";"91"
"CAPESANTE";"02929";"2025-11-30 23:05:00";"-41,4234666667";"-58,0948166667";"1,5";"101"
"CAPESANTE";"02929";"2025-11-30 23:20:00";"-41,4236666667";"-58,11245";"5,0";"273"
"CAPESANTE";"02929";"2025-11-30 23:27:00";"-41,424";"-58,128";"5,8";"89"
"CAPESANTE";"02929";"2025-11-30 23:35:00";"-41,42355";"-58,1361666667";"3,0";"226"
"CAPESANTE";"02929";"2025-11-30 23:36:00";"-41,4233166667";"-58,1167666667";"5,0";"87"
"CAPESANTE";"02929";"2025-11-30 23:50:00";"-41,4239833333";"-58,1105666667";"4,8";"94"
"CAPESANTE";"02929";"2025-12-01 00:05:00";"-41,4242833333";"-58,0910833333";"4,7";"266"
"CAPESANTE";"02929";"2025-12-01 00:20:00";"-41,4242833333";"-58,11905";"4,9";"270"
"CAPESANTE";"02929";"2025-12-01 00:27:00";"-41,4246666667";"-58,12";"5,0";"92"
"CAPESANTE";"02929";"2025-12-01 00:35:00";"-41,4245";"-58,1298666667";"5,8";"88"
"CAPESANTE";"02929";"2025-12-01 00:36:00";"-41,4239";"-58,1086";"4,6";"95"
"CAPESANTE";"02929";"2025-12-01 00:50:00";"-41,4245333333";"-58,10305";"4,9";"89"
"CAPESANTE";"02929";"2025-12-01 01:05:00";"-41,4248833333";"-58,0996833333";"5,0";"271"
"CAPESANTE";"02929";"2025-12-01 01:20:00";"-41,4248333333";"-58,1266666667";"4,8";"270"
"CAPESANTE";"02929";"2025-12-01 01:27:00";"-41,4253333333";"-58,1106666667";"4,8";"90"
"CAPESANTE";"02929";"2025-12-01 01:35:00";"-41,4250833333";"-58,1205333333";"4,9";"91"
"CAPESANTE";"02929";"2025-12-01 01:36:00";"-41,4245166667";"-58,1008";"5,0";"96"
"CAPESANTE";"02929";"2025-12-01 01:50:00";"-41,4256333333";"-58,0956666667";"3,1";"112"
"CAPESANTE";"02929";"2025-12-01 02:05:00";"-41,42555";"-58,1105";"4,9";"270"
"CAPESANTE";"02929";"2025-12-01 02:20:00";"-41,4250333333";"-58,1353";"6,0";"319"
"CAPESANTE";"02929";"2025-12-01 02:27:00";"-41,4193333333";"-58,1053333333";"4,8";"91"
"CAPESANTE";"02929";"2025-12-01 02:35:00";"-41,41955";"-58,11545";"4,7";"90"
"CAPESANTE";"02929";"2025-12-01 02:36:00";"-41,4260333333";"-58,0941666667";"4,8";"108"
"CAPESANTE";"02929";"2025-12-01 02:50:00";"-41,4208666667";"-58,0923166667";"5,8";"94"
"CAPESANTE";"02929";"2025-12-01 03:05:00";"-41,4199333333";"-58,1164833333";"4,9";"267"
"CAPESANTE";"02929";"2025-12-01 03:20:00";"-41,4217333333";"-58,12635";"8,1";"89"
"CAPESANTE";"02929";"2025-12-01 03:27:00";"-41,4213333333";"-58,156";"4,8";"269"
"CAPESANTE";"02929";"2025-12-01 03:35:00";"-41,4211666667";"-58,1455833333";"4,8";"271"
"CAPESANTE";"02929";"2025-12-01 03:36:00";"-41,42015";"-58,0913";"3,0";"288"
"CAPESANTE";"02929";"2025-12-01 03:50:00";"-41,4217166667";"-58,1628333333";"5,7";"79"
"CAPESANTE";"02929";"2025-12-01 04:05:00";"-41,4216333333";"-58,1349";"5,0";"92"
"CAPESANTE";"02929";"2025-12-01 04:20:00";"-41,4218833333";"-58,1318166667";"4,8";"272"
"CAPESANTE";"02929";"2025-12-01 04:27:00";"-41,422";"-58,164";"5,2";"266"
"CAPESANTE";"02929";"2025-12-01 04:35:00";"-41,4218833333";"-58,1563166667";"4,7";"270"
"CAPESANTE";"02929";"2025-12-01 04:36:00";"-41,42155";"-58,1596833333";"6,0";"87"
"CAPESANTE";"02929";"2025-12-01 04:50:00";"-41,42215";"-58,1501833333";"5,1";"88"
"CAPESANTE";"02929";"2025-12-01 05:05:00";"-41,4225333333";"-58,1255";"2,6";"108"
"CAPESANTE";"02929";"2025-12-01 05:20:00";"-41,4289833333";"-58,1139833333";"5,1";"116"
"CAPESANTE";"02929";"2025-12-01 05:27:00";"-41,4346666667";"-58,0993333333";"4,8";"273"
"CAPESANTE";"02929";"2025-12-01 05:35:00";"-41,4358666667";"-58,0925";"5,6";"83"
"CAPESANTE";"02929";"2025-12-01 05:36:00";"-41,42215";"-58,1458333333";"4,8";"92"
"CAPESANTE";"02929";"2025-12-01 05:50:00";"-41,4348833333";"-58,1149666667";"4,7";"269"
"CAPESANTE";"02929";"2025-12-01 06:05:00";"-41,4347";"-58,1334666667";"5,4";"85"
"CAPESANTE";"02929";"2025-12-01 06:20:00";"-41,43455";"-58,1055833333";"4,9";"91"
"CAPESANTE";"02929";"2025-12-01 06:27:00";"-41,434";"-58,1073333333";"4,6";"270"
"CAPESANTE";"02929";"2025-12-01 06:35:00";"-41,43435";"-58,0970166667";"5,3";"272"
"CAPESANTE";"02929";"2025-12-01 06:36:00";"-41,4348666667";"-58,11785";"4,4";"268"
"CAPESANTE";"02929";"2025-12-01 06:50:00";"-41,43425";"-58,1225833333";"4,7";"269"
"CAPESANTE";"02929";"2025-12-01 07:05:00";"-41,4339333333";"-58,1256833333";"4,9";"89"
"CAPESANTE";"02929";"2025-12-01 07:20:00";"-41,4338833333";"-58,0985666667";"5,5";"83"
"CAPESANTE";"02929";"2025-12-01 07:27:00";"-41,4333333333";"-58,114";"4,6";"269"
"CAPESANTE";"02929";"2025-12-01 07:35:00";"-41,4336166667";"-58,1037333333";"4,8";"265"
"CAPESANTE";"02929";"2025-12-01 07:36:00";"-41,4343166667";"-58,1257166667";"4,9";"267"
"CAPESANTE";"02929";"2025-12-01 07:50:00";"-41,4337166667";"-58,1277833333";"1,2";"253"
"CAPESANTE";"02929";"2025-12-01 08:05:00";"-41,43335";"-58,118";"5,0";"87"
"CAPESANTE";"02929";"2025-12-01 08:19:00";"-41,43385";"-58,0941333333";"4,2";"96"
"CAPESANTE";"02929";"2025-12-01 08:27:00";"-41,4333333333";"-58,12";"4,6";"268"
"CAPESANTE";"02929";"2025-12-01 08:34:00";"-41,4331";"-58,1091";"4,7";"267"
"CAPESANTE";"02929";"2025-12-01 08:36:00";"-41,4338833333";"-58,1288666667";"3,1";"262"
"CAPESANTE";"02929";"2025-12-01 08:49:00";"-41,43415";"-58,1323333333";"8,2";"257"
"CAPESANTE";"02929";"2025-12-01 09:04:00";"-41,4327666667";"-58,1117";"5,0";"91"
"CAPESANTE";"02929";"2025-12-01 09:19:00";"-41,4324666667";"-58,091";"4,4";"269"
"CAPESANTE";"02929";"2025-12-01 09:27:00";"-41,4326666667";"-58,128";"1,0";"252"
"CAPESANTE";"02929";"2025-12-01 09:34:00";"-41,4325";"-58,11795";"4,5";"268"
"CAPESANTE";"02929";"2025-12-01 09:36:00";"-41,4327166667";"-58,1352666667";"4,8";"48"
"CAPESANTE";"02929";"2025-12-01 09:49:00";"-41,432";"-58,1295";"5,8";"92"
"CAPESANTE";"02929";"2025-12-01 10:04:00";"-41,43215";"-58,1026";"4,9";"91"
"CAPESANTE";"02929";"2025-12-01 10:19:00";"-41,4319333333";"-58,1012";"4,5";"263"
"CAPESANTE";"02929";"2025-12-01 10:27:00";"-41,4326666667";"-58,134";"5,4";"300"
"CAPESANTE";"02929";"2025-12-01 10:34:00";"-41,4319";"-58,1261833333";"4,8";"266"
"CAPESANTE";"02929";"2025-12-01 10:36:00";"-41,4322";"-58,12555";"4,8";"91"
"CAPESANTE";"02929";"2025-12-01 10:49:00";"-41,4317";"-58,1214666667";"6,6";"80"
"CAPESANTE";"02929";"2025-12-01 11:04:00";"-41,43175";"-58,09705";"0,9";"114"
"CAPESANTE";"02929";"2025-12-01 11:19:00";"-41,43105";"-58,1108833333";"4,5";"273"
"CAPESANTE";"02929";"2025-12-01 11:27:00";"-41,4306666667";"-58,126";"4,8";"91"
"CAPESANTE";"02929";"2025-12-01 11:34:00";"-41,4316166667";"-58,1324833333";"4,9";"260"
"CAPESANTE";"02929";"2025-12-01 11:36:00";"-41,4317";"-58,1178833333";"5,0";"86"
"CAPESANTE";"02929";"2025-12-01 11:49:00";"-41,4308333333";"-58,1106666667";"5,1";"91"
"CAPESANTE";"02929";"2025-12-01 12:04:00";"-41,4306333333";"-58,0933666667";"5,8";"272"
"CAPESANTE";"02929";"2025-12-01 12:19:00";"-41,4305833333";"-58,1206666667";"5,0";"273"
"CAPESANTE";"02929";"2025-12-01 12:34:00";"-41,4304";"-58,1266833333";"4,6";"91"
"CAPESANTE";"02929";"2025-12-01 12:36:00";"-41,4307666667";"-58,1067";"4,8";"89"
"CAPESANTE";"02929";"2025-12-01 12:49:00";"-41,4302833333";"-58,10065";"4,5";"90"
"CAPESANTE";"02929";"2025-12-01 13:04:00";"-41,43";"-58,1062";"4,8";"272"
"CAPESANTE";"02929";"2025-12-01 13:19:00";"-41,4301166667";"-58,1302333333";"1,4";"260"
"CAPESANTE";"02929";"2025-12-01 13:27:00";"-41,43";"-58,1073333333";"4,8";"90"
"CAPESANTE";"02929";"2025-12-01 13:34:00";"-41,42965";"-58,11855";"4,4";"85"
"CAPESANTE";"02929";"2025-12-01 13:36:00";"-41,4302666667";"-58,0969166667";"1,0";"88"
"CAPESANTE";"02929";"2025-12-01 13:49:00";"-41,4301833333";"-58,0961833333";"3,9";"83"
"CAPESANTE";"02929";"2025-12-01 14:04:00";"-41,4294333333";"-58,11455";"6,7";"267"
"CAPESANTE";"02929";"2025-12-01 14:19:00";"-41,4290166667";"-58,1330666667";"4,6";"98"
"CAPESANTE";"02929";"2025-12-01 14:27:00";"-41,4293333333";"-58,0946666667";"4,6";"89"
"CAPESANTE";"02929";"2025-12-01 14:34:00";"-41,4291666667";"-58,1060666667";"4,8";"91"
"CAPESANTE";"02929";"2025-12-01 14:36:00";"-41,4296666667";"-58,0922833333";"2,4";"353"
"CAPESANTE";"02929";"2025-12-01 14:49:00";"-41,42855";"-58,0874";"4,7";"262"
"CAPESANTE";"02929";"2025-12-01 15:04:00";"-41,4288833333";"-58,1148666667";"4,7";"266"
"CAPESANTE";"02929";"2025-12-01 15:19:00";"-41,4285166667";"-58,1223166667";"5,2";"90"
"CAPESANTE";"02929";"2025-12-01 15:27:00";"-41,4293333333";"-58,09";"4,2";"91"
"CAPESANTE";"02929";"2025-12-01 15:34:00";"-41,42855";"-58,09815";"4,2";"99"
"CAPESANTE";"02929";"2025-12-01 15:36:00";"-41,4289166667";"-58,09375";"5,4";"271"
"CAPESANTE";"02929";"2025-12-01 15:49:00";"-41,42835";"-58,0966333333";"4,6";"270"
"CAPESANTE";"02929";"2025-12-01 16:04:00";"-41,4283333333";"-58,1233833333";"5,0";"273"
"CAPESANTE";"02929";"2025-12-01 16:19:00";"-41,4279666667";"-58,1191166667";"4,5";"91"
"CAPESANTE";"02929";"2025-12-01 16:27:00";"-41,4286666667";"-58,0853333333";"3,4";"358"
"CAPESANTE";"02929";"2025-12-01 16:34:00";"-41,42805";"-58,09385";"4,8";"86"
"CAPESANTE";"02929";"2025-12-01 16:36:00";"-41,4283666667";"-58,1021";"4,9";"271"
"CAPESANTE";"02929";"2025-12-01 16:49:00";"-41,42775";"-58,0990666667";"4,6";"270"
"CAPESANTE";"02929";"2025-12-01 17:04:00";"-41,4278166667";"-58,1253";"2,8";"255"
"CAPESANTE";"02929";"2025-12-01 17:19:00";"-41,4274166667";"-58,11695";"5,2";"91"
"CAPESANTE";"02929";"2025-12-01 17:27:00";"-41,428";"-58,0793333333";"7,6";"86"
"CAPESANTE";"02929";"2025-12-01 17:34:00";"-41,4280666667";"-58,09395";"2,8";"116"
"CAPESANTE";"02929";"2025-12-01 17:36:00";"-41,4277666667";"-58,1039";"4,4";"272"
"CAPESANTE";"02929";"2025-12-01 17:49:00";"-41,4274";"-58,0735166667";"5,9";"268"
"CAPESANTE";"02929";"2025-12-01 18:04:00";"-41,4275166667";"-58,1008833333";"5,0";"270"
"CAPESANTE";"02929";"2025-12-01 18:19:00";"-41,42975";"-58,09075";"4,7";"88"
"CAPESANTE";"02929";"2025-12-01 18:27:00";"-41,428";"-58,0706666667";"6,0";"267"
"CAPESANTE";"02929";"2025-12-01 18:33:00";"-41,4305666667";"-58,0681666667";"3,7";"110"
"CAPESANTE";"02929";"2025-12-01 18:36:00";"-41,4274333333";"-58,0787833333";"4,6";"266"
"CAPESANTE";"02929";"2025-12-01 18:48:00";"-41,4281";"-58,0852833333";"4,7";"268"
"CAPESANTE";"02929";"2025-12-01 19:03:00";"-41,4269";"-58,0957166667";"5,8";"271"
"CAPESANTE";"02929";"2025-12-01 19:18:00";"-41,4271833333";"-58,1233666667";"4,5";"267"
"CAPESANTE";"02929";"2025-12-01 19:27:00";"-41,4266666667";"-58,1173333333";"4,6";"88"
"CAPESANTE";"02929";"2025-12-01 19:33:00";"-41,4268333333";"-58,1288666667";"5,6";"88"
"CAPESANTE";"02929";"2025-12-01 19:36:00";"-41,4281";"-58,0910166667";"4,9";"275"
"CAPESANTE";"02929";"2025-12-01 19:48:00";"-41,42675";"-58,10345";"4,4";"88"
"CAPESANTE";"02929";"2025-12-01 20:03:00";"-41,4264166667";"-58,09975";"4,7";"270"
"CAPESANTE";"02929";"2025-12-01 20:18:00";"-41,42655";"-58,1252833333";"4,9";"268"
"CAPESANTE";"02929";"2025-12-01 20:27:00";"-41,426";"-58,108";"4,6";"87"
"CAPESANTE";"02929";"2025-12-01 20:33:00";"-41,4262";"-58,1191833333";"5,0";"91"
"CAPESANTE";"02929";"2025-12-01 20:36:00";"-41,4268666667";"-58,09915";"4,5";"94"
"CAPESANTE";"02929";"2025-12-01 20:48:00";"-41,4263";"-58,0949833333";"1,7";"103"
"CAPESANTE";"02929";"2025-12-01 21:03:00";"-41,4258666667";"-58,1048833333";"4,8";"270"
"CAPESANTE";"02929";"2025-12-01 21:18:00";"-41,4263166667";"-58,1275166667";"2,7";"261"
"CAPESANTE";"02929";"2025-12-01 21:33:00";"-41,4230666667";"-58,1142333333";"4,3";"88"
"CAPESANTE";"02929";"2025-12-01 21:36:00";"-41,4272833333";"-58,0919166667";"3,7";"97"
"CAPESANTE";"02929";"2025-12-01 21:48:00";"-41,4236666667";"-58,0913166667";"3,2";"101"
"CAPESANTE";"02929";"2025-12-01 22:03:00";"-41,4227333333";"-58,1072166667";"4,4";"267"
"CAPESANTE";"02929";"2025-12-01 22:18:00";"-41,4232166667";"-58,1295833333";"3,5";"260"
"CAPESANTE";"02929";"2025-12-01 22:27:00";"-41,4226666667";"-58,0993333333";"4,8";"91"
"CAPESANTE";"02929";"2025-12-01 22:33:00";"-41,4224333333";"-58,1120666667";"4,1";"92"
"CAPESANTE";"02929";"2025-12-01 22:36:00";"-41,4227333333";"-58,0862833333";"2,7";"339"
"CAPESANTE";"02929";"2025-12-01 22:48:00";"-41,4231166667";"-58,0887666667";"4,8";"73"
"CAPESANTE";"02929";"2025-12-01 23:03:00";"-41,42215";"-58,1129166667";"5,7";"258"
"CAPESANTE";"02929";"2025-12-01 23:18:00";"-41,4215833333";"-58,1330833333";"5,0";"91"
"CAPESANTE";"02929";"2025-12-01 23:27:00";"-41,422";"-58,0933333333";"1,6";"102"
"CAPESANTE";"02929";"2025-12-01 23:33:00";"-41,4218666667";"-58,10585";"5,1";"92"
"CAPESANTE";"02929";"2025-12-01 23:36:00";"-41,4221333333";"-58,0933333333";"6,0";"264"
"CAPESANTE";"02929";"2025-12-01 23:48:00";"-41,4216666667";"-58,0916666667";"6,1";"269"
"CAPESANTE";"02929";"2025-12-02 00:03:00";"-41,4215333333";"-58,1182333333";"4,7";"280"
"CAPESANTE";"02929";"2025-12-02 00:18:00";"-41,4212166667";"-58,1240333333";"4,3";"95"
"CAPESANTE";"02929";"2025-12-02 00:27:00";"-41,4213333333";"-58,0873333333";"2,6";"20"
"CAPESANTE";"02929";"2025-12-02 00:33:00";"-41,4212333333";"-58,0974166667";"4,9";"90"
"CAPESANTE";"02929";"2025-12-02 00:36:00";"-41,4215666667";"-58,0980333333";"4,7";"270"
"CAPESANTE";"02929";"2025-12-02 00:48:00";"-41,4209666667";"-58,1003666667";"4,5";"268"
"CAPESANTE";"02929";"2025-12-02 01:03:00";"-41,4209";"-58,12375";"4,5";"270"
"CAPESANTE";"02929";"2025-12-02 01:18:00";"-41,4205166667";"-58,1168333333";"4,7";"91"
"CAPESANTE";"02929";"2025-12-02 01:27:00";"-41,42";"-58,0913333333";"5,8";"270"
"CAPESANTE";"02929";"2025-12-02 01:33:00";"-41,4205833333";"-58,09155";"1,8";"88"
"CAPESANTE";"02929";"2025-12-02 01:36:00";"-41,42095";"-58,1049";"4,4";"269"
"CAPESANTE";"02929";"2025-12-02 01:48:00";"-41,4203333333";"-58,1038";"4,4";"268"
"CAPESANTE";"02929";"2025-12-02 02:03:00";"-41,4202166667";"-58,1254833333";"4,0";"270"
"CAPESANTE";"02929";"2025-12-02 02:18:00";"-41,42025";"-58,1518833333";"4,6";"272"
"CAPESANTE";"02929";"2025-12-02 02:27:00";"-41,428";"-58,1566666667";"4,8";"123"
"CAPESANTE";"02929";"2025-12-02 02:33:00";"-41,4222166667";"-58,1685333333";"6,2";"135"
"CAPESANTE";"02929";"2025-12-02 02:36:00";"-41,4203333333";"-58,1106833333";"4,8";"274"
"CAPESANTE";"02929";"2025-12-02 02:48:00";"-41,4335333333";"-58,1462333333";"4,5";"124"
"CAPESANTE";"02929";"2025-12-02 03:03:00";"-41,4367";"-58,1368333333";"4,6";"266"
"CAPESANTE";"02929";"2025-12-02 03:18:00";"-41,4366833333";"-58,1628333333";"4,7";"274"
"CAPESANTE";"02929";"2025-12-02 03:33:00";"-41,43635";"-58,1611333333";"4,9";"90"
"CAPESANTE";"02929";"2025-12-02 03:36:00";"-41,4362333333";"-58,14095";"4,8";"126"
"CAPESANTE";"02929";"2025-12-02 04:27:00";"-41,436";"-58,1413333333";"4,8";"91"
"CAPESANTE";"02929";"2025-12-02 05:27:00";"-41,4353333333";"-58,136";"4,8";"89"
"CAPESANTE";"02929";"2025-12-02 06:27:00";"-41,4346666667";"-58,1326666667";"1,8";"103"
"CAPESANTE";"02929";"2025-12-02 07:27:00";"-41,4346666667";"-58,1333333333";"3,4";"98"
"CAPESANTE";"02929";"2025-12-02 08:27:00";"-41,438";"-58,1286666667";"2,2";"300"
"CAPESANTE";"02929";"2025-12-02 09:27:00";"-41,438";"-58,1333333333";"5,8";"272"
"CAPESANTE";"02929";"2025-12-02 10:27:00";"-41,4386666667";"-58,1393333333";"4,8";"270"
"CAPESANTE";"02929";"2025-12-02 11:27:00";"-41,4386666667";"-58,1453333333";"4,8";"270"
"CAPESANTE";"02929";"2025-12-02 12:27:00";"-41,442";"-58,106";"4,8";"90"
"CAPESANTE";"02929";"2025-12-02 13:17:00";"-41,4423333333";"-58,1255333333";"1,2";"233"
"CAPESANTE";"02929";"2025-12-02 13:27:00";"-41,4426666667";"-58,0986666667";"4,8";"88"
"CAPESANTE";"02929";"2025-12-02 14:28:00";"-41,444";"-58,0906666667";"5,2";"82"
"CAPESANTE";"02929";"2025-12-02 16:27:00";"-41,4486666667";"-58,0946666667";"5,0";"256"
"CAPESANTE";"02929";"2025-12-02 17:27:00";"-41,4506666667";"-58,0953333333";"4,6";"268"
"CAPESANTE";"02929";"2025-12-02 18:27:00";"-41,452";"-58,1526666667";"4,8";"90"
"CAPESANTE";"02929";"2025-12-02 19:16:00";"-41,4519166667";"-58,16515";"4,7";"270"
"CAPESANTE";"02929";"2025-12-02 19:27:00";"-41,4513333333";"-58,1413333333";"4,8";"92"
"CAPESANTE";"02929";"2025-12-02 20:27:00";"-41,452";"-58,1313333333";"4,8";"103"
"CAPESANTE";"02929";"2025-12-02 21:27:00";"-41,45";"-58,14";"4,6";"270"
"CAPESANTE";"02929";"2025-12-02 22:27:00";"-41,4493333333";"-58,15";"4,6";"268"
"CAPESANTE";"02929";"2025-12-02 22:46:00";"-41,4494833333";"-58,1579833333";"4,5";"275"
"CAPESANTE";"02929";"2025-12-02 23:16:00";"-41,4492833333";"-58,1344333333";"5,0";"87"
"CAPESANTE";"02929";"2025-12-02 23:27:00";"-41,4486666667";"-58,1586666667";"4,6";"271"
"CAPESANTE";"02929";"2025-12-02 23:31:00";"-41,4488333333";"-58,1416";"4,8";"270"
"CAPESANTE";"02929";"2025-12-02 23:36:00";"-41,4496666667";"-58,16465";"2,7";"255"
"CAPESANTE";"02929";"2025-12-02 23:46:00";"-41,4489666667";"-58,1640666667";"1,9";"257"
"CAPESANTE";"02929";"2025-12-03 00:01:00";"-41,4485333333";"-58,1492166667";"4,7";"89"
"CAPESANTE";"02929";"2025-12-03 00:16:00";"-41,44935";"-58,1256666667";"4,1";"63"
"CAPESANTE";"02929";"2025-12-03 00:27:00";"-41,448";"-58,1646666667";"1,8";"265"
"CAPESANTE";"02929";"2025-12-03 00:31:00";"-41,4482333333";"-58,1497666667";"4,6";"269"
"CAPESANTE";"02929";"2025-12-03 00:36:00";"-41,4484333333";"-58,1651";"6,2";"90"
"CAPESANTE";"02929";"2025-12-03 00:45:00";"-41,4473666667";"-58,1683333333";"4,9";"71"
"CAPESANTE";"02929";"2025-12-03 01:00:00";"-41,4475833333";"-58,1391666667";"4,5";"90"
"CAPESANTE";"02929";"2025-12-03 01:15:00";"-41,4477666667";"-58,13085";"5,7";"269"
"CAPESANTE";"02929";"2025-12-03 01:27:00";"-41,4453333333";"-58,1693333333";"4,4";"44"
"CAPESANTE";"02929";"2025-12-03 01:30:00";"-41,4479";"-58,1566333333";"4,4";"267"
"CAPESANTE";"02929";"2025-12-03 01:36:00";"-41,44765";"-58,1570833333";"5,1";"87"
"CAPESANTE";"02929";"2025-12-03 01:45:00";"-41,4449";"-58,1605333333";"5,4";"88"
"CAPESANTE";"02929";"2025-12-03 02:00:00";"-41,4449166667";"-58,1344666667";"1,5";"87"
"CAPESANTE";"02929";"2025-12-03 02:15:00";"-41,4452833333";"-58,11815";"5,0";"93"
"CAPESANTE";"02929";"2025-12-03 02:27:00";"-41,4453333333";"-58,104";"4,6";"272"
"CAPESANTE";"02929";"2025-12-03 02:30:00";"-41,4455";"-58,0967333333";"3,4";"104"
"CAPESANTE";"02929";"2025-12-03 02:36:00";"-41,4450333333";"-58,1496333333";"4,6";"95"
"CAPESANTE";"02929";"2025-12-03 02:45:00";"-41,4455666667";"-58,1118833333";"4,9";"271"
"CAPESANTE";"02929";"2025-12-03 03:00:00";"-41,4455";"-58,13455";"3,1";"279"
"CAPESANTE";"02929";"2025-12-03 03:15:00";"-41,44585";"-58,11635";"4,9";"89"
"CAPESANTE";"02929";"2025-12-03 03:27:00";"-41,4466666667";"-58,11";"4,8";"268"
"CAPESANTE";"02929";"2025-12-03 03:30:00";"-41,4468166667";"-58,0937";"3,7";"104"
"CAPESANTE";"02929";"2025-12-03 03:36:00";"-41,4455666667";"-58,1237";"4,7";"272"
"CAPESANTE";"02929";"2025-12-03 03:45:00";"-41,4465333333";"-58,1177";"4,8";"271"
"CAPESANTE";"02929";"2025-12-03 04:00:00";"-41,447";"-58,1395";"3,0";"26"
"CAPESANTE";"02929";"2025-12-03 04:15:00";"-41,4468833333";"-58,1103833333";"4,8";"91"
"CAPESANTE";"02929";"2025-12-03 04:27:00";"-41,4473333333";"-58,1186666667";"4,8";"268"
"CAPESANTE";"02929";"2025-12-03 04:30:00";"-41,4472";"-58,0999833333";"5,8";"268"
"CAPESANTE";"02929";"2025-12-03 04:36:00";"-41,4465666667";"-58,1282166667";"4,4";"264"
"CAPESANTE";"02929";"2025-12-03 04:45:00";"-41,4471833333";"-58,1263166667";"4,5";"269"
"CAPESANTE";"02929";"2025-12-03 05:00:00";"-41,4475166667";"-58,1308";"4,6";"90"
"CAPESANTE";"02929";"2025-12-03 05:15:00";"-41,44745";"-58,1044833333";"4,9";"87"
"CAPESANTE";"02929";"2025-12-03 05:27:00";"-41,448";"-58,1273333333";"4,8";"270"
"CAPESANTE";"02929";"2025-12-03 05:30:00";"-41,4478166667";"-58,10935";"4,6";"271"
"CAPESANTE";"02929";"2025-12-03 05:36:00";"-41,4473";"-58,1347833333";"2,6";"266"
"CAPESANTE";"02929";"2025-12-03 05:45:00";"-41,44795";"-58,1334166667";"1,9";"265"
"CAPESANTE";"02929";"2025-12-03 06:00:00";"-41,44805";"-58,1182166667";"4,9";"88"
"CAPESANTE";"02929";"2025-12-03 06:15:00";"-41,4494666667";"-58,09465";"6,2";"111"
"CAPESANTE";"02929";"2025-12-03 06:27:00";"-41,4486666667";"-58,1333333333";"3,6";"262"
"CAPESANTE";"02929";"2025-12-03 06:30:00";"-41,4484166667";"-58,1190166667";"5,0";"270"
"CAPESANTE";"02929";"2025-12-03 06:36:00";"-41,4480166667";"-58,1328";"5,8";"91"
"CAPESANTE";"02929";"2025-12-03 06:45:00";"-41,4485833333";"-58,1365";"4,7";"96"
"CAPESANTE";"02929";"2025-12-03 07:00:00";"-41,4487";"-58,1094333333";"4,8";"90"
"CAPESANTE";"02929";"2025-12-03 07:15:00";"-41,4443";"-58,0915";"5,5";"29"
"CAPESANTE";"02929";"2025-12-03 07:27:00";"-41,4193333333";"-58,0866666667";"6,0";"275"
"CAPESANTE";"02929";"2025-12-03 07:30:00";"-41,4255666667";"-58,08335";"3,9";"17"
"CAPESANTE";"02929";"2025-12-03 07:36:00";"-41,4487";"-58,12355";"4,8";"90"
"CAPESANTE";"02929";"2025-12-03 07:45:00";"-41,4193666667";"-58,0953166667";"4,4";"271"
"CAPESANTE";"02929";"2025-12-03 08:00:00";"-41,4192666667";"-58,1219166667";"2,9";"264"
"CAPESANTE";"02929";"2025-12-03 08:15:00";"-41,4225166667";"-58,1324166667";"4,7";"272"
"CAPESANTE";"02929";"2025-12-03 08:27:00";"-41,4226666667";"-58,1573333333";"4,8";"89"
"CAPESANTE";"02929";"2025-12-03 08:30:00";"-41,4224166667";"-58,1579833333";"2,3";"265"
"CAPESANTE";"02929";"2025-12-03 08:36:00";"-41,4193166667";"-58,1063666667";"4,7";"269"
"CAPESANTE";"02929";"2025-12-03 08:45:00";"-41,42275";"-58,15";"5,0";"91"
"CAPESANTE";"02929";"2025-12-03 09:00:00";"-41,4229";"-58,1251666667";"1,5";"122"
"CAPESANTE";"02929";"2025-12-03 09:15:00";"-41,4230333333";"-58,1379333333";"4,8";"273"
"CAPESANTE";"02929";"2025-12-03 09:27:00";"-41,4233333333";"-58,1486666667";"4,8";"90"
"CAPESANTE";"02929";"2025-12-03 09:30:00";"-41,4237666667";"-58,1599166667";"3,8";"249"
"CAPESANTE";"02929";"2025-12-03 09:36:00";"-41,4227833333";"-58,13755";"4,6";"91"
"CAPESANTE";"02929";"2025-12-03 09:45:00";"-41,4233333333";"-58,1414166667";"5,0";"92"
"CAPESANTE";"02929";"2025-12-03 10:00:00";"-41,42405";"-58,1196";"2,2";"307"
"CAPESANTE";"02929";"2025-12-03 10:15:00";"-41,4237333333";"-58,1460333333";"4,9";"264"
"CAPESANTE";"02929";"2025-12-03 10:27:00";"-41,424";"-58,144";"4,8";"91"
"CAPESANTE";"02929";"2025-12-03 10:30:00";"-41,4241666667";"-58,1648166667";"3,5";"65"
"CAPESANTE";"02929";"2025-12-03 10:36:00";"-41,4233666667";"-58,1292166667";"5,1";"93"
"CAPESANTE";"02929";"2025-12-03 10:45:00";"-41,4239";"-58,13705";"4,7";"89"
"CAPESANTE";"02929";"2025-12-03 10:59:00";"-41,4242833333";"-58,12635";"6,1";"268"
"CAPESANTE";"02929";"2025-12-03 11:14:00";"-41,4242666667";"-58,15285";"4,6";"267"
"CAPESANTE";"02929";"2025-12-03 11:27:00";"-41,4246666667";"-58,138";"5,0";"92"
"CAPESANTE";"02929";"2025-12-03 11:29:00";"-41,42455";"-58,1574";"4,6";"87"
"CAPESANTE";"02929";"2025-12-03 11:36:00";"-41,4239666667";"-58,1253";"1,3";"92"
"CAPESANTE";"02929";"2025-12-03 11:44:00";"-41,4245666667";"-58,1305833333";"4,7";"88"
"CAPESANTE";"02929";"2025-12-03 11:59:00";"-41,4248333333";"-58,135";"4,5";"269"
"CAPESANTE";"02929";"2025-12-03 12:14:00";"-41,4249";"-58,1594666667";"1,3";"248"
"CAPESANTE";"02929";"2025-12-03 12:27:00";"-41,4253333333";"-58,1286666667";"4,0";"89"
"CAPESANTE";"02929";"2025-12-03 12:29:00";"-41,4251";"-58,14895";"4,8";"90"
"CAPESANTE";"02929";"2025-12-03 12:36:00";"-41,42535";"-58,1215833333";"3,1";"31"
"CAPESANTE";"02929";"2025-12-03 12:44:00";"-41,4255833333";"-58,1249833333";"4,5";"99"
"CAPESANTE";"02929";"2025-12-03 12:59:00";"-41,4254666667";"-58,1431666667";"2,9";"267"
"CAPESANTE";"02929";"2025-12-03 13:14:00";"-41,4279833333";"-58,16305";"3,0";"145"
"CAPESANTE";"02929";"2025-12-03 13:27:00";"-41,43";"-58,1193333333";"2,6";"19"
"CAPESANTE";"02929";"2025-12-03 13:29:00";"-41,4292666667";"-58,13565";"4,6";"87"
"CAPESANTE";"02929";"2025-12-03 13:36:00";"-41,4254333333";"-58,1293";"4,5";"264"
"CAPESANTE";"02929";"2025-12-03 13:44:00";"-41,4295833333";"-58,12575";"6,2";"270"
"CAPESANTE";"02929";"2025-12-03 13:59:00";"-41,4295666667";"-58,1509166667";"4,7";"272"
"CAPESANTE";"02929";"2025-12-03 14:14:00";"-41,4298166667";"-58,1528166667";"4,8";"91"
"CAPESANTE";"02929";"2025-12-03 14:27:00";"-41,4306666667";"-58,13";"4,6";"269"
"CAPESANTE";"02929";"2025-12-03 14:29:00";"-41,4297833333";"-58,12775";"4,7";"90"
"CAPESANTE";"02929";"2025-12-03 14:36:00";"-41,4295666667";"-58,1376833333";"4,5";"271"
"CAPESANTE";"02929";"2025-12-03 14:44:00";"-41,4309166667";"-58,1372166667";"4,4";"267"
"CAPESANTE";"02929";"2025-12-03 14:59:00";"-41,4313833333";"-58,1574666667";"3,1";"240"
"CAPESANTE";"02929";"2025-12-03 15:14:00";"-41,4326166667";"-58,1331";"5,0";"88"
"CAPESANTE";"02929";"2025-12-03 15:27:00";"-41,432";"-58,152";"4,6";"271"
"CAPESANTE";"02929";"2025-12-03 15:29:00";"-41,4322833333";"-58,1326166667";"6,3";"267"
"CAPESANTE";"02929";"2025-12-03 15:36:00";"-41,4309666667";"-58,1496666667";"4,3";"270"
"CAPESANTE";"02929";"2025-12-03 15:44:00";"-41,4323";"-58,15635";"1,5";"264"
"CAPESANTE";"02929";"2025-12-03 15:59:00";"-41,43335";"-58,1423";"5,1";"85"
"CAPESANTE";"02929";"2025-12-03 16:14:00";"-41,4319833333";"-58,1211833333";"4,3";"270"
"CAPESANTE";"02929";"2025-12-03 16:27:00";"-41,4313333333";"-58,1573333333";"6,8";"89"
"CAPESANTE";"02929";"2025-12-03 16:29:00";"-41,4320333333";"-58,14795";"4,7";"269"
"CAPESANTE";"02929";"2025-12-03 16:36:00";"-41,4332333333";"-58,1560333333";"5,9";"88"
"CAPESANTE";"02929";"2025-12-03 16:44:00";"-41,43165";"-58,1505166667";"4,6";"93"
"CAPESANTE";"02929";"2025-12-03 16:59:00";"-41,4316";"-58,1257666667";"1,4";"91"
"CAPESANTE";"02929";"2025-12-03 17:14:00";"-41,4306833333";"-58,1405833333";"8,2";"234"
"CAPESANTE";"02929";"2025-12-03 17:27:00";"-41,4333333333";"-58,1686666667";"4,6";"271"
"CAPESANTE";"02929";"2025-12-03 17:29:00";"-41,4317833333";"-58,1508";"7,6";"107"
"CAPESANTE";"02929";"2025-12-03 17:36:00";"-41,4317";"-58,1376";"4,7";"92"
"CAPESANTE";"02929";"2025-12-03 17:44:00";"-41,4333666667";"-58,1755333333";"4,6";"270"
"CAPESANTE";"02929";"2025-12-03 17:59:00";"-41,43295";"-58,1875166667";"5,9";"96"
"CAPESANTE";"02929";"2025-12-03 18:14:00";"-41,4330833333";"-58,1602833333";"4,7";"93"
"CAPESANTE";"02929";"2025-12-03 18:27:00";"-41,432";"-58,1813333333";"4,6";"269"
"CAPESANTE";"02929";"2025-12-03 18:29:00";"-41,4322666667";"-58,1628166667";"4,6";"270"
"CAPESANTE";"02929";"2025-12-03 18:36:00";"-41,4333666667";"-58,18675";"1,1";"263"
"CAPESANTE";"02929";"2025-12-03 18:44:00";"-41,4323166667";"-58,1857833333";"4,0";"242"
"CAPESANTE";"02929";"2025-12-03 18:59:00";"-41,4427666667";"-58,2008";"4,6";"181"
"CAPESANTE";"02929";"2025-12-03 19:14:00";"-41,4591666667";"-58,2006166667";"4,5";"177"
"CAPESANTE";"02929";"2025-12-03 19:27:00";"-41,4606666667";"-58,1626666667";"4,8";"96"
"CAPESANTE";"02929";"2025-12-03 19:29:00";"-41,4605666667";"-58,1803833333";"4,7";"86"
"CAPESANTE";"02929";"2025-12-03 19:36:00";"-41,4329666667";"-58,1997333333";"3,2";"252"
"CAPESANTE";"02929";"2025-12-03 19:44:00";"-41,4603166667";"-58,1564833333";"6,2";"76"
"CAPESANTE";"02929";"2025-12-03 19:59:00";"-41,4592";"-58,1291666667";"4,6";"91"
"CAPESANTE";"02929";"2025-12-03 20:14:00";"-41,47485";"-58,1021833333";"9,9";"142"
"CAPESANTE";"02929";"2025-12-03 20:27:00";"-41,532";"-58,0426666667";"5,4";"141"
"CAPESANTE";"02929";"2025-12-03 20:29:00";"-41,50725";"-58,0686833333";"10,6";"142"
"CAPESANTE";"02929";"2025-12-03 20:36:00";"-41,4592166667";"-58,1419";"4,9";"88"
"CAPESANTE";"02929";"2025-12-03 20:44:00";"-41,53565";"-58,0386833333";"6,3";"139"
"CAPESANTE";"02929";"2025-12-03 20:58:00";"-41,5485666667";"-58,0239";"4,6";"134"
"CAPESANTE";"02929";"2025-12-03 21:13:00";"-41,5680833333";"-58,0305333333";"4,4";"196"
"CAPESANTE";"02929";"2025-12-03 21:27:00";"-41,6046666667";"-58,0573333333";"8,8";"220"
"CAPESANTE";"02929";"2025-12-03 21:28:00";"-41,58825";"-58,0403833333";"5,0";"208"
"CAPESANTE";"02929";"2025-12-03 21:36:00";"-41,5441166667";"-58,0292333333";"4,5";"139"
"CAPESANTE";"02929";"2025-12-03 21:43:00";"-41,6106166667";"-58,0637666667";"9,0";"217"
"CAPESANTE";"02929";"2025-12-03 21:58:00";"-41,6411833333";"-58,0941666667";"8,8";"219"
"CAPESANTE";"02929";"2025-12-03 22:13:00";"-41,6703";"-58,1241666667";"9,1";"215"
"CAPESANTE";"02929";"2025-12-03 22:27:00";"-41,7253333333";"-58,1813333333";"9,4";"218"
"CAPESANTE";"02929";"2025-12-03 22:28:00";"-41,7008166667";"-58,1555";"9,4";"216"
"CAPESANTE";"02929";"2025-12-03 22:36:00";"-41,6258166667";"-58,0786333333";"9,0";"215"
"CAPESANTE";"02929";"2025-12-03 22:43:00";"-41,7313";"-58,1875166667";"9,4";"218"
"CAPESANTE";"02929";"2025-12-03 22:58:00";"-41,76185";"-58,2193";"9,2";"214"
"CAPESANTE";"02929";"2025-12-03 23:13:00";"-41,7926166667";"-58,2510333333";"8,3";"224"
"CAPESANTE";"02929";"2025-12-03 23:27:00";"-41,8473333333";"-58,308";"9,4";"219"
"CAPESANTE";"02929";"2025-12-03 23:28:00";"-41,8226";"-58,2823";"9,4";"218"
"CAPESANTE";"02929";"2025-12-03 23:36:00";"-41,7473166667";"-58,2042";"9,4";"217"
"CAPESANTE";"02929";"2025-12-03 23:43:00";"-41,85285";"-58,3140333333";"9,1";"219"
"CAPESANTE";"02929";"2025-12-03 23:58:00";"-41,8597166667";"-58,3386666667";"9,9";"8"
"CAPESANTE";"02929";"2025-12-04 00:13:00";"-41,8185333333";"-58,3286333333";"10,1";"10"
"CAPESANTE";"02929";"2025-12-04 00:27:00";"-41,742";"-58,3113333333";"10,2";"9"
"CAPESANTE";"02929";"2025-12-04 00:28:00";"-41,7752666667";"-58,31835";"10,5";"9"
"CAPESANTE";"02929";"2025-12-04 00:36:00";"-41,8694333333";"-58,3315166667";"9,3";"219"
"CAPESANTE";"02929";"2025-12-04 00:43:00";"-41,7351166667";"-58,3094833333";"10,0";"9"
"CAPESANTE";"02929";"2025-12-04 00:58:00";"-41,6940666667";"-58,3000666667";"10,2";"9"
"CAPESANTE";"02929";"2025-12-04 01:13:00";"-41,6525";"-58,2907166667";"10,2";"12"
"CAPESANTE";"02929";"2025-12-04 01:27:00";"-41,5753333333";"-58,2726666667";"10,4";"10"
"CAPESANTE";"02929";"2025-12-04 01:28:00";"-41,61065";"-58,2808166667";"10,1";"13"
"CAPESANTE";"02929";"2025-12-04 01:36:00";"-41,7112";"-58,30415";"10,0";"9"
"CAPESANTE";"02929";"2025-12-04 01:43:00";"-41,5685166667";"-58,2710166667";"9,8";"17"
"CAPESANTE";"02929";"2025-12-04 01:58:00";"-41,5263333333";"-58,2612333333";"9,7";"11"
"CAPESANTE";"02929";"2025-12-04 02:13:00";"-41,47965";"-58,2505833333";"10,5";"11"
"CAPESANTE";"02929";"2025-12-04 02:27:00";"-41,4053333333";"-58,2326666667";"10,4";"11"
"CAPESANTE";"02929";"2025-12-04 02:28:00";"-41,44145";"-58,2415666667";"10,3";"16"
"CAPESANTE";"02929";"2025-12-04 02:36:00";"-41,54535";"-58,2655833333";"10,1";"9"
"CAPESANTE";"02929";"2025-12-04 02:43:00";"-41,3990666667";"-58,2312166667";"10,3";"10"
"CAPESANTE";"02929";"2025-12-04 02:58:00";"-41,3573166667";"-58,22065";"10,2";"11"
"CAPESANTE";"02929";"2025-12-04 03:13:00";"-41,3160166667";"-58,2105333333";"10,2";"10"
"CAPESANTE";"02929";"2025-12-04 03:27:00";"-41,2393333333";"-58,192";"10,2";"10"
"CAPESANTE";"02929";"2025-12-04 03:28:00";"-41,2744666667";"-58,2006333333";"10,1";"11"
"CAPESANTE";"02929";"2025-12-04 03:36:00";"-41,3759333333";"-58,2253";"10,0";"9"
"CAPESANTE";"02929";"2025-12-04 03:43:00";"-41,2331333333";"-58,1902166667";"10,2";"9"
"CAPESANTE";"02929";"2025-12-04 03:58:00";"-41,1919333333";"-58,18005";"10,6";"11"
"CAPESANTE";"02929";"2025-12-04 04:13:00";"-41,15055";"-58,1700166667";"10,2";"9"
"CAPESANTE";"02929";"2025-12-04 04:27:00";"-41,0746666667";"-58,1506666667";"10,0";"11"
"CAPESANTE";"02929";"2025-12-04 04:28:00";"-41,1093166667";"-58,1593";"10,3";"10"
"CAPESANTE";"02929";"2025-12-04 04:36:00";"-41,20975";"-58,1844";"7,9";"6"
"CAPESANTE";"02929";"2025-12-04 04:43:00";"-41,0684333333";"-58,1489833333";"9,9";"8"
"CAPESANTE";"02929";"2025-12-04 04:58:00";"-41,02765";"-58,1391333333";"9,4";"8"
"CAPESANTE";"02929";"2025-12-04 05:13:00";"-40,9845166667";"-58,1285166667";"10,3";"10"
"CAPESANTE";"02929";"2025-12-04 05:27:00";"-40,91";"-58,11";"10,2";"11"
"CAPESANTE";"02929";"2025-12-04 05:28:00";"-40,94535";"-58,1188833333";"10,3";"9"
"CAPESANTE";"02929";"2025-12-04 05:36:00";"-41,0438666667";"-58,1430166667";"10,1";"9"
"CAPESANTE";"02929";"2025-12-04 05:43:00";"-40,9042333333";"-58,1089666667";"10,0";"10"
"CAPESANTE";"02929";"2025-12-04 05:58:00";"-40,8628666667";"-58,0990166667";"9,6";"9"
"CAPESANTE";"02929";"2025-12-04 06:13:00";"-40,8216";"-58,0887333333";"10,4";"9"
"CAPESANTE";"02929";"2025-12-04 06:27:00";"-40,7446666667";"-58,07";"10,0";"10"
"CAPESANTE";"02929";"2025-12-04 06:28:00";"-40,78035";"-58,07895";"9,8";"12"
"CAPESANTE";"02929";"2025-12-04 06:36:00";"-40,88055";"-58,1033166667";"10,2";"9"
"CAPESANTE";"02929";"2025-12-04 06:43:00";"-40,7396833333";"-58,06865";"10,4";"10"
"CAPESANTE";"02929";"2025-12-04 06:58:00";"-40,6988833333";"-58,0584166667";"10,7";"12"
"CAPESANTE";"02929";"2025-12-04 07:12:00";"-40,6577833333";"-58,049";"9,2";"6"
"CAPESANTE";"02929";"2025-12-04 07:27:00";"-40,6165833333";"-58,0391333333";"10,6";"10"
"CAPESANTE";"02929";"2025-12-04 07:36:00";"-40,7159666667";"-58,06285";"9,9";"10"
"CAPESANTE";"02929";"2025-12-04 07:42:00";"-40,5752666667";"-58,0289";"10,3";"10"
"CAPESANTE";"02929";"2025-12-04 07:57:00";"-40,5343";"-58,0187";"9,4";"9"
"CAPESANTE";"02929";"2025-12-04 08:12:00";"-40,4928666667";"-58,0087";"9,8";"11"
"CAPESANTE";"02929";"2025-12-04 08:27:00";"-40,4496666667";"-57,9981666667";"10,1";"10"
"CAPESANTE";"02929";"2025-12-04 08:36:00";"-40,551";"-58,0227333333";"9,8";"11"
"CAPESANTE";"02929";"2025-12-04 08:42:00";"-40,4108833333";"-57,9890333333";"9,9";"8"
"CAPESANTE";"02929";"2025-12-04 08:57:00";"-40,3697166667";"-57,9794";"10,1";"9"
"CAPESANTE";"02929";"2025-12-04 09:12:00";"-40,3288";"-57,97";"9,8";"13"
"CAPESANTE";"02929";"2025-12-04 09:27:00";"-40,2526666667";"-57,952";"9,8";"10"
"CAPESANTE";"02929";"2025-12-04 09:36:00";"-40,3849333333";"-57,98305";"9,6";"11"
"CAPESANTE";"02929";"2025-12-04 09:42:00";"-40,24805";"-57,9509666667";"9,8";"10"
"CAPESANTE";"02929";"2025-12-04 09:57:00";"-40,2082166667";"-57,9414333333";"10,1";"9"
"CAPESANTE";"02929";"2025-12-04 10:12:00";"-40,1682333333";"-57,9316166667";"10,0";"12"
"CAPESANTE";"02929";"2025-12-04 10:27:00";"-40,1268333333";"-57,9221666667";"10,0";"9"
"CAPESANTE";"02929";"2025-12-04 10:36:00";"-40,2242";"-57,94525";"9,9";"10"
"CAPESANTE";"02929";"2025-12-04 10:42:00";"-40,0882333333";"-57,9140666667";"9,9";"6"
"CAPESANTE";"02929";"2025-12-04 10:57:00";"-40,0484166667";"-57,9060666667";"9,8";"7"
"CAPESANTE";"02929";"2025-12-04 11:12:00";"-40,0086833333";"-57,8977833333";"9,6";"9"
"CAPESANTE";"02929";"2025-12-04 11:27:00";"-39,9687166667";"-57,8891666667";"10,1";"8"
"CAPESANTE";"02929";"2025-12-04 11:36:00";"-40,06415";"-57,9092166667";"10,1";"8"
"CAPESANTE";"02929";"2025-12-04 11:42:00";"-39,9286833333";"-57,8805166667";"9,6";"7"
"CAPESANTE";"02929";"2025-12-04 11:57:00";"-39,8884166667";"-57,8718833333";"9,7";"11"
"CAPESANTE";"02929";"2025-12-04 12:12:00";"-39,8483166667";"-57,86305";"9,8";"10"
"CAPESANTE";"02929";"2025-12-04 12:27:00";"-39,7713333333";"-57,8453333333";"9,8";"10"
"CAPESANTE";"02929";"2025-12-04 12:36:00";"-39,9032333333";"-57,8751";"9,6";"6"
"CAPESANTE";"02929";"2025-12-04 12:42:00";"-39,7681666667";"-57,8447833333";"9,6";"10"
"CAPESANTE";"02929";"2025-12-04 12:57:00";"-39,7282166667";"-57,8357333333";"9,8";"8"
"CAPESANTE";"02929";"2025-12-04 13:12:00";"-39,6883666667";"-57,82665";"9,7";"8"
"CAPESANTE";"02929";"2025-12-04 13:27:00";"-39,64845";"-57,8176";"9,9";"12"
"CAPESANTE";"02929";"2025-12-04 13:36:00";"-39,7419";"-57,8389166667";"9,5";"9"
"CAPESANTE";"02929";"2025-12-04 13:42:00";"-39,6088";"-57,8081833333";"9,9";"11"
"CAPESANTE";"02929";"2025-12-04 13:57:00";"-39,5693166667";"-57,7985166667";"9,3";"10"
"CAPESANTE";"02929";"2025-12-04 14:12:00";"-39,5297166667";"-57,78855";"10,2";"13"
"CAPESANTE";"02929";"2025-12-04 14:27:00";"-39,4903666667";"-57,7779666667";"9,4";"10"
"CAPESANTE";"02929";"2025-12-04 14:36:00";"-39,5840666667";"-57,8020333333";"9,4";"10"
"CAPESANTE";"02929";"2025-12-04 14:42:00";"-39,45105";"-57,7671";"9,4";"13"
"CAPESANTE";"02929";"2025-12-04 14:57:00";"-39,4112333333";"-57,7559166667";"9,1";"13"
"CAPESANTE";"02929";"2025-12-04 15:12:00";"-39,3710166667";"-57,7442166667";"9,4";"10"
"CAPESANTE";"02929";"2025-12-04 15:27:00";"-39,3304833333";"-57,7325833333";"9,9";"11"
"CAPESANTE";"02929";"2025-12-04 15:36:00";"-39,4257333333";"-57,7600333333";"9,5";"11"
"CAPESANTE";"02929";"2025-12-04 15:42:00";"-39,2917";"-57,7217833333";"11,0";"6"
"CAPESANTE";"02929";"2025-12-04 15:57:00";"-39,2509333333";"-57,71065";"9,6";"12"
"CAPESANTE";"02929";"2025-12-04 16:12:00";"-39,20975";"-57,7000166667";"10,5";"10"
"CAPESANTE";"02929";"2025-12-04 16:27:00";"-39,1663";"-57,6882666667";"10,1";"11"
"CAPESANTE";"02929";"2025-12-04 16:36:00";"-39,2657166667";"-57,7147333333";"10,1";"14"
"CAPESANTE";"02929";"2025-12-04 16:42:00";"-39,1263666667";"-57,67785";"6,3";"14"
"CAPESANTE";"02929";"2025-12-04 16:57:00";"-39,0842333333";"-57,66695";"10,5";"10"
"CAPESANTE";"02929";"2025-12-04 17:12:00";"-39,0420833333";"-57,6572166667";"10,2";"10"
"CAPESANTE";"02929";"2025-12-04 17:26:00";"-38,9989666667";"-57,6480166667";"10,1";"7"
"CAPESANTE";"02929";"2025-12-04 17:27:00";"-38,9606666667";"-57,64";"10,2";"10"
"CAPESANTE";"02929";"2025-12-04 17:36:00";"-39,0977833333";"-57,6703833333";"10,4";"11"
"CAPESANTE";"02929";"2025-12-04 17:41:00";"-38,9584833333";"-57,64";"10,0";"10"
"CAPESANTE";"02929";"2025-12-04 17:56:00";"-38,9167833333";"-57,6316833333";"9,5";"10"
"CAPESANTE";"02929";"2025-12-04 18:11:00";"-38,8751833333";"-57,6233166667";"9,9";"8"
"CAPESANTE";"02929";"2025-12-04 18:26:00";"-38,83375";"-57,61535";"10,0";"9"
"CAPESANTE";"02929";"2025-12-04 18:27:00";"-38,794";"-57,608";"10,2";"8"
"CAPESANTE";"02929";"2025-12-04 18:36:00";"-38,9311833333";"-57,6346833333";"10,1";"9"
"CAPESANTE";"02929";"2025-12-04 18:41:00";"-38,7925";"-57,6079";"9,8";"8"
"CAPESANTE";"02929";"2025-12-04 18:56:00";"-38,75155";"-57,60035";"10,1";"8"
"CAPESANTE";"02929";"2025-12-04 19:11:00";"-38,71015";"-57,5922166667";"9,8";"8"
"CAPESANTE";"02929";"2025-12-04 19:26:00";"-38,6686166667";"-57,5840166667";"10,1";"10"
"CAPESANTE";"02929";"2025-12-04 19:27:00";"-38,6286666667";"-57,576";"9,8";"10"
"CAPESANTE";"02929";"2025-12-04 19:36:00";"-38,7656166667";"-57,6030333333";"9,1";"6"
"CAPESANTE";"02929";"2025-12-04 19:41:00";"-38,6276166667";"-57,57555";"9,4";"11"
"CAPESANTE";"02929";"2025-12-04 19:56:00";"-38,5867";"-57,5671166667";"9,9";"9"
"CAPESANTE";"02929";"2025-12-04 20:11:00";"-38,54405";"-57,5581166667";"10,4";"9"
"CAPESANTE";"02929";"2025-12-04 20:26:00";"-38,50455";"-57,5491166667";"10,0";"12"
"CAPESANTE";"02929";"2025-12-04 20:27:00";"-38,4646666667";"-57,5393333333";"10,2";"11"
"CAPESANTE";"02929";"2025-12-04 20:36:00";"-38,6";"-57,5698";"10,2";"10"
"CAPESANTE";"02929";"2025-12-04 20:41:00";"-38,4636333333";"-57,5389";"10,4";"12"
"CAPESANTE";"02929";"2025-12-04 20:56:00";"-38,4224";"-57,5283333333";"10,1";"9"
"CAPESANTE";"02929";"2025-12-04 21:11:00";"-38,38105";"-57,5177833333";"10,8";"12"
"CAPESANTE";"02929";"2025-12-04 21:26:00";"-38,3401333333";"-57,5070333333";"10,0";"10"
"CAPESANTE";"02929";"2025-12-04 21:27:00";"-38,3";"-57,4966666667";"10,0";"10"
"CAPESANTE";"02929";"2025-12-04 21:36:00";"-38,4344333333";"-57,5313666667";"10,1";"12"
"CAPESANTE";"02929";"2025-12-04 21:41:00";"-38,2993";"-57,4963333333";"10,0";"11"
"CAPESANTE";"02929";"2025-12-04 21:56:00";"-38,2583833333";"-57,4854166667";"9,8";"11"
"CAPESANTE";"02929";"2025-12-04 22:11:00";"-38,2171166667";"-57,4745";"10,0";"11"
"CAPESANTE";"02929";"2025-12-04 22:26:00";"-38,1744";"-57,4646833333";"10,4";"8"
"CAPESANTE";"02929";"2025-12-04 22:27:00";"-38,134";"-57,4593333333";"10,4";"2"
"CAPESANTE";"02929";"2025-12-04 22:36:00";"-38,2715";"-57,4889666667";"10,3";"12"
"CAPESANTE";"02929";"2025-12-04 22:41:00";"-38,1333";"-57,4595333333";"10,3";"0"
"CAPESANTE";"02929";"2025-12-04 22:56:00";"-38,0909333333";"-57,4626666667";"10,1";"352"
"CAPESANTE";"02929";"2025-12-04 23:11:00";"-38,0505833333";"-57,4765333333";"10,0";"337"
"CAPESANTE";"02929";"2025-12-04 23:26:00";"-38,0288833333";"-57,4843333333";"7,9";"139"
"CAPESANTE";"02929";"2025-12-04 23:27:00";"-38,06";"-57,4653333333";"9,0";"158"
"CAPESANTE";"02929";"2025-12-04 23:36:00";"-38,1041833333";"-57,4606833333";"10,1";"355"
"CAPESANTE";"02929";"2025-12-04 23:41:00";"-38,0605666667";"-57,4651666667";"9,0";"157"
"CAPESANTE";"02929";"2025-12-04 23:56:00";"-38,0968166667";"-57,4538833333";"8,8";"172"
"CAPESANTE";"02929";"2025-12-05 00:11:00";"-38,1336833333";"-57,4486166667";"8,9";"192"
"CAPESANTE";"02929";"2025-12-05 00:26:00";"-38,1692666667";"-57,4614";"9,0";"194"
"CAPESANTE";"02929";"2025-12-05 00:27:00";"-38,2053333333";"-57,474";"9,0";"195"
"CAPESANTE";"02929";"2025-12-05 00:36:00";"-38,08645";"-57,4561";"8,9";"169"
"CAPESANTE";"02929";"2025-12-05 00:41:00";"-38,2051";"-57,4742833333";"9,0";"195"
"CAPESANTE";"02929";"2025-12-05 00:56:00";"-38,2408833333";"-57,4872666667";"8,8";"195"
"CAPESANTE";"02929";"2025-12-05 01:11:00";"-38,2767833333";"-57,5003833333";"9,1";"197"
"CAPESANTE";"02929";"2025-12-05 01:26:00";"-38,31255";"-57,5139166667";"8,7";"199"
"CAPESANTE";"02929";"2025-12-05 01:27:00";"-38,348";"-57,5273333333";"8,6";"200"
"CAPESANTE";"02929";"2025-12-05 01:36:00";"-38,23145";"-57,4838";"8,8";"195"
"CAPESANTE";"02929";"2025-12-05 01:41:00";"-38,3477";"-57,5273833333";"8,7";"198"
"CAPESANTE";"02929";"2025-12-05 01:56:00";"-38,3813333333";"-57,54185";"9,2";"197"
"CAPESANTE";"02929";"2025-12-05 02:11:00";"-38,4168166667";"-57,55685";"8,7";"196"
"CAPESANTE";"02929";"2025-12-05 02:26:00";"-38,4491166667";"-57,5705333333";"8,9";"197"
"CAPESANTE";"02929";"2025-12-05 02:27:00";"-38,4826666667";"-57,5853333333";"8,6";"200"
"CAPESANTE";"02929";"2025-12-05 02:36:00";"-38,3713833333";"-57,5374";"9,0";"200"
"CAPESANTE";"02929";"2025-12-05 02:41:00";"-38,4824";"-57,58535";"8,4";"198"
"CAPESANTE";"02929";"2025-12-05 02:56:00";"-38,51615";"-57,5996666667";"9,5";"196"
"CAPESANTE";"02929";"2025-12-05 03:11:00";"-38,5499333333";"-57,6133666667";"8,5";"198"
"CAPESANTE";"02929";"2025-12-05 03:25:00";"-38,58405";"-57,6276";"8,8";"199"
"CAPESANTE";"02929";"2025-12-05 03:29:00";"-38,6186666667";"-57,642";"8,8";"199"
"CAPESANTE";"02929";"2025-12-05 03:36:00";"-38,5063166667";"-57,5956666667";"8,6";"200"
"CAPESANTE";"02929";"2025-12-05 03:40:00";"-38,6182833333";"-57,6418666667";"8,5";"200"
"CAPESANTE";"02929";"2025-12-05 03:55:00";"-38,6526833333";"-57,6561833333";"8,5";"199"
"CAPESANTE";"02929";"2025-12-05 04:10:00";"-38,6867166667";"-57,6702";"8,8";"195"
"CAPESANTE";"02929";"2025-12-05 04:25:00";"-38,7214666667";"-57,6844333333";"8,4";"197"
"CAPESANTE";"02929";"2025-12-05 04:27:00";"-38,7553333333";"-57,6986666667";"8,8";"199"
"CAPESANTE";"02929";"2025-12-05 04:36:00";"-38,6441833333";"-57,65265";"8,8";"197"
"CAPESANTE";"02929";"2025-12-05 04:40:00";"-38,7545166667";"-57,6982333333";"9,0";"198"
"CAPESANTE";"02929";"2025-12-05 04:55:00";"-38,7891333333";"-57,7132166667";"9,6";"200"
"CAPESANTE";"02929";"2025-12-05 05:10:00";"-38,8243333333";"-57,7273666667";"9,1";"200"
"CAPESANTE";"02929";"2025-12-05 05:25:00";"-38,8599";"-57,7421";"7,4";"195"
"CAPESANTE";"02929";"2025-12-05 05:27:00";"-38,8966666667";"-57,7573333333";"9,2";"198"
"CAPESANTE";"02929";"2025-12-05 05:36:00";"-38,7808666667";"-57,7097";"9,3";"201"
"CAPESANTE";"02929";"2025-12-05 05:40:00";"-38,8954333333";"-57,75675";"9,0";"197"
"CAPESANTE";"02929";"2025-12-05 05:55:00";"-38,9313666667";"-57,7717833333";"9,9";"195"
"CAPESANTE";"02929";"2025-12-05 06:10:00";"-38,9679166667";"-57,7868";"9,2";"197"
"CAPESANTE";"02929";"2025-12-05 06:25:00";"-39,0047166667";"-57,8022333333";"9,2";"196"
"CAPESANTE";"02929";"2025-12-05 06:36:00";"-38,9217333333";"-57,7676";"9,3";"200"
"CAPESANTE";"02929";"2025-12-05 06:40:00";"-39,0403";"-57,81645";"9,7";"196"
"CAPESANTE";"02929";"2025-12-05 06:55:00";"-39,077";"-57,8313666667";"9,6";"197"
"CAPESANTE";"02929";"2025-12-05 07:10:00";"-39,1141666667";"-57,8458666667";"10,3";"197"
"CAPESANTE";"02929";"2025-12-05 07:25:00";"-39,1514";"-57,86035";"9,4";"197"
"CAPESANTE";"02929";"2025-12-05 07:27:00";"-39,1906666667";"-57,8753333333";"9,4";"198"
"CAPESANTE";"02929";"2025-12-05 07:36:00";"-39,0675";"-57,8274666667";"8,3";"198"
"CAPESANTE";"02929";"2025-12-05 07:40:00";"-39,1888";"-57,8748166667";"9,7";"194"
"CAPESANTE";"02929";"2025-12-05 07:55:00";"-39,2261333333";"-57,8896166667";"7,3";"197"
"CAPESANTE";"02929";"2025-12-05 08:10:00";"-39,2640166667";"-57,9042166667";"10,0";"188"
"CAPESANTE";"02929";"2025-12-05 08:25:00";"-39,3020666667";"-57,9179166667";"9,5";"197"
"CAPESANTE";"02929";"2025-12-05 08:27:00";"-39,3406666667";"-57,9326666667";"9,4";"197"
"CAPESANTE";"02929";"2025-12-05 08:36:00";"-39,2169";"-57,88615";"9,1";"199"
"CAPESANTE";"02929";"2025-12-05 08:40:00";"-39,3386333333";"-57,93195";"10,0";"199"
"CAPESANTE";"02929";"2025-12-05 08:55:00";"-39,37635";"-57,9465";"9,9";"199"
"CAPESANTE";"02929";"2025-12-05 09:10:00";"-39,41425";"-57,96125";"9,3";"196"
"CAPESANTE";"02929";"2025-12-05 09:25:00";"-39,4520166667";"-57,9762";"9,7";"208"
"CAPESANTE";"02929";"2025-12-05 09:27:00";"-39,4926666667";"-57,992";"9,6";"197"
"CAPESANTE";"02929";"2025-12-05 09:36:00";"-39,3686666667";"-57,9434833333";"9,2";"192"
"CAPESANTE";"02929";"2025-12-05 09:40:00";"-39,4903333333";"-57,9911333333";"9,4";"196"
"CAPESANTE";"02929";"2025-12-05 09:55:00";"-39,5287666667";"-58,0059166667";"9,6";"193"
"CAPESANTE";"02929";"2025-12-05 10:10:00";"-39,5678";"-58,0210166667";"10,1";"195"
"CAPESANTE";"02929";"2025-12-05 10:25:00";"-39,6092333333";"-58,0365333333";"9,6";"196"
"CAPESANTE";"02929";"2025-12-05 10:27:00";"-39,6486666667";"-58,0506666667";"9,8";"195"
"CAPESANTE";"02929";"2025-12-05 10:36:00";"-39,5193833333";"-58,0021833333";"9,8";"194"
"CAPESANTE";"02929";"2025-12-05 10:40:00";"-39,64865";"-58,0508833333";"9,6";"193"
"CAPESANTE";"02929";"2025-12-05 10:55:00";"-39,6856333333";"-58,0643666667";"9,8";"197"
"CAPESANTE";"02929";"2025-12-05 11:10:00";"-39,7251333333";"-58,0790666667";"9,9";"194"
"CAPESANTE";"02929";"2025-12-05 11:25:00";"-39,7646166667";"-58,0937";"10,0";"195"
"CAPESANTE";"02929";"2025-12-05 11:27:00";"-39,8066666667";"-58,11";"10,0";"197"
"CAPESANTE";"02929";"2025-12-05 11:36:00";"-39,6762333333";"-58,061";"9,9";"194"
"CAPESANTE";"02929";"2025-12-05 11:40:00";"-39,8040666667";"-58,1091666667";"12,4";"189"
"CAPESANTE";"02929";"2025-12-05 11:55:00";"-39,8437";"-58,12445";"10,2";"197"
"CAPESANTE";"02929";"2025-12-05 12:10:00";"-39,8838";"-58,1398";"10,2";"195"
"CAPESANTE";"02929";"2025-12-05 12:25:00";"-39,9233666667";"-58,1550666667";"9,9";"197"
"CAPESANTE";"02929";"2025-12-05 12:27:00";"-39,966";"-58,1706666667";"9,8";"196"
"CAPESANTE";"02929";"2025-12-05 12:36:00";"-39,8347166667";"-58,1210166667";"10,0";"195"
"CAPESANTE";"02929";"2025-12-05 12:40:00";"-39,9625";"-58,1697166667";"9,8";"194"
"CAPESANTE";"02929";"2025-12-05 12:55:00";"-40,0015833333";"-58,1842666667";"9,7";"197"
"CAPESANTE";"02929";"2025-12-05 13:10:00";"-40,04055";"-58,1987833333";"10,2";"196"
"CAPESANTE";"02929";"2025-12-05 13:25:00";"-40,0797166667";"-58,2129166667";"9,9";"195"
"CAPESANTE";"02929";"2025-12-05 13:27:00";"-40,122";"-58,23";"9,8";"198"
"CAPESANTE";"02929";"2025-12-05 13:36:00";"-39,9946";"-58,1815666667";"9,9";"196"
"CAPESANTE";"02929";"2025-12-05 13:39:00";"-40,1186166667";"-58,2287166667";"9,5";"196"
"CAPESANTE";"02929";"2025-12-05 13:54:00";"-40,1579833333";"-58,2454";"9,7";"197"
"CAPESANTE";"02929";"2025-12-05 14:09:00";"-40,19495";"-58,26145";"9,8";"197"
"CAPESANTE";"02929";"2025-12-05 14:24:00";"-40,2329333333";"-58,2782333333";"9,6";"196"
"CAPESANTE";"02929";"2025-12-05 14:27:00";"-40,2746666667";"-58,296";"9,6";"199"
"CAPESANTE";"02929";"2025-12-05 14:36:00";"-40,14855";"-58,24145";"9,8";"199"
"CAPESANTE";"02929";"2025-12-05 14:39:00";"-40,2710166667";"-58,2943166667";"9,6";"198"
"CAPESANTE";"02929";"2025-12-05 14:54:00";"-40,3103";"-58,3113166667";"9,6";"197"
"CAPESANTE";"02929";"2025-12-05 15:09:00";"-40,3465";"-58,3271";"9,6";"199"
"CAPESANTE";"02929";"2025-12-05 15:24:00";"-40,3837166667";"-58,3435333333";"9,3";"200"
"CAPESANTE";"02929";"2025-12-05 15:27:00";"-40,424";"-58,3606666667";"9,4";"197"
"CAPESANTE";"02929";"2025-12-05 15:36:00";"-40,3008666667";"-58,3072";"9,6";"197"
"CAPESANTE";"02929";"2025-12-05 15:39:00";"-40,42035";"-58,3592";"9,4";"196"
"CAPESANTE";"02929";"2025-12-05 15:54:00";"-40,4574333333";"-58,3739166667";"9,1";"195"
"CAPESANTE";"02929";"2025-12-05 16:09:00";"-40,4953833333";"-58,3896666667";"9,2";"197"
"CAPESANTE";"02929";"2025-12-05 16:24:00";"-40,53065";"-58,4048";"9,3";"198"
"CAPESANTE";"02929";"2025-12-05 16:27:00";"-40,5713333333";"-58,4213333333";"9,2";"197"
"CAPESANTE";"02929";"2025-12-05 16:36:00";"-40,4507166667";"-58,3711333333";"9,2";"196"
"CAPESANTE";"02929";"2025-12-05 16:39:00";"-40,5674666667";"-58,4196666667";"9,4";"197"
"CAPESANTE";"02929";"2025-12-05 16:54:00";"-40,6044";"-58,4343333333";"9,4";"197"
"CAPESANTE";"02929";"2025-12-05 17:09:00";"-40,6414";"-58,4497333333";"9,4";"197"
"CAPESANTE";"02929";"2025-12-05 17:24:00";"-40,6776333333";"-58,4652333333";"9,2";"201"
"CAPESANTE";"02929";"2025-12-05 17:27:00";"-40,718";"-58,4826666667";"9,2";"199"
"CAPESANTE";"02929";"2025-12-05 17:36:00";"-40,5986333333";"-58,43195";"9,3";"196"
"CAPESANTE";"02929";"2025-12-05 17:39:00";"-40,7141666667";"-58,4808166667";"9,2";"198"
"CAPESANTE";"02929";"2025-12-05 17:54:00";"-40,75065";"-58,4969666667";"9,4";"196"
"CAPESANTE";"02929";"2025-12-05 18:09:00";"-40,7875166667";"-58,5136333333";"9,2";"199"
"CAPESANTE";"02929";"2025-12-05 18:24:00";"-40,8234";"-58,53";"9,2";"198"
"CAPESANTE";"02929";"2025-12-05 18:27:00";"-40,8646666667";"-58,5493333333";"9,4";"199"
"CAPESANTE";"02929";"2025-12-05 18:36:00";"-40,7433333333";"-58,4935833333";"9,1";"197"
"CAPESANTE";"02929";"2025-12-05 18:39:00";"-40,8600166667";"-58,5472666667";"9,5";"199"
"CAPESANTE";"02929";"2025-12-05 18:54:00";"-40,8966833333";"-58,5642833333";"9,5";"199"
"CAPESANTE";"02929";"2025-12-05 19:09:00";"-40,93365";"-58,5813166667";"9,6";"195"
"CAPESANTE";"02929";"2025-12-05 19:24:00";"-40,9711166667";"-58,59895";"9,6";"199"
"CAPESANTE";"02929";"2025-12-05 19:27:00";"-41,0133333333";"-58,6193333333";"9,6";"202"
"CAPESANTE";"02929";"2025-12-05 19:36:00";"-40,89005";"-58,5613";"9,6";"201"
"CAPESANTE";"02929";"2025-12-05 19:39:00";"-41,0087333333";"-58,6171666667";"9,5";"202"
"CAPESANTE";"02929";"2025-12-05 19:54:00";"-41,0460666667";"-58,6362166667";"9,5";"201"
"CAPESANTE";"02929";"2025-12-05 20:09:00";"-41,0834666667";"-58,6545";"9,5";"198"
"CAPESANTE";"02929";"2025-12-05 20:24:00";"-41,1222";"-58,6726166667";"9,6";"197"
"CAPESANTE";"02929";"2025-12-05 20:27:00";"-41,164";"-58,692";"9,8";"199"
"CAPESANTE";"02929";"2025-12-05 20:36:00";"-41,0395333333";"-58,6327666667";"9,5";"202"
"CAPESANTE";"02929";"2025-12-05 20:39:00";"-41,1590666667";"-58,68985";"9,8";"200"
"CAPESANTE";"02929";"2025-12-05 20:54:00";"-41,1971833333";"-58,70775";"9,7";"200"
"CAPESANTE";"02929";"2025-12-05 21:09:00";"-41,2357166667";"-58,7254166667";"10,1";"199"
"CAPESANTE";"02929";"2025-12-05 21:24:00";"-41,2747166667";"-58,7430166667";"10,0";"198"
"CAPESANTE";"02929";"2025-12-05 21:27:00";"-41,32";"-58,7633333333";"10,0";"199"
"CAPESANTE";"02929";"2025-12-05 21:36:00";"-41,1934833333";"-58,7059166667";"9,7";"199"
"CAPESANTE";"02929";"2025-12-05 21:39:00";"-41,3141666667";"-58,7605833333";"10,2";"198"
"CAPESANTE";"02929";"2025-12-05 21:54:00";"-41,3536";"-58,7777333333";"9,7";"198"
"CAPESANTE";"02929";"2025-12-05 22:09:00";"-41,3935333333";"-58,7950833333";"9,9";"198"
"CAPESANTE";"02929";"2025-12-05 22:24:00";"-41,43305";"-58,81175";"9,8";"196"
"CAPESANTE";"02929";"2025-12-05 22:27:00";"-41,4766666667";"-58,8293333333";"9,8";"196"
"CAPESANTE";"02929";"2025-12-05 22:36:00";"-41,34715";"-58,7749666667";"10,4";"197"
"CAPESANTE";"02929";"2025-12-05 22:39:00";"-41,4735833333";"-58,8283833333";"9,8";"195"
"CAPESANTE";"02929";"2025-12-05 22:54:00";"-41,5111666667";"-58,84345";"10,1";"196"
"CAPESANTE";"02929";"2025-12-05 23:09:00";"-41,5503333333";"-58,8592666667";"10,0";"195"
"CAPESANTE";"02929";"2025-12-05 23:24:00";"-41,5889666667";"-58,8743666667";"9,3";"195"
"CAPESANTE";"02929";"2025-12-05 23:36:00";"-41,5048833333";"-58,8408666667";"9,7";"194"
"CAPESANTE";"02929";"2025-12-05 23:38:00";"-41,6271833333";"-58,8889333333";"9,6";"196"
"CAPESANTE";"02929";"2025-12-05 23:53:00";"-41,6654";"-58,90325";"9,6";"195"
"CAPESANTE";"02929";"2025-12-06 00:08:00";"-41,7030166667";"-58,9169";"9,5";"194"
"CAPESANTE";"02929";"2025-12-06 00:23:00";"-41,7408333333";"-58,9292833333";"9,6";"194"
"CAPESANTE";"02929";"2025-12-06 00:27:00";"-41,7833333333";"-58,9433333333";"9,2";"195"
"CAPESANTE";"02929";"2025-12-06 00:36:00";"-41,6599166667";"-58,9013166667";"9,4";"195"
"CAPESANTE";"02929";"2025-12-06 00:38:00";"-41,7789";"-58,94165";"9,3";"194"
"CAPESANTE";"02929";"2025-12-06 00:53:00";"-41,8154833333";"-58,9553666667";"9,0";"194"
"CAPESANTE";"02929";"2025-12-06 01:08:00";"-41,8513333333";"-58,9688666667";"8,7";"194"
"CAPESANTE";"02929";"2025-12-06 01:23:00";"-41,8886";"-58,9832";"8,8";"196"
"CAPESANTE";"02929";"2025-12-06 01:27:00";"-41,928";"-58,9986666667";"9,0";"197"
"CAPESANTE";"02929";"2025-12-06 01:36:00";"-41,81115";"-58,95355";"8,8";"197"
"CAPESANTE";"02929";"2025-12-06 01:38:00";"-41,9228333333";"-58,99675";"8,9";"197"
"CAPESANTE";"02929";"2025-12-06 01:53:00";"-41,9582666667";"-59,0111333333";"8,8";"196"
"CAPESANTE";"02929";"2025-12-06 02:08:00";"-41,9933833333";"-59,0255333333";"8,8";"195"
"CAPESANTE";"02929";"2025-12-06 02:23:00";"-42,02855";"-59,0381666667";"8,8";"193"
"CAPESANTE";"02929";"2025-12-06 02:27:00";"-42,0686666667";"-59,0526666667";"8,8";"196"
"CAPESANTE";"02929";"2025-12-06 02:36:00";"-41,9533166667";"-59,0090333333";"9,0";"196"
"CAPESANTE";"02929";"2025-12-06 02:38:00";"-42,06335";"-59,05065";"8,2";"200"
"CAPESANTE";"02929";"2025-12-06 02:53:00";"-42,09785";"-59,0637833333";"8,2";"193"
"CAPESANTE";"02929";"2025-12-06 03:08:00";"-42,1312666667";"-59,0751666667";"8,2";"192"
"CAPESANTE";"02929";"2025-12-06 03:23:00";"-42,1595333333";"-59,0838833333";"4,9";"190"
"CAPESANTE";"02929";"2025-12-06 03:27:00";"-42,168";"-59,1026666667";"2,0";"287"
"CAPESANTE";"02929";"2025-12-06 03:36:00";"-42,0933666667";"-59,06215";"8,3";"195"
"CAPESANTE";"02929";"2025-12-06 03:38:00";"-42,1679166667";"-59,1007666667";"4,1";"267"
"CAPESANTE";"02929";"2025-12-06 03:53:00";"-42,1655833333";"-59,0971666667";"5,6";"91"
"CAPESANTE";"02929";"2025-12-06 04:08:00";"-42,1633166667";"-59,0792333333";"3,2";"252"
"CAPESANTE";"02929";"2025-12-06 04:23:00";"-42,1653666667";"-59,0922";"4,7";"267"
"CAPESANTE";"02929";"2025-12-06 04:27:00";"-42,1713333333";"-59,1";"4,6";"91"
"CAPESANTE";"02929";"2025-12-06 04:36:00";"-42,16545";"-59,09985";"5,7";"94"
"CAPESANTE";"02929";"2025-12-06 04:38:00";"-42,1713333333";"-59,1049833333";"6,1";"92"
"CAPESANTE";"02929";"2025-12-06 04:53:00";"-42,16925";"-59,0888833333";"6,3";"224"
"CAPESANTE";"02929";"2025-12-06 05:08:00";"-42,1770166667";"-59,1028833333";"2,8";"220"
"CAPESANTE";"02929";"2025-12-06 05:23:00";"-42,177";"-59,1018666667";"2,6";"89"
"CAPESANTE";"02929";"2025-12-06 05:27:00";"-42,1726666667";"-59,102";"2,0";"231"
"CAPESANTE";"02929";"2025-12-06 05:36:00";"-42,16895";"-59,08625";"4,4";"336"
"CAPESANTE";"02929";"2025-12-06 05:38:00";"-42,1732833333";"-59,1001";"3,2";"334"
"CAPESANTE";"02929";"2025-12-06 05:53:00";"-42,1726833333";"-59,1047";"2,9";"255"
"CAPESANTE";"02929";"2025-12-06 06:08:00";"-42,1758833333";"-59,1188166667";"3,3";"278"
"CAPESANTE";"02929";"2025-12-06 06:23:00";"-42,1747";"-59,10435";"5,9";"89"
"CAPESANTE";"02929";"2025-12-06 06:27:00";"-42,1746666667";"-59,0986666667";"4,8";"270"
"CAPESANTE";"02929";"2025-12-06 06:36:00";"-42,1725";"-59,1030666667";"2,2";"259"
"CAPESANTE";"02929";"2025-12-06 06:38:00";"-42,1746";"-59,0939166667";"5,8";"271"
"CAPESANTE";"02929";"2025-12-06 06:53:00";"-42,1742333333";"-59,1053";"5,2";"78"
"CAPESANTE";"02929";"2025-12-06 07:08:00";"-42,1739333333";"-59,09665";"5,6";"269"
"CAPESANTE";"02929";"2025-12-06 07:23:00";"-42,1735666667";"-59,1046";"6,0";"87"
"CAPESANTE";"02929";"2025-12-06 07:27:00";"-42,1733333333";"-59,1006666667";"4,6";"270"
"CAPESANTE";"02929";"2025-12-06 07:36:00";"-42,1743666667";"-59,1075333333";"5,4";"80"
"CAPESANTE";"02929";"2025-12-06 07:38:00";"-42,1733";"-59,0954833333";"6,4";"272"
"CAPESANTE";"02929";"2025-12-06 07:53:00";"-42,1729833333";"-59,10515";"6,2";"97"
"CAPESANTE";"02929";"2025-12-06 08:08:00";"-42,1727833333";"-59,0952";"5,8";"269"
"CAPESANTE";"02929";"2025-12-06 08:23:00";"-42,1724833333";"-59,1061833333";"5,7";"93"
"CAPESANTE";"02929";"2025-12-06 08:27:00";"-42,172";"-59,0993333333";"4,6";"269"
"CAPESANTE";"02929";"2025-12-06 08:36:00";"-42,1728333333";"-59,10845";"5,8";"94"
"CAPESANTE";"02929";"2025-12-06 08:38:00";"-42,1721333333";"-59,0936333333";"5,8";"268"
"CAPESANTE";"02929";"2025-12-06 08:53:00";"-42,1717833333";"-59,1070833333";"6,7";"92"
"CAPESANTE";"02929";"2025-12-06 09:08:00";"-42,1716833333";"-59,0915833333";"5,9";"271"
"CAPESANTE";"02929";"2025-12-06 09:23:00";"-42,1710333333";"-59,10645";"6,0";"92"
"CAPESANTE";"02929";"2025-12-06 09:27:00";"-42,1706666667";"-59,0986666667";"4,6";"271"
"CAPESANTE";"02929";"2025-12-06 09:36:00";"-42,1715833333";"-59,1097166667";"4,4";"91"
"CAPESANTE";"02929";"2025-12-06 09:38:00";"-42,1709333333";"-59,0923833333";"6,6";"270"
"CAPESANTE";"02929";"2025-12-06 09:52:00";"-42,1695333333";"-59,11095";"2,2";"266"
"CAPESANTE";"02929";"2025-12-06 10:07:00";"-42,1719666667";"-59,09245";"3,2";"94"
"CAPESANTE";"02929";"2025-12-06 10:22:00";"-42,1723";"-59,0763333333";"1,3";"86"
"CAPESANTE";"02929";"2025-12-06 10:36:00";"-42,16955";"-59,1101333333";"2,6";"300"
"CAPESANTE";"02929";"2025-12-06 10:37:00";"-42,1737";"-59,0777166667";"2,8";"264"
"CAPESANTE";"02929";"2025-12-06 10:52:00";"-42,1748333333";"-59,0745";"1,7";"94"
"CAPESANTE";"02929";"2025-12-06 11:07:00";"-42,1737833333";"-59,0826";"3,0";"298"
"CAPESANTE";"02929";"2025-12-06 11:22:00";"-42,17365";"-59,0798";"2,5";"259"
"CAPESANTE";"02929";"2025-12-06 11:27:00";"-42,174";"-59,1";"1,6";"263"
"CAPESANTE";"02929";"2025-12-06 11:36:00";"-42,1748333333";"-59,0748666667";"1,4";"96"
"CAPESANTE";"02929";"2025-12-06 11:37:00";"-42,1736";"-59,09595";"4,9";"269"
"CAPESANTE";"02929";"2025-12-06 11:52:00";"-42,1733333333";"-59,0933";"4,1";"91"
"CAPESANTE";"02929";"2025-12-06 12:07:00";"-42,1734166667";"-59,0791166667";"4,3";"263"
"CAPESANTE";"02929";"2025-12-06 12:22:00";"-42,1735666667";"-59,10395";"3,1";"321"
"CAPESANTE";"02929";"2025-12-06 12:27:00";"-42,1726666667";"-59,0873333333";"6,2";"270"
"CAPESANTE";"02929";"2025-12-06 12:36:00";"-42,1733333333";"-59,09505";"4,8";"89"
"CAPESANTE";"02929";"2025-12-06 12:37:00";"-42,1728166667";"-59,08285";"3,8";"51"
"CAPESANTE";"02929";"2025-12-06 12:52:00";"-42,1730166667";"-59,1044333333";"3,1";"321"
"CAPESANTE";"02929";"2025-12-06 13:07:00";"-42,1724333333";"-59,0828166667";"3,2";"36"
"CAPESANTE";"02929";"2025-12-06 13:22:00";"-42,1723666667";"-59,103";"2,3";"24"
"CAPESANTE";"02929";"2025-12-06 13:27:00";"-42,1713333333";"-59,0893333333";"4,6";"270"
"CAPESANTE";"02929";"2025-12-06 13:36:00";"-42,1735833333";"-59,1036333333";"5,0";"269"
"CAPESANTE";"02929";"2025-12-06 13:37:00";"-42,1711166667";"-59,0824";"3,3";"259"
"CAPESANTE";"02929";"2025-12-06 13:52:00";"-42,1711333333";"-59,10025";"4,9";"82"
"CAPESANTE";"02929";"2025-12-06 14:07:00";"-42,1711166667";"-59,0801833333";"3,1";"264"
"CAPESANTE";"02929";"2025-12-06 14:22:00";"-42,1714333333";"-59,10235";"4,9";"283"
"CAPESANTE";"02929";"2025-12-06 14:27:00";"-42,17";"-59,0873333333";"5,8";"273"
"CAPESANTE";"02929";"2025-12-06 14:36:00";"-42,1713";"-59,1017";"3,5";"73"
"CAPESANTE";"02929";"2025-12-06 14:37:00";"-42,1706";"-59,0815666667";"2,8";"19"
"CAPESANTE";"02929";"2025-12-06 14:52:00";"-42,17075";"-59,1041833333";"6,3";"283"
"CAPESANTE";"02929";"2025-12-06 15:07:00";"-42,1704333333";"-59,0849333333";"4,1";"102"
"CAPESANTE";"02929";"2025-12-06 15:22:00";"-42,1698666667";"-59,0998166667";"1,7";"235"
"CAPESANTE";"02929";"2025-12-06 15:27:00";"-42,17";"-59,0826666667";"5,4";"87"
"CAPESANTE";"02929";"2025-12-06 15:36:00";"-42,1712333333";"-59,1012";"2,8";"281"
"CAPESANTE";"02929";"2025-12-06 15:37:00";"-42,1692166667";"-59,0866333333";"1,3";"103"
"CAPESANTE";"02929";"2025-12-06 15:52:00";"-42,16885";"-59,0971333333";"4,1";"265"
"CAPESANTE";"02929";"2025-12-06 16:07:00";"-42,1686333333";"-59,0938833333";"4,9";"89"
"CAPESANTE";"02929";"2025-12-06 16:22:00";"-42,1682833333";"-59,0901";"3,9";"268"
"CAPESANTE";"02929";"2025-12-06 16:27:00";"-42,1673333333";"-59,096";"4,8";"90"
"CAPESANTE";"02929";"2025-12-06 16:36:00";"-42,1689666667";"-59,0962666667";"4,1";"270"
"CAPESANTE";"02929";"2025-12-06 16:37:00";"-42,1675";"-59,1042833333";"6,2";"86"
"CAPESANTE";"02929";"2025-12-06 16:52:00";"-42,1672";"-59,0902";"4,4";"272"
"CAPESANTE";"02929";"2025-12-06 17:07:00";"-42,1668";"-59,10185";"6,7";"91"
"CAPESANTE";"02929";"2025-12-06 17:22:00";"-42,1661";"-59,0848";"6,2";"260"
"CAPESANTE";"02929";"2025-12-06 17:27:00";"-42,166";"-59,1";"6,8";"92"
"CAPESANTE";"02929";"2025-12-06 17:36:00";"-42,1672666667";"-59,09015";"4,6";"273"
"CAPESANTE";"02929";"2025-12-06 17:37:00";"-42,1670833333";"-59,1054833333";"5,2";"304"
"CAPESANTE";"02929";"2025-12-06 17:52:00";"-42,1671333333";"-59,08455";"6,0";"287"
"CAPESANTE";"02929";"2025-12-06 18:07:00";"-42,1645666667";"-59,1060166667";"5,2";"16"
"CAPESANTE";"02929";"2025-12-06 18:22:00";"-42,1630333333";"-59,0796";"3,6";"13"
"CAPESANTE";"02929";"2025-12-06 18:36:00";"-42,1673";"-59,0836666667";"4,4";"270"
"CAPESANTE";"02929";"2025-12-06 18:37:00";"-42,1644333333";"-59,0978833333";"3,4";"250"
"CAPESANTE";"02929";"2025-12-06 18:52:00";"-42,1637666667";"-59,0844833333";"2,8";"88"
"CAPESANTE";"02929";"2025-12-06 19:07:00";"-42,1631";"-59,0968166667";"0,9";"280"
"CAPESANTE";"02929";"2025-12-06 19:22:00";"-42,1627333333";"-59,0843";"2,6";"82"
"CAPESANTE";"02929";"2025-12-06 19:27:00";"-42,162";"-59,0966666667";"3,6";"288"
"CAPESANTE";"02929";"2025-12-06 19:36:00";"-42,1639333333";"-59,0851166667";"1,5";"83"
"CAPESANTE";"02929";"2025-12-06 19:37:00";"-42,1624";"-59,0937666667";"4,0";"269"
"CAPESANTE";"02929";"2025-12-06 19:51:00";"-42,16215";"-59,0822833333";"4,7";"89"
"CAPESANTE";"02929";"2025-12-06 20:06:00";"-42,1641333333";"-59,0870666667";"4,1";"267"
"CAPESANTE";"02929";"2025-12-06 20:21:00";"-42,1638333333";"-59,0820666667";"4,7";"86"
"CAPESANTE";"02929";"2025-12-06 20:27:00";"-42,1646666667";"-59,0886666667";"1,6";"286"
"CAPESANTE";"02929";"2025-12-06 20:36:00";"-42,1643833333";"-59,0824";"4,4";"263"
"CAPESANTE";"02929";"2025-12-06 20:51:00";"-42,1641833333";"-59,1040166667";"4,2";"269"
"CAPESANTE";"02929";"2025-12-06 21:06:00";"-42,1645333333";"-59,11105";"6,4";"90"
"CAPESANTE";"02929";"2025-12-06 21:21:00";"-42,16475";"-59,0954833333";"5,8";"264"
"CAPESANTE";"02929";"2025-12-06 21:27:00";"-42,1646666667";"-59,1126666667";"6,0";"95"
"CAPESANTE";"02929";"2025-12-06 21:36:00";"-42,16345";"-59,11635";"6,3";"258"
"CAPESANTE";"02929";"2025-12-06 21:51:00";"-42,16355";"-59,0971833333";"5,0";"70"
"CAPESANTE";"02929";"2025-12-06 22:06:00";"-42,1648333333";"-59,1106166667";"2,2";"318"
"CAPESANTE";"02929";"2025-12-06 22:21:00";"-42,1657333333";"-59,1009166667";"2,6";"65"
"CAPESANTE";"02929";"2025-12-06 22:27:00";"-42,166";"-59,1146666667";"2,4";"286"
"CAPESANTE";"02929";"2025-12-06 22:36:00";"-42,1660833333";"-59,1078";"4,3";"266"
"CAPESANTE";"02929";"2025-12-06 22:51:00";"-42,1664333333";"-59,1136333333";"6,2";"93"
"CAPESANTE";"02929";"2025-12-06 23:06:00";"-42,1669333333";"-59,0979";"5,5";"272"
"CAPESANTE";"02929";"2025-12-06 23:21:00";"-42,16695";"-59,1203166667";"4,0";"174"
"CAPESANTE";"02929";"2025-12-06 23:27:00";"-42,168";"-59,1026666667";"5,6";"269"
"CAPESANTE";"02929";"2025-12-06 23:36:00";"-42,1664166667";"-59,1125";"4,9";"85"
"CAPESANTE";"02929";"2025-12-06 23:51:00";"-42,1673333333";"-59,1174";"3,2";"289"
"CAPESANTE";"02929";"2025-12-07 00:06:00";"-42,1681166667";"-59,10295";"1,8";"101"
"CAPESANTE";"02929";"2025-12-07 00:21:00";"-42,1672166667";"-59,0814166667";"1,6";"54"
"CAPESANTE";"02929";"2025-12-07 00:27:00";"-42,168";"-59,0966666667";"4,4";"220"
"CAPESANTE";"02929";"2025-12-07 00:36:00";"-42,1675166667";"-59,1175";"4,1";"284"
"CAPESANTE";"02929";"2025-12-07 00:51:00";"-42,1697";"-59,0804166667";"4,5";"92"
"CAPESANTE";"02929";"2025-12-07 01:06:00";"-42,1699833333";"-59,0897166667";"4,7";"273"
"CAPESANTE";"02929";"2025-12-07 01:21:00";"-42,1722166667";"-59,0857";"4,3";"89"
"CAPESANTE";"02929";"2025-12-07 01:27:00";"-42,172";"-59,0933333333";"1,2";"301"
"CAPESANTE";"02929";"2025-12-07 01:36:00";"-42,1697333333";"-59,0804166667";"4,6";"91"
"CAPESANTE";"02929";"2025-12-07 01:51:00";"-42,1728666667";"-59,0880833333";"4,8";"88"
"CAPESANTE";"02929";"2025-12-07 02:06:00";"-42,1695333333";"-59,0797333333";"5,9";"269"
"CAPESANTE";"02929";"2025-12-07 02:21:00";"-42,1691";"-59,0909666667";"5,5";"92"
"CAPESANTE";"02929";"2025-12-07 02:27:00";"-42,168";"-59,0806666667";"4,8";"271"
"CAPESANTE";"02929";"2025-12-07 02:36:00";"-42,1727833333";"-59,0872333333";"4,8";"90"
"CAPESANTE";"02929";"2025-12-07 02:51:00";"-42,1674";"-59,0945333333";"4,4";"283"
"CAPESANTE";"02929";"2025-12-07 03:06:00";"-42,1683666667";"-59,07625";"2,7";"88"
"CAPESANTE";"02929";"2025-12-07 03:21:00";"-42,1679";"-59,0937666667";"0,9";"0"
"CAPESANTE";"02929";"2025-12-07 03:27:00";"-42,1666666667";"-59,0786666667";"6,0";"112"
"CAPESANTE";"02929";"2025-12-07 03:36:00";"-42,1674166667";"-59,0961666667";"3,9";"252"
"CAPESANTE";"02929";"2025-12-07 03:51:00";"-42,1660166667";"-59,0921";"4,0";"271"
"CAPESANTE";"02929";"2025-12-07 04:06:00";"-42,16505";"-59,0890833333";"4,5";"92"
"CAPESANTE";"02929";"2025-12-07 04:21:00";"-42,1648";"-59,0890833333";"3,9";"271"
"CAPESANTE";"02929";"2025-12-07 04:27:00";"-42,166";"-59,078";"4,2";"91"
"CAPESANTE";"02929";"2025-12-07 04:36:00";"-42,1660666667";"-59,0919166667";"4,6";"269"
"CAPESANTE";"02929";"2025-12-07 04:51:00";"-42,1635333333";"-59,0752166667";"5,1";"269"
"CAPESANTE";"02929";"2025-12-07 05:06:00";"-42,1628333333";"-59,0915";"5,9";"88"
"CAPESANTE";"02929";"2025-12-07 05:21:00";"-42,16285";"-59,0684666667";"2,1";"339"
"CAPESANTE";"02929";"2025-12-07 05:27:00";"-42,1693333333";"-59,098";"8,2";"211"
"CAPESANTE";"02929";"2025-12-07 05:36:00";"-42,1635333333";"-59,0764";"5,5";"270"
"CAPESANTE";"02929";"2025-12-07 05:51:00";"-42,1883833333";"-59,11295";"8,3";"208"
"CAPESANTE";"02929";"2025-12-07 06:05:00";"-42,2195166667";"-59,1369833333";"8,9";"208"
"CAPESANTE";"02929";"2025-12-07 06:20:00";"-42,2544166667";"-59,1634333333";"9,8";"211"
"CAPESANTE";"02929";"2025-12-07 06:27:00";"-42,3";"-59,1986666667";"9,6";"210"
"CAPESANTE";"02929";"2025-12-07 06:35:00";"-42,2875333333";"-59,18935";"9,8";"210"
"CAPESANTE";"02929";"2025-12-07 06:36:00";"-42,1904";"-59,1144333333";"7,8";"209"
"CAPESANTE";"02929";"2025-12-07 06:50:00";"-42,3222166667";"-59,2159333333";"9,7";"209"
"CAPESANTE";"02929";"2025-12-07 07:05:00";"-42,35685";"-59,2423";"9,0";"208"
"CAPESANTE";"02929";"2025-12-07 07:20:00";"-42,3915";"-59,2679166667";"10,2";"204"
"CAPESANTE";"02929";"2025-12-07 07:27:00";"-42,4386666667";"-59,3026666667";"9,4";"209"
"CAPESANTE";"02929";"2025-12-07 07:35:00";"-42,4259333333";"-59,29355";"9,4";"208"
"CAPESANTE";"02929";"2025-12-07 07:36:00";"-42,3257166667";"-59,21845";"9,4";"208"
"CAPESANTE";"02929";"2025-12-07 07:50:00";"-42,4603833333";"-59,31955";"9,6";"209"
"CAPESANTE";"02929";"2025-12-07 08:05:00";"-42,4949333333";"-59,34545";"9,7";"209"
"CAPESANTE";"02929";"2025-12-07 08:20:00";"-42,5292";"-59,3717833333";"9,5";"210"
"CAPESANTE";"02929";"2025-12-07 08:28:00";"-42,576";"-59,4073333333";"9,4";"211"
"CAPESANTE";"02929";"2025-12-07 08:35:00";"-42,5632833333";"-59,3978833333";"9,1";"208"
"CAPESANTE";"02929";"2025-12-07 08:36:00";"-42,4623666667";"-59,3209";"9,2";"207"
"CAPESANTE";"02929";"2025-12-07 08:50:00";"-42,5971333333";"-59,4241833333";"9,5";"211"
"CAPESANTE";"02929";"2025-12-07 09:05:00";"-42,6304833333";"-59,45085";"9,2";"213"
"CAPESANTE";"02929";"2025-12-07 09:20:00";"-42,6638833333";"-59,4769166667";"9,3";"209"
"CAPESANTE";"02929";"2025-12-07 09:29:00";"-42,7106666667";"-59,512";"9,4";"211"
"CAPESANTE";"02929";"2025-12-07 09:35:00";"-42,6979833333";"-59,5026333333";"8,8";"204"
"CAPESANTE";"02929";"2025-12-07 09:36:00";"-42,5992166667";"-59,4256833333";"9,0";"211"
"CAPESANTE";"02929";"2025-12-07 09:50:00";"-42,7312333333";"-59,5288";"9,1";"210"
"CAPESANTE";"02929";"2025-12-07 10:05:00";"-42,765";"-59,5553";"10,1";"210"
"CAPESANTE";"02929";"2025-12-07 10:20:00";"-42,7993666667";"-59,5827333333";"9,3";"212"
"CAPESANTE";"02929";"2025-12-07 10:27:00";"-42,8446666667";"-59,6193333333";"9,4";"211"
"CAPESANTE";"02929";"2025-12-07 10:35:00";"-42,8319666667";"-59,609";"9,5";"210"
"CAPESANTE";"02929";"2025-12-07 10:36:00";"-42,734";"-59,5309";"9,1";"210"
"CAPESANTE";"02929";"2025-12-07 10:50:00";"-42,8655833333";"-59,6355833333";"9,7";"210"
"CAPESANTE";"02929";"2025-12-07 11:05:00";"-42,89925";"-59,6626833333";"9,6";"210"
"CAPESANTE";"02929";"2025-12-07 11:20:00";"-42,9332833333";"-59,68985";"9,5";"211"
"CAPESANTE";"02929";"2025-12-07 11:27:00";"-42,9793333333";"-59,726";"9,0";"209"
"CAPESANTE";"02929";"2025-12-07 11:35:00";"-42,9669666667";"-59,7162833333";"9,1";"209"
"CAPESANTE";"02929";"2025-12-07 11:36:00";"-42,8699166667";"-59,6389";"9,4";"211"
"CAPESANTE";"02929";"2025-12-07 11:50:00";"-42,9994333333";"-59,7410333333";"9,2";"205"
"CAPESANTE";"02929";"2025-12-07 12:05:00";"-43,0322";"-59,7654833333";"9,1";"207"
"CAPESANTE";"02929";"2025-12-07 12:20:00";"-43,06495";"-59,7902833333";"9,1";"210"
"CAPESANTE";"02929";"2025-12-07 12:27:00";"-43,1106666667";"-59,8253333333";"9,2";"209"
"CAPESANTE";"02929";"2025-12-07 12:35:00";"-43,09775";"-59,8152666667";"13,4";"208"
"CAPESANTE";"02929";"2025-12-07 12:36:00";"-43,0023166667";"-59,7431333333";"8,8";"210"
"CAPESANTE";"02929";"2025-12-07 12:50:00";"-43,1312833333";"-59,83945";"9,1";"206"
"CAPESANTE";"02929";"2025-12-07 13:05:00";"-43,16625";"-59,86435";"9,0";"206"
"CAPESANTE";"02929";"2025-12-07 13:20:00";"-43,1986";"-59,8866833333";"9,3";"206"
"CAPESANTE";"02929";"2025-12-07 13:27:00";"-43,2466666667";"-59,9186666667";"9,4";"207"
"CAPESANTE";"02929";"2025-12-07 13:35:00";"-43,2325333333";"-59,9095166667";"9,2";"205"
"CAPESANTE";"02929";"2025-12-07 13:36:00";"-43,1344333333";"-59,84165";"8,9";"207"
"CAPESANTE";"02929";"2025-12-07 13:50:00";"-43,2675333333";"-59,9320166667";"9,4";"204"
"CAPESANTE";"02929";"2025-12-07 14:05:00";"-43,3029666667";"-59,9552166667";"8,9";"205"
"CAPESANTE";"02929";"2025-12-07 14:20:00";"-43,3384666667";"-59,9789833333";"10,0";"207"
"CAPESANTE";"02929";"2025-12-07 14:27:00";"-43,3886666667";"-60,0106666667";"9,4";"204"
"CAPESANTE";"02929";"2025-12-07 14:35:00";"-43,3740333333";"-60,002";"9,8";"204"
"CAPESANTE";"02929";"2025-12-07 14:36:00";"-43,2726833333";"-59,9353";"9,6";"204"
"CAPESANTE";"02929";"2025-12-07 14:50:00";"-43,4097166667";"-60,0235";"9,0";"204"
"CAPESANTE";"02929";"2025-12-07 15:05:00";"-43,4453";"-60,0437";"9,6";"200"
"CAPESANTE";"02929";"2025-12-07 15:20:00";"-43,4814333333";"-60,0629";"9,0";"200"
"CAPESANTE";"02929";"2025-12-07 15:27:00";"-43,5326666667";"-60,0893333333";"9,4";"202"
"CAPESANTE";"02929";"2025-12-07 15:35:00";"-43,51775";"-60,0813833333";"9,3";"199"
"CAPESANTE";"02929";"2025-12-07 15:36:00";"-43,4132166667";"-60,02545";"9,3";"200"
"CAPESANTE";"02929";"2025-12-07 15:50:00";"-43,5538";"-60,1007333333";"10,1";"202"
"CAPESANTE";"02929";"2025-12-07 16:05:00";"-43,5898333333";"-60,1197833333";"9,1";"199"
"CAPESANTE";"02929";"2025-12-07 16:19:00";"-43,6266833333";"-60,1383666667";"8,9";"198"
"CAPESANTE";"02929";"2025-12-07 16:27:00";"-43,6753333333";"-60,162";"9,2";"198"
"CAPESANTE";"02929";"2025-12-07 16:34:00";"-43,6603";"-60,15485";"9,0";"197"
"CAPESANTE";"02929";"2025-12-07 16:36:00";"-43,5575166667";"-60,10275";"9,2";"202"
"CAPESANTE";"02929";"2025-12-07 16:49:00";"-43,69645";"-60,1717166667";"9,2";"196"
"CAPESANTE";"02929";"2025-12-07 17:04:00";"-43,7327";"-60,1883";"9,5";"197"
"CAPESANTE";"02929";"2025-12-07 17:19:00";"-43,7691";"-60,2043333333";"9,3";"196"
"CAPESANTE";"02929";"2025-12-07 17:27:00";"-43,8206666667";"-60,2273333333";"9,0";"200"
"CAPESANTE";"02929";"2025-12-07 17:34:00";"-43,8052666667";"-60,2202166667";"9,1";"195"
"CAPESANTE";"02929";"2025-12-07 17:36:00";"-43,70225";"-60,1743666667";"9,1";"199"
"CAPESANTE";"02929";"2025-12-07 17:49:00";"-43,8410666667";"-60,2366666667";"9,1";"199"
"CAPESANTE";"02929";"2025-12-07 18:04:00";"-43,8764166667";"-60,2524333333";"8,9";"198"
"CAPESANTE";"02929";"2025-12-07 18:19:00";"-43,9113666667";"-60,2679333333";"8,9";"198"
"CAPESANTE";"02929";"2025-12-07 18:27:00";"-43,9593333333";"-60,2946666667";"8,6";"207"
"CAPESANTE";"02929";"2025-12-07 18:34:00";"-43,9452";"-60,2851166667";"8,7";"204"
"CAPESANTE";"02929";"2025-12-07 18:36:00";"-43,8454333333";"-60,2386333333";"8,9";"199"
"CAPESANTE";"02929";"2025-12-07 18:49:00";"-43,9767833333";"-60,3070666667";"8,1";"209"
"CAPESANTE";"02929";"2025-12-07 19:04:00";"-44,0079166667";"-60,3293666667";"8,3";"207"
"CAPESANTE";"02929";"2025-12-07 19:19:00";"-44,0408166667";"-60,34605";"10,3";"199"
"CAPESANTE";"02929";"2025-12-07 19:27:00";"-44,0873333333";"-60,368";"8,4";"199"
"CAPESANTE";"02929";"2025-12-07 19:34:00";"-44,0738166667";"-60,36145";"8,6";"199"
"CAPESANTE";"02929";"2025-12-07 19:36:00";"-43,9810333333";"-60,31";"8,0";"203"
"CAPESANTE";"02929";"2025-12-07 19:49:00";"-44,1078666667";"-60,3783833333";"8,5";"200"
"CAPESANTE";"02929";"2025-12-07 20:04:00";"-44,1391833333";"-60,3939";"8,2";"200"
"CAPESANTE";"02929";"2025-12-07 20:19:00";"-44,17035";"-60,4165333333";"8,3";"212"
"CAPESANTE";"02929";"2025-12-07 20:27:00";"-44,2113333333";"-60,4446666667";"8,0";"203"
"CAPESANTE";"02929";"2025-12-07 20:34:00";"-44,19915";"-60,4370166667";"8,1";"203"
"CAPESANTE";"02929";"2025-12-07 20:36:00";"-44,1124666667";"-60,3804666667";"8,2";"198"
"CAPESANTE";"02929";"2025-12-07 20:49:00";"-44,2247166667";"-60,4629333333";"8,1";"235"
"CAPESANTE";"02929";"2025-12-07 21:04:00";"-44,24325";"-60,5001666667";"7,8";"233"
"CAPESANTE";"02929";"2025-12-07 21:19:00";"-44,2659166667";"-60,5344333333";"7,8";"216"
"CAPESANTE";"02929";"2025-12-07 21:27:00";"-44,3066666667";"-60,5686666667";"8,2";"211"
"CAPESANTE";"02929";"2025-12-07 21:34:00";"-44,2944333333";"-60,5580333333";"8,0";"211"
"CAPESANTE";"02929";"2025-12-07 21:36:00";"-44,2273666667";"-60,4681";"7,8";"234"
"CAPESANTE";"02929";"2025-12-07 21:49:00";"-44,3232833333";"-60,5824333333";"8,1";"213"
"CAPESANTE";"02929";"2025-12-07 22:04:00";"-44,3521666667";"-60,6079333333";"8,0";"212"
"CAPESANTE";"02929";"2025-12-07 22:19:00";"-44,3812333333";"-60,6337166667";"8,4";"211"
"CAPESANTE";"02929";"2025-12-07 22:27:00";"-44,4226666667";"-60,6713333333";"8,4";"213"
"CAPESANTE";"02929";"2025-12-07 22:34:00";"-44,4104333333";"-60,6600166667";"8,3";"213"
"CAPESANTE";"02929";"2025-12-07 22:36:00";"-44,3276333333";"-60,5862";"7,7";"212"
"CAPESANTE";"02929";"2025-12-07 22:49:00";"-44,44075";"-60,6879";"8,6";"211"
"CAPESANTE";"02929";"2025-12-07 23:04:00";"-44,4678166667";"-60,71345";"8,6";"211"
"CAPESANTE";"02929";"2025-12-07 23:19:00";"-44,4967333333";"-60,74115";"8,4";"213"
"CAPESANTE";"02929";"2025-12-07 23:27:00";"-44,5386666667";"-60,782";"8,8";"215"
"CAPESANTE";"02929";"2025-12-07 23:34:00";"-44,526";"-60,76895";"8,4";"213"
"CAPESANTE";"02929";"2025-12-07 23:36:00";"-44,4447166667";"-60,6917166667";"8,2";"214"
"CAPESANTE";"02929";"2025-12-07 23:49:00";"-44,5553166667";"-60,7976833333";"8,4";"213"
"CAPESANTE";"02929";"2025-12-08 00:04:00";"-44,5849833333";"-60,82655";"8,9";"216"
"CAPESANTE";"02929";"2025-12-08 00:19:00";"-44,6148";"-60,8561833333";"9,0";"217"
"CAPESANTE";"02929";"2025-12-08 00:27:00";"-44,658";"-60,8986666667";"8,8";"214"
"CAPESANTE";"02929";"2025-12-08 00:34:00";"-44,6445833333";"-60,8855666667";"9,1";"216"
"CAPESANTE";"02929";"2025-12-08 00:36:00";"-44,5602166667";"-60,8025";"8,8";"216"
"CAPESANTE";"02929";"2025-12-08 00:49:00";"-44,6745166667";"-60,9155";"8,8";"215"
"CAPESANTE";"02929";"2025-12-08 01:04:00";"-44,7048833333";"-60,9452";"9,4";"215"
"CAPESANTE";"02929";"2025-12-08 01:19:00";"-44,73615";"-60,97495";"9,0";"216"
"CAPESANTE";"02929";"2025-12-08 01:27:00";"-44,782";"-61,0186666667";"9,4";"213"
"CAPESANTE";"02929";"2025-12-08 01:34:00";"-44,7678";"-61,0051166667";"9,1";"214"
"CAPESANTE";"02929";"2025-12-08 01:36:00";"-44,6796333333";"-60,9205833333";"8,7";"214"
"CAPESANTE";"02929";"2025-12-08 01:49:00";"-44,7997833333";"-61,0350166667";"9,6";"212"
"CAPESANTE";"02929";"2025-12-08 02:04:00";"-44,8327333333";"-61,0652666667";"9,2";"213"
"CAPESANTE";"02929";"2025-12-08 02:18:00";"-44,8646166667";"-61,0947333333";"9,5";"214"
"CAPESANTE";"02929";"2025-12-08 02:27:00";"-44,9133333333";"-61,1393333333";"9,6";"214"
"CAPESANTE";"02929";"2025-12-08 02:33:00";"-44,8977";"-61,1249666667";"9,8";"211"
"CAPESANTE";"02929";"2025-12-08 02:36:00";"-44,80665";"-61,0414";"9,2";"214"
"CAPESANTE";"02929";"2025-12-08 02:48:00";"-44,93085";"-61,1560166667";"7,4";"206"
"CAPESANTE";"02929";"2025-12-08 03:03:00";"-44,9645333333";"-61,1863666667";"9,5";"212"
"CAPESANTE";"02929";"2025-12-08 03:18:00";"-44,9983";"-61,2164833333";"9,5";"213"
"CAPESANTE";"02929";"2025-12-08 03:29:00";"-45,0486666667";"-61,2613333333";"10,0";"213"
"CAPESANTE";"02929";"2025-12-08 03:33:00";"-45,0321666667";"-61,2469333333";"8,3";"210"
"CAPESANTE";"02929";"2025-12-08 03:36:00";"-44,93835";"-61,1627666667";"9,8";"214"
"CAPESANTE";"02929";"2025-12-08 03:48:00";"-45,0669";"-61,2779166667";"9,8";"209"
"CAPESANTE";"02929";"2025-12-08 04:03:00";"-45,1025666667";"-61,3074666667";"9,6";"208"
"CAPESANTE";"02929";"2025-12-08 04:18:00";"-45,1394833333";"-61,3370666667";"10,2";"208"
"CAPESANTE";"02929";"2025-12-08 04:27:00";"-45,1906666667";"-61,3766666667";"9,6";"209"
"CAPESANTE";"02929";"2025-12-08 04:33:00";"-45,1736";"-61,3638";"9,7";"207"
"CAPESANTE";"02929";"2025-12-08 04:36:00";"-45,0737166667";"-61,2837166667";"10,0";"210"
"CAPESANTE";"02929";"2025-12-08 04:48:00";"-45,2088";"-61,3911";"9,3";"208"
"CAPESANTE";"02929";"2025-12-08 05:03:00";"-45,2443166667";"-61,41845";"9,5";"206"
"CAPESANTE";"02929";"2025-12-08 05:18:00";"-45,2800666667";"-61,4446333333";"7,3";"212"
"CAPESANTE";"02929";"2025-12-08 05:33:00";"-45,3158166667";"-61,47115";"9,4";"206"
"CAPESANTE";"02929";"2025-12-08 05:36:00";"-45,2161333333";"-61,3965833333";"9,1";"208"
"CAPESANTE";"02929";"2025-12-08 05:48:00";"-45,3514";"-61,4981666667";"10,0";"209"
"CAPESANTE";"02929";"2025-12-08 06:03:00";"-45,3874333333";"-61,5255666667";"9,8";"208"
"CAPESANTE";"02929";"2025-12-08 06:18:00";"-45,4233666667";"-61,5525666667";"9,7";"209"
"CAPESANTE";"02929";"2025-12-08 06:27:00";"-45,478";"-61,5913333333";"9,6";"206"
"CAPESANTE";"02929";"2025-12-08 06:33:00";"-45,4601666667";"-61,57905";"9,7";"206"
"CAPESANTE";"02929";"2025-12-08 06:36:00";"-45,3590166667";"-61,5040166667";"10,2";"207"
"CAPESANTE";"02929";"2025-12-08 06:48:00";"-45,4961666667";"-61,6044";"10,3";"210"
"CAPESANTE";"02929";"2025-12-08 07:03:00";"-45,532";"-61,6304";"9,0";"209"
"CAPESANTE";"02929";"2025-12-08 07:18:00";"-45,5681666667";"-61,6569166667";"10,4";"209"
"CAPESANTE";"02929";"2025-12-08 07:27:00";"-45,6206666667";"-61,6953333333";"9,6";"208"
"CAPESANTE";"02929";"2025-12-08 07:33:00";"-45,6041333333";"-61,6833333333";"9,3";"207"
"CAPESANTE";"02929";"2025-12-08 07:36:00";"-45,5053333333";"-61,6110166667";"10,1";"207"
"CAPESANTE";"02929";"2025-12-08 07:48:00";"-45,6381333333";"-61,7085666667";"9,8";"206"
"CAPESANTE";"02929";"2025-12-08 08:03:00";"-45,6727666667";"-61,73395";"9,4";"207"
"CAPESANTE";"02929";"2025-12-08 08:18:00";"-45,70825";"-61,7602833333";"9,3";"207"
"CAPESANTE";"02929";"2025-12-08 08:33:00";"-45,7411166667";"-61,7850333333";"9,1";"209"
"CAPESANTE";"02929";"2025-12-08 08:36:00";"-45,6456833333";"-61,7140166667";"9,5";"207"
"CAPESANTE";"02929";"2025-12-08 08:48:00";"-45,77445";"-61,8103666667";"8,6";"209"
"CAPESANTE";"02929";"2025-12-08 09:03:00";"-45,8070666667";"-61,8351";"9,1";"209"
"CAPESANTE";"02929";"2025-12-08 09:18:00";"-45,8396";"-61,8598";"8,9";"206"
"CAPESANTE";"02929";"2025-12-08 09:27:00";"-45,8886666667";"-61,8993333333";"9,0";"210"
"CAPESANTE";"02929";"2025-12-08 09:33:00";"-45,8720833333";"-61,8854666667";"9,1";"210"
"CAPESANTE";"02929";"2025-12-08 09:36:00";"-45,7818833333";"-61,8158166667";"9,5";"204"
"CAPESANTE";"02929";"2025-12-08 09:48:00";"-45,9043666667";"-61,91185";"9,0";"210"
"CAPESANTE";"02929";"2025-12-08 10:03:00";"-45,9363666667";"-61,9385833333";"9,0";"208"
"CAPESANTE";"02929";"2025-12-08 10:18:00";"-45,9690166667";"-61,9659833333";"8,5";"214"
"CAPESANTE";"02929";"2025-12-08 10:27:00";"-46,016";"-62,0046666667";"8,8";"209"
"CAPESANTE";"02929";"2025-12-08 10:33:00";"-45,9995666667";"-61,9910166667";"8,7";"209"
"CAPESANTE";"02929";"2025-12-08 10:36:00";"-45,9117833333";"-61,9180666667";"8,7";"210"
"CAPESANTE";"02929";"2025-12-08 10:48:00";"-46,0312666667";"-62,017";"8,9";"209"
"CAPESANTE";"02929";"2025-12-08 11:03:00";"-46,0632833333";"-62,0431833333";"9,1";"209"
"CAPESANTE";"02929";"2025-12-08 11:18:00";"-46,0954333333";"-62,0698333333";"8,8";"208"
"CAPESANTE";"02929";"2025-12-08 11:27:00";"-46,144";"-62,1093333333";"8,8";"211"
"CAPESANTE";"02929";"2025-12-08 11:33:00";"-46,1272";"-62,09565";"9,1";"207"
"CAPESANTE";"02929";"2025-12-08 11:36:00";"-46,04025";"-62,0243";"8,7";"209"
"CAPESANTE";"02929";"2025-12-08 11:48:00";"-46,1589333333";"-62,1212166667";"8,9";"207"
"CAPESANTE";"02929";"2025-12-08 12:03:00";"-46,1904666667";"-62,1467";"8,7";"210"
"CAPESANTE";"02929";"2025-12-08 12:18:00";"-46,2230333333";"-62,1726333333";"8,5";"206"
"CAPESANTE";"02929";"2025-12-08 12:27:00";"-46,2693333333";"-62,2093333333";"8,6";"208"
"CAPESANTE";"02929";"2025-12-08 12:32:00";"-46,2524166667";"-62,1961333333";"8,5";"210"
"CAPESANTE";"02929";"2025-12-08 12:36:00";"-46,1666833333";"-62,1273333333";"8,7";"208"
"CAPESANTE";"02929";"2025-12-08 12:47:00";"-46,2842833333";"-62,2212666667";"8,5";"208"
"CAPESANTE";"02929";"2025-12-08 13:02:00";"-46,31465";"-62,2445833333";"8,5";"206"
"CAPESANTE";"02929";"2025-12-08 13:17:00";"-46,3464666667";"-62,26875";"8,8";"206"
"CAPESANTE";"02929";"2025-12-08 13:27:00";"-46,3966666667";"-62,306";"9,0";"207"
"CAPESANTE";"02929";"2025-12-08 13:32:00";"-46,3786833333";"-62,2926333333";"8,5";"206"
"CAPESANTE";"02929";"2025-12-08 13:36:00";"-46,29135";"-62,2266";"8,5";"209"
"CAPESANTE";"02929";"2025-12-08 13:47:00";"-46,4114";"-62,3173333333";"9,1";"210"
"CAPESANTE";"02929";"2025-12-08 14:02:00";"-46,4433166667";"-62,3409";"8,5";"205"
"CAPESANTE";"02929";"2025-12-08 14:17:00";"-46,4752833333";"-62,36505";"8,6";"210"
"CAPESANTE";"02929";"2025-12-08 14:27:00";"-46,5246666667";"-62,4033333333";"8,8";"208"
"CAPESANTE";"02929";"2025-12-08 14:32:00";"-46,5079166667";"-62,39045";"8,6";"208"
"CAPESANTE";"02929";"2025-12-08 14:36:00";"-46,421";"-62,3242833333";"8,8";"206"
"CAPESANTE";"02929";"2025-12-08 14:47:00";"-46,5388833333";"-62,4139166667";"8,6";"206"
"CAPESANTE";"02929";"2025-12-08 15:02:00";"-46,5712333333";"-62,4387";"8,8";"205"
"CAPESANTE";"02929";"2025-12-08 15:17:00";"-46,6041833333";"-62,46355";"8,8";"207"
"CAPESANTE";"02929";"2025-12-08 15:27:00";"-46,656";"-62,5026666667";"9,2";"207"
"CAPESANTE";"02929";"2025-12-08 15:32:00";"-46,6374333333";"-62,4884166667";"8,8";"207"
"CAPESANTE";"02929";"2025-12-08 15:36:00";"-46,5473666667";"-62,4202166667";"8,6";"207"
"CAPESANTE";"02929";"2025-12-08 15:47:00";"-46,6711666667";"-62,5136833333";"9,4";"209"
"CAPESANTE";"02929";"2025-12-08 16:02:00";"-46,7047833333";"-62,5392166667";"8,9";"207"
"CAPESANTE";"02929";"2025-12-08 16:17:00";"-46,7376833333";"-62,5647166667";"8,8";"209"
"CAPESANTE";"02929";"2025-12-08 16:27:00";"-46,788";"-62,604";"8,8";"208"
"CAPESANTE";"02929";"2025-12-08 16:32:00";"-46,7698833333";"-62,5901333333";"8,7";"208"
"CAPESANTE";"02929";"2025-12-08 16:36:00";"-46,6806";"-62,5207333333";"9,4";"206"
"CAPESANTE";"02929";"2025-12-08 16:47:00";"-46,8021";"-62,6151166667";"8,9";"209"
"CAPESANTE";"02929";"2025-12-08 17:02:00";"-46,83415";"-62,6409833333";"8,5";"207"
"CAPESANTE";"02929";"2025-12-08 17:17:00";"-46,8642";"-62,6656666667";"8,3";"210"
"CAPESANTE";"02929";"2025-12-08 17:27:00";"-46,9106666667";"-62,7053333333";"8,4";"211"
"CAPESANTE";"02929";"2025-12-08 17:32:00";"-46,89465";"-62,69115";"8,0";"210"
"CAPESANTE";"02929";"2025-12-08 17:36:00";"-46,8118";"-62,6228833333";"8,4";"209"
"CAPESANTE";"02929";"2025-12-08 17:47:00";"-46,92365";"-62,71655";"8,1";"210"
"CAPESANTE";"02929";"2025-12-08 18:02:00";"-46,9532833333";"-62,7429666667";"8,2";"210"
"CAPESANTE";"02929";"2025-12-08 18:17:00";"-46,9832666667";"-62,7702";"8,3";"212"
"CAPESANTE";"02929";"2025-12-08 18:27:00";"-47,0273333333";"-62,8113333333";"8,0";"212"
"CAPESANTE";"02929";"2025-12-08 18:32:00";"-47,0108666667";"-62,7959333333";"8,3";"213"
"CAPESANTE";"02929";"2025-12-08 18:36:00";"-46,93205";"-62,7238";"8,0";"209"
"CAPESANTE";"02929";"2025-12-08 18:47:00";"-47,0388833333";"-62,8226666667";"8,1";"214"
"CAPESANTE";"02929";"2025-12-08 19:02:00";"-47,0665166667";"-62,8494833333";"8,2";"214"
"CAPESANTE";"02929";"2025-12-08 19:17:00";"-47,0942";"-62,8767166667";"7,9";"215"
"CAPESANTE";"02929";"2025-12-08 19:27:00";"-47,1386666667";"-62,9186666667";"8,2";"214"
"CAPESANTE";"02929";"2025-12-08 19:32:00";"-47,1222666667";"-62,90275";"8,7";"216"
"CAPESANTE";"02929";"2025-12-08 19:36:00";"-47,0470333333";"-62,8306166667";"7,8";"215"
"CAPESANTE";"02929";"2025-12-08 19:47:00";"-47,1506666667";"-62,9292166667";"7,8";"212"
"CAPESANTE";"02929";"2025-12-08 20:02:00";"-47,1790666667";"-62,956";"8,4";"213"
"CAPESANTE";"02929";"2025-12-08 20:17:00";"-47,2079";"-62,98265";"8,2";"210"
"CAPESANTE";"02929";"2025-12-08 20:27:00";"-47,2546666667";"-63,026";"8,4";"213"
"CAPESANTE";"02929";"2025-12-08 20:32:00";"-47,2369";"-63,0097333333";"8,5";"211"
"CAPESANTE";"02929";"2025-12-08 20:36:00";"-47,1600833333";"-62,93815";"8,1";"214"
"CAPESANTE";"02929";"2025-12-08 20:47:00";"-47,2662166667";"-63,0368833333";"8,0";"213"
"CAPESANTE";"02929";"2025-12-08 21:02:00";"-47,2957166667";"-63,0641166667";"8,5";"211"
"CAPESANTE";"02929";"2025-12-08 21:17:00";"-47,3257";"-63,0914166667";"8,5";"213"
"CAPESANTE";"02929";"2025-12-08 21:27:00";"-47,3746666667";"-63,1353333333";"8,8";"211"
"CAPESANTE";"02929";"2025-12-08 21:32:00";"-47,3562666667";"-63,1189666667";"8,0";"211"
"CAPESANTE";"02929";"2025-12-08 21:36:00";"-47,2751166667";"-63,0449833333";"8,3";"211"
"CAPESANTE";"02929";"2025-12-08 21:47:00";"-47,3869666667";"-63,1465333333";"9,1";"211"
"CAPESANTE";"02929";"2025-12-08 22:02:00";"-47,4189";"-63,1746166667";"9,0";"212"
"CAPESANTE";"02929";"2025-12-08 22:17:00";"-47,4501833333";"-63,2018";"9,0";"208"
"CAPESANTE";"02929";"2025-12-08 22:27:00";"-47,502";"-63,2446666667";"9,2";"209"
"CAPESANTE";"02929";"2025-12-08 22:31:00";"-47,48215";"-63,22855";"8,7";"209"
"CAPESANTE";"02929";"2025-12-08 22:36:00";"-47,3963833333";"-63,1548666667";"8,6";"210"
"CAPESANTE";"02929";"2025-12-08 23:01:00";"-47,5491166667";"-63,2821833333";"9,5";"209"
"CAPESANTE";"02929";"2025-12-08 23:16:00";"-47,5840666667";"-63,3094666667";"9,4";"207"
"CAPESANTE";"02929";"2025-12-08 23:27:00";"-47,64";"-63,352";"9,4";"207"
"CAPESANTE";"02929";"2025-12-08 23:31:00";"-47,6190333333";"-63,3361166667";"9,2";"207"
"CAPESANTE";"02929";"2025-12-08 23:36:00";"-47,5269";"-63,2646166667";"9,4";"207"
"CAPESANTE";"02929";"2025-12-08 23:46:00";"-47,65375";"-63,3619";"9,4";"205"
"CAPESANTE";"02929";"2025-12-09 00:01:00";"-47,6887666667";"-63,3878";"9,3";"205"
"CAPESANTE";"02929";"2025-12-09 00:16:00";"-47,7263666667";"-63,4156333333";"9,6";"205"
"CAPESANTE";"02929";"2025-12-09 00:27:00";"-47,7833333333";"-63,4573333333";"9,8";"206"
"CAPESANTE";"02929";"2025-12-09 00:31:00";"-47,7601666667";"-63,4405666667";"9,8";"207"
"CAPESANTE";"02929";"2025-12-09 00:36:00";"-47,66495";"-63,3700666667";"9,4";"205"
"CAPESANTE";"02929";"2025-12-09 00:46:00";"-47,79695";"-63,46695";"9,6";"206"
"CAPESANTE";"02929";"2025-12-09 01:01:00";"-47,83395";"-63,4931666667";"10,0";"204"
"CAPESANTE";"02929";"2025-12-09 01:16:00";"-47,8714833333";"-63,51945";"9,9";"205"
"CAPESANTE";"02929";"2025-12-09 01:27:00";"-47,932";"-63,5626666667";"10,0";"206"
"CAPESANTE";"02929";"2025-12-09 01:31:00";"-47,9101333333";"-63,5468166667";"10,2";"203"
"CAPESANTE";"02929";"2025-12-09 01:36:00";"-47,8091";"-63,4755166667";"10,0";"205"
"CAPESANTE";"02929";"2025-12-09 01:46:00";"-47,9463";"-63,5723666667";"9,9";"202"
"CAPESANTE";"02929";"2025-12-09 02:01:00";"-47,984";"-63,59965";"10,1";"208"
"CAPESANTE";"02929";"2025-12-09 02:16:00";"-48,0218166667";"-63,6269333333";"10,3";"203"
"CAPESANTE";"02929";"2025-12-09 02:27:00";"-48,084";"-63,6726666667";"10,4";"206"
"CAPESANTE";"02929";"2025-12-09 02:31:00";"-48,0598666667";"-63,6546166667";"10,5";"206"
"CAPESANTE";"02929";"2025-12-09 02:36:00";"-47,9605333333";"-63,5825";"9,9";"204"
"CAPESANTE";"02929";"2025-12-09 02:46:00";"-48,09805";"-63,6829166667";"10,2";"205"
"CAPESANTE";"02929";"2025-12-09 03:01:00";"-48,1363833333";"-63,7112666667";"10,2";"204"
"CAPESANTE";"02929";"2025-12-09 03:16:00";"-48,1743833333";"-63,7394";"10,3";"206"
"CAPESANTE";"02929";"2025-12-09 03:27:00";"-48,2366666667";"-63,786";"10,4";"207"
"CAPESANTE";"02929";"2025-12-09 03:31:00";"-48,21285";"-63,7680666667";"10,5";"206"
"CAPESANTE";"02929";"2025-12-09 03:36:00";"-48,1112666667";"-63,6926";"10,3";"208"
"CAPESANTE";"02929";"2025-12-09 03:46:00";"-48,2506";"-63,7967333333";"10,2";"205"
"CAPESANTE";"02929";"2025-12-09 04:01:00";"-48,2884833333";"-63,8254833333";"10,4";"207"
"CAPESANTE";"02929";"2025-12-09 04:16:00";"-48,32705";"-63,8551";"10,1";"207"
"CAPESANTE";"02929";"2025-12-09 04:27:00";"-48,388";"-63,9";"10,0";"206"
"CAPESANTE";"02929";"2025-12-09 04:31:00";"-48,3637333333";"-63,8822333333";"10,0";"205"
"CAPESANTE";"02929";"2025-12-09 04:36:00";"-48,2638";"-63,8066166667";"10,2";"205"
"CAPESANTE";"02929";"2025-12-09 04:46:00";"-48,4009666667";"-63,9088833333";"9,7";"206"
"CAPESANTE";"02929";"2025-12-09 05:01:00";"-48,4374666667";"-63,9349333333";"9,8";"204"
"CAPESANTE";"02929";"2025-12-09 05:16:00";"-48,4735666667";"-63,9604666667";"9,4";"205"
"CAPESANTE";"02929";"2025-12-09 05:27:00";"-48,532";"-64,002";"9,2";"206"
"CAPESANTE";"02929";"2025-12-09 05:31:00";"-48,50905";"-63,9856333333";"9,4";"204"
"CAPESANTE";"02929";"2025-12-09 05:36:00";"-48,4153166667";"-63,9192833333";"9,6";"206"
"CAPESANTE";"02929";"2025-12-09 05:46:00";"-48,54365";"-64,0103666667";"9,1";"205"
"CAPESANTE";"02929";"2025-12-09 06:01:00";"-48,5781";"-64,03415";"9,0";"204"
"CAPESANTE";"02929";"2025-12-09 06:16:00";"-48,6118833333";"-64,0570166667";"8,6";"205"
"CAPESANTE";"02929";"2025-12-09 06:31:00";"-48,6453";"-64,0791333333";"9,1";"204"
"CAPESANTE";"02929";"2025-12-09 06:36:00";"-48,55615";"-64,01895";"9,1";"204"
"CAPESANTE";"02929";"2025-12-09 06:46:00";"-48,6783666667";"-64,1008166667";"8,9";"202"
"CAPESANTE";"02929";"2025-12-09 07:01:00";"-48,7109166667";"-64,12145";"8,2";"203"
"CAPESANTE";"02929";"2025-12-09 07:16:00";"-48,7428";"-64,1419333333";"8,9";"203"
"CAPESANTE";"02929";"2025-12-09 07:27:00";"-48,7953333333";"-64,176";"8,2";"202"
"CAPESANTE";"02929";"2025-12-09 07:31:00";"-48,7755333333";"-64,1635";"8,3";"203"
"CAPESANTE";"02929";"2025-12-09 07:36:00";"-48,6901166667";"-64,10825";"8,5";"205"
"CAPESANTE";"02929";"2025-12-09 07:46:00";"-48,80565";"-64,1827166667";"8,2";"204"
"CAPESANTE";"02929";"2025-12-09 08:01:00";"-48,8364666667";"-64,20285";"8,1";"201"
"CAPESANTE";"02929";"2025-12-09 08:16:00";"-48,867";"-64,2230833333";"8,0";"203"
"CAPESANTE";"02929";"2025-12-09 08:27:00";"-48,918";"-64,2566666667";"8,0";"204"
"CAPESANTE";"02929";"2025-12-09 08:31:00";"-48,89735";"-64,2429833333";"7,8";"204"
"CAPESANTE";"02929";"2025-12-09 08:36:00";"-48,8175666667";"-64,1905";"8,2";"203"
"CAPESANTE";"02929";"2025-12-09 08:45:00";"-48,9278666667";"-64,2632";"8,1";"203"
"CAPESANTE";"02929";"2025-12-09 09:00:00";"-48,95825";"-64,28345";"8,1";"204"
"CAPESANTE";"02929";"2025-12-09 09:15:00";"-48,9884666667";"-64,3038333333";"8,0";"204"
"CAPESANTE";"02929";"2025-12-09 09:27:00";"-49,04";"-64,3406666667";"8,4";"206"
"CAPESANTE";"02929";"2025-12-09 09:30:00";"-49,0187833333";"-64,3256";"7,9";"204"
"CAPESANTE";"02929";"2025-12-09 09:36:00";"-48,94065";"-64,2715666667";"7,6";"202"
"CAPESANTE";"02929";"2025-12-09 09:45:00";"-49,0496666667";"-64,3480333333";"7,7";"209"
"CAPESANTE";"02929";"2025-12-09 10:00:00";"-49,0806666667";"-64,3709166667";"8,4";"205"
"CAPESANTE";"02929";"2025-12-09 10:15:00";"-49,1132833333";"-64,3944166667";"8,6";"203"
"CAPESANTE";"02929";"2025-12-09 10:27:00";"-49,1666666667";"-64,434";"8,8";"206"
"CAPESANTE";"02929";"2025-12-09 10:30:00";"-49,1443";"-64,4172166667";"8,6";"205"
"CAPESANTE";"02929";"2025-12-09 10:36:00";"-49,0616";"-64,3568333333";"8,6";"205"
"CAPESANTE";"02929";"2025-12-09 10:45:00";"-49,17695";"-64,4410666667";"8,7";"205"
"CAPESANTE";"02929";"2025-12-09 11:00:00";"-49,2098333333";"-64,4652";"8,9";"206"
"CAPESANTE";"02929";"2025-12-09 11:15:00";"-49,2432666667";"-64,4895333333";"8,9";"206"
"CAPESANTE";"02929";"2025-12-09 11:27:00";"-49,3";"-64,5313333333";"9,2";"206"
"CAPESANTE";"02929";"2025-12-09 11:30:00";"-49,2765666667";"-64,5139666667";"8,9";"205"
"CAPESANTE";"02929";"2025-12-09 11:36:00";"-49,18985";"-64,4506666667";"8,9";"207"
"CAPESANTE";"02929";"2025-12-09 11:45:00";"-49,3100666667";"-64,5394166667";"9,1";"206"
"CAPESANTE";"02929";"2025-12-09 12:00:00";"-49,3438666667";"-64,5649666667";"9,3";"204"
"CAPESANTE";"02929";"2025-12-09 12:15:00";"-49,3779833333";"-64,5909833333";"9,1";"208"
"CAPESANTE";"02929";"2025-12-09 12:30:00";"-49,4118666667";"-64,6177333333";"9,1";"208"
"CAPESANTE";"02929";"2025-12-09 12:36:00";"-49,3238666667";"-64,5498";"9,1";"206"
"CAPESANTE";"02929";"2025-12-09 12:45:00";"-49,4458166667";"-64,6452166667";"9,0";"208"
"CAPESANTE";"02929";"2025-12-09 13:00:00";"-49,4800333333";"-64,6738166667";"9,1";"207"
"CAPESANTE";"02929";"2025-12-09 13:15:00";"-49,51435";"-64,7026333333";"8,7";"209"
"CAPESANTE";"02929";"2025-12-09 13:27:00";"-49,5726666667";"-64,7533333333";"9,4";"210"
"CAPESANTE";"02929";"2025-12-09 13:30:00";"-49,54885";"-64,7320333333";"9,8";"210"
"CAPESANTE";"02929";"2025-12-09 13:36:00";"-49,4611333333";"-64,6579";"9,1";"208"
"CAPESANTE";"02929";"2025-12-09 13:45:00";"-49,5823666667";"-64,76215";"9,3";"210"
"CAPESANTE";"02929";"2025-12-09 14:00:00";"-49,6170333333";"-64,7940833333";"9,6";"211"
"CAPESANTE";"02929";"2025-12-09 14:15:00";"-49,64975";"-64,825";"9,5";"211"
"CAPESANTE";"02929";"2025-12-09 14:27:00";"-49,708";"-64,8806666667";"9,6";"211"
"CAPESANTE";"02929";"2025-12-09 14:30:00";"-49,68365";"-64,85735";"14,2";"219"
"CAPESANTE";"02929";"2025-12-09 14:36:00";"-49,5962333333";"-64,7748833333";"9,4";"210"
"CAPESANTE";"02929";"2025-12-09 14:45:00";"-49,7175";"-64,89005";"9,6";"212"
"CAPESANTE";"02929";"2025-12-09 15:00:00";"-49,75125";"-64,9231666667";"9,6";"211"
"CAPESANTE";"02929";"2025-12-09 15:15:00";"-49,7848333333";"-64,95625";"9,4";"211"
"CAPESANTE";"02929";"2025-12-09 15:27:00";"-49,842";"-65,012";"9,4";"213"
"CAPESANTE";"02929";"2025-12-09 15:30:00";"-49,8182833333";"-64,9888333333";"9,5";"212"
"CAPESANTE";"02929";"2025-12-09 15:36:00";"-49,73165";"-64,9039";"9,5";"213"
"CAPESANTE";"02929";"2025-12-09 15:45:00";"-49,8510833333";"-65,0209833333";"9,4";"212"
"CAPESANTE";"02929";"2025-12-09 16:00:00";"-49,8836";"-65,0526833333";"9,1";"213"
"CAPESANTE";"02929";"2025-12-09 16:15:00";"-49,9168833333";"-65,0850333333";"9,1";"211"
"CAPESANTE";"02929";"2025-12-09 16:27:00";"-49,9713333333";"-65,1373333333";"9,0";"212"
"CAPESANTE";"02929";"2025-12-09 16:30:00";"-49,9477";"-65,11495";"9,3";"212"
"CAPESANTE";"02929";"2025-12-09 16:36:00";"-49,8651666667";"-65,03465";"9,1";"213"
"CAPESANTE";"02929";"2025-12-09 16:45:00";"-49,97965";"-65,1454333333";"9,1";"210"
"CAPESANTE";"02929";"2025-12-09 17:00:00";"-50,0116833333";"-65,1745333333";"8,7";"209"
"CAPESANTE";"02929";"2025-12-09 17:15:00";"-50,04305";"-65,2032";"8,6";"210"
"CAPESANTE";"02929";"2025-12-09 17:27:00";"-50,0973333333";"-65,2513333333";"8,6";"211"
"CAPESANTE";"02929";"2025-12-09 17:30:00";"-50,0743333333";"-65,2308666667";"8,7";"210"
"CAPESANTE";"02929";"2025-12-09 17:36:00";"-49,9948833333";"-65,15935";"8,8";"211"
"CAPESANTE";"02929";"2025-12-09 17:45:00";"-50,1052166667";"-65,25825";"8,5";"208"
"CAPESANTE";"02929";"2025-12-09 18:00:00";"-50,13615";"-65,2847166667";"8,2";"207"
"CAPESANTE";"02929";"2025-12-09 18:15:00";"-50,1672166667";"-65,3108";"8,5";"206"
"CAPESANTE";"02929";"2025-12-09 18:27:00";"-50,222";"-65,3553333333";"8,6";"208"
"CAPESANTE";"02929";"2025-12-09 18:30:00";"-50,1983333333";"-65,3364333333";"8,5";"207"
"CAPESANTE";"02929";"2025-12-09 18:36:00";"-50,1190333333";"-65,2699";"8,3";"207"
"CAPESANTE";"02929";"2025-12-09 18:45:00";"-50,2296666667";"-65,3617333333";"8,6";"207"
"CAPESANTE";"02929";"2025-12-09 18:59:00";"-50,26185";"-65,3850833333";"8,7";"194"
"CAPESANTE";"02929";"2025-12-09 19:14:00";"-50,2961833333";"-65,4002833333";"8,5";"197"
"CAPESANTE";"02929";"2025-12-09 19:27:00";"-50,3566666667";"-65,4253333333";"8,6";"195"
"CAPESANTE";"02929";"2025-12-09 19:29:00";"-50,3315833333";"-65,4152";"8,6";"195"
"CAPESANTE";"02929";"2025-12-09 19:36:00";"-50,2438833333";"-65,3729166667";"8,9";"207"
"CAPESANTE";"02929";"2025-12-09 19:44:00";"-50,3650666667";"-65,4291166667";"8,5";"194"
"CAPESANTE";"02929";"2025-12-09 19:59:00";"-50,3997666667";"-65,4436333333";"8,7";"195"
"CAPESANTE";"02929";"2025-12-09 20:14:00";"-50,4345166667";"-65,4578833333";"8,6";"194"
"CAPESANTE";"02929";"2025-12-09 20:27:00";"-50,496";"-65,482";"8,4";"192"
"CAPESANTE";"02929";"2025-12-09 20:29:00";"-50,46985";"-65,4720666667";"8,7";"192"
"CAPESANTE";"02929";"2025-12-09 20:36:00";"-50,3822333333";"-65,4362666667";"8,4";"194"
"CAPESANTE";"02929";"2025-12-09 20:44:00";"-50,5042";"-65,485";"8,4";"193"
"CAPESANTE";"02929";"2025-12-09 20:59:00";"-50,5387666667";"-65,4977166667";"8,8";"193"
"CAPESANTE";"02929";"2025-12-09 21:14:00";"-50,5738333333";"-65,5104666667";"8,3";"193"
"CAPESANTE";"02929";"2025-12-09 21:27:00";"-50,636";"-65,5346666667";"9,2";"195"
"CAPESANTE";"02929";"2025-12-09 21:29:00";"-50,60955";"-65,5239333333";"8,7";"192"
"CAPESANTE";"02929";"2025-12-09 21:36:00";"-50,5200333333";"-65,4907333333";"8,6";"190"
"CAPESANTE";"02929";"2025-12-09 21:44:00";"-50,6445";"-65,5381333333";"9,2";"193"
"CAPESANTE";"02929";"2025-12-09 21:59:00";"-50,6830833333";"-65,5536";"9,1";"193"
"CAPESANTE";"02929";"2025-12-09 22:14:00";"-50,7188666667";"-65,5677833333";"9,2";"193"
"CAPESANTE";"02929";"2025-12-09 22:27:00";"-50,7853333333";"-65,594";"9,4";"194"
"CAPESANTE";"02929";"2025-12-09 22:29:00";"-50,75635";"-65,58245";"9,3";"192"
"CAPESANTE";"02929";"2025-12-09 22:36:00";"-50,6617666667";"-65,5448666667";"9,3";"196"
"CAPESANTE";"02929";"2025-12-09 22:44:00";"-50,7934";"-65,5976666667";"9,2";"195"
"CAPESANTE";"02929";"2025-12-09 22:59:00";"-50,8306";"-65,6130166667";"9,3";"194"
"CAPESANTE";"02929";"2025-12-09 23:14:00";"-50,8681666667";"-65,6287666667";"9,4";"194"
"CAPESANTE";"02929";"2025-12-09 23:27:00";"-50,9346666667";"-65,658";"9,4";"197"
"CAPESANTE";"02929";"2025-12-09 23:29:00";"-50,9053833333";"-65,6447333333";"9,3";"193"
"CAPESANTE";"02929";"2025-12-09 23:36:00";"-50,8124";"-65,6054";"9,2";"195"
"CAPESANTE";"02929";"2025-12-09 23:44:00";"-50,9427333333";"-65,66195";"8,5";"196"
"CAPESANTE";"02929";"2025-12-09 23:59:00";"-50,97995";"-65,6800333333";"9,4";"195"
"CAPESANTE";"02929";"2025-12-10 00:14:00";"-51,017";"-65,6991";"9,6";"199"
"CAPESANTE";"02929";"2025-12-10 00:27:00";"-51,0833333333";"-65,7366666667";"9,6";"201"
"CAPESANTE";"02929";"2025-12-10 00:29:00";"-51,0552166667";"-65,72055";"9,3";"200"
"CAPESANTE";"02929";"2025-12-10 00:36:00";"-50,9606166667";"-65,6705666667";"9,3";"196"
"CAPESANTE";"02929";"2025-12-10 00:44:00";"-51,0910166667";"-65,7411833333";"9,4";"199"
"CAPESANTE";"02929";"2025-12-10 00:59:00";"-51,1280666667";"-65,7626166667";"9,5";"200"
"CAPESANTE";"02929";"2025-12-10 01:14:00";"-51,165";"-65,78505";"9,4";"201"
"CAPESANTE";"02929";"2025-12-10 01:27:00";"-51,2313333333";"-65,8266666667";"9,4";"203"
"CAPESANTE";"02929";"2025-12-10 01:29:00";"-51,20195";"-65,8082333333";"9,4";"200"
"CAPESANTE";"02929";"2025-12-10 01:36:00";"-51,1097833333";"-65,7519833333";"9,7";"200"
"CAPESANTE";"02929";"2025-12-10 01:44:00";"-51,23845";"-65,8313333333";"9,6";"198"
"CAPESANTE";"02929";"2025-12-10 01:59:00";"-51,2752666667";"-65,8548166667";"9,3";"201"
"CAPESANTE";"02929";"2025-12-10 02:14:00";"-51,3115833333";"-65,87855";"9,3";"203"
"CAPESANTE";"02929";"2025-12-10 02:27:00";"-51,376";"-65,9213333333";"9,2";"202"
"CAPESANTE";"02929";"2025-12-10 02:29:00";"-51,3476";"-65,9025166667";"9,2";"201"
"CAPESANTE";"02929";"2025-12-10 02:36:00";"-51,2579833333";"-65,8438833333";"9,4";"200"
"CAPESANTE";"02929";"2025-12-10 02:44:00";"-51,38435";"-65,9265833333";"9,2";"202"
"CAPESANTE";"02929";"2025-12-10 02:59:00";"-51,4179666667";"-65,9494";"9,0";"201"
"CAPESANTE";"02929";"2025-12-10 03:14:00";"-51,4520166667";"-65,9728333333";"9,0";"205"
"CAPESANTE";"02929";"2025-12-10 03:27:00";"-51,5133333333";"-66,016";"8,8";"204"
"CAPESANTE";"02929";"2025-12-10 03:29:00";"-51,48575";"-65,9968666667";"9,0";"203"
"CAPESANTE";"02929";"2025-12-10 03:36:00";"-51,4006833333";"-65,9376666667";"9,2";"202"
"CAPESANTE";"02929";"2025-12-10 03:44:00";"-51,51945";"-66,0206166667";"8,9";"204"
"CAPESANTE";"02929";"2025-12-10 03:59:00";"-51,5535333333";"-66,0442333333";"9,1";"203"
"CAPESANTE";"02929";"2025-12-10 04:14:00";"-51,5878833333";"-66,0665333333";"8,7";"200"
"CAPESANTE";"02929";"2025-12-10 04:27:00";"-51,6506666667";"-66,0873333333";"8,6";"185"
"CAPESANTE";"02929";"2025-12-10 04:29:00";"-51,6220666667";"-66,0826833333";"7,5";"185"
"CAPESANTE";"02929";"2025-12-10 04:36:00";"-51,5365";"-66,0325166667";"9,1";"203"
"CAPESANTE";"02929";"2025-12-10 04:44:00";"-51,6571166667";"-66,08805";"8,3";"186"
"CAPESANTE";"02929";"2025-12-10 04:58:00";"-51,6918166667";"-66,0931666667";"8,5";"182"
"CAPESANTE";"02929";"2025-12-10 05:13:00";"-51,72685";"-66,09755";"8,7";"180"
"CAPESANTE";"02929";"2025-12-10 05:27:00";"-51,7906666667";"-66,1053333333";"8,6";"185"
"CAPESANTE";"02929";"2025-12-10 05:28:00";"-51,76225";"-66,1022833333";"8,0";"182"
"CAPESANTE";"02929";"2025-12-10 05:36:00";"-51,6765166667";"-66,0911166667";"8,6";"184"
"CAPESANTE";"02929";"2025-12-10 05:43:00";"-51,7967833333";"-66,1060833333";"8,4";"181"
"CAPESANTE";"02929";"2025-12-10 05:58:00";"-51,8325833333";"-66,1094666667";"9,3";"180"
"CAPESANTE";"02929";"2025-12-10 06:13:00";"-51,8688666667";"-66,1105166667";"8,6";"180"
"CAPESANTE";"02929";"2025-12-10 06:27:00";"-51,9346666667";"-66,1106666667";"9,0";"181"
"CAPESANTE";"02929";"2025-12-10 06:28:00";"-51,9063666667";"-66,1109666667";"9,2";"180"
"CAPESANTE";"02929";"2025-12-10 06:36:00";"-51,81515";"-66,1080833333";"8,5";"185"
"CAPESANTE";"02929";"2025-12-10 06:43:00";"-51,9416";"-66,1104";"8,9";"179"
"CAPESANTE";"02929";"2025-12-10 06:58:00";"-51,97855";"-66,1092166667";"9,1";"175"
"CAPESANTE";"02929";"2025-12-10 07:13:00";"-52,0174";"-66,10635";"8,8";"176"
"CAPESANTE";"02929";"2025-12-10 07:27:00";"-52,084";"-66,0986666667";"9,2";"176"
"CAPESANTE";"02929";"2025-12-10 07:28:00";"-52,0531166667";"-66,1023";"8,9";"177"
"CAPESANTE";"02929";"2025-12-10 07:36:00";"-51,9613166667";"-66,1101166667";"8,9";"178"
"CAPESANTE";"02929";"2025-12-10 07:43:00";"-52,0914166667";"-66,09835";"9,4";"174"
"CAPESANTE";"02929";"2025-12-10 07:58:00";"-52,1286166667";"-66,09405";"9,4";"173"
"CAPESANTE";"02929";"2025-12-10 08:13:00";"-52,16635";"-66,08715";"9,4";"170"
"CAPESANTE";"02929";"2025-12-10 08:27:00";"-52,2353333333";"-66,076";"9,2";"176"
"CAPESANTE";"02929";"2025-12-10 08:28:00";"-52,2039166667";"-66,0809333333";"9,2";"176"
"CAPESANTE";"02929";"2025-12-10 08:36:00";"-52,11295";"-66,0960833333";"8,8";"176"
"CAPESANTE";"02929";"2025-12-10 08:43:00";"-52,2418833333";"-66,0752";"9,9";"176"
"CAPESANTE";"02929";"2025-12-10 08:58:00";"-52,2797833333";"-66,0705333333";"9,8";"176"
"CAPESANTE";"02929";"2025-12-10 09:13:00";"-52,3178333333";"-66,0654833333";"9,5";"178"
"CAPESANTE";"02929";"2025-12-10 09:27:00";"-52,388";"-66,052";"9,2";"172"
"CAPESANTE";"02929";"2025-12-10 09:28:00";"-52,3558833333";"-66,0587";"9,6";"176"
"CAPESANTE";"02929";"2025-12-10 09:36:00";"-52,2640333333";"-66,0723333333";"9,1";"176"
"CAPESANTE";"02929";"2025-12-10 09:43:00";"-52,3951333333";"-66,0502666667";"9,7";"174"
"CAPESANTE";"02929";"2025-12-10 09:58:00";"-52,4326833333";"-66,0421833333";"9,8";"176"
"CAPESANTE";"02929";"2025-12-10 10:13:00";"-52,4718666667";"-66,0347666667";"9,0";"173"
"CAPESANTE";"02929";"2025-12-10 10:27:00";"-52,5406666667";"-66,022";"9,2";"174"
"CAPESANTE";"02929";"2025-12-10 10:28:00";"-52,5090333333";"-66,0281166667";"8,1";"178"
"CAPESANTE";"02929";"2025-12-10 10:36:00";"-52,4152833333";"-66,0456166667";"9,6";"171"
"CAPESANTE";"02929";"2025-12-10 10:43:00";"-52,5471333333";"-66,0213333333";"8,0";"172"
"CAPESANTE";"02929";"2025-12-10 10:58:00";"-52,5843";"-66,0164166667";"9,0";"171"
"CAPESANTE";"02929";"2025-12-10 11:13:00";"-52,6210833333";"-66,01185";"8,8";"176"
"CAPESANTE";"02929";"2025-12-10 11:27:00";"-52,688";"-66,0106666667";"9,0";"181"
"CAPESANTE";"02929";"2025-12-10 11:28:00";"-52,65735";"-66,0099166667";"8,8";"179"
"CAPESANTE";"02929";"2025-12-10 11:36:00";"-52,5691333333";"-66,0181";"9,0";"169"
"CAPESANTE";"02929";"2025-12-10 11:43:00";"-52,6938";"-66,0107";"8,7";"180"
"CAPESANTE";"02929";"2025-12-10 11:58:00";"-52,7298166667";"-66,0121666667";"8,7";"185"
"CAPESANTE";"02929";"2025-12-10 12:13:00";"-52,7652333333";"-66,0151833333";"9,5";"180"
"CAPESANTE";"02929";"2025-12-10 12:27:00";"-52,8286666667";"-66,0153333333";"8,2";"181"
"CAPESANTE";"02929";"2025-12-10 12:28:00";"-52,80175";"-66,01535";"8,3";"181"
"CAPESANTE";"02929";"2025-12-10 12:36:00";"-52,7138666667";"-66,0112333333";"9,1";"182"
"CAPESANTE";"02929";"2025-12-10 12:43:00";"-52,8341";"-66,0155333333";"8,7";"180"
"CAPESANTE";"02929";"2025-12-10 12:58:00";"-52,8691166667";"-66,0166";"8,2";"184"
"CAPESANTE";"02929";"2025-12-10 13:13:00";"-52,9018";"-66,0194166667";"7,6";"184"
"CAPESANTE";"02929";"2025-12-10 13:27:00";"-52,964";"-66,0246666667";"7,8";"172"
"CAPESANTE";"02929";"2025-12-10 13:28:00";"-52,9355166667";"-66,0241666667";"7,5";"184"
"CAPESANTE";"02929";"2025-12-10 13:36:00";"-52,8535833333";"-66,01605";"8,9";"182"
"CAPESANTE";"02929";"2025-12-10 13:43:00";"-52,9685833333";"-66,0237666667";"7,7";"173"
"CAPESANTE";"02929";"2025-12-10 13:58:00";"-53,0009666667";"-66,0152";"8,4";"164"
"CAPESANTE";"02929";"2025-12-10 14:13:00";"-53,0334166667";"-66,00505";"7,8";"168"
"CAPESANTE";"02929";"2025-12-10 14:28:00";"-53,06625";"-65,9978";"8,2";"176"
"CAPESANTE";"02929";"2025-12-10 14:36:00";"-52,9875333333";"-66,01915";"7,7";"170"
"CAPESANTE";"02929";"2025-12-10 14:43:00";"-53,0999833333";"-65,9904166667";"8,6";"175"
"CAPESANTE";"02929";"2025-12-10 14:58:00";"-53,13345";"-65,98205";"9,1";"174"
"CAPESANTE";"02929";"2025-12-10 15:12:00";"-53,1671666667";"-65,9714833333";"9,9";"178"
"CAPESANTE";"02929";"2025-12-10 15:27:00";"-53,2010333333";"-65,9606666667";"8,2";"168"
"CAPESANTE";"02929";"2025-12-10 15:36:00";"-53,1193666667";"-65,98575";"8,1";"170"
"CAPESANTE";"02929";"2025-12-10 15:42:00";"-53,2338833333";"-65,9499";"8,4";"172"
"CAPESANTE";"02929";"2025-12-10 15:57:00";"-53,2677";"-65,9362333333";"8,6";"163"
"CAPESANTE";"02929";"2025-12-10 16:12:00";"-53,30385";"-65,9207833333";"8,5";"168"
"CAPESANTE";"02929";"2025-12-10 16:27:00";"-53,33895";"-65,9057666667";"8,7";"167"
"CAPESANTE";"02929";"2025-12-10 16:36:00";"-53,25335";"-65,9425833333";"8,7";"165"
"CAPESANTE";"02929";"2025-12-10 16:42:00";"-53,37075";"-65,8891833333";"9,0";"160"
"CAPESANTE";"02929";"2025-12-10 16:47:00";"-53,3666666667";"-65,8913333333";"8,6";"161"
"CAPESANTE";"02929";"2025-12-10 16:57:00";"-53,4049333333";"-65,8685";"9,1";"161"
"CAPESANTE";"02929";"2025-12-10 17:12:00";"-53,4401833333";"-65,8472833333";"10,5";"161"
"CAPESANTE";"02929";"2025-12-10 17:27:00";"-53,47605";"-65,8244666667";"9,8";"158"
"CAPESANTE";"02929";"2025-12-10 17:36:00";"-53,39225";"-65,8761166667";"8,9";"164"
"CAPESANTE";"02929";"2025-12-10 17:42:00";"-53,5131833333";"-65,80025";"9,5";"156"
"CAPESANTE";"02929";"2025-12-10 17:57:00";"-53,5503333333";"-65,7764333333";"9,6";"161"
"CAPESANTE";"02929";"2025-12-10 18:12:00";"-53,5880666667";"-65,7516666667";"10,2";"158"
"CAPESANTE";"02929";"2025-12-10 18:27:00";"-53,6275333333";"-65,7233333333";"10,2";"155"
"CAPESANTE";"02929";"2025-12-10 18:36:00";"-53,53535";"-65,7860666667";"9,5";"159"
"CAPESANTE";"02929";"2025-12-10 18:42:00";"-53,6642";"-65,6968333333";"10,1";"156"
"CAPESANTE";"02929";"2025-12-10 18:57:00";"-53,7029666667";"-65,6645";"10,2";"153"
"CAPESANTE";"02929";"2025-12-10 19:12:00";"-53,7412833333";"-65,63015";"11,1";"154"
"CAPESANTE";"02929";"2025-12-10 19:27:00";"-53,7803";"-65,5979666667";"10,0";"157"
"CAPESANTE";"02929";"2025-12-10 19:36:00";"-53,6877166667";"-65,6775666667";"10,7";"154"
"CAPESANTE";"02929";"2025-12-10 19:42:00";"-53,8191166667";"-65,5635166667";"10,6";"151"
"CAPESANTE";"02929";"2025-12-10 19:57:00";"-53,8585";"-65,5293333333";"10,5";"153"
"CAPESANTE";"02929";"2025-12-10 20:12:00";"-53,8969666667";"-65,4935";"10,3";"149"
"CAPESANTE";"02929";"2025-12-10 20:27:00";"-53,9348";"-65,4544333333";"10,5";"145"
"CAPESANTE";"02929";"2025-12-10 20:36:00";"-53,8449666667";"-65,5406666667";"10,4";"149"
"CAPESANTE";"02929";"2025-12-10 20:42:00";"-53,9710666667";"-65,4152166667";"10,3";"150"
"CAPESANTE";"02929";"2025-12-10 20:57:00";"-54,0083666667";"-65,3787833333";"9,5";"152"
"CAPESANTE";"02929";"2025-12-10 21:12:00";"-54,0460833333";"-65,344";"10,4";"151"
"CAPESANTE";"02929";"2025-12-10 21:27:00";"-54,0833";"-65,3064833333";"9,8";"147"
"CAPESANTE";"02929";"2025-12-10 21:36:00";"-53,9937166667";"-65,3925833333";"10,0";"150"
"CAPESANTE";"02929";"2025-12-10 21:42:00";"-54,1194333333";"-65,2711166667";"9,7";"152"
"CAPESANTE";"02929";"2025-12-10 21:57:00";"-54,1521666667";"-65,24125";"8,9";"151"
"CAPESANTE";"02929";"2025-12-10 22:12:00";"-54,1852833333";"-65,2141666667";"9,2";"153"
"CAPESANTE";"02929";"2025-12-10 22:27:00";"-54,2211666667";"-65,1855166667";"9,1";"156"
"CAPESANTE";"02929";"2025-12-10 22:36:00";"-54,1399666667";"-65,2505666667";"8,4";"148"
"CAPESANTE";"02929";"2025-12-10 22:42:00";"-54,25395";"-65,1574333333";"9,7";"151"
"CAPESANTE";"02929";"2025-12-10 22:57:00";"-54,2871833333";"-65,1265166667";"8,8";"153"
"CAPESANTE";"02929";"2025-12-10 23:12:00";"-54,3209666667";"-65,0994";"8,9";"157"
"CAPESANTE";"02929";"2025-12-10 23:27:00";"-54,3534";"-65,07595";"8,4";"158"
"CAPESANTE";"02929";"2025-12-10 23:36:00";"-54,2753333333";"-65,1376333333";"9,3";"146"
"CAPESANTE";"02929";"2025-12-10 23:42:00";"-54,3849166667";"-65,05165";"8,2";"156"
"CAPESANTE";"02929";"2025-12-10 23:57:00";"-54,4162333333";"-65,0306666667";"7,6";"161"
"CAPESANTE";"02929";"2025-12-11 00:12:00";"-54,4466833333";"-65,0105166667";"7,9";"161"
"CAPESANTE";"02929";"2025-12-11 00:27:00";"-54,47745";"-64,9917666667";"7,2";"159"
"CAPESANTE";"02929";"2025-12-11 00:36:00";"-54,4050333333";"-65,0381833333";"8,2";"155"
"CAPESANTE";"02929";"2025-12-11 00:42:00";"-54,5039666667";"-64,9760666667";"6,3";"152"
"CAPESANTE";"02929";"2025-12-11 00:57:00";"-54,52945";"-64,962";"5,9";"161"
"CAPESANTE";"02929";"2025-12-11 01:11:00";"-54,5546666667";"-64,94945";"6,2";"161"
"CAPESANTE";"02929";"2025-12-11 01:26:00";"-54,57925";"-64,94495";"5,9";"180"
"CAPESANTE";"02929";"2025-12-11 01:27:00";"-54,6";"-64,9473333333";"4,8";"179"
"CAPESANTE";"02929";"2025-12-11 01:36:00";"-54,5205";"-64,96695";"6,3";"169"
"CAPESANTE";"02929";"2025-12-11 01:41:00";"-54,6009333333";"-64,9475666667";"5,1";"180"
"CAPESANTE";"02929";"2025-12-11 01:56:00";"-54,6203333333";"-64,9486166667";"9,6";"177"
"CAPESANTE";"02929";"2025-12-11 02:11:00";"-54,6418333333";"-64,9509";"5,4";"184"
"CAPESANTE";"02929";"2025-12-11 02:26:00";"-54,6661666667";"-64,9512166667";"6,8";"171"
"CAPESANTE";"02929";"2025-12-11 02:28:00";"-54,6913333333";"-64,9493333333";"6,8";"180"
"CAPESANTE";"02929";"2025-12-11 02:36:00";"-54,61405";"-64,94815";"4,2";"195"
"CAPESANTE";"02929";"2025-12-11 02:41:00";"-54,6930666667";"-64,9497333333";"6,9";"188"
"CAPESANTE";"02929";"2025-12-11 02:56:00";"-54,7223";"-64,9623166667";"7,7";"203"
"CAPESANTE";"02929";"2025-12-11 03:11:00";"-54,753";"-64,9841666667";"8,3";"203"
"CAPESANTE";"02929";"2025-12-11 03:26:00";"-54,78505";"-65,0103";"8,9";"206"
"CAPESANTE";"02929";"2025-12-11 03:27:00";"-54,8166666667";"-65,0406666667";"9,6";"210"
"CAPESANTE";"02929";"2025-12-11 03:36:00";"-54,7122";"-64,9572333333";"7,1";"194"
"CAPESANTE";"02929";"2025-12-11 03:41:00";"-54,81845";"-65,04225";"9,2";"209"
"CAPESANTE";"02929";"2025-12-11 03:56:00";"-54,854";"-65,0758";"9,4";"209"
"CAPESANTE";"02929";"2025-12-11 04:11:00";"-54,8874";"-65,1039";"9,1";"205"
"CAPESANTE";"02929";"2025-12-11 04:26:00";"-54,91975";"-65,1287";"7,6";"215"
"CAPESANTE";"02929";"2025-12-11 04:27:00";"-54,942";"-65,1606666667";"7,2";"218"
"CAPESANTE";"02929";"2025-12-11 04:36:00";"-54,8410333333";"-65,0639333333";"9,5";"210"
"CAPESANTE";"02929";"2025-12-11 04:41:00";"-54,9427333333";"-65,1619833333";"6,8";"224"
"CAPESANTE";"02929";"2025-12-11 04:56:00";"-54,9635166667";"-65,1985";"6,8";"227"
"CAPESANTE";"02929";"2025-12-11 05:11:00";"-54,9754833333";"-65,2426166667";"6,8";"245"
"CAPESANTE";"02929";"2025-12-11 05:26:00";"-54,98775";"-65,2864166667";"6,6";"245"
"CAPESANTE";"02929";"2025-12-11 05:27:00";"-54,9953333333";"-65,33";"6,6";"256"
"CAPESANTE";"02929";"2025-12-11 05:36:00";"-54,9581";"-65,1876166667";"7,1";"227"
"CAPESANTE";"02929";"2025-12-11 05:41:00";"-54,99585";"-65,3312833333";"6,4";"256"
"CAPESANTE";"02929";"2025-12-11 05:56:00";"-55,0027166667";"-65,3780333333";"6,8";"257"
"CAPESANTE";"02929";"2025-12-11 06:11:00";"-55,0074833333";"-65,4242";"6,4";"255"
"CAPESANTE";"02929";"2025-12-11 06:26:00";"-55,0128166667";"-65,4704666667";"6,5";"254"
"CAPESANTE";"02929";"2025-12-11 06:28:00";"-55,0186666667";"-65,514";"6,6";"255"
"CAPESANTE";"02929";"2025-12-11 06:36:00";"-55,0005666667";"-65,3624666667";"6,5";"257"
"CAPESANTE";"02929";"2025-12-11 06:41:00";"-55,0190166667";"-65,5145166667";"6,6";"252"
"CAPESANTE";"02929";"2025-12-11 06:56:00";"-55,02515";"-65,5599666667";"6,3";"256"
"CAPESANTE";"02929";"2025-12-11 07:11:00";"-55,0310666667";"-65,6055666667";"6,6";"257"
"CAPESANTE";"02929";"2025-12-11 07:26:00";"-55,0366333333";"-65,6536833333";"7,2";"260"
"CAPESANTE";"02929";"2025-12-11 07:27:00";"-55,0413333333";"-65,7026666667";"7,0";"259"
"CAPESANTE";"02929";"2025-12-11 07:36:00";"-55,0233166667";"-65,5453333333";"6,4";"256"
"CAPESANTE";"02929";"2025-12-11 07:41:00";"-55,0415166667";"-65,70305";"6,7";"263"
"CAPESANTE";"02929";"2025-12-11 07:56:00";"-55,0456333333";"-65,7533166667";"7,3";"265"
"CAPESANTE";"02929";"2025-12-11 08:11:00";"-55,0482333333";"-65,8055";"7,1";"264"
"CAPESANTE";"02929";"2025-12-11 08:26:00";"-55,0499";"-65,8587666667";"7,7";"267"
"CAPESANTE";"02929";"2025-12-11 08:27:00";"-55,0513333333";"-65,914";"7,8";"269"
"CAPESANTE";"02929";"2025-12-11 08:36:00";"-55,0447";"-65,7392166667";"7,0";"261"
"CAPESANTE";"02929";"2025-12-11 08:41:00";"-55,0514833333";"-65,9139";"7,6";"266"
"CAPESANTE";"02929";"2025-12-11 08:56:00";"-55,05295";"-65,9723";"8,0";"268"
"CAPESANTE";"02929";"2025-12-11 09:11:00";"-55,0561666667";"-66,0291666667";"8,2";"264"
"CAPESANTE";"02929";"2025-12-11 09:26:00";"-55,0609";"-66,0876166667";"8,1";"261"
"CAPESANTE";"02929";"2025-12-11 09:27:00";"-55,066";"-66,1466666667";"8,4";"264"
"CAPESANTE";"02929";"2025-12-11 09:36:00";"-55,05245";"-65,9552833333";"7,8";"266"
"CAPESANTE";"02929";"2025-12-11 09:41:00";"-55,0658166667";"-66,1464833333";"8,4";"265"
"CAPESANTE";"02929";"2025-12-11 09:56:00";"-55,0705333333";"-66,2070166667";"9,3";"260"
"CAPESANTE";"02929";"2025-12-11 10:11:00";"-55,0770333333";"-66,2675666667";"9,3";"257"
"CAPESANTE";"02929";"2025-12-11 10:26:00";"-55,0849666667";"-66,3291166667";"9,0";"257"
"CAPESANTE";"02929";"2025-12-11 10:27:00";"-55,0913333333";"-66,3926666667";"9,0";"259"
"CAPESANTE";"02929";"2025-12-11 10:36:00";"-55,0687833333";"-66,1884833333";"8,4";"259"
"CAPESANTE";"02929";"2025-12-11 10:41:00";"-55,0912";"-66,3918833333";"8,9";"260"
"CAPESANTE";"02929";"2025-12-11 10:56:00";"-55,09665";"-66,4548833333";"9,0";"270"
"CAPESANTE";"02929";"2025-12-11 11:11:00";"-55,0966166667";"-66,5184666667";"8,9";"273"
"CAPESANTE";"02929";"2025-12-11 11:25:00";"-55,0828833333";"-66,5767166667";"8,5";"300"
"CAPESANTE";"02929";"2025-12-11 11:36:00";"-55,0957833333";"-66,43615";"8,6";"264"
"CAPESANTE";"02929";"2025-12-11 11:40:00";"-55,0648";"-66,6247";"5,7";"307"
"CAPESANTE";"02929";"2025-12-11 11:55:00";"-55,05405";"-66,6540166667";"4,8";"303"
"CAPESANTE";"02929";"2025-12-11 12:10:00";"-55,04495";"-66,6793";"3,7";"301"
"CAPESANTE";"02929";"2025-12-11 12:25:00";"-55,0381";"-66,6989833333";"3,1";"304"
"CAPESANTE";"02929";"2025-12-11 12:27:00";"-55,0306666667";"-66,7186666667";"3,2";"303"
"CAPESANTE";"02929";"2025-12-11 12:36:00";"-55,0566666667";"-66,6467166667";"4,9";"301"
"CAPESANTE";"02929";"2025-12-11 12:40:00";"-55,0309333333";"-66,71775";"3,2";"300"
"CAPESANTE";"02929";"2025-12-11 12:55:00";"-55,0241666667";"-66,7377333333";"3,2";"302"
"CAPESANTE";"02929";"2025-12-11 13:10:00";"-55,0162166667";"-66,75645";"3,3";"306"
"CAPESANTE";"02929";"2025-12-11 13:25:00";"-55,0076666667";"-66,7756333333";"3,5";"309"
"CAPESANTE";"02929";"2025-12-11 13:27:00";"-54,9986666667";"-66,7946666667";"3,0";"311"
"CAPESANTE";"02929";"2025-12-11 13:36:00";"-55,0262166667";"-66,7322333333";"3,1";"299"
"CAPESANTE";"02929";"2025-12-11 13:40:00";"-54,9992833333";"-66,7938166667";"3,0";"310"
"CAPESANTE";"02929";"2025-12-11 13:55:00";"-54,9822166667";"-66,8370333333";"8,3";"302"
"CAPESANTE";"02929";"2025-12-11 14:10:00";"-54,96665";"-66,8872";"8,4";"298"
"CAPESANTE";"02929";"2025-12-11 14:25:00";"-54,9525833333";"-66,9432666667";"8,2";"283"
"CAPESANTE";"02929";"2025-12-11 14:27:00";"-54,9433333333";"-67,0006666667";"8,2";"284"
"CAPESANTE";"02929";"2025-12-11 14:36:00";"-54,9881";"-66,8213333333";"8,4";"302"
"CAPESANTE";"02929";"2025-12-11 14:40:00";"-54,9435833333";"-66,9985166667";"8,2";"283"
"CAPESANTE";"02929";"2025-12-11 14:55:00";"-54,9347";"-67,0544166667";"8,1";"282"
"CAPESANTE";"02929";"2025-12-11 15:10:00";"-54,9277333333";"-67,1126333333";"7,8";"280"
"CAPESANTE";"02929";"2025-12-11 15:25:00";"-54,9214166667";"-67,1704";"8,1";"279"
"CAPESANTE";"02929";"2025-12-11 15:27:00";"-54,916";"-67,2306666667";"8,0";"276"
"CAPESANTE";"02929";"2025-12-11 15:36:00";"-54,9367333333";"-67,04175";"8,1";"286"
"CAPESANTE";"02929";"2025-12-11 15:40:00";"-54,9162833333";"-67,2288166667";"7,9";"276"
"CAPESANTE";"02929";"2025-12-11 15:55:00";"-54,91305";"-67,2860166667";"8,3";"274"
"CAPESANTE";"02929";"2025-12-11 16:10:00";"-54,9133166667";"-67,3431666667";"7,9";"264"
"CAPESANTE";"02929";"2025-12-11 16:25:00";"-54,9163166667";"-67,4007666667";"8,5";"265"
"CAPESANTE";"02929";"2025-12-11 16:27:00";"-54,92";"-67,4653333333";"8,6";"255"
"CAPESANTE";"02929";"2025-12-11 16:36:00";"-54,9139666667";"-67,27055";"8,3";"276"
"CAPESANTE";"02929";"2025-12-11 16:40:00";"-54,9197";"-67,4624";"8,6";"257"
"CAPESANTE";"02929";"2025-12-11 16:55:00";"-54,9185";"-67,52455";"8,8";"290"
"CAPESANTE";"02929";"2025-12-11 17:10:00";"-54,9018333333";"-67,5829166667";"9,4";"292"
"CAPESANTE";"02929";"2025-12-11 17:25:00";"-54,8973333333";"-67,6491333333";"8,7";"274"
"CAPESANTE";"02929";"2025-12-11 17:27:00";"-54,8953333333";"-67,714";"8,8";"272"
"CAPESANTE";"02929";"2025-12-11 17:36:00";"-54,9212166667";"-67,5098833333";"8,6";"281"
"CAPESANTE";"02929";"2025-12-11 17:40:00";"-54,8956";"-67,7103";"9,0";"271"
"CAPESANTE";"02929";"2025-12-11 17:55:00";"-54,8931166667";"-67,7722";"8,5";"276"
"CAPESANTE";"02929";"2025-12-11 18:10:00";"-54,8890166667";"-67,83515";"8,8";"275"
"CAPESANTE";"02929";"2025-12-11 18:25:00";"-54,8831333333";"-67,89405";"7,8";"277"
"CAPESANTE";"02929";"2025-12-11 18:27:00";"-54,8766666667";"-67,9513333333";"7,6";"280"
"CAPESANTE";"02929";"2025-12-11 18:36:00";"-54,89385";"-67,7589166667";"8,5";"275"
"CAPESANTE";"02929";"2025-12-11 18:40:00";"-54,8774";"-67,9474833333";"7,7";"281"
"CAPESANTE";"02929";"2025-12-11 18:55:00";"-54,8703";"-67,9984833333";"7,2";"286"
"CAPESANTE";"02929";"2025-12-11 19:10:00";"-54,8607";"-68,0496666667";"7,5";"289"
"CAPESANTE";"02929";"2025-12-11 19:25:00";"-54,85215";"-68,0921833333";"6,2";"286"
"CAPESANTE";"02929";"2025-12-11 19:27:00";"-54,8433333333";"-68,1346666667";"5,6";"290"
"CAPESANTE";"02929";"2025-12-11 19:36:00";"-54,87215";"-67,9860166667";"7,2";"284"
"CAPESANTE";"02929";"2025-12-11 19:40:00";"-54,8442166667";"-68,1316666667";"4,9";"287"
"CAPESANTE";"02929";"2025-12-11 19:55:00";"-54,8361";"-68,1671333333";"4,7";"290"
"CAPESANTE";"02929";"2025-12-11 20:10:00";"-54,828";"-68,2013";"5,9";"294"
"CAPESANTE";"02929";"2025-12-11 20:25:00";"-54,8221166667";"-68,2241666667";"2,5";"294"
"CAPESANTE";"02929";"2025-12-11 20:27:00";"-54,818";"-68,24";"2,4";"301"
"CAPESANTE";"02929";"2025-12-11 20:36:00";"-54,83775";"-68,16015";"4,7";"291"
"CAPESANTE";"02929";"2025-12-11 20:40:00";"-54,8182";"-68,2391333333";"2,3";"304"
"CAPESANTE";"02929";"2025-12-11 20:55:00";"-54,8135666667";"-68,2530166667";"1,2";"297"
"CAPESANTE";"02929";"2025-12-11 21:10:00";"-54,8120666667";"-68,2636166667";"1,5";"283"
"CAPESANTE";"02929";"2025-12-11 21:25:00";"-54,8123166667";"-68,2668166667";"1,0";"112"
"CAPESANTE";"02929";"2025-12-11 21:27:00";"-54,8146666667";"-68,2613333333";"1,0";"156"
"CAPESANTE";"02929";"2025-12-11 21:36:00";"-54,8138833333";"-68,2512833333";"1,6";"286"
"CAPESANTE";"02929";"2025-12-11 21:39:00";"-54,8141166667";"-68,2611666667";"1,1";"186"
"CAPESANTE";"02929";"2025-12-11 21:54:00";"-54,8161666667";"-68,2571333333";"0,2";"0"
"CAPESANTE";"02929";"2025-12-11 22:09:00";"-54,8146666667";"-68,2599";"5,7";"287"
"CAPESANTE";"02929";"2025-12-11 22:24:00";"-54,8101";"-68,2927";"2,2";"269"
"CAPESANTE";"02929";"2025-12-11 22:27:00";"-54,81";"-68,2993333333";"0,2";"233"
"CAPESANTE";"02929";"2025-12-11 22:36:00";"-54,8160666667";"-68,2579166667";"0,6";"114"
"CAPESANTE";"02929";"2025-12-11 22:39:00";"-54,8099";"-68,2994166667";"0,3";"0"
"CAPESANTE";"02929";"2025-12-11 22:54:00";"-54,8098";"-68,29925";"0,1";"0"
"CAPESANTE";"02929";"2025-12-11 23:09:00";"-54,8098833333";"-68,2992666667";"2,4";"250"
"CAPESANTE";"02929";"2025-12-11 23:24:00";"-54,8099";"-68,2991333333";"4,1";"89"
"CAPESANTE";"02929";"2025-12-11 23:27:00";"-54,81";"-68,2993333333";"0,0";"34"
"CAPESANTE";"02929";"2025-12-11 23:36:00";"-54,8099";"-68,29925";"0,0";"0"
"CAPESANTE";"02929";"2025-12-11 23:39:00";"-54,8099333333";"-68,2991833333";"0,1";"0"
"CAPESANTE";"02929";"2025-12-11 23:54:00";"-54,8098666667";"-68,2990666667";"0,0";"0"
"CAPESANTE";"02929";"2025-12-12 00:09:00";"-54,8098666667";"-68,2991333333";"0,1";"0"
"CAPESANTE";"02929";"2025-12-12 00:24:00";"-54,8099";"-68,2993";"0,1";"196"
"CAPESANTE";"02929";"2025-12-12 00:27:00";"-54,81";"-68,2993333333";"0,2";"193"
"CAPESANTE";"02929";"2025-12-12 00:36:00";"-54,8099333333";"-68,2992333333";"0,0";"24"
"CAPESANTE";"02929";"2025-12-12 00:39:00";"-54,8099333333";"-68,2991833333";"0,1";"0"
"CAPESANTE";"02929";"2025-12-12 00:54:00";"-54,8098666667";"-68,29905";"0,0";"0"
"CAPESANTE";"02929";"2025-12-12 01:09:00";"-54,8099";"-68,2991";"0,3";"173"
"CAPESANTE";"02929";"2025-12-12 01:24:00";"-54,8099166667";"-68,2992166667";"0,1";"96"
"CAPESANTE";"02929";"2025-12-12 01:27:00";"-54,81";"-68,2993333333";"0,0";"34"
"CAPESANTE";"02929";"2025-12-12 01:36:00";"-54,8098666667";"-68,29925";"0,0";"0"
"CAPESANTE";"02929";"2025-12-12 01:39:00";"-54,8098833333";"-68,2991333333";"0,0";"27"
"CAPESANTE";"02929";"2025-12-12 01:54:00";"-54,8099";"-68,2991333333";"0,0";"0"
"CAPESANTE";"02929";"2025-12-12 02:09:00";"-54,8098833333";"-68,2991166667";"0,1";"0"
"CAPESANTE";"02929";"2025-12-12 02:24:00";"-54,8098666667";"-68,2990833333";"0,1";"144"
"CAPESANTE";"02929";"2025-12-12 02:27:00";"-54,81";"-68,2993333333";"0,0";"102"
"CAPESANTE";"02929";"2025-12-12 02:36:00";"-54,80995";"-68,2991666667";"0,0";"0"
"CAPESANTE";"02929";"2025-12-12 02:39:00";"-54,8098666667";"-68,2991333333";"0,0";"0"
"CAPESANTE";"02929";"2025-12-12 02:54:00";"-54,8099";"-68,29915";"2,4";"186"
"CAPESANTE";"02929";"2025-12-12 03:09:00";"-54,80985";"-68,2991333333";"0,0";"0"
"CAPESANTE";"02929";"2025-12-12 03:24:00";"-54,8099166667";"-68,2991666667";"0,1";"228"
"CAPESANTE";"02929";"2025-12-12 03:27:00";"-54,81";"-68,2993333333";"0,0";"173"
"CAPESANTE";"02929";"2025-12-12 03:36:00";"-54,8099";"-68,2992";"0,0";"0"
"CAPESANTE";"02929";"2025-12-12 03:39:00";"-54,8099";"-68,2991166667";"0,1";"30"
"CAPESANTE";"02929";"2025-12-12 03:54:00";"-54,8099333333";"-68,29915";"0,1";"0"
"CAPESANTE";"02929";"2025-12-12 04:09:00";"-54,81";"-68,2993";"0,2";"171"
"CAPESANTE";"02929";"2025-12-12 04:24:00";"-54,8099";"-68,2990333333";"0,1";"0"
"CAPESANTE";"02929";"2025-12-12 04:27:00";"-54,81";"-68,2993333333";"0,0";"101"
"CAPESANTE";"02929";"2025-12-12 04:36:00";"-54,80995";"-68,2991666667";"0,0";"0"
"CAPESANTE";"02929";"2025-12-12 04:39:00";"-54,8100333333";"-68,2992833333";"0,3";"30"
"CAPESANTE";"02929";"2025-12-12 04:54:00";"-54,8098666667";"-68,2992";"0,1";"218"
"CAPESANTE";"02929";"2025-12-12 05:09:00";"-54,8095";"-68,2990166667";"0,0";"0"
"CAPESANTE";"02929";"2025-12-12 05:24:00";"-54,8099166667";"-68,2991";"0,1";"39"
"CAPESANTE";"02929";"2025-12-12 05:27:00";"-54,81";"-68,2993333333";"0,0";"315"
"CAPESANTE";"02929";"2025-12-12 05:36:00";"-54,8099666667";"-68,29925";"0,0";"0"
"CAPESANTE";"02929";"2025-12-12 05:39:00";"-54,8099166667";"-68,2991";"0,1";"0"
"CAPESANTE";"02929";"2025-12-12 05:54:00";"-54,8098833333";"-68,29905";"0,0";"0"
"CAPESANTE";"02929";"2025-12-12 06:09:00";"-54,8098166667";"-68,2990833333";"0,2";"9"
"CAPESANTE";"02929";"2025-12-12 06:24:00";"-54,8099";"-68,2991166667";"0,0";"0"
"CAPESANTE";"02929";"2025-12-12 06:27:00";"-54,81";"-68,2993333333";"0,2";"231"
"CAPESANTE";"02929";"2025-12-12 06:36:00";"-54,8099";"-68,2991833333";"0,0";"0"
"CAPESANTE";"02929";"2025-12-12 06:39:00";"-54,8098666667";"-68,2990666667";"0,1";"0"
"CAPESANTE";"02929";"2025-12-12 06:54:00";"-54,8098666667";"-68,2991166667";"0,0";"0"
"CAPESANTE";"02929";"2025-12-12 07:09:00";"-54,8098333333";"-68,2991";"0,1";"0"
"CAPESANTE";"02929";"2025-12-12 07:24:00";"-54,80995";"-68,2991166667";"0,1";"0"
"CAPESANTE";"02929";"2025-12-12 07:27:00";"-54,81";"-68,2993333333";"0,0";"347"
"CAPESANTE";"02929";"2025-12-12 07:36:00";"-54,8099333333";"-68,29915";"0,0";"0"
"CAPESANTE";"02929";"2025-12-12 07:38:00";"-54,8099166667";"-68,2992";"0,1";"0"
"CAPESANTE";"02929";"2025-12-12 07:53:00";"-54,8098666667";"-68,2990333333";"0,0";"0"
"CAPESANTE";"02929";"2025-12-12 08:08:00";"-54,8099166667";"-68,2991333333";"0,1";"218"
"CAPESANTE";"02929";"2025-12-12 08:23:00";"-54,80995";"-68,2992166667";"0,1";"0"
"CAPESANTE";"02929";"2025-12-12 08:27:00";"-54,81";"-68,2993333333";"0,0";"313"
"CAPESANTE";"02929";"2025-12-12 08:36:00";"-54,8099333333";"-68,2991833333";"0,0";"0"
"CAPESANTE";"02929";"2025-12-12 08:38:00";"-54,8099166667";"-68,2991666667";"0,0";"0"
"CAPESANTE";"02929";"2025-12-12 08:53:00";"-54,8098833333";"-68,29915";"0,1";"0"
"CAPESANTE";"02929";"2025-12-12 09:08:00";"-54,8098833333";"-68,2990666667";"0,0";"0"
"CAPESANTE";"02929";"2025-12-12 09:23:00";"-54,8099166667";"-68,2991333333";"1,9";"0"
"CAPESANTE";"02929";"2025-12-12 09:27:00";"-54,81";"-68,2993333333";"0,0";"287"
"CAPESANTE";"02929";"2025-12-12 09:36:00";"-54,8098";"-68,2988833333";"0,0";"0"
"CAPESANTE";"02929";"2025-12-12 09:38:00";"-54,8099666667";"-68,2991333333";"0,1";"0"
"CAPESANTE";"02929";"2025-12-12 09:53:00";"-54,8099166667";"-68,2991666667";"0,1";"0"
"CAPESANTE";"02929";"2025-12-12 10:08:00";"-54,8099666667";"-68,29915";"0,0";"0"
"CAPESANTE";"02929";"2025-12-12 10:23:00";"-54,8098666667";"-68,2992";"1,9";"163"
"CAPESANTE";"02929";"2025-12-12 10:27:00";"-54,81";"-68,2993333333";"0,0";"186"
"CAPESANTE";"02929";"2025-12-12 10:36:00";"-54,8098833333";"-68,29935";"0,0";"0"
"CAPESANTE";"02929";"2025-12-12 10:38:00";"-54,8099333333";"-68,2991166667";"0,1";"0"
"CAPESANTE";"02929";"2025-12-12 10:53:00";"-54,8099";"-68,2991166667";"0,1";"0"
"CAPESANTE";"02929";"2025-12-12 11:08:00";"-54,8099333333";"-68,29915";"0,1";"0"
"CAPESANTE";"02929";"2025-12-12 11:23:00";"-54,8099333333";"-68,2991833333";"0,0";"0"
"CAPESANTE";"02929";"2025-12-12 11:36:00";"-54,8099333333";"-68,2991833333";"0,0";"0"
"CAPESANTE";"02929";"2025-12-12 11:38:00";"-54,8098833333";"-68,2991333333";"0,0";"0"
"CAPESANTE";"02929";"2025-12-12 11:53:00";"-54,8099";"-68,2991";"0,0";"0"
"CAPESANTE";"02929";"2025-12-12 12:08:00";"-54,8099166667";"-68,2990833333";"0,2";"0"
"CAPESANTE";"02929";"2025-12-12 12:23:00";"-54,8099";"-68,2991166667";"0,0";"219"
"CAPESANTE";"02929";"2025-12-12 12:27:00";"-54,81";"-68,2993333333";"0,0";"86"
"CAPESANTE";"02929";"2025-12-12 12:36:00";"-54,8099333333";"-68,29915";"0,0";"0"
"CAPESANTE";"02929";"2025-12-12 12:38:00";"-54,8099333333";"-68,2990166667";"0,1";"0"
"CAPESANTE";"02929";"2025-12-12 12:53:00";"-54,8099166667";"-68,2989833333";"0,0";"0"
"CAPESANTE";"02929";"2025-12-12 13:08:00";"-54,8099333333";"-68,2991333333";"0,1";"0"
"CAPESANTE";"02929";"2025-12-12 13:23:00";"-54,8099";"-68,2991666667";"0,1";"0"
"CAPESANTE";"02929";"2025-12-12 13:27:00";"-54,81";"-68,2993333333";"0,0";"180"
"CAPESANTE";"02929";"2025-12-12 13:36:00";"-54,8098666667";"-68,2991166667";"0,1";"0"
"CAPESANTE";"02929";"2025-12-12 13:38:00";"-54,8099";"-68,2991166667";"0,1";"0"
"CAPESANTE";"02929";"2025-12-12 13:53:00";"-54,80985";"-68,2990333333";"0,0";"0"
"CAPESANTE";"02929";"2025-12-12 14:08:00";"-54,8099666667";"-68,2994";"0,1";"164"
"CAPESANTE";"02929";"2025-12-12 14:23:00";"-54,8099";"-68,29915";"0,0";"42"
"CAPESANTE";"02929";"2025-12-12 14:27:00";"-54,81";"-68,2993333333";"0,0";"215"
"CAPESANTE";"02929";"2025-12-12 14:36:00";"-54,8099333333";"-68,2991833333";"0,0";"0"
"CAPESANTE";"02929";"2025-12-12 14:38:00";"-54,8099";"-68,2992666667";"0,0";"249"
"CAPESANTE";"02929";"2025-12-12 14:53:00";"-54,8099166667";"-68,2992";"0,1";"0"
"CAPESANTE";"02929";"2025-12-12 15:08:00";"-54,8098833333";"-68,2990333333";"0,1";"255"
"CAPESANTE";"02929";"2025-12-12 15:23:00";"-54,8099666667";"-68,29925";"0,1";"0"
"CAPESANTE";"02929";"2025-12-12 15:27:00";"-54,81";"-68,2993333333";"0,0";"70"
"CAPESANTE";"02929";"2025-12-12 15:36:00";"-54,8099333333";"-68,2992";"0,0";"0"
"CAPESANTE";"02929";"2025-12-12 15:38:00";"-54,8099";"-68,2989833333";"0,0";"0"
"CAPESANTE";"02929";"2025-12-12 15:53:00";"-54,8099333333";"-68,2993666667";"0,0";"0"
"CAPESANTE";"02929";"2025-12-12 16:08:00";"-54,8099333333";"-68,2991666667";"0,0";"0"
"CAPESANTE";"02929";"2025-12-12 16:23:00";"-54,8099333333";"-68,2991666667";"0,1";"112"
"CAPESANTE";"02929";"2025-12-12 16:27:00";"-54,81";"-68,2993333333";"0,0";"244"
"CAPESANTE";"02929";"2025-12-12 16:36:00";"-54,8099333333";"-68,2992333333";"0,1";"0"
"CAPESANTE";"02929";"2025-12-12 16:38:00";"-54,8099166667";"-68,2991666667";"0,0";"0"
"CAPESANTE";"02929";"2025-12-12 16:53:00";"-54,8099833333";"-68,2991666667";"0,1";"0"
"CAPESANTE";"02929";"2025-12-12 17:08:00";"-54,8098666667";"-68,29915";"1,0";"196"
"CAPESANTE";"02929";"2025-12-12 17:23:00";"-54,8099166667";"-68,2992166667";"0,0";"0"
"CAPESANTE";"02929";"2025-12-12 17:27:00";"-54,81";"-68,2993333333";"0,0";"196"
"CAPESANTE";"02929";"2025-12-12 17:36:00";"-54,8099";"-68,2991333333";"0,0";"0"
"CAPESANTE";"02929";"2025-12-12 17:38:00";"-54,8099333333";"-68,2991833333";"0,0";"0"
"CAPESANTE";"02929";"2025-12-12 17:52:00";"-54,8098833333";"-68,29915";"0,1";"0"
"CAPESANTE";"02929";"2025-12-12 18:07:00";"-54,80995";"-68,2992166667";"0,0";"0"
"CAPESANTE";"02929";"2025-12-12 18:22:00";"-54,81";"-68,2991833333";"0,1";"0"
"CAPESANTE";"02929";"2025-12-12 18:27:00";"-54,81";"-68,2993333333";"0,0";"215"
"CAPESANTE";"02929";"2025-12-12 18:36:00";"-54,8099333333";"-68,2991666667";"0,0";"0"
"CAPESANTE";"02929";"2025-12-12 18:37:00";"-54,8099";"-68,2991166667";"0,0";"0"
"CAPESANTE";"02929";"2025-12-12 18:52:00";"-54,8099666667";"-68,29915";"0,0";"138"
"CAPESANTE";"02929";"2025-12-12 19:07:00";"-54,8099";"-68,2991333333";"0,2";"222"
"CAPESANTE";"02929";"2025-12-12 19:22:00";"-54,8099666667";"-68,2991833333";"0,1";"0"
"CAPESANTE";"02929";"2025-12-12 19:27:00";"-54,81";"-68,2993333333";"0,0";"274"
"CAPESANTE";"02929";"2025-12-12 19:36:00";"-54,8098833333";"-68,2991166667";"0,2";"0"
"CAPESANTE";"02929";"2025-12-12 19:37:00";"-54,80995";"-68,29925";"0,1";"0"
"CAPESANTE";"02929";"2025-12-12 19:52:00";"-54,8099166667";"-68,2992333333";"0,1";"0"
"CAPESANTE";"02929";"2025-12-12 20:07:00";"-54,8099333333";"-68,29925";"0,7";"80"
"CAPESANTE";"02929";"2025-12-12 20:22:00";"-54,8098833333";"-68,2991166667";"0,0";"0"
"CAPESANTE";"02929";"2025-12-12 20:27:00";"-54,81";"-68,2993333333";"0,2";"356"
"CAPESANTE";"02929";"2025-12-12 20:36:00";"-54,8099666667";"-68,2992333333";"0,1";"0"
"CAPESANTE";"02929";"2025-12-12 20:37:00";"-54,8099333333";"-68,2991166667";"0,0";"0"
"CAPESANTE";"02929";"2025-12-12 20:52:00";"-54,8099333333";"-68,2992";"2,3";"11"
"CAPESANTE";"02929";"2025-12-12 21:07:00";"-54,8099166667";"-68,29915";"0,1";"69"
"CAPESANTE";"02929";"2025-12-12 21:22:00";"-54,80985";"-68,2991";"0,3";"0"
"CAPESANTE";"02929";"2025-12-12 21:27:00";"-54,81";"-68,2993333333";"0,0";"239"
"CAPESANTE";"02929";"2025-12-12 21:36:00";"-54,8099166667";"-68,29915";"0,0";"0"
"CAPESANTE";"02929";"2025-12-12 21:37:00";"-54,8099166667";"-68,2992";"0,2";"0"
"CAPESANTE";"02929";"2025-12-12 21:52:00";"-54,8099333333";"-68,2992166667";"0,0";"0"
"CAPESANTE";"02929";"2025-12-12 22:07:00";"-54,80975";"-68,2992";"0,2";"186"
"CAPESANTE";"02929";"2025-12-12 22:22:00";"-54,8098833333";"-68,2992666667";"0,0";"190"
"CAPESANTE";"02929";"2025-12-12 22:27:00";"-54,81";"-68,2993333333";"0,0";"320"
"CAPESANTE";"02929";"2025-12-12 22:36:00";"-54,8099666667";"-68,2991666667";"0,0";"0"
"CAPESANTE";"02929";"2025-12-12 22:37:00";"-54,8099";"-68,2991833333";"0,2";"143"
"CAPESANTE";"02929";"2025-12-12 22:52:00";"-54,80995";"-68,29925";"0,0";"334"
"CAPESANTE";"02929";"2025-12-12 23:07:00";"-54,80985";"-68,2992";"0,2";"0"
"CAPESANTE";"02929";"2025-12-12 23:22:00";"-54,8099";"-68,2991333333";"0,1";"37"
"CAPESANTE";"02929";"2025-12-12 23:27:00";"-54,81";"-68,2993333333";"0,0";"42"
"CAPESANTE";"02929";"2025-12-12 23:36:00";"-54,80995";"-68,2992";"0,0";"0"
"CAPESANTE";"02929";"2025-12-12 23:37:00";"-54,8097666667";"-68,2989833333";"0,0";"219"
"CAPESANTE";"02929";"2025-12-12 23:52:00";"-54,8099333333";"-68,2992666667";"0,1";"0"
