"Buque";"Matricula";"Fecha";"Latitud";"Longitud";"Velocidad";"Rumbo"
"MISS TIDE";"02439";"2025-11-10 00:06:00";"-38,0463333333";"-57,538";"0,0";"25"
"MISS TIDE";"02439";"2025-11-10 00:21:00";"-38,0461666667";"-57,538";"0,0";"155"
"MISS TIDE";"02439";"2025-11-10 00:36:00";"-38,0463333333";"-57,538";"0,0";"155"
"MISS TIDE";"02439";"2025-11-10 00:51:00";"-38,0463333333";"-57,538";"0,0";"310"
"MISS TIDE";"02439";"2025-11-10 01:06:00";"-38,0461666667";"-57,538";"0,0";"205"
"MISS TIDE";"02439";"2025-11-10 01:21:00";"-38,0461666667";"-57,538";"0,0";"205"
"MISS TIDE";"02439";"2025-11-10 01:36:00";"-38,0461666667";"-57,538";"0,0";"150"
"MISS TIDE";"02439";"2025-11-10 01:51:00";"-38,0461666667";"-57,538";"0,0";"150"
"MISS TIDE";"02439";"2025-11-10 02:06:00";"-38,0461666667";"-57,538";"0,0";"35"
"MISS TIDE";"02439";"2025-11-10 02:21:00";"-38,0463333333";"-57,538";"0,0";"25"
"MISS TIDE";"02439";"2025-11-10 02:36:00";"-38,0461666667";"-57,538";"0,0";"165"
"MISS TIDE";"02439";"2025-11-10 02:51:00";"-38,0461666667";"-57,538";"0,0";"160"
"MISS TIDE";"02439";"2025-11-10 03:07:00";"-38,0461666667";"-57,538";"0,0";"160"
"MISS TIDE";"02439";"2025-11-10 03:22:00";"-38,0461666667";"-57,538";"0,0";"160"
"MISS TIDE";"02439";"2025-11-10 03:37:00";"-38,0461666667";"-57,538";"0,0";"160"
"MISS TIDE";"02439";"2025-11-10 03:52:00";"-38,0461666667";"-57,538";"0,0";"160"
"MISS TIDE";"02439";"2025-11-10 04:07:00";"-38,0461666667";"-57,538";"0,0";"10"
"MISS TIDE";"02439";"2025-11-10 04:22:00";"-38,0461666667";"-57,538";"0,0";"80"
"MISS TIDE";"02439";"2025-11-10 04:37:00";"-38,0461666667";"-57,538";"0,0";"80"
"MISS TIDE";"02439";"2025-11-10 04:52:00";"-38,0461666667";"-57,538";"0,0";"80"
"MISS TIDE";"02439";"2025-11-10 05:07:00";"-38,0461666667";"-57,538";"0,0";"80"
"MISS TIDE";"02439";"2025-11-10 05:22:00";"-38,0461666667";"-57,538";"0,0";"90"
"MISS TIDE";"02439";"2025-11-10 05:37:00";"-38,0461666667";"-57,538";"0,0";"25"
"MISS TIDE";"02439";"2025-11-10 05:52:00";"-38,0461666667";"-57,538";"0,0";"25"
"MISS TIDE";"02439";"2025-11-10 06:07:00";"-38,0461666667";"-57,538";"0,0";"25"
"MISS TIDE";"02439";"2025-11-10 06:22:00";"-38,0461666667";"-57,538";"0,0";"110"
"MISS TIDE";"02439";"2025-11-10 06:37:00";"-38,0461666667";"-57,538";"0,0";"110"
"MISS TIDE";"02439";"2025-11-10 06:52:00";"-38,0463333333";"-57,538";"0,0";"15"
"MISS TIDE";"02439";"2025-11-10 07:07:00";"-38,0461666667";"-57,538";"0,0";"280"
"MISS TIDE";"02439";"2025-11-10 07:22:00";"-38,0461666667";"-57,538";"0,0";"280"
"MISS TIDE";"02439";"2025-11-10 07:37:00";"-38,0461666667";"-57,538";"0,0";"320"
"MISS TIDE";"02439";"2025-11-10 07:52:00";"-38,0461666667";"-57,538";"0,0";"265"
"MISS TIDE";"02439";"2025-11-10 08:07:00";"-38,0461666667";"-57,538";"0,0";"345"
"MISS TIDE";"02439";"2025-11-10 08:22:00";"-38,0461666667";"-57,538";"0,0";"50"
"MISS TIDE";"02439";"2025-11-10 08:37:00";"-38,0461666667";"-57,538";"0,0";"190"
"MISS TIDE";"02439";"2025-11-10 08:52:00";"-38,0461666667";"-57,538";"0,0";"105"
"MISS TIDE";"02439";"2025-11-10 09:07:00";"-38,0461666667";"-57,538";"0,0";"105"
"MISS TIDE";"02439";"2025-11-10 09:22:00";"-38,0461666667";"-57,538";"0,0";"105"
"MISS TIDE";"02439";"2025-11-10 09:37:00";"-38,0461666667";"-57,538";"0,0";"0"
"MISS TIDE";"02439";"2025-11-10 09:52:00";"-38,0461666667";"-57,538";"0,0";"55"
"MISS TIDE";"02439";"2025-11-10 10:07:00";"-38,0461666667";"-57,538";"0,0";"55"
"MISS TIDE";"02439";"2025-11-10 10:22:00";"-38,0461666667";"-57,538";"0,0";"240"
"MISS TIDE";"02439";"2025-11-10 10:37:00";"-38,0461666667";"-57,538";"0,0";"200"
"MISS TIDE";"02439";"2025-11-10 10:52:00";"-38,0461666667";"-57,538";"0,0";"165"
"MISS TIDE";"02439";"2025-11-10 11:07:00";"-38,0461666667";"-57,538";"0,0";"295"
"MISS TIDE";"02439";"2025-11-10 11:22:00";"-38,0461666667";"-57,538";"0,0";"295"
"MISS TIDE";"02439";"2025-11-10 11:37:00";"-38,0461666667";"-57,538";"0,0";"295"
"MISS TIDE";"02439";"2025-11-10 11:52:00";"-38,0461666667";"-57,538";"0,0";"300"
"MISS TIDE";"02439";"2025-11-10 12:07:00";"-38,0461666667";"-57,538";"0,0";"110"
"MISS TIDE";"02439";"2025-11-10 12:22:00";"-38,0461666667";"-57,538";"0,0";"180"
"MISS TIDE";"02439";"2025-11-10 12:37:00";"-38,0461666667";"-57,538";"0,0";"170"
"MISS TIDE";"02439";"2025-11-10 12:52:00";"-38,0461666667";"-57,538";"0,0";"170"
"MISS TIDE";"02439";"2025-11-10 13:07:00";"-38,0461666667";"-57,538";"0,0";"205"
"MISS TIDE";"02439";"2025-11-10 13:22:00";"-38,0461666667";"-57,538";"0,0";"305"
"MISS TIDE";"02439";"2025-11-10 13:37:00";"-38,0461666667";"-57,538";"0,0";"50"
"MISS TIDE";"02439";"2025-11-10 13:52:00";"-38,0461666667";"-57,538";"0,0";"50"
"MISS TIDE";"02439";"2025-11-10 14:07:00";"-38,0461666667";"-57,538";"0,0";"70"
"MISS TIDE";"02439";"2025-11-10 14:22:00";"-38,0461666667";"-57,538";"0,0";"195"
"MISS TIDE";"02439";"2025-11-10 14:37:00";"-38,0461666667";"-57,538";"0,0";"150"
"MISS TIDE";"02439";"2025-11-10 14:52:00";"-38,0461666667";"-57,538";"0,0";"150"
"MISS TIDE";"02439";"2025-11-10 15:07:00";"-38,0461666667";"-57,538";"0,0";"25"
"MISS TIDE";"02439";"2025-11-10 15:22:00";"-38,0461666667";"-57,538";"0,0";"10"
"MISS TIDE";"02439";"2025-11-10 15:37:00";"-38,0461666667";"-57,538";"0,0";"315"
"MISS TIDE";"02439";"2025-11-10 15:52:00";"-38,0461666667";"-57,538";"0,0";"115"
"MISS TIDE";"02439";"2025-11-10 16:07:00";"-38,0461666667";"-57,538";"0,0";"115"
"MISS TIDE";"02439";"2025-11-10 16:22:00";"-38,0461666667";"-57,538";"0,0";"115"
"MISS TIDE";"02439";"2025-11-10 16:37:00";"-38,0461666667";"-57,538";"0,0";"355"
"MISS TIDE";"02439";"2025-11-10 16:52:00";"-38,0461666667";"-57,538";"0,0";"235"
"MISS TIDE";"02439";"2025-11-10 17:07:00";"-38,0461666667";"-57,538";"0,0";"125"
"MISS TIDE";"02439";"2025-11-10 17:22:00";"-38,0461666667";"-57,538";"0,0";"125"
"MISS TIDE";"02439";"2025-11-10 17:37:00";"-38,0461666667";"-57,538";"0,0";"125"
"MISS TIDE";"02439";"2025-11-10 17:52:00";"-38,0461666667";"-57,538";"0,0";"125"
"MISS TIDE";"02439";"2025-11-10 18:07:00";"-38,0461666667";"-57,538";"0,0";"125"
"MISS TIDE";"02439";"2025-11-10 18:22:00";"-38,0461666667";"-57,538";"0,0";"125"
"MISS TIDE";"02439";"2025-11-10 18:37:00";"-38,0463333333";"-57,538";"0,0";"125"
"MISS TIDE";"02439";"2025-11-10 18:52:00";"-38,0461666667";"-57,538";"0,0";"125"
"MISS TIDE";"02439";"2025-11-10 19:07:00";"-38,0461666667";"-57,538";"0,0";"125"
"MISS TIDE";"02439";"2025-11-10 19:22:00";"-38,0461666667";"-57,538";"0,0";"100"
"MISS TIDE";"02439";"2025-11-10 19:37:00";"-38,0463333333";"-57,538";"0,0";"145"
"MISS TIDE";"02439";"2025-11-10 19:52:00";"-38,0463333333";"-57,538";"0,0";"175"
"MISS TIDE";"02439";"2025-11-10 20:07:00";"-38,0463333333";"-57,538";"0,0";"175"
"MISS TIDE";"02439";"2025-11-10 20:22:00";"-38,0463333333";"-57,538";"0,0";"175"
"MISS TIDE";"02439";"2025-11-10 20:37:00";"-38,0463333333";"-57,538";"0,0";"355"
"MISS TIDE";"02439";"2025-11-10 20:52:00";"-38,0463333333";"-57,538";"0,0";"265"
"MISS TIDE";"02439";"2025-11-10 21:07:00";"-38,0463333333";"-57,538";"0,0";"355"
"MISS TIDE";"02439";"2025-11-10 21:22:00";"-38,0463333333";"-57,538";"0,0";"160"
"MISS TIDE";"02439";"2025-11-10 21:37:00";"-38,0463333333";"-57,538";"0,0";"205"
"MISS TIDE";"02439";"2025-11-10 21:52:00";"-38,0463333333";"-57,538";"0,0";"205"
"MISS TIDE";"02439";"2025-11-10 22:07:00";"-38,043";"-57,5308333333";"5,9";"55"
"MISS TIDE";"02439";"2025-11-10 22:22:00";"-38,03";"-57,5033333333";"8,1";"110"
"MISS TIDE";"02439";"2025-11-10 22:37:00";"-38,0561666667";"-57,473";"9,2";"150"
"MISS TIDE";"02439";"2025-11-10 22:52:00";"-38,0903333333";"-57,4533333333";"9,2";"150"
"MISS TIDE";"02439";"2025-11-10 23:07:00";"-38,1266666667";"-57,4553333333";"9,2";"185"
"MISS TIDE";"02439";"2025-11-10 23:22:00";"-38,1641666667";"-57,4663333333";"9,2";"195"
"MISS TIDE";"02439";"2025-11-10 23:37:00";"-38,2013333333";"-57,4783333333";"9,2";"195"
"MISS TIDE";"02439";"2025-11-10 23:52:00";"-38,2383333333";"-57,4903333333";"8,6";"185"
"MISS TIDE";"02439";"2025-11-11 00:07:00";"-38,275";"-57,502";"8,6";"190"
"MISS TIDE";"02439";"2025-11-11 00:22:00";"-38,3111666667";"-57,5133333333";"8,1";"180"
"MISS TIDE";"02439";"2025-11-11 00:37:00";"-38,3421666667";"-57,4996666667";"8,1";"155"
"MISS TIDE";"02439";"2025-11-11 00:52:00";"-38,377";"-57,5033333333";"8,6";"195"
"MISS TIDE";"02439";"2025-11-11 01:07:00";"-38,4121666667";"-57,5161666667";"8,6";"195"
"MISS TIDE";"02439";"2025-11-11 01:22:00";"-38,447";"-57,5283333333";"8,6";"195"
"MISS TIDE";"02439";"2025-11-11 01:37:00";"-38,482";"-57,5403333333";"8,1";"190"
"MISS TIDE";"02439";"2025-11-11 01:52:00";"-38,5166666667";"-57,552";"8,1";"200"
"MISS TIDE";"02439";"2025-11-11 02:07:00";"-38,5511666667";"-57,5636666667";"7,6";"190"
"MISS TIDE";"02439";"2025-11-11 02:22:00";"-38,5853333333";"-57,5753333333";"8,1";"190"
"MISS TIDE";"02439";"2025-11-11 02:37:00";"-38,6195";"-57,5863333333";"8,1";"195"
"MISS TIDE";"02439";"2025-11-11 02:52:00";"-38,6536666667";"-57,5961666667";"8,6";"190"
"MISS TIDE";"02439";"2025-11-11 03:07:00";"-38,6878333333";"-57,6058333333";"8,1";"190"
"MISS TIDE";"02439";"2025-11-11 03:22:00";"-38,7216666667";"-57,6153333333";"8,1";"185"
"MISS TIDE";"02439";"2025-11-11 03:37:00";"-38,7555";"-57,6245";"8,1";"190"
"MISS TIDE";"02439";"2025-11-11 03:52:00";"-38,7891666667";"-57,633";"8,1";"185"
"MISS TIDE";"02439";"2025-11-11 04:07:00";"-38,8228333333";"-57,6421666667";"7,6";"190"
"MISS TIDE";"02439";"2025-11-11 04:22:00";"-38,8561666667";"-57,6516666667";"8,1";"190"
"MISS TIDE";"02439";"2025-11-11 04:37:00";"-38,8895";"-57,6611666667";"8,1";"190"
"MISS TIDE";"02439";"2025-11-11 04:52:00";"-38,923";"-57,6705";"8,1";"190"
"MISS TIDE";"02439";"2025-11-11 05:07:00";"-38,9563333333";"-57,68";"8,1";"190"
"MISS TIDE";"02439";"2025-11-11 05:22:00";"-38,9895";"-57,69";"7,0";"200"
"MISS TIDE";"02439";"2025-11-11 05:37:00";"-39,0216666667";"-57,7005";"8,1";"195"
"MISS TIDE";"02439";"2025-11-11 05:52:00";"-39,0545";"-57,7096666667";"8,1";"185"
"MISS TIDE";"02439";"2025-11-11 06:07:00";"-39,087";"-57,7188333333";"8,1";"200"
"MISS TIDE";"02439";"2025-11-11 06:22:00";"-39,1195";"-57,7283333333";"8,1";"190"
"MISS TIDE";"02439";"2025-11-11 06:37:00";"-39,1521666667";"-57,7383333333";"8,1";"185"
"MISS TIDE";"02439";"2025-11-11 06:52:00";"-39,1846666667";"-57,7483333333";"7,0";"180"
"MISS TIDE";"02439";"2025-11-11 07:07:00";"-39,217";"-57,7591666667";"8,1";"190"
"MISS TIDE";"02439";"2025-11-11 07:22:00";"-39,2491666667";"-57,7716666667";"8,1";"190"
"MISS TIDE";"02439";"2025-11-11 07:37:00";"-39,2808333333";"-57,7836666667";"7,6";"200"
"MISS TIDE";"02439";"2025-11-11 07:52:00";"-39,312";"-57,7971666667";"7,6";"190"
"MISS TIDE";"02439";"2025-11-11 08:07:00";"-39,3436666667";"-57,8096666667";"7,6";"190"
"MISS TIDE";"02439";"2025-11-11 08:22:00";"-39,3758333333";"-57,8203333333";"8,1";"195"
"MISS TIDE";"02439";"2025-11-11 08:37:00";"-39,4083333333";"-57,8311666667";"8,6";"185"
"MISS TIDE";"02439";"2025-11-11 08:52:00";"-39,4411666667";"-57,8425";"8,1";"190"
"MISS TIDE";"02439";"2025-11-11 09:07:00";"-39,4736666667";"-57,8538333333";"7,6";"190"
"MISS TIDE";"02439";"2025-11-11 09:22:00";"-39,5066666667";"-57,8653333333";"8,1";"195"
"MISS TIDE";"02439";"2025-11-11 09:37:00";"-39,5395";"-57,8766666667";"8,6";"200"
"MISS TIDE";"02439";"2025-11-11 09:52:00";"-39,573";"-57,8875";"8,1";"190"
"MISS TIDE";"02439";"2025-11-11 10:07:00";"-39,607";"-57,8978333333";"8,1";"195"
"MISS TIDE";"02439";"2025-11-11 10:22:00";"-39,6403333333";"-57,9078333333";"8,1";"195"
"MISS TIDE";"02439";"2025-11-11 10:37:00";"-39,6736666667";"-57,918";"8,6";"185"
"MISS TIDE";"02439";"2025-11-11 10:52:00";"-39,7066666667";"-57,9283333333";"7,6";"200"
"MISS TIDE";"02439";"2025-11-11 11:07:00";"-39,7403333333";"-57,9386666667";"8,6";"185"
"MISS TIDE";"02439";"2025-11-11 11:22:00";"-39,7736666667";"-57,9483333333";"8,1";"195"
"MISS TIDE";"02439";"2025-11-11 11:37:00";"-39,8063333333";"-57,9575";"8,1";"190"
"MISS TIDE";"02439";"2025-11-11 11:52:00";"-39,8395";"-57,9671666667";"7,6";"195"
"MISS TIDE";"02439";"2025-11-11 12:07:00";"-39,8725";"-57,977";"7,6";"195"
"MISS TIDE";"02439";"2025-11-11 12:22:00";"-39,9011666667";"-57,9853333333";"4,9";"200"
"MISS TIDE";"02439";"2025-11-11 12:37:00";"-39,9246666667";"-57,9913333333";"8,1";"190"
"MISS TIDE";"02439";"2025-11-11 12:52:00";"-39,9583333333";"-58,0008333333";"8,1";"195"
"MISS TIDE";"02439";"2025-11-11 13:07:00";"-39,9921666667";"-58,0103333333";"8,1";"180"
"MISS TIDE";"02439";"2025-11-11 13:22:00";"-40,0261666667";"-58,0205";"8,1";"190"
"MISS TIDE";"02439";"2025-11-11 13:37:00";"-40,0596666667";"-58,0313333333";"8,1";"190"
"MISS TIDE";"02439";"2025-11-11 13:52:00";"-40,0933333333";"-58,0421666667";"8,1";"185"
"MISS TIDE";"02439";"2025-11-11 14:07:00";"-40,1263333333";"-58,0536666667";"8,1";"190"
"MISS TIDE";"02439";"2025-11-11 14:22:00";"-40,1595";"-58,0658333333";"8,6";"195"
"MISS TIDE";"02439";"2025-11-11 14:37:00";"-40,1925";"-58,0786666667";"8,1";"195"
"MISS TIDE";"02439";"2025-11-11 14:52:00";"-40,2255";"-58,0916666667";"8,1";"205"
"MISS TIDE";"02439";"2025-11-11 15:07:00";"-40,2583333333";"-58,1045";"8,1";"190"
"MISS TIDE";"02439";"2025-11-11 15:22:00";"-40,2911666667";"-58,1171666667";"8,1";"190"
"MISS TIDE";"02439";"2025-11-11 15:37:00";"-40,3236666667";"-58,1305";"8,1";"190"
"MISS TIDE";"02439";"2025-11-11 15:52:00";"-40,3561666667";"-58,1436666667";"7,6";"200"
"MISS TIDE";"02439";"2025-11-11 16:07:00";"-40,3886666667";"-58,1575";"8,6";"190"
"MISS TIDE";"02439";"2025-11-11 16:22:00";"-40,4211666667";"-58,1721666667";"8,1";"200"
"MISS TIDE";"02439";"2025-11-11 16:37:00";"-40,4536666667";"-58,187";"8,1";"195"
"MISS TIDE";"02439";"2025-11-11 16:52:00";"-40,4861666667";"-58,2021666667";"8,1";"195"
"MISS TIDE";"02439";"2025-11-11 17:07:00";"-40,5186666667";"-58,2171666667";"8,1";"195"
"MISS TIDE";"02439";"2025-11-11 17:22:00";"-40,5508333333";"-58,232";"8,1";"195"
"MISS TIDE";"02439";"2025-11-11 17:37:00";"-40,583";"-58,2466666667";"8,1";"200"
"MISS TIDE";"02439";"2025-11-11 17:52:00";"-40,6153333333";"-58,2613333333";"8,1";"195"
"MISS TIDE";"02439";"2025-11-11 18:07:00";"-40,6475";"-58,2766666667";"8,1";"195"
"MISS TIDE";"02439";"2025-11-11 18:22:00";"-40,6796666667";"-58,2916666667";"8,1";"200"
"MISS TIDE";"02439";"2025-11-11 18:37:00";"-40,712";"-58,3075";"8,1";"200"
"MISS TIDE";"02439";"2025-11-11 18:52:00";"-40,7441666667";"-58,3238333333";"8,1";"200"
"MISS TIDE";"02439";"2025-11-11 19:07:00";"-40,7761666667";"-58,3403333333";"8,1";"200"
"MISS TIDE";"02439";"2025-11-11 19:22:00";"-40,8086666667";"-58,3545";"7,6";"195"
"MISS TIDE";"02439";"2025-11-11 19:37:00";"-40,8411666667";"-58,3683333333";"8,1";"190"
"MISS TIDE";"02439";"2025-11-11 19:52:00";"-40,8733333333";"-58,3828333333";"8,1";"200"
"MISS TIDE";"02439";"2025-11-11 20:07:00";"-40,9055";"-58,3978333333";"8,1";"200"
"MISS TIDE";"02439";"2025-11-11 20:22:00";"-40,938";"-58,4125";"8,1";"200"
"MISS TIDE";"02439";"2025-11-11 20:37:00";"-40,9705";"-58,4278333333";"8,1";"205"
"MISS TIDE";"02439";"2025-11-11 20:52:00";"-41,0033333333";"-58,4436666667";"8,1";"195"
"MISS TIDE";"02439";"2025-11-11 21:07:00";"-41,0361666667";"-58,4571666667";"8,1";"190"
"MISS TIDE";"02439";"2025-11-11 21:22:00";"-41,0691666667";"-58,4696666667";"8,1";"190"
"MISS TIDE";"02439";"2025-11-11 21:37:00";"-41,102";"-58,4816666667";"8,1";"190"
"MISS TIDE";"02439";"2025-11-11 21:52:00";"-41,135";"-58,4938333333";"8,1";"190"
"MISS TIDE";"02439";"2025-11-11 22:07:00";"-41,168";"-58,5058333333";"7,6";"195"
"MISS TIDE";"02439";"2025-11-11 22:22:00";"-41,2013333333";"-58,5171666667";"8,1";"195"
"MISS TIDE";"02439";"2025-11-11 22:37:00";"-41,235";"-58,5288333333";"8,1";"185"
"MISS TIDE";"02439";"2025-11-11 22:52:00";"-41,2688333333";"-58,54";"8,6";"180"
"MISS TIDE";"02439";"2025-11-11 23:07:00";"-41,3028333333";"-58,5505";"8,1";"195"
"MISS TIDE";"02439";"2025-11-11 23:22:00";"-41,337";"-58,5613333333";"8,1";"190"
"MISS TIDE";"02439";"2025-11-11 23:37:00";"-41,3711666667";"-58,572";"8,1";"190"
"MISS TIDE";"02439";"2025-11-11 23:52:00";"-41,4055";"-58,583";"8,1";"190"
"MISS TIDE";"02439";"2025-11-12 00:07:00";"-41,44";"-58,5933333333";"8,1";"185"
"MISS TIDE";"02439";"2025-11-12 00:22:00";"-41,4741666667";"-58,6036666667";"8,1";"190"
"MISS TIDE";"02439";"2025-11-12 00:37:00";"-41,5083333333";"-58,613";"8,1";"195"
"MISS TIDE";"02439";"2025-11-12 00:52:00";"-41,543";"-58,6216666667";"8,1";"185"
"MISS TIDE";"02439";"2025-11-12 01:07:00";"-41,5771666667";"-58,6303333333";"8,6";"190"
"MISS TIDE";"02439";"2025-11-12 01:22:00";"-41,6113333333";"-58,638";"8,1";"190"
"MISS TIDE";"02439";"2025-11-12 01:37:00";"-41,6453333333";"-58,6455";"8,1";"185"
"MISS TIDE";"02439";"2025-11-12 01:52:00";"-41,6791666667";"-58,653";"8,1";"190"
"MISS TIDE";"02439";"2025-11-12 02:07:00";"-41,713";"-58,6603333333";"8,1";"185"
"MISS TIDE";"02439";"2025-11-12 02:22:00";"-41,7455";"-58,6686666667";"7,6";"195"
"MISS TIDE";"02439";"2025-11-12 02:37:00";"-41,777";"-58,6803333333";"7,6";"190"
"MISS TIDE";"02439";"2025-11-12 02:52:00";"-41,8095";"-58,6696666667";"8,1";"165"
"MISS TIDE";"02439";"2025-11-12 03:07:00";"-41,8421666667";"-58,6636666667";"7,6";"170"
"MISS TIDE";"02439";"2025-11-12 03:22:00";"-41,8746666667";"-58,6586666667";"8,1";"170"
"MISS TIDE";"02439";"2025-11-12 03:37:00";"-41,9071666667";"-58,6536666667";"7,6";"175"
"MISS TIDE";"02439";"2025-11-12 03:52:00";"-41,9388333333";"-58,6483333333";"7,6";"170"
"MISS TIDE";"02439";"2025-11-12 04:07:00";"-41,9705";"-58,643";"7,0";"175"
"MISS TIDE";"02439";"2025-11-12 04:22:00";"-42,002";"-58,6371666667";"7,6";"170"
"MISS TIDE";"02439";"2025-11-12 04:37:00";"-42,0336666667";"-58,6313333333";"7,6";"170"
"MISS TIDE";"02439";"2025-11-12 04:52:00";"-42,065";"-58,625";"7,6";"170"
"MISS TIDE";"02439";"2025-11-12 05:07:00";"-42,0958333333";"-58,6191666667";"7,0";"175"
"MISS TIDE";"02439";"2025-11-12 05:22:00";"-42,1261666667";"-58,6136666667";"7,0";"170"
"MISS TIDE";"02439";"2025-11-12 05:37:00";"-42,1563333333";"-58,6078333333";"7,0";"175"
"MISS TIDE";"02439";"2025-11-12 05:52:00";"-42,1863333333";"-58,6016666667";"7,0";"170"
"MISS TIDE";"02439";"2025-11-12 06:07:00";"-42,2163333333";"-58,5958333333";"7,0";"170"
"MISS TIDE";"02439";"2025-11-12 06:22:00";"-42,2463333333";"-58,5896666667";"7,0";"165"
"MISS TIDE";"02439";"2025-11-12 06:37:00";"-42,2766666667";"-58,5828333333";"7,0";"165"
"MISS TIDE";"02439";"2025-11-12 06:52:00";"-42,3061666667";"-58,5763333333";"7,0";"170"
"MISS TIDE";"02439";"2025-11-12 07:07:00";"-42,3353333333";"-58,5708333333";"7,0";"175"
"MISS TIDE";"02439";"2025-11-12 07:22:00";"-42,3613333333";"-58,5833333333";"6,5";"210"
"MISS TIDE";"02439";"2025-11-12 07:37:00";"-42,3863333333";"-58,6011666667";"6,5";"200"
"MISS TIDE";"02439";"2025-11-12 07:52:00";"-42,412";"-58,6188333333";"6,5";"210"
"MISS TIDE";"02439";"2025-11-12 08:07:00";"-42,4361666667";"-58,6378333333";"6,5";"215"
"MISS TIDE";"02439";"2025-11-12 08:22:00";"-42,4588333333";"-58,6586666667";"6,5";"210"
"MISS TIDE";"02439";"2025-11-12 08:37:00";"-42,4813333333";"-58,68";"5,9";"220"
"MISS TIDE";"02439";"2025-11-12 08:52:00";"-42,5033333333";"-58,7016666667";"6,5";"220"
"MISS TIDE";"02439";"2025-11-12 09:07:00";"-42,5253333333";"-58,723";"6,5";"210"
"MISS TIDE";"02439";"2025-11-12 09:22:00";"-42,5475";"-58,7438333333";"6,5";"205"
"MISS TIDE";"02439";"2025-11-12 09:37:00";"-42,5696666667";"-58,7646666667";"6,5";"210"
"MISS TIDE";"02439";"2025-11-12 09:52:00";"-42,5928333333";"-58,7853333333";"7,0";"205"
"MISS TIDE";"02439";"2025-11-12 10:07:00";"-42,6163333333";"-58,8058333333";"6,5";"200"
"MISS TIDE";"02439";"2025-11-12 10:22:00";"-42,6396666667";"-58,827";"5,9";"210"
"MISS TIDE";"02439";"2025-11-12 10:37:00";"-42,6621666667";"-58,8486666667";"6,5";"200"
"MISS TIDE";"02439";"2025-11-12 10:52:00";"-42,6846666667";"-58,87";"6,5";"220"
"MISS TIDE";"02439";"2025-11-12 11:07:00";"-42,7075";"-58,8913333333";"6,5";"210"
"MISS TIDE";"02439";"2025-11-12 11:22:00";"-42,7305";"-58,9136666667";"5,9";"205"
"MISS TIDE";"02439";"2025-11-12 11:37:00";"-42,752";"-58,9391666667";"7,0";"230"
"MISS TIDE";"02439";"2025-11-12 11:52:00";"-42,7738333333";"-58,9663333333";"7,0";"225"
"MISS TIDE";"02439";"2025-11-12 12:07:00";"-42,7953333333";"-58,9945";"7,0";"230"
"MISS TIDE";"02439";"2025-11-12 12:22:00";"-42,817";"-59,0245";"6,5";"225"
"MISS TIDE";"02439";"2025-11-12 12:37:00";"-42,8391666667";"-59,0533333333";"6,5";"220"
"MISS TIDE";"02439";"2025-11-12 12:52:00";"-42,8616666667";"-59,0816666667";"7,0";"225"
"MISS TIDE";"02439";"2025-11-12 13:07:00";"-42,8828333333";"-59,1121666667";"7,0";"220"
"MISS TIDE";"02439";"2025-11-12 13:22:00";"-42,8995";"-59,1383333333";"4,3";"225"
"MISS TIDE";"02439";"2025-11-12 13:37:00";"-42,908";"-59,1545";"1,1";"275"
"MISS TIDE";"02439";"2025-11-12 13:52:00";"-42,9008333333";"-59,1446666667";"3,8";"55"
"MISS TIDE";"02439";"2025-11-12 14:07:00";"-42,893";"-59,1321666667";"0,5";"0"
"MISS TIDE";"02439";"2025-11-12 14:23:00";"-42,9013333333";"-59,143";"3,8";"240"
"MISS TIDE";"02439";"2025-11-12 14:38:00";"-42,9088333333";"-59,158";"1,1";"250"
"MISS TIDE";"02439";"2025-11-12 14:53:00";"-42,903";"-59,1458333333";"3,8";"55"
"MISS TIDE";"02439";"2025-11-12 15:08:00";"-42,8946666667";"-59,1308333333";"1,6";"50"
"MISS TIDE";"02439";"2025-11-12 15:23:00";"-42,9025";"-59,142";"3,8";"230"
"MISS TIDE";"02439";"2025-11-12 15:37:00";"-42,9113333333";"-59,1575";"1,1";"230"
"MISS TIDE";"02439";"2025-11-12 15:53:00";"-42,907";"-59,1495";"3,8";"35"
"MISS TIDE";"02439";"2025-11-12 16:08:00";"-42,8971666667";"-59,1316666667";"1,6";"30"
"MISS TIDE";"02439";"2025-11-12 16:22:00";"-42,9016666667";"-59,1366666667";"4,9";"215"
"MISS TIDE";"02439";"2025-11-12 16:37:00";"-42,9125";"-59,1553333333";"3,8";"230"
"MISS TIDE";"02439";"2025-11-12 16:53:00";"-42,9146666667";"-59,1566666667";"6,5";"50"
"MISS TIDE";"02439";"2025-11-12 17:08:00";"-42,9028333333";"-59,138";"3,2";"40"
"MISS TIDE";"02439";"2025-11-12 17:23:00";"-42,8953333333";"-59,125";"4,3";"185"
"MISS TIDE";"02439";"2025-11-12 17:38:00";"-42,908";"-59,1455";"4,3";"235"
"MISS TIDE";"02439";"2025-11-12 17:53:00";"-42,9166666667";"-59,1571666667";"3,2";"180"
"MISS TIDE";"02439";"2025-11-12 18:08:00";"-42,9033333333";"-59,1371666667";"3,8";"55"
"MISS TIDE";"02439";"2025-11-12 18:23:00";"-42,895";"-59,1236666667";"2,2";"45"
"MISS TIDE";"02439";"2025-11-12 18:38:00";"-42,8991666667";"-59,1353333333";"3,2";"225"
"MISS TIDE";"02439";"2025-11-12 18:53:00";"-42,9086666667";"-59,1488333333";"1,1";"200"
"MISS TIDE";"02439";"2025-11-12 19:08:00";"-42,8991666667";"-59,1375";"3,8";"55"
"MISS TIDE";"02439";"2025-11-12 19:23:00";"-42,8886666667";"-59,1188333333";"1,6";"55"
"MISS TIDE";"02439";"2025-11-12 19:38:00";"-42,8908333333";"-59,125";"5,9";"230"
"MISS TIDE";"02439";"2025-11-12 19:53:00";"-42,9011666667";"-59,1438333333";"3,2";"235"
"MISS TIDE";"02439";"2025-11-12 20:08:00";"-42,9091666667";"-59,1555";"3,8";"250"
"MISS TIDE";"02439";"2025-11-12 20:23:00";"-42,9016666667";"-59,147";"3,8";"50"
"MISS TIDE";"02439";"2025-11-12 20:38:00";"-42,8913333333";"-59,1291666667";"1,6";"60"
"MISS TIDE";"02439";"2025-11-12 20:53:00";"-42,8941666667";"-59,1353333333";"4,3";"225"
"MISS TIDE";"02439";"2025-11-12 21:08:00";"-42,905";"-59,1533333333";"3,8";"215"
"MISS TIDE";"02439";"2025-11-12 21:23:00";"-42,9113333333";"-59,1608333333";"5,9";"45"
"MISS TIDE";"02439";"2025-11-12 21:38:00";"-42,8986666667";"-59,1391666667";"3,8";"55"
"MISS TIDE";"02439";"2025-11-12 21:53:00";"-42,8916666667";"-59,123";"3,8";"20"
"MISS TIDE";"02439";"2025-11-12 22:08:00";"-42,8983333333";"-59,1411666667";"4,3";"230"
"MISS TIDE";"02439";"2025-11-12 22:23:00";"-42,9078333333";"-59,1558333333";"1,6";"175"
"MISS TIDE";"02439";"2025-11-12 22:38:00";"-42,903";"-59,1505";"3,8";"45"
"MISS TIDE";"02439";"2025-11-12 22:53:00";"-42,8916666667";"-59,1316666667";"3,2";"55"
"MISS TIDE";"02439";"2025-11-12 23:08:00";"-42,8925";"-59,1336666667";"3,8";"225"
"MISS TIDE";"02439";"2025-11-12 23:23:00";"-42,9025";"-59,1503333333";"2,7";"245"
"MISS TIDE";"02439";"2025-11-12 23:38:00";"-42,9053333333";"-59,1545";"7,6";"45"
"MISS TIDE";"02439";"2025-11-12 23:53:00";"-42,892";"-59,1333333333";"4,3";"15"
"MISS TIDE";"02439";"2025-11-13 00:08:00";"-42,887";"-59,1221666667";"4,9";"250"
"MISS TIDE";"02439";"2025-11-13 00:23:00";"-42,8975";"-59,143";"3,8";"235"
"MISS TIDE";"02439";"2025-11-13 00:38:00";"-42,9058333333";"-59,1538333333";"3,8";"220"
"MISS TIDE";"02439";"2025-11-13 00:53:00";"-42,8958333333";"-59,1411666667";"3,8";"50"
"MISS TIDE";"02439";"2025-11-13 01:08:00";"-42,8866666667";"-59,1246666667";"2,7";"50"
"MISS TIDE";"02439";"2025-11-13 01:23:00";"-42,8908333333";"-59,133";"3,8";"245"
"MISS TIDE";"02439";"2025-11-13 01:38:00";"-42,8983333333";"-59,1461666667";"0,5";"205"
"MISS TIDE";"02439";"2025-11-13 01:53:00";"-42,9096666667";"-59,1591666667";"3,8";"220"
"MISS TIDE";"02439";"2025-11-13 02:08:00";"-42,9175";"-59,1675";"3,8";"205"
"MISS TIDE";"02439";"2025-11-13 02:23:00";"-42,9028333333";"-59,1513333333";"3,8";"40"
"MISS TIDE";"02439";"2025-11-13 02:38:00";"-42,8905";"-59,1358333333";"3,8";"50"
"MISS TIDE";"02439";"2025-11-13 02:53:00";"-42,8875";"-59,1288333333";"4,9";"240"
"MISS TIDE";"02439";"2025-11-13 03:08:00";"-42,898";"-59,1471666667";"3,8";"235"
"MISS TIDE";"02439";"2025-11-13 03:23:00";"-42,9016666667";"-59,1588333333";"4,3";"95"
"MISS TIDE";"02439";"2025-11-13 03:38:00";"-42,913";"-59,1728333333";"3,8";"240"
"MISS TIDE";"02439";"2025-11-13 03:53:00";"-42,915";"-59,1786666667";"6,5";"45"
"MISS TIDE";"02439";"2025-11-13 04:08:00";"-42,9045";"-59,1586666667";"3,8";"55"
"MISS TIDE";"02439";"2025-11-13 04:23:00";"-42,8975";"-59,1396666667";"6,5";"55"
"MISS TIDE";"02439";"2025-11-13 04:38:00";"-42,8863333333";"-59,1175";"3,8";"50"
"MISS TIDE";"02439";"2025-11-13 04:53:00";"-42,8788333333";"-59,1028333333";"3,2";"235"
"MISS TIDE";"02439";"2025-11-13 05:08:00";"-42,89";"-59,123";"3,8";"230"
"MISS TIDE";"02439";"2025-11-13 05:23:00";"-42,8975";"-59,1358333333";"1,1";"225"
"MISS TIDE";"02439";"2025-11-13 05:38:00";"-42,89";"-59,1261666667";"3,8";"50"
"MISS TIDE";"02439";"2025-11-13 05:53:00";"-42,88";"-59,1083333333";"1,6";"50"
"MISS TIDE";"02439";"2025-11-13 06:08:00";"-42,8838333333";"-59,1136666667";"4,3";"215"
"MISS TIDE";"02439";"2025-11-13 06:23:00";"-42,8941666667";"-59,1325";"3,8";"230"
"MISS TIDE";"02439";"2025-11-13 06:38:00";"-42,9025";"-59,1475";"4,3";"225"
"MISS TIDE";"02439";"2025-11-13 06:53:00";"-42,9138333333";"-59,1678333333";"3,2";"225"
"MISS TIDE";"02439";"2025-11-13 07:08:00";"-42,9186666667";"-59,1791666667";"4,3";"15"
"MISS TIDE";"02439";"2025-11-13 07:23:00";"-42,9258333333";"-59,1775";"3,8";"235"
"MISS TIDE";"02439";"2025-11-13 07:38:00";"-42,9358333333";"-59,1936666667";"1,1";"255"
"MISS TIDE";"02439";"2025-11-13 07:53:00";"-42,9463333333";"-59,21";"3,8";"215"
"MISS TIDE";"02439";"2025-11-13 08:08:00";"-42,958";"-59,2278333333";"2,2";"230"
"MISS TIDE";"02439";"2025-11-13 08:23:00";"-42,9591666667";"-59,23";"7,6";"55"
"MISS TIDE";"02439";"2025-11-13 08:38:00";"-42,947";"-59,2103333333";"3,8";"45"
"MISS TIDE";"02439";"2025-11-13 08:53:00";"-42,94";"-59,1978333333";"2,7";"240"
"MISS TIDE";"02439";"2025-11-13 09:08:00";"-42,9533333333";"-59,2163333333";"4,3";"215"
"MISS TIDE";"02439";"2025-11-13 09:23:00";"-42,9625";"-59,2283333333";"1,6";"205"
"MISS TIDE";"02439";"2025-11-13 09:38:00";"-42,9521666667";"-59,2196666667";"4,3";"50"
"MISS TIDE";"02439";"2025-11-13 09:53:00";"-42,9416666667";"-59,2036666667";"1,6";"55"
"MISS TIDE";"02439";"2025-11-13 10:08:00";"-42,9466666667";"-59,2113333333";"3,2";"235"
"MISS TIDE";"02439";"2025-11-13 10:23:00";"-42,9578333333";"-59,2296666667";"4,3";"230"
"MISS TIDE";"02439";"2025-11-13 10:38:00";"-42,9575";"-59,2283333333";"7,0";"50"
"MISS TIDE";"02439";"2025-11-13 10:53:00";"-42,9445";"-59,2088333333";"3,8";"50"
"MISS TIDE";"02439";"2025-11-13 11:08:00";"-42,9355";"-59,1966666667";"7,0";"55"
"MISS TIDE";"02439";"2025-11-13 11:23:00";"-42,9236666667";"-59,1746666667";"3,8";"50"
"MISS TIDE";"02439";"2025-11-13 11:38:00";"-42,9158333333";"-59,158";"5,9";"50"
"MISS TIDE";"02439";"2025-11-13 11:53:00";"-42,9036666667";"-59,1361666667";"3,8";"45"
"MISS TIDE";"02439";"2025-11-13 12:08:00";"-42,8958333333";"-59,1203333333";"3,8";"105"
"MISS TIDE";"02439";"2025-11-13 12:23:00";"-42,9078333333";"-59,1378333333";"3,8";"240"
"MISS TIDE";"02439";"2025-11-13 12:38:00";"-42,9161666667";"-59,1491666667";"3,2";"185"
"MISS TIDE";"02439";"2025-11-13 12:53:00";"-42,9033333333";"-59,1325";"3,8";"50"
"MISS TIDE";"02439";"2025-11-13 13:08:00";"-42,8945";"-59,1166666667";"2,7";"55"
"MISS TIDE";"02439";"2025-11-13 13:23:00";"-42,9036666667";"-59,1278333333";"3,8";"225"
"MISS TIDE";"02439";"2025-11-13 13:38:00";"-42,9121666667";"-59,1395";"1,6";"200"
"MISS TIDE";"02439";"2025-11-13 13:53:00";"-42,9008333333";"-59,1246666667";"4,3";"50"
"MISS TIDE";"02439";"2025-11-13 14:08:00";"-42,8903333333";"-59,1083333333";"2,2";"65"
"MISS TIDE";"02439";"2025-11-13 14:23:00";"-42,8828333333";"-59,1013333333";"4,9";"240"
"MISS TIDE";"02439";"2025-11-13 14:38:00";"-42,8971666667";"-59,1266666667";"6,5";"230"
"MISS TIDE";"02439";"2025-11-13 14:53:00";"-42,9091666667";"-59,1445";"3,2";"235"
"MISS TIDE";"02439";"2025-11-13 15:08:00";"-42,9166666667";"-59,1555";"5,4";"225"
"MISS TIDE";"02439";"2025-11-13 15:23:00";"-42,9066666667";"-59,1396666667";"3,8";"50"
"MISS TIDE";"02439";"2025-11-13 15:38:00";"-42,8975";"-59,1241666667";"2,2";"55"
"MISS TIDE";"02439";"2025-11-13 15:53:00";"-42,9055";"-59,135";"3,8";"225"
"MISS TIDE";"02439";"2025-11-13 16:08:00";"-42,9145";"-59,1491666667";"1,1";"215"
"MISS TIDE";"02439";"2025-11-13 16:23:00";"-42,9116666667";"-59,143";"4,3";"45"
"MISS TIDE";"02439";"2025-11-13 16:38:00";"-42,8996666667";"-59,1255";"1,1";"30"
"MISS TIDE";"02439";"2025-11-13 16:53:00";"-42,9";"-59,1241666667";"5,9";"225"
"MISS TIDE";"02439";"2025-11-13 17:08:00";"-42,9121666667";"-59,1425";"3,8";"225"
"MISS TIDE";"02439";"2025-11-13 17:23:00";"-42,9188333333";"-59,1541666667";"4,9";"10"
"MISS TIDE";"02439";"2025-11-13 17:38:00";"-42,9066666667";"-59,132";"3,8";"40"
"MISS TIDE";"02439";"2025-11-13 17:53:00";"-42,898";"-59,1178333333";"2,7";"115"
"MISS TIDE";"02439";"2025-11-13 18:08:00";"-42,9096666667";"-59,1361666667";"3,8";"240"
"MISS TIDE";"02439";"2025-11-13 18:23:00";"-42,9161666667";"-59,1491666667";"4,3";"280"
"MISS TIDE";"02439";"2025-11-13 18:38:00";"-42,9058333333";"-59,1288333333";"3,8";"45"
"MISS TIDE";"02439";"2025-11-13 18:53:00";"-42,897";"-59,1141666667";"3,8";"50"
"MISS TIDE";"02439";"2025-11-13 19:08:00";"-42,9075";"-59,1305";"3,8";"230"
"MISS TIDE";"02439";"2025-11-13 19:23:00";"-42,9155";"-59,1428333333";"1,6";"225"
"MISS TIDE";"02439";"2025-11-13 19:38:00";"-42,9095";"-59,1271666667";"3,8";"55"
"MISS TIDE";"02439";"2025-11-13 19:53:00";"-42,9003333333";"-59,1121666667";"1,1";"35"
"MISS TIDE";"02439";"2025-11-13 20:08:00";"-42,9066666667";"-59,1295";"3,8";"225"
"MISS TIDE";"02439";"2025-11-13 20:23:00";"-42,915";"-59,1433333333";"1,6";"245"
"MISS TIDE";"02439";"2025-11-13 20:38:00";"-42,9083333333";"-59,1266666667";"3,8";"50"
"MISS TIDE";"02439";"2025-11-13 20:53:00";"-42,8995";"-59,1116666667";"1,1";"25"
"MISS TIDE";"02439";"2025-11-13 21:08:00";"-42,9071666667";"-59,1288333333";"3,8";"225"
"MISS TIDE";"02439";"2025-11-13 21:23:00";"-42,9153333333";"-59,1421666667";"1,6";"230"
"MISS TIDE";"02439";"2025-11-13 21:38:00";"-42,9086666667";"-59,1278333333";"3,8";"55"
"MISS TIDE";"02439";"2025-11-13 21:53:00";"-42,8995";"-59,112";"1,1";"35"
"MISS TIDE";"02439";"2025-11-13 22:08:00";"-42,9055";"-59,125";"4,3";"225"
"MISS TIDE";"02439";"2025-11-13 22:23:00";"-42,9145";"-59,1403333333";"0,5";"220"
"MISS TIDE";"02439";"2025-11-13 22:38:00";"-42,9113333333";"-59,1296666667";"3,8";"45"
"MISS TIDE";"02439";"2025-11-13 22:53:00";"-42,9008333333";"-59,1121666667";"0,5";"30"
"MISS TIDE";"02439";"2025-11-13 23:08:00";"-42,9045";"-59,1221666667";"3,8";"220"
"MISS TIDE";"02439";"2025-11-13 23:23:00";"-42,9133333333";"-59,1375";"1,1";"220"
"MISS TIDE";"02439";"2025-11-13 23:38:00";"-42,9203333333";"-59,1571666667";"3,8";"250"
"MISS TIDE";"02439";"2025-11-13 23:53:00";"-42,928";"-59,175";"1,6";"240"
"MISS TIDE";"02439";"2025-11-14 00:08:00";"-42,925";"-59,173";"3,8";"45"
"MISS TIDE";"02439";"2025-11-14 00:23:00";"-42,9138333333";"-59,1545";"2,7";"50"
"MISS TIDE";"02439";"2025-11-14 00:38:00";"-42,915";"-59,155";"3,8";"215"
"MISS TIDE";"02439";"2025-11-14 00:53:00";"-42,9253333333";"-59,173";"3,8";"230"
"MISS TIDE";"02439";"2025-11-14 01:08:00";"-42,9328333333";"-59,1896666667";"3,2";"240"
"MISS TIDE";"02439";"2025-11-14 01:23:00";"-42,9405";"-59,2091666667";"3,2";"230"
"MISS TIDE";"02439";"2025-11-14 01:38:00";"-42,9436666667";"-59,2266666667";"3,8";"260"
"MISS TIDE";"02439";"2025-11-14 01:53:00";"-42,9478333333";"-59,248";"3,8";"245"
"MISS TIDE";"02439";"2025-11-14 02:08:00";"-42,9491666667";"-59,2628333333";"6,5";"75"
"MISS TIDE";"02439";"2025-11-14 02:23:00";"-42,943";"-59,2353333333";"4,3";"75"
"MISS TIDE";"02439";"2025-11-14 02:38:00";"-42,9413333333";"-59,2253333333";"3,8";"355"
"MISS TIDE";"02439";"2025-11-14 02:53:00";"-42,9296666667";"-59,203";"3,8";"55"
"MISS TIDE";"02439";"2025-11-14 03:08:00";"-42,9228333333";"-59,1853333333";"4,9";"85"
"MISS TIDE";"02439";"2025-11-14 03:23:00";"-42,928";"-59,205";"3,8";"240"
"MISS TIDE";"02439";"2025-11-14 03:38:00";"-42,9316666667";"-59,2225";"2,7";"185"
"MISS TIDE";"02439";"2025-11-14 03:53:00";"-42,927";"-59,1971666667";"3,8";"80"
"MISS TIDE";"02439";"2025-11-14 04:08:00";"-42,9258333333";"-59,1811666667";"2,7";"205"
"MISS TIDE";"02439";"2025-11-14 04:23:00";"-42,9396666667";"-59,1983333333";"3,8";"215"
"MISS TIDE";"02439";"2025-11-14 04:38:00";"-42,9478333333";"-59,2108333333";"5,4";"245"
"MISS TIDE";"02439";"2025-11-14 04:53:00";"-42,9536666667";"-59,2361666667";"4,3";"255"
"MISS TIDE";"02439";"2025-11-14 05:08:00";"-42,9575";"-59,2513333333";"4,3";"25"
"MISS TIDE";"02439";"2025-11-14 05:23:00";"-42,952";"-59,2255";"3,8";"75"
"MISS TIDE";"02439";"2025-11-14 05:38:00";"-42,947";"-59,2071666667";"6,5";"45"
"MISS TIDE";"02439";"2025-11-14 05:53:00";"-42,9333333333";"-59,188";"3,8";"45"
"MISS TIDE";"02439";"2025-11-14 06:08:00";"-42,9333333333";"-59,183";"6,5";"215"
"MISS TIDE";"02439";"2025-11-14 06:23:00";"-42,9458333333";"-59,1996666667";"3,2";"215"
"MISS TIDE";"02439";"2025-11-14 06:38:00";"-42,9436666667";"-59,2005";"3,8";"45"
"MISS TIDE";"02439";"2025-11-14 06:53:00";"-42,9316666667";"-59,1836666667";"2,2";"45"
"MISS TIDE";"02439";"2025-11-14 07:08:00";"-42,935";"-59,1891666667";"3,8";"215"
"MISS TIDE";"02439";"2025-11-14 07:23:00";"-42,9463333333";"-59,2046666667";"1,1";"195"
"MISS TIDE";"02439";"2025-11-14 07:38:00";"-42,9408333333";"-59,1978333333";"3,8";"35"
"MISS TIDE";"02439";"2025-11-14 07:53:00";"-42,9303333333";"-59,1825";"1,6";"55"
"MISS TIDE";"02439";"2025-11-14 08:08:00";"-42,9333333333";"-59,1888333333";"4,3";"230"
"MISS TIDE";"02439";"2025-11-14 08:23:00";"-42,9453333333";"-59,2045";"1,1";"200"
"MISS TIDE";"02439";"2025-11-14 08:38:00";"-42,94";"-59,1991666667";"3,8";"35"
"MISS TIDE";"02439";"2025-11-14 08:53:00";"-42,9286666667";"-59,1841666667";"2,2";"65"
"MISS TIDE";"02439";"2025-11-14 09:08:00";"-42,9336666667";"-59,1916666667";"4,3";"225"
"MISS TIDE";"02439";"2025-11-14 09:23:00";"-42,9446666667";"-59,2055";"1,1";"195"
"MISS TIDE";"02439";"2025-11-14 09:38:00";"-42,9388333333";"-59,1996666667";"3,8";"40"
"MISS TIDE";"02439";"2025-11-14 09:53:00";"-42,9286666667";"-59,1838333333";"2,2";"80"
"MISS TIDE";"02439";"2025-11-14 10:08:00";"-42,9341666667";"-59,1938333333";"3,8";"225"
"MISS TIDE";"02439";"2025-11-14 10:23:00";"-42,9446666667";"-59,2078333333";"1,6";"190"
"MISS TIDE";"02439";"2025-11-14 10:38:00";"-42,937";"-59,1988333333";"3,8";"45"
"MISS TIDE";"02439";"2025-11-14 10:53:00";"-42,9286666667";"-59,183";"2,2";"80"
"MISS TIDE";"02439";"2025-11-14 11:08:00";"-42,9361666667";"-59,1988333333";"3,8";"225"
"MISS TIDE";"02439";"2025-11-14 11:23:00";"-42,9446666667";"-59,2108333333";"3,2";"235"
"MISS TIDE";"02439";"2025-11-14 11:38:00";"-42,9338333333";"-59,1978333333";"3,8";"60"
"MISS TIDE";"02439";"2025-11-14 11:53:00";"-42,927";"-59,1821666667";"2,2";"65"
"MISS TIDE";"02439";"2025-11-14 12:08:00";"-42,9255";"-59,1896666667";"4,3";"230"
"MISS TIDE";"02439";"2025-11-14 12:23:00";"-42,9355";"-59,2075";"0,5";"225"
"MISS TIDE";"02439";"2025-11-14 12:38:00";"-42,928";"-59,1991666667";"4,3";"55"
"MISS TIDE";"02439";"2025-11-14 12:53:00";"-42,9191666667";"-59,18";"2,2";"75"
"MISS TIDE";"02439";"2025-11-14 13:08:00";"-42,9228333333";"-59,1845";"3,8";"220"
"MISS TIDE";"02439";"2025-11-14 13:23:00";"-42,9336666667";"-59,2003333333";"1,6";"205"
"MISS TIDE";"02439";"2025-11-14 13:38:00";"-42,9283333333";"-59,1911666667";"4,3";"50"
"MISS TIDE";"02439";"2025-11-14 13:53:00";"-42,9186666667";"-59,172";"2,2";"70"
"MISS TIDE";"02439";"2025-11-14 14:08:00";"-42,92";"-59,1741666667";"3,8";"225"
"MISS TIDE";"02439";"2025-11-14 14:23:00";"-42,9286666667";"-59,1903333333";"1,1";"220"
"MISS TIDE";"02439";"2025-11-14 14:38:00";"-42,92";"-59,1996666667";"3,2";"335"
"MISS TIDE";"02439";"2025-11-14 14:53:00";"-42,9066666667";"-59,2108333333";"1,6";"355"
"MISS TIDE";"02439";"2025-11-14 15:08:00";"-42,9146666667";"-59,202";"4,3";"140"
"MISS TIDE";"02439";"2025-11-14 15:23:00";"-42,9278333333";"-59,1908333333";"1,1";"150"
"MISS TIDE";"02439";"2025-11-14 15:38:00";"-42,92";"-59,1953333333";"3,8";"315"
"MISS TIDE";"02439";"2025-11-14 15:53:00";"-42,9071666667";"-59,2061666667";"1,1";"345"
"MISS TIDE";"02439";"2025-11-14 16:08:00";"-42,9125";"-59,2028333333";"3,8";"160"
"MISS TIDE";"02439";"2025-11-14 16:23:00";"-42,9253333333";"-59,1921666667";"1,1";"135"
"MISS TIDE";"02439";"2025-11-14 16:38:00";"-42,917";"-59,197";"3,8";"320"
"MISS TIDE";"02439";"2025-11-14 16:53:00";"-42,9041666667";"-59,2075";"2,2";"0"
"MISS TIDE";"02439";"2025-11-14 17:08:00";"-42,9158333333";"-59,1971666667";"4,3";"155"
"MISS TIDE";"02439";"2025-11-14 17:23:00";"-42,9261666667";"-59,1861666667";"2,2";"95"
"MISS TIDE";"02439";"2025-11-14 17:38:00";"-42,9158333333";"-59,1966666667";"3,8";"330"
"MISS TIDE";"02439";"2025-11-14 17:53:00";"-42,9028333333";"-59,2066666667";"3,2";"330"
"MISS TIDE";"02439";"2025-11-14 18:08:00";"-42,9155";"-59,1963333333";"4,9";"135"
"MISS TIDE";"02439";"2025-11-14 18:23:00";"-42,9266666667";"-59,1846666667";"2,7";"120"
"MISS TIDE";"02439";"2025-11-14 18:38:00";"-42,9238333333";"-59,1908333333";"7,0";"305"
"MISS TIDE";"02439";"2025-11-14 18:53:00";"-42,9138333333";"-59,2141666667";"3,2";"305"
"MISS TIDE";"02439";"2025-11-14 19:08:00";"-42,9063333333";"-59,2308333333";"3,8";"220"
"MISS TIDE";"02439";"2025-11-14 19:23:00";"-42,9178333333";"-59,2088333333";"4,3";"115"
"MISS TIDE";"02439";"2025-11-14 19:38:00";"-42,9253333333";"-59,1921666667";"7,0";"125"
"MISS TIDE";"02439";"2025-11-14 19:53:00";"-42,922";"-59,197";"4,3";"300"
"MISS TIDE";"02439";"2025-11-14 20:08:00";"-42,9133333333";"-59,217";"1,6";"280"
"MISS TIDE";"02439";"2025-11-14 20:23:00";"-42,9175";"-59,2086666667";"3,8";"115"
"MISS TIDE";"02439";"2025-11-14 20:38:00";"-42,9263333333";"-59,1878333333";"2,7";"85"
"MISS TIDE";"02439";"2025-11-14 20:53:00";"-42,9241666667";"-59,1958333333";"4,9";"300"
"MISS TIDE";"02439";"2025-11-14 21:08:00";"-42,9153333333";"-59,2153333333";"1,1";"310"
"MISS TIDE";"02439";"2025-11-14 21:23:00";"-42,9205";"-59,2066666667";"4,3";"120"
"MISS TIDE";"02439";"2025-11-14 21:38:00";"-42,9286666667";"-59,1878333333";"2,2";"100"
"MISS TIDE";"02439";"2025-11-14 21:53:00";"-42,9255";"-59,1946666667";"4,3";"300"
"MISS TIDE";"02439";"2025-11-14 22:08:00";"-42,9161666667";"-59,2145";"2,2";"295"
"MISS TIDE";"02439";"2025-11-14 22:23:00";"-42,913";"-59,2213333333";"8,1";"130"
"MISS TIDE";"02439";"2025-11-14 22:38:00";"-42,925";"-59,1983333333";"3,8";"125"
"MISS TIDE";"02439";"2025-11-14 22:53:00";"-42,9296666667";"-59,1886666667";"3,8";"295"
"MISS TIDE";"02439";"2025-11-14 23:08:00";"-42,92";"-59,2095";"3,2";"295"
"MISS TIDE";"02439";"2025-11-14 23:23:00";"-42,9153333333";"-59,2238333333";"4,9";"355"
"MISS TIDE";"02439";"2025-11-14 23:38:00";"-42,9246666667";"-59,1991666667";"4,3";"115"
"MISS TIDE";"02439";"2025-11-14 23:53:00";"-42,9313333333";"-59,1846666667";"2,7";"290"
"MISS TIDE";"02439";"2025-11-15 00:08:00";"-42,9228333333";"-59,2053333333";"4,3";"295"
"MISS TIDE";"02439";"2025-11-15 00:23:00";"-42,917";"-59,22";"3,8";"295"
"MISS TIDE";"02439";"2025-11-15 00:38:00";"-42,9245";"-59,203";"3,8";"130"
"MISS TIDE";"02439";"2025-11-15 00:53:00";"-42,9313333333";"-59,1866666667";"3,2";"185"
"MISS TIDE";"02439";"2025-11-15 01:08:00";"-42,9221666667";"-59,2083333333";"3,2";"295"
"MISS TIDE";"02439";"2025-11-15 01:23:00";"-42,9161666667";"-59,2236666667";"5,9";"295"
"MISS TIDE";"02439";"2025-11-15 01:38:00";"-42,925";"-59,203";"3,8";"120"
"MISS TIDE";"02439";"2025-11-15 01:53:00";"-42,9321666667";"-59,1863333333";"3,8";"130"
"MISS TIDE";"02439";"2025-11-15 02:08:00";"-42,928";"-59,1995";"3,8";"290"
"MISS TIDE";"02439";"2025-11-15 02:23:00";"-42,9203333333";"-59,2158333333";"1,1";"300"
"MISS TIDE";"02439";"2025-11-15 02:38:00";"-42,9196666667";"-59,2155";"4,3";"105"
"MISS TIDE";"02439";"2025-11-15 02:53:00";"-42,9291666667";"-59,1946666667";"3,8";"130"
"MISS TIDE";"02439";"2025-11-15 03:08:00";"-42,9286666667";"-59,1971666667";"3,8";"300"
"MISS TIDE";"02439";"2025-11-15 03:23:00";"-42,9195";"-59,2175";"3,8";"290"
"MISS TIDE";"02439";"2025-11-15 03:38:00";"-42,9211666667";"-59,2158333333";"3,8";"115"
"MISS TIDE";"02439";"2025-11-15 03:53:00";"-42,9305";"-59,1958333333";"3,8";"125"
"MISS TIDE";"02439";"2025-11-15 04:08:00";"-42,9303333333";"-59,197";"7,0";"300"
"MISS TIDE";"02439";"2025-11-15 04:23:00";"-42,92";"-59,218";"4,3";"300"
"MISS TIDE";"02439";"2025-11-15 04:38:00";"-42,9166666667";"-59,2246666667";"5,9";"125"
"MISS TIDE";"02439";"2025-11-15 04:53:00";"-42,9275";"-59,2041666667";"3,8";"130"
"MISS TIDE";"02439";"2025-11-15 05:08:00";"-42,933";"-59,1933333333";"6,5";"305"
"MISS TIDE";"02439";"2025-11-15 05:23:00";"-42,9221666667";"-59,2158333333";"3,8";"300"
"MISS TIDE";"02439";"2025-11-15 05:38:00";"-42,9138333333";"-59,2296666667";"2,2";"215"
"MISS TIDE";"02439";"2025-11-15 05:53:00";"-42,9261666667";"-59,2091666667";"3,8";"125"
"MISS TIDE";"02439";"2025-11-15 06:08:00";"-42,9333333333";"-59,1921666667";"5,4";"160"
"MISS TIDE";"02439";"2025-11-15 06:24:00";"-42,9236666667";"-59,2146666667";"4,3";"300"
"MISS TIDE";"02439";"2025-11-15 06:39:00";"-42,9161666667";"-59,2295";"4,3";"295"
"MISS TIDE";"02439";"2025-11-15 06:54:00";"-42,9266666667";"-59,2103333333";"4,3";"120"
"MISS TIDE";"02439";"2025-11-15 07:09:00";"-42,9328333333";"-59,195";"4,3";"140"
"MISS TIDE";"02439";"2025-11-15 07:24:00";"-42,925";"-59,2145";"4,3";"310"
"MISS TIDE";"02439";"2025-11-15 07:39:00";"-42,9166666667";"-59,2296666667";"3,8";"325"
"MISS TIDE";"02439";"2025-11-15 07:54:00";"-42,9245";"-59,2166666667";"3,8";"115"
"MISS TIDE";"02439";"2025-11-15 08:09:00";"-42,9321666667";"-59,1996666667";"1,6";"85"
"MISS TIDE";"02439";"2025-11-15 08:24:00";"-42,9275";"-59,2116666667";"4,3";"310"
"MISS TIDE";"02439";"2025-11-15 08:39:00";"-42,9178333333";"-59,2296666667";"1,6";"300"
"MISS TIDE";"02439";"2025-11-15 08:54:00";"-42,9241666667";"-59,2196666667";"3,8";"125"
"MISS TIDE";"02439";"2025-11-15 09:09:00";"-42,932";"-59,2021666667";"1,1";"110"
"MISS TIDE";"02439";"2025-11-15 09:24:00";"-42,9286666667";"-59,2111666667";"4,3";"300"
"MISS TIDE";"02439";"2025-11-15 09:39:00";"-42,9196666667";"-59,2296666667";"1,6";"305"
"MISS TIDE";"02439";"2025-11-15 09:54:00";"-42,9241666667";"-59,2208333333";"4,3";"115"
"MISS TIDE";"02439";"2025-11-15 10:09:00";"-42,9325";"-59,2021666667";"1,6";"135"
"MISS TIDE";"02439";"2025-11-15 10:24:00";"-42,9275";"-59,2146666667";"4,3";"290"
"MISS TIDE";"02439";"2025-11-15 10:39:00";"-42,9191666667";"-59,2336666667";"1,6";"330"
"MISS TIDE";"02439";"2025-11-15 10:54:00";"-42,9245";"-59,2228333333";"4,3";"115"
"MISS TIDE";"02439";"2025-11-15 11:09:00";"-42,9325";"-59,2038333333";"1,1";"115"
"MISS TIDE";"02439";"2025-11-15 11:24:00";"-42,9305";"-59,2096666667";"3,2";"290"
"MISS TIDE";"02439";"2025-11-15 11:39:00";"-42,9225";"-59,2278333333";"2,2";"315"
"MISS TIDE";"02439";"2025-11-15 11:54:00";"-42,9161666667";"-59,2241666667";"4,3";"60"
"MISS TIDE";"02439";"2025-11-15 12:09:00";"-42,9088333333";"-59,203";"1,6";"40"
"MISS TIDE";"02439";"2025-11-15 12:24:00";"-42,912";"-59,2095";"3,8";"235"
"MISS TIDE";"02439";"2025-11-15 12:39:00";"-42,9183333333";"-59,2311666667";"1,1";"235"
"MISS TIDE";"02439";"2025-11-15 12:54:00";"-42,9303333333";"-59,2438333333";"3,8";"200"
"MISS TIDE";"02439";"2025-11-15 13:09:00";"-42,9438333333";"-59,2511666667";"1,1";"200"
"MISS TIDE";"02439";"2025-11-15 13:24:00";"-42,9578333333";"-59,2583333333";"4,3";"180"
"MISS TIDE";"02439";"2025-11-15 13:39:00";"-42,9533333333";"-59,2305";"3,8";"65"
"MISS TIDE";"02439";"2025-11-15 13:54:00";"-42,95";"-59,2121666667";"5,4";"50"
"MISS TIDE";"02439";"2025-11-15 14:09:00";"-42,9545";"-59,2308333333";"4,3";"250"
"MISS TIDE";"02439";"2025-11-15 14:24:00";"-42,9575";"-59,2486666667";"3,2";"260"
"MISS TIDE";"02439";"2025-11-15 14:39:00";"-42,9536666667";"-59,2261666667";"3,8";"65"
"MISS TIDE";"02439";"2025-11-15 14:54:00";"-42,9486666667";"-59,2078333333";"4,9";"5"
"MISS TIDE";"02439";"2025-11-15 15:09:00";"-42,9528333333";"-59,232";"3,8";"260"
"MISS TIDE";"02439";"2025-11-15 15:24:00";"-42,9546666667";"-59,2466666667";"3,8";"60"
"MISS TIDE";"02439";"2025-11-15 15:39:00";"-42,9491666667";"-59,2188333333";"4,3";"70"
"MISS TIDE";"02439";"2025-11-15 15:54:00";"-42,9438333333";"-59,205";"3,8";"310"
"MISS TIDE";"02439";"2025-11-15 16:09:00";"-42,9486666667";"-59,23";"3,8";"245"
"MISS TIDE";"02439";"2025-11-15 16:24:00";"-42,9521666667";"-59,2453333333";"3,8";"280"
"MISS TIDE";"02439";"2025-11-15 16:54:00";"-42,9416666667";"-59,202";"3,8";"50"
"MISS TIDE";"02439";"2025-11-15 17:09:00";"-42,945";"-59,2186666667";"4,3";"255"
"MISS TIDE";"02439";"2025-11-15 17:24:00";"-42,9478333333";"-59,237";"1,1";"250"
"MISS TIDE";"02439";"2025-11-15 17:39:00";"-42,945";"-59,2246666667";"3,8";"75"
"MISS TIDE";"02439";"2025-11-15 17:54:00";"-42,9416666667";"-59,2041666667";"2,2";"20"
"MISS TIDE";"02439";"2025-11-15 18:09:00";"-42,9408333333";"-59,2128333333";"4,3";"260"
"MISS TIDE";"02439";"2025-11-15 18:24:00";"-42,9441666667";"-59,2341666667";"1,6";"255"
"MISS TIDE";"02439";"2025-11-15 18:39:00";"-42,9408333333";"-59,2245";"4,3";"75"
"MISS TIDE";"02439";"2025-11-15 18:54:00";"-42,9371666667";"-59,2041666667";"1,6";"60"
"MISS TIDE";"02439";"2025-11-15 19:09:00";"-42,9396666667";"-59,215";"4,3";"255"
"MISS TIDE";"02439";"2025-11-15 19:24:00";"-42,9436666667";"-59,235";"1,1";"245"
"MISS TIDE";"02439";"2025-11-15 19:39:00";"-42,9396666667";"-59,2241666667";"3,8";"75"
"MISS TIDE";"02439";"2025-11-15 19:54:00";"-42,9358333333";"-59,2045";"1,6";"65"
"MISS TIDE";"02439";"2025-11-15 20:09:00";"-42,9371666667";"-59,2196666667";"4,3";"260"
"MISS TIDE";"02439";"2025-11-15 20:24:00";"-42,94";"-59,2391666667";"1,6";"260"
"MISS TIDE";"02439";"2025-11-15 20:39:00";"-42,9346666667";"-59,2316666667";"3,8";"75"
"MISS TIDE";"02439";"2025-11-15 20:54:00";"-42,932";"-59,2121666667";"1,6";"75"
"MISS TIDE";"02439";"2025-11-15 21:09:00";"-42,9325";"-59,227";"3,8";"245"
"MISS TIDE";"02439";"2025-11-15 21:24:00";"-42,9353333333";"-59,245";"1,1";"245"
"MISS TIDE";"02439";"2025-11-15 21:39:00";"-42,9313333333";"-59,2303333333";"3,8";"75"
"MISS TIDE";"02439";"2025-11-15 21:54:00";"-42,9288333333";"-59,2116666667";"2,7";"90"
"MISS TIDE";"02439";"2025-11-15 22:09:00";"-42,9325";"-59,2295";"4,3";"250"
"MISS TIDE";"02439";"2025-11-15 22:24:00";"-42,9355";"-59,2471666667";"3,8";"210"
"MISS TIDE";"02439";"2025-11-15 22:39:00";"-42,9358333333";"-59,2241666667";"3,8";"70"
"MISS TIDE";"02439";"2025-11-15 22:54:00";"-42,9353333333";"-59,2078333333";"4,9";"250"
"MISS TIDE";"02439";"2025-11-15 23:09:00";"-42,9386666667";"-59,2336666667";"3,8";"255"
"MISS TIDE";"02439";"2025-11-15 23:24:00";"-42,9403333333";"-59,2421666667";"5,9";"65"
"MISS TIDE";"02439";"2025-11-15 23:39:00";"-42,9358333333";"-59,2153333333";"4,3";"75"
"MISS TIDE";"02439";"2025-11-15 23:54:00";"-42,933";"-59,1995";"4,9";"280"
"MISS TIDE";"02439";"2025-11-16 00:09:00";"-42,927";"-59,223";"3,8";"290"
"MISS TIDE";"02439";"2025-11-16 00:24:00";"-42,9261666667";"-59,2213333333";"6,5";"120"
"MISS TIDE";"02439";"2025-11-16 00:39:00";"-42,935";"-59,2008333333";"2,7";"130"
"MISS TIDE";"02439";"2025-11-16 00:54:00";"-42,9338333333";"-59,2046666667";"4,3";"305"
"MISS TIDE";"02439";"2025-11-16 01:09:00";"-42,9255";"-59,223";"2,2";"335"
"MISS TIDE";"02439";"2025-11-16 01:24:00";"-42,9305";"-59,2141666667";"4,3";"135"
"MISS TIDE";"02439";"2025-11-16 01:39:00";"-42,9363333333";"-59,1961666667";"4,9";"45"
"MISS TIDE";"02439";"2025-11-16 01:54:00";"-42,9238333333";"-59,1728333333";"3,8";"55"
"MISS TIDE";"02439";"2025-11-16 02:09:00";"-42,9203333333";"-59,1608333333";"5,4";"225"
"MISS TIDE";"02439";"2025-11-16 02:24:00";"-42,9311666667";"-59,1808333333";"3,2";"235"
"MISS TIDE";"02439";"2025-11-16 02:39:00";"-42,937";"-59,193";"3,8";"355"
"MISS TIDE";"02439";"2025-11-16 02:54:00";"-42,922";"-59,1728333333";"3,8";"50"
"MISS TIDE";"02439";"2025-11-16 03:09:00";"-42,9136666667";"-59,16";"4,3";"225"
"MISS TIDE";"02439";"2025-11-16 03:24:00";"-42,925";"-59,1796666667";"3,8";"220"
"MISS TIDE";"02439";"2025-11-16 03:39:00";"-42,9316666667";"-59,193";"5,9";"255"
"MISS TIDE";"02439";"2025-11-16 03:54:00";"-42,9345";"-59,218";"3,2";"250"
"MISS TIDE";"02439";"2025-11-16 04:09:00";"-42,9353333333";"-59,2345";"4,3";"255"
"MISS TIDE";"02439";"2025-11-16 04:24:00";"-42,9325";"-59,2121666667";"4,3";"80"
"MISS TIDE";"02439";"2025-11-16 04:39:00";"-42,9286666667";"-59,193";"3,8";"50"
"MISS TIDE";"02439";"2025-11-16 04:54:00";"-42,9328333333";"-59,2105";"3,8";"255"
"MISS TIDE";"02439";"2025-11-16 05:09:00";"-42,9346666667";"-59,2275";"2,2";"280"
"MISS TIDE";"02439";"2025-11-16 05:24:00";"-42,9488333333";"-59,2425";"4,3";"215"
"MISS TIDE";"02439";"2025-11-16 05:39:00";"-42,9583333333";"-59,2528333333";"4,9";"240"
"MISS TIDE";"02439";"2025-11-16 05:54:00";"-42,9546666667";"-59,2291666667";"3,8";"70"
"MISS TIDE";"02439";"2025-11-16 06:09:00";"-42,9516666667";"-59,2133333333";"3,8";"310"
"MISS TIDE";"02439";"2025-11-16 06:24:00";"-42,9316666667";"-59,2025";"4,3";"25"
"MISS TIDE";"02439";"2025-11-16 06:39:00";"-42,9175";"-59,1916666667";"5,9";"0"
"MISS TIDE";"02439";"2025-11-16 06:54:00";"-42,9183333333";"-59,2171666667";"4,3";"260"
"MISS TIDE";"02439";"2025-11-16 07:09:00";"-42,9195";"-59,2366666667";"5,9";"325"
"MISS TIDE";"02439";"2025-11-16 07:24:00";"-42,9141666667";"-59,2103333333";"3,8";"85"
"MISS TIDE";"02439";"2025-11-16 07:39:00";"-42,913";"-59,193";"4,9";"165"
"MISS TIDE";"02439";"2025-11-16 07:54:00";"-42,9183333333";"-59,2186666667";"3,8";"255"
"MISS TIDE";"02439";"2025-11-16 08:09:00";"-42,9163333333";"-59,2361666667";"2,2";"185"
"MISS TIDE";"02439";"2025-11-16 08:24:00";"-42,9163333333";"-59,21";"3,8";"85"
"MISS TIDE";"02439";"2025-11-16 08:39:00";"-42,9133333333";"-59,1916666667";"3,2";"165"
"MISS TIDE";"02439";"2025-11-16 08:54:00";"-42,9311666667";"-59,1978333333";"3,8";"200"
"MISS TIDE";"02439";"2025-11-16 09:09:00";"-42,9428333333";"-59,202";"4,9";"170"
"MISS TIDE";"02439";"2025-11-16 09:24:00";"-42,9236666667";"-59,1938333333";"4,3";"5"
"MISS TIDE";"02439";"2025-11-16 09:39:00";"-42,912";"-59,1895";"3,2";"200"
"MISS TIDE";"02439";"2025-11-16 09:54:00";"-42,9291666667";"-59,197";"3,8";"195"
"MISS TIDE";"02439";"2025-11-16 10:09:00";"-42,9396666667";"-59,2003333333";"3,8";"200"
"MISS TIDE";"02439";"2025-11-16 10:24:00";"-42,927";"-59,1911666667";"4,3";"10"
"MISS TIDE";"02439";"2025-11-16 10:39:00";"-42,9128333333";"-59,1866666667";"3,8";"10"
"MISS TIDE";"02439";"2025-11-16 10:54:00";"-42,9133333333";"-59,1875";"3,2";"130"
"MISS TIDE";"02439";"2025-11-16 11:09:00";"-42,9183333333";"-59,19";"3,2";"190"
"MISS TIDE";"02439";"2025-11-16 11:24:00";"-42,9336666667";"-59,195";"4,3";"185"
"MISS TIDE";"02439";"2025-11-16 11:39:00";"-42,9366666667";"-59,1995";"6,5";"340"
"MISS TIDE";"02439";"2025-11-16 11:54:00";"-42,9183333333";"-59,2053333333";"3,8";"355"
"MISS TIDE";"02439";"2025-11-16 12:09:00";"-42,9086666667";"-59,2091666667";"3,8";"155"
"MISS TIDE";"02439";"2025-11-16 12:24:00";"-42,927";"-59,2033333333";"3,8";"145"
"MISS TIDE";"02439";"2025-11-16 12:39:00";"-42,9391666667";"-59,1991666667";"2,2";"160"
"MISS TIDE";"02439";"2025-11-16 12:54:00";"-42,9295";"-59,203";"4,3";"335"
"MISS TIDE";"02439";"2025-11-16 13:09:00";"-42,915";"-59,2063333333";"2,2";"340"
"MISS TIDE";"02439";"2025-11-16 13:24:00";"-42,9261666667";"-59,205";"3,8";"170"
"MISS TIDE";"02439";"2025-11-16 13:39:00";"-42,94";"-59,2008333333";"1,1";"140"
"MISS TIDE";"02439";"2025-11-16 13:54:00";"-42,9308333333";"-59,202";"5,9";"0"
"MISS TIDE";"02439";"2025-11-16 14:09:00";"-42,9466666667";"-59,2133333333";"5,4";"210"
"MISS TIDE";"02439";"2025-11-16 14:24:00";"-42,965";"-59,2291666667";"6,5";"225"
"MISS TIDE";"02439";"2025-11-16 14:39:00";"-42,9808333333";"-59,245";"3,2";"220"
"MISS TIDE";"02439";"2025-11-16 14:54:00";"-42,9896666667";"-59,2536666667";"2,2";"205"
"MISS TIDE";"02439";"2025-11-16 15:09:00";"-42,9816666667";"-59,2475";"3,8";"30"
"MISS TIDE";"02439";"2025-11-16 15:24:00";"-42,9683333333";"-59,2355";"2,2";"35"
"MISS TIDE";"02439";"2025-11-16 15:39:00";"-42,9741666667";"-59,2391666667";"3,8";"210"
"MISS TIDE";"02439";"2025-11-16 15:54:00";"-42,9863333333";"-59,2503333333";"1,6";"260"
"MISS TIDE";"02439";"2025-11-16 16:09:00";"-42,9833333333";"-59,2486666667";"4,3";"30"
"MISS TIDE";"02439";"2025-11-16 16:24:00";"-42,9691666667";"-59,2353333333";"1,6";"30"
"MISS TIDE";"02439";"2025-11-16 16:39:00";"-42,972";"-59,2383333333";"3,2";"215"
"MISS TIDE";"02439";"2025-11-16 16:54:00";"-42,9853333333";"-59,2495";"3,8";"210"
"MISS TIDE";"02439";"2025-11-16 17:09:00";"-42,992";"-59,2571666667";"5,4";"280"
"MISS TIDE";"02439";"2025-11-16 17:24:00";"-42,9758333333";"-59,2396666667";"4,3";"35"
"MISS TIDE";"02439";"2025-11-16 17:39:00";"-42,9636666667";"-59,2283333333";"4,9";"120"
"MISS TIDE";"02439";"2025-11-16 17:54:00";"-42,9775";"-59,2408333333";"3,2";"215"
"MISS TIDE";"02439";"2025-11-16 18:09:00";"-42,9863333333";"-59,2488333333";"2,7";"210"
"MISS TIDE";"02439";"2025-11-16 18:24:00";"-42,975";"-59,2421666667";"3,8";"25"
"MISS TIDE";"02439";"2025-11-16 18:39:00";"-42,9628333333";"-59,2305";"3,2";"35"
"MISS TIDE";"02439";"2025-11-16 18:54:00";"-42,9666666667";"-59,232";"2,7";"200"
"MISS TIDE";"02439";"2025-11-16 19:09:00";"-42,9771666667";"-59,2438333333";"2,7";"220"
"MISS TIDE";"02439";"2025-11-16 19:24:00";"-42,9858333333";"-59,253";"0,0";"190"
"MISS TIDE";"02439";"2025-11-16 19:39:00";"-42,9853333333";"-59,2536666667";"7,0";"45"
"MISS TIDE";"02439";"2025-11-16 19:54:00";"-42,9708333333";"-59,2378333333";"3,8";"40"
"MISS TIDE";"02439";"2025-11-16 20:09:00";"-42,9641666667";"-59,233";"5,4";"210"
"MISS TIDE";"02439";"2025-11-16 20:24:00";"-42,9766666667";"-59,2466666667";"2,7";"220"
"MISS TIDE";"02439";"2025-11-16 20:39:00";"-42,9841666667";"-59,2553333333";"1,1";"220"
"MISS TIDE";"02439";"2025-11-16 20:54:00";"-42,9758333333";"-59,247";"4,3";"20"
"MISS TIDE";"02439";"2025-11-16 21:09:00";"-42,9625";"-59,2316666667";"2,2";"40"
"MISS TIDE";"02439";"2025-11-16 21:24:00";"-42,9588333333";"-59,227";"8,6";"35"
"MISS TIDE";"02439";"2025-11-16 21:39:00";"-42,9355";"-59,197";"6,5";"40"
"MISS TIDE";"02439";"2025-11-16 21:54:00";"-42,9145";"-59,17";"9,2";"40"
"MISS TIDE";"02439";"2025-11-16 22:09:00";"-42,887";"-59,1333333333";"8,1";"45"
"MISS TIDE";"02439";"2025-11-16 22:24:00";"-42,8608333333";"-59,097";"8,6";"40"
"MISS TIDE";"02439";"2025-11-16 22:39:00";"-42,835";"-59,0611666667";"8,6";"40"
"MISS TIDE";"02439";"2025-11-16 22:54:00";"-42,8096666667";"-59,0253333333";"8,1";"45"
"MISS TIDE";"02439";"2025-11-16 23:09:00";"-42,7841666667";"-58,9888333333";"9,7";"40"
"MISS TIDE";"02439";"2025-11-16 23:24:00";"-42,7536666667";"-58,958";"9,2";"40"
"MISS TIDE";"02439";"2025-11-16 23:39:00";"-42,723";"-58,9291666667";"8,1";"35"
"MISS TIDE";"02439";"2025-11-16 23:54:00";"-42,6936666667";"-58,9013333333";"8,1";"40"
"MISS TIDE";"02439";"2025-11-17 00:09:00";"-42,6636666667";"-58,8733333333";"8,1";"30"
"MISS TIDE";"02439";"2025-11-17 00:24:00";"-42,633";"-58,8458333333";"9,2";"35"
"MISS TIDE";"02439";"2025-11-17 00:39:00";"-42,6028333333";"-58,818";"8,6";"35"
"MISS TIDE";"02439";"2025-11-17 00:54:00";"-42,5725";"-58,7905";"7,0";"30"
"MISS TIDE";"02439";"2025-11-17 01:09:00";"-42,5425";"-58,7636666667";"7,6";"30"
"MISS TIDE";"02439";"2025-11-17 01:24:00";"-42,5125";"-58,7363333333";"8,1";"45"
"MISS TIDE";"02439";"2025-11-17 01:39:00";"-42,4825";"-58,7086666667";"8,6";"20"
"MISS TIDE";"02439";"2025-11-17 01:54:00";"-42,4511666667";"-58,6813333333";"9,7";"25"
"MISS TIDE";"02439";"2025-11-17 02:09:00";"-42,4195";"-58,6541666667";"8,1";"30"
"MISS TIDE";"02439";"2025-11-17 02:24:00";"-42,387";"-58,6278333333";"9,2";"25"
"MISS TIDE";"02439";"2025-11-17 02:39:00";"-42,3545";"-58,6021666667";"7,6";"35"
"MISS TIDE";"02439";"2025-11-17 02:54:00";"-42,3213333333";"-58,5796666667";"8,1";"5"
"MISS TIDE";"02439";"2025-11-17 03:09:00";"-42,2855";"-58,5761666667";"8,1";"5"
"MISS TIDE";"02439";"2025-11-17 03:24:00";"-42,2491666667";"-58,573";"8,6";"0"
"MISS TIDE";"02439";"2025-11-17 03:39:00";"-42,2125";"-58,5721666667";"8,1";"355"
"MISS TIDE";"02439";"2025-11-17 03:54:00";"-42,1833333333";"-58,5496666667";"8,6";"45"
"MISS TIDE";"02439";"2025-11-17 04:09:00";"-42,1583333333";"-58,513";"8,6";"45"
"MISS TIDE";"02439";"2025-11-17 04:24:00";"-42,133";"-58,4761666667";"9,7";"45"
"MISS TIDE";"02439";"2025-11-17 04:39:00";"-42,1083333333";"-58,4391666667";"9,2";"40"
"MISS TIDE";"02439";"2025-11-17 04:54:00";"-42,0838333333";"-58,4028333333";"8,6";"50"
"MISS TIDE";"02439";"2025-11-17 05:09:00";"-42,0521666667";"-58,3803333333";"8,6";"15"
"MISS TIDE";"02439";"2025-11-17 05:24:00";"-42,0266666667";"-58,3721666667";"2,7";"210"
"MISS TIDE";"02439";"2025-11-17 05:39:00";"-42,0155";"-58,3646666667";"4,3";"20"
"MISS TIDE";"02439";"2025-11-17 05:54:00";"-42,0028333333";"-58,3595";"4,9";"15"
"MISS TIDE";"02439";"2025-11-17 06:09:00";"-41,9833333333";"-58,3505";"3,8";"15"
"MISS TIDE";"02439";"2025-11-17 06:24:00";"-41,9705";"-58,338";"6,5";"50"
"MISS TIDE";"02439";"2025-11-17 06:39:00";"-41,9591666667";"-58,3216666667";"2,2";"70"
"MISS TIDE";"02439";"2025-11-17 06:54:00";"-41,9461666667";"-58,3036666667";"3,8";"35"
"MISS TIDE";"02439";"2025-11-17 07:09:00";"-41,9336666667";"-58,2913333333";"2,2";"45"
"MISS TIDE";"02439";"2025-11-17 07:24:00";"-41,9325";"-58,2913333333";"5,9";"225"
"MISS TIDE";"02439";"2025-11-17 07:39:00";"-41,9446666667";"-58,3061666667";"4,3";"220"
"MISS TIDE";"02439";"2025-11-17 07:54:00";"-41,9536666667";"-58,3136666667";"5,4";"215"
"MISS TIDE";"02439";"2025-11-17 08:09:00";"-41,943";"-58,3108333333";"4,3";"25"
"MISS TIDE";"02439";"2025-11-17 08:24:00";"-41,9311666667";"-58,2995";"3,8";"45"
"MISS TIDE";"02439";"2025-11-17 08:39:00";"-41,9383333333";"-58,307";"4,9";"210"
"MISS TIDE";"02439";"2025-11-17 08:54:00";"-41,9503333333";"-58,3141666667";"0,5";"210"
"MISS TIDE";"02439";"2025-11-17 09:09:00";"-41,9438333333";"-58,31";"3,2";"10"
"MISS TIDE";"02439";"2025-11-17 09:24:00";"-41,9308333333";"-58,2996666667";"2,2";"50"
"MISS TIDE";"02439";"2025-11-17 09:39:00";"-41,9355";"-58,3021666667";"4,3";"205"
"MISS TIDE";"02439";"2025-11-17 09:54:00";"-41,9505";"-58,313";"4,9";"190"
"MISS TIDE";"02439";"2025-11-17 10:09:00";"-41,9513333333";"-58,322";"5,9";"330"
"MISS TIDE";"02439";"2025-11-17 10:24:00";"-41,9375";"-58,3371666667";"4,3";"330"
"MISS TIDE";"02439";"2025-11-17 10:39:00";"-41,9266666667";"-58,3566666667";"7,6";"295"
"MISS TIDE";"02439";"2025-11-17 10:54:00";"-41,9103333333";"-58,3938333333";"7,6";"310"
"MISS TIDE";"02439";"2025-11-17 11:09:00";"-41,9003333333";"-58,4178333333";"4,3";"280"
"MISS TIDE";"02439";"2025-11-17 11:24:00";"-41,8938333333";"-58,4325";"4,9";"305"
"MISS TIDE";"02439";"2025-11-17 11:39:00";"-41,8808333333";"-58,453";"4,3";"315"
"MISS TIDE";"02439";"2025-11-17 11:54:00";"-41,8708333333";"-58,4688333333";"1,1";"300"
"MISS TIDE";"02439";"2025-11-17 12:09:00";"-41,8566666667";"-58,4753333333";"3,8";"0"
"MISS TIDE";"02439";"2025-11-17 12:24:00";"-41,8391666667";"-58,478";"2,7";"330"
"MISS TIDE";"02439";"2025-11-17 12:39:00";"-41,825";"-58,4705";"4,3";"15"
"MISS TIDE";"02439";"2025-11-17 12:54:00";"-41,8063333333";"-58,4611666667";"4,3";"20"
"MISS TIDE";"02439";"2025-11-17 13:24:00";"-41,7728333333";"-58,4646666667";"2,7";"5"
"MISS TIDE";"02439";"2025-11-17 13:39:00";"-41,7558333333";"-58,4666666667";"5,9";"0"
"MISS TIDE";"02439";"2025-11-17 13:54:00";"-41,7395";"-58,4671666667";"3,8";"340"
"MISS TIDE";"02439";"2025-11-17 14:09:00";"-41,7225";"-58,4683333333";"4,3";"5"
"MISS TIDE";"02439";"2025-11-17 14:24:00";"-41,707";"-58,4703333333";"2,7";"325"
"MISS TIDE";"02439";"2025-11-17 14:39:00";"-41,695";"-58,4786666667";"3,2";"340"
"MISS TIDE";"02439";"2025-11-17 14:54:00";"-41,6836666667";"-58,4858333333";"2,7";"325"
"MISS TIDE";"02439";"2025-11-17 15:09:00";"-41,6705";"-58,495";"2,7";"325"
"MISS TIDE";"02439";"2025-11-17 15:24:00";"-41,6713333333";"-58,4896666667";"5,9";"130"
"MISS TIDE";"02439";"2025-11-17 15:39:00";"-41,6878333333";"-58,4628333333";"5,9";"115"
"MISS TIDE";"02439";"2025-11-17 15:54:00";"-41,7041666667";"-58,4358333333";"6,5";"130"
"MISS TIDE";"02439";"2025-11-17 16:09:00";"-41,7205";"-58,4091666667";"6,5";"105"
"MISS TIDE";"02439";"2025-11-17 16:24:00";"-41,7071666667";"-58,4175";"4,3";"325"
"MISS TIDE";"02439";"2025-11-17 16:39:00";"-41,695";"-58,4288333333";"3,8";"310"
"MISS TIDE";"02439";"2025-11-17 16:54:00";"-41,6896666667";"-58,4295";"5,4";"125"
"MISS TIDE";"02439";"2025-11-17 17:09:00";"-41,6991666667";"-58,4111666667";"4,3";"140"
"MISS TIDE";"02439";"2025-11-17 17:24:00";"-41,7071666667";"-58,393";"3,2";"140"
"MISS TIDE";"02439";"2025-11-17 17:39:00";"-41,7146666667";"-58,3763333333";"2,7";"85"
"MISS TIDE";"02439";"2025-11-17 17:54:00";"-41,7155";"-58,3725";"2,7";"325"
"MISS TIDE";"02439";"2025-11-17 18:09:00";"-41,7088333333";"-58,3871666667";"1,1";"325"
"MISS TIDE";"02439";"2025-11-17 18:24:00";"-41,7016666667";"-58,4016666667";"3,2";"210"
"MISS TIDE";"02439";"2025-11-17 18:39:00";"-41,715";"-58,378";"3,8";"25"
"MISS TIDE";"02439";"2025-11-17 18:54:00";"-41,6991666667";"-58,3863333333";"3,2";"320"
"MISS TIDE";"02439";"2025-11-17 19:10:00";"-41,685";"-58,397";"4,9";"295"
"MISS TIDE";"02439";"2025-11-17 19:25:00";"-41,6728333333";"-58,4096666667";"5,4";"320"
"MISS TIDE";"02439";"2025-11-17 19:40:00";"-41,6603333333";"-58,4236666667";"4,9";"310"
"MISS TIDE";"02439";"2025-11-17 19:55:00";"-41,6478333333";"-58,4375";"3,8";"310"
"MISS TIDE";"02439";"2025-11-17 20:10:00";"-41,6345";"-58,4513333333";"3,8";"310"
"MISS TIDE";"02439";"2025-11-17 20:25:00";"-41,622";"-58,4653333333";"5,4";"295"
"MISS TIDE";"02439";"2025-11-17 20:40:00";"-41,6096666667";"-58,4795";"3,2";"290"
"MISS TIDE";"02439";"2025-11-17 20:55:00";"-41,5975";"-58,4938333333";"5,4";"335"
"MISS TIDE";"02439";"2025-11-17 21:10:00";"-41,585";"-58,5086666667";"4,3";"295"
"MISS TIDE";"02439";"2025-11-17 21:25:00";"-41,587";"-58,5053333333";"5,4";"110"
"MISS TIDE";"02439";"2025-11-17 21:40:00";"-41,5955";"-58,4741666667";"5,4";"120"
"MISS TIDE";"02439";"2025-11-17 21:55:00";"-41,6036666667";"-58,4421666667";"5,9";"105"
"MISS TIDE";"02439";"2025-11-17 22:10:00";"-41,6113333333";"-58,4096666667";"5,9";"105"
"MISS TIDE";"02439";"2025-11-17 22:25:00";"-41,6188333333";"-58,3771666667";"5,4";"115"
"MISS TIDE";"02439";"2025-11-17 22:40:00";"-41,6255";"-58,3453333333";"5,9";"100"
"MISS TIDE";"02439";"2025-11-17 22:55:00";"-41,6321666667";"-58,3141666667";"5,9";"115"
"MISS TIDE";"02439";"2025-11-17 23:10:00";"-41,6366666667";"-58,283";"6,5";"80"
"MISS TIDE";"02439";"2025-11-17 23:25:00";"-41,6333333333";"-58,2496666667";"5,4";"70"
"MISS TIDE";"02439";"2025-11-17 23:40:00";"-41,63";"-58,217";"5,9";"70"
"MISS TIDE";"02439";"2025-11-17 23:55:00";"-41,622";"-58,1845";"5,9";"70"
"MISS TIDE";"02439";"2025-11-18 00:10:00";"-41,6136666667";"-58,152";"5,9";"55"
"MISS TIDE";"02439";"2025-11-18 00:25:00";"-41,605";"-58,1203333333";"5,4";"60"
"MISS TIDE";"02439";"2025-11-18 00:40:00";"-41,5963333333";"-58,088";"5,4";"75"
"MISS TIDE";"02439";"2025-11-18 00:55:00";"-41,588";"-58,0558333333";"5,9";"80"
"MISS TIDE";"02439";"2025-11-18 01:10:00";"-41,5796666667";"-58,0233333333";"5,9";"70"
"MISS TIDE";"02439";"2025-11-18 01:25:00";"-41,5708333333";"-57,9938333333";"2,2";"265"
"MISS TIDE";"02439";"2025-11-18 01:40:00";"-41,5663333333";"-58,0191666667";"4,3";"280"
"MISS TIDE";"02439";"2025-11-18 01:55:00";"-41,5595";"-58,0445";"4,9";"275"
"MISS TIDE";"02439";"2025-11-18 02:10:00";"-41,5525";"-58,0713333333";"4,3";"295"
"MISS TIDE";"02439";"2025-11-18 02:25:00";"-41,5428333333";"-58,097";"4,9";"295"
"MISS TIDE";"02439";"2025-11-18 02:40:00";"-41,5328333333";"-58,1225";"5,9";"295"
"MISS TIDE";"02439";"2025-11-18 02:55:00";"-41,5228333333";"-58,1491666667";"5,4";"310"
"MISS TIDE";"02439";"2025-11-18 03:10:00";"-41,5171666667";"-58,1766666667";"5,4";"280"
"MISS TIDE";"02439";"2025-11-18 03:25:00";"-41,5175";"-58,205";"5,4";"250"
"MISS TIDE";"02439";"2025-11-18 03:40:00";"-41,5183333333";"-58,235";"4,3";"260"
"MISS TIDE";"02439";"2025-11-18 03:55:00";"-41,5191666667";"-58,2645";"4,9";"255"
"MISS TIDE";"02439";"2025-11-18 04:10:00";"-41,5186666667";"-58,2938333333";"5,4";"290"
"MISS TIDE";"02439";"2025-11-18 04:25:00";"-41,5141666667";"-58,3221666667";"4,9";"285"
"MISS TIDE";"02439";"2025-11-18 04:40:00";"-41,5095";"-58,3496666667";"5,9";"275"
"MISS TIDE";"02439";"2025-11-18 04:55:00";"-41,5016666667";"-58,3761666667";"4,3";"285"
"MISS TIDE";"02439";"2025-11-18 05:10:00";"-41,503";"-58,372";"5,4";"125"
"MISS TIDE";"02439";"2025-11-18 05:25:00";"-41,51";"-58,3403333333";"5,4";"90"
"MISS TIDE";"02439";"2025-11-18 05:40:00";"-41,5171666667";"-58,3083333333";"5,9";"105"
"MISS TIDE";"02439";"2025-11-18 05:55:00";"-41,5245";"-58,2761666667";"5,9";"100"
"MISS TIDE";"02439";"2025-11-18 06:10:00";"-41,5321666667";"-58,2433333333";"5,9";"100"
"MISS TIDE";"02439";"2025-11-18 06:25:00";"-41,5396666667";"-58,2103333333";"6,5";"105"
"MISS TIDE";"02439";"2025-11-18 06:40:00";"-41,5466666667";"-58,1766666667";"5,9";"105"
"MISS TIDE";"02439";"2025-11-18 06:55:00";"-41,5538333333";"-58,1428333333";"6,5";"110"
"MISS TIDE";"02439";"2025-11-18 07:10:00";"-41,5611666667";"-58,1091666667";"5,9";"95"
"MISS TIDE";"02439";"2025-11-18 07:25:00";"-41,5696666667";"-58,0786666667";"2,7";"275"
"MISS TIDE";"02439";"2025-11-18 07:40:00";"-41,5725";"-58,102";"3,2";"255"
"MISS TIDE";"02439";"2025-11-18 07:55:00";"-41,5755";"-58,1271666667";"5,4";"250"
"MISS TIDE";"02439";"2025-11-18 08:10:00";"-41,578";"-58,152";"4,3";"270"
"MISS TIDE";"02439";"2025-11-18 08:25:00";"-41,5796666667";"-58,1761666667";"4,3";"270"
"MISS TIDE";"02439";"2025-11-18 08:40:00";"-41,5811666667";"-58,1996666667";"3,8";"260"
"MISS TIDE";"02439";"2025-11-18 08:55:00";"-41,5828333333";"-58,2236666667";"4,9";"265"
"MISS TIDE";"02439";"2025-11-18 09:10:00";"-41,585";"-58,2478333333";"4,3";"260"
"MISS TIDE";"02439";"2025-11-18 09:25:00";"-41,5866666667";"-58,2708333333";"4,9";"260"
"MISS TIDE";"02439";"2025-11-18 09:40:00";"-41,5891666667";"-58,293";"4,3";"210"
"MISS TIDE";"02439";"2025-11-18 09:55:00";"-41,5955";"-58,3141666667";"4,3";"250"
"MISS TIDE";"02439";"2025-11-18 10:10:00";"-41,6";"-58,335";"4,3";"260"
"MISS TIDE";"02439";"2025-11-18 10:25:00";"-41,603";"-58,3558333333";"3,2";"255"
"MISS TIDE";"02439";"2025-11-18 10:40:00";"-41,6058333333";"-58,377";"4,3";"250"
"MISS TIDE";"02439";"2025-11-18 10:55:00";"-41,6088333333";"-58,3978333333";"3,8";"255"
"MISS TIDE";"02439";"2025-11-18 11:10:00";"-41,6133333333";"-58,417";"3,2";"255"
"MISS TIDE";"02439";"2025-11-18 11:25:00";"-41,6175";"-58,4358333333";"4,3";"230"
"MISS TIDE";"02439";"2025-11-18 11:40:00";"-41,6211666667";"-58,4536666667";"3,8";"240"
"MISS TIDE";"02439";"2025-11-18 11:55:00";"-41,6241666667";"-58,4708333333";"3,2";"255"
"MISS TIDE";"02439";"2025-11-18 12:10:00";"-41,6271666667";"-58,4888333333";"3,8";"255"
"MISS TIDE";"02439";"2025-11-18 12:25:00";"-41,6258333333";"-58,4883333333";"7,0";"55"
"MISS TIDE";"02439";"2025-11-18 12:40:00";"-41,6125";"-58,46";"5,9";"35"
"MISS TIDE";"02439";"2025-11-18 12:55:00";"-41,5991666667";"-58,4325";"5,9";"55"
"MISS TIDE";"02439";"2025-11-18 13:10:00";"-41,5855";"-58,4045";"5,9";"55"
"MISS TIDE";"02439";"2025-11-18 13:25:00";"-41,5878333333";"-58,4091666667";"2,7";"210"
"MISS TIDE";"02439";"2025-11-18 13:40:00";"-41,5945";"-58,4195";"2,7";"260"
"MISS TIDE";"02439";"2025-11-18 13:55:00";"-41,603";"-58,427";"1,6";"160"
"MISS TIDE";"02439";"2025-11-18 14:10:00";"-41,6105";"-58,4328333333";"1,6";"205"
"MISS TIDE";"02439";"2025-11-18 14:25:00";"-41,618";"-58,4395";"0,5";"200"
"MISS TIDE";"02439";"2025-11-18 14:40:00";"-41,625";"-58,4466666667";"2,7";"275"
"MISS TIDE";"02439";"2025-11-18 14:55:00";"-41,6308333333";"-58,4538333333";"2,7";"185"
"MISS TIDE";"02439";"2025-11-18 15:10:00";"-41,6355";"-58,4625";"2,7";"195"
"MISS TIDE";"02439";"2025-11-18 15:25:00";"-41,6396666667";"-58,4728333333";"2,2";"235"
"MISS TIDE";"02439";"2025-11-18 15:40:00";"-41,6441666667";"-58,4825";"2,2";"260"
"MISS TIDE";"02439";"2025-11-18 15:55:00";"-41,6483333333";"-58,493";"3,2";"270"
"MISS TIDE";"02439";"2025-11-18 16:10:00";"-41,652";"-58,5033333333";"2,7";"275"
"MISS TIDE";"02439";"2025-11-18 16:25:00";"-41,6555";"-58,5136666667";"1,6";"255"
"MISS TIDE";"02439";"2025-11-18 16:40:00";"-41,6591666667";"-58,523";"1,6";"245"
"MISS TIDE";"02439";"2025-11-18 16:55:00";"-41,6628333333";"-58,5325";"1,6";"270"
"MISS TIDE";"02439";"2025-11-18 17:10:00";"-41,6666666667";"-58,5421666667";"1,6";"255"
"MISS TIDE";"02439";"2025-11-18 17:25:00";"-41,6708333333";"-58,5521666667";"2,7";"250"
"MISS TIDE";"02439";"2025-11-18 17:40:00";"-41,6753333333";"-58,5613333333";"2,2";"225"
"MISS TIDE";"02439";"2025-11-18 17:55:00";"-41,6803333333";"-58,572";"1,6";"220"
"MISS TIDE";"02439";"2025-11-18 18:10:00";"-41,683";"-58,5825";"4,9";"40"
"MISS TIDE";"02439";"2025-11-18 18:25:00";"-41,6641666667";"-58,5561666667";"5,9";"40"
"MISS TIDE";"02439";"2025-11-18 18:40:00";"-41,6463333333";"-58,5308333333";"7,0";"40"
"MISS TIDE";"02439";"2025-11-18 18:55:00";"-41,6288333333";"-58,507";"6,5";"40"
"MISS TIDE";"02439";"2025-11-18 19:10:00";"-41,613";"-58,4833333333";"4,3";"45"
"MISS TIDE";"02439";"2025-11-18 19:25:00";"-41,598";"-58,4603333333";"4,3";"35"
"MISS TIDE";"02439";"2025-11-18 19:40:00";"-41,5828333333";"-58,437";"4,3";"45"
"MISS TIDE";"02439";"2025-11-18 19:55:00";"-41,5683333333";"-58,4136666667";"4,9";"40"
"MISS TIDE";"02439";"2025-11-18 20:10:00";"-41,5538333333";"-58,39";"4,3";"50"
"MISS TIDE";"02439";"2025-11-18 20:25:00";"-41,5395";"-58,3663333333";"7,0";"50"
"MISS TIDE";"02439";"2025-11-18 20:40:00";"-41,5246666667";"-58,343";"4,9";"45"
"MISS TIDE";"02439";"2025-11-18 20:55:00";"-41,5103333333";"-58,3205";"5,4";"55"
"MISS TIDE";"02439";"2025-11-18 21:10:00";"-41,4958333333";"-58,2975";"5,4";"45"
"MISS TIDE";"02439";"2025-11-18 21:25:00";"-41,4816666667";"-58,2745";"3,2";"145"
"MISS TIDE";"02439";"2025-11-18 21:40:00";"-41,4911666667";"-58,2836666667";"2,7";"210"
"MISS TIDE";"02439";"2025-11-18 21:55:00";"-41,5005";"-58,2925";"3,8";"185"
"MISS TIDE";"02439";"2025-11-18 22:10:00";"-41,5105";"-58,3016666667";"3,2";"165"
"MISS TIDE";"02439";"2025-11-18 22:25:00";"-41,5211666667";"-58,3116666667";"3,8";"225"
"MISS TIDE";"02439";"2025-11-18 22:40:00";"-41,5311666667";"-58,3213333333";"3,8";"210"
"MISS TIDE";"02439";"2025-11-18 22:55:00";"-41,5421666667";"-58,3316666667";"3,8";"225"
"MISS TIDE";"02439";"2025-11-18 23:10:00";"-41,5511666667";"-58,342";"1,1";"245"
"MISS TIDE";"02439";"2025-11-18 23:25:00";"-41,557";"-58,3486666667";"3,8";"170"
"MISS TIDE";"02439";"2025-11-18 23:40:00";"-41,563";"-58,3555";"1,1";"250"
"MISS TIDE";"02439";"2025-11-18 23:55:00";"-41,5691666667";"-58,3628333333";"0,5";"210"
"MISS TIDE";"02439";"2025-11-19 00:10:00";"-41,5755";"-58,3696666667";"1,1";"330"
"MISS TIDE";"02439";"2025-11-19 00:25:00";"-41,5816666667";"-58,377";"2,2";"225"
"MISS TIDE";"02439";"2025-11-19 00:40:00";"-41,5883333333";"-58,3845";"2,2";"195"
"MISS TIDE";"02439";"2025-11-19 00:55:00";"-41,5958333333";"-58,3921666667";"2,7";"210"
"MISS TIDE";"02439";"2025-11-19 01:10:00";"-41,6045";"-58,4005";"3,2";"250"
"MISS TIDE";"02439";"2025-11-19 01:25:00";"-41,6155";"-58,412";"4,3";"225"
"MISS TIDE";"02439";"2025-11-19 01:40:00";"-41,6266666667";"-58,423";"4,3";"240"
"MISS TIDE";"02439";"2025-11-19 01:55:00";"-41,6378333333";"-58,4345";"2,2";"220"
"MISS TIDE";"02439";"2025-11-19 02:10:00";"-41,6478333333";"-58,4438333333";"3,2";"220"
"MISS TIDE";"02439";"2025-11-19 02:25:00";"-41,6575";"-58,4541666667";"1,1";"195"
"MISS TIDE";"02439";"2025-11-19 02:40:00";"-41,668";"-58,4646666667";"4,9";"195"
"MISS TIDE";"02439";"2025-11-19 02:55:00";"-41,6786666667";"-58,4746666667";"1,6";"205"
"MISS TIDE";"02439";"2025-11-19 03:10:00";"-41,6891666667";"-58,4841666667";"1,6";"215"
"MISS TIDE";"02439";"2025-11-19 03:25:00";"-41,6988333333";"-58,4921666667";"3,2";"210"
"MISS TIDE";"02439";"2025-11-19 03:40:00";"-41,7091666667";"-58,5013333333";"3,8";"185"
"MISS TIDE";"02439";"2025-11-19 03:55:00";"-41,7196666667";"-58,5111666667";"3,2";"205"
"MISS TIDE";"02439";"2025-11-19 04:10:00";"-41,7278333333";"-58,5195";"1,1";"235"
"MISS TIDE";"02439";"2025-11-19 04:25:00";"-41,7346666667";"-58,53";"1,1";"205"
"MISS TIDE";"02439";"2025-11-19 04:40:00";"-41,743";"-58,5386666667";"3,2";"180"
"MISS TIDE";"02439";"2025-11-19 04:55:00";"-41,7511666667";"-58,5463333333";"3,8";"205"
"MISS TIDE";"02439";"2025-11-19 05:10:00";"-41,7596666667";"-58,5536666667";"6,5";"90"
"MISS TIDE";"02439";"2025-11-19 05:25:00";"-41,7411666667";"-58,522";"8,6";"55"
"MISS TIDE";"02439";"2025-11-19 05:40:00";"-41,723";"-58,4896666667";"6,5";"55"
"MISS TIDE";"02439";"2025-11-19 05:55:00";"-41,7158333333";"-58,4733333333";"2,2";"230"
"MISS TIDE";"02439";"2025-11-19 06:10:00";"-41,7236666667";"-58,4821666667";"1,1";"200"
"MISS TIDE";"02439";"2025-11-19 06:25:00";"-41,732";"-58,488";"2,7";"210"
"MISS TIDE";"02439";"2025-11-19 06:40:00";"-41,74";"-58,4928333333";"2,2";"175"
"MISS TIDE";"02439";"2025-11-19 06:55:00";"-41,7478333333";"-58,4975";"3,2";"175"
"MISS TIDE";"02439";"2025-11-19 07:10:00";"-41,7555";"-58,5036666667";"4,3";"265"
"MISS TIDE";"02439";"2025-11-19 07:25:00";"-41,763";"-58,5095";"3,8";"175"
"MISS TIDE";"02439";"2025-11-19 07:40:00";"-41,7703333333";"-58,5145";"1,6";"245"
"MISS TIDE";"02439";"2025-11-19 07:55:00";"-41,7763333333";"-58,5188333333";"2,7";"225"
"MISS TIDE";"02439";"2025-11-19 08:10:00";"-41,7825";"-58,522";"2,2";"210"
"MISS TIDE";"02439";"2025-11-19 08:25:00";"-41,79";"-58,527";"1,6";"180"
"MISS TIDE";"02439";"2025-11-19 08:40:00";"-41,7978333333";"-58,532";"3,2";"230"
"MISS TIDE";"02439";"2025-11-19 08:55:00";"-41,8041666667";"-58,5375";"4,3";"185"
"MISS TIDE";"02439";"2025-11-19 09:10:00";"-41,8113333333";"-58,5446666667";"1,6";"235"
"MISS TIDE";"02439";"2025-11-19 09:25:00";"-41,8183333333";"-58,5511666667";"2,7";"215"
"MISS TIDE";"02439";"2025-11-19 09:40:00";"-41,8255";"-58,5578333333";"2,2";"265"
"MISS TIDE";"02439";"2025-11-19 09:55:00";"-41,833";"-58,5658333333";"2,7";"195"
"MISS TIDE";"02439";"2025-11-19 10:10:00";"-41,8386666667";"-58,573";"2,2";"265"
"MISS TIDE";"02439";"2025-11-19 10:25:00";"-41,8408333333";"-58,5771666667";"2,2";"280"
"MISS TIDE";"02439";"2025-11-19 10:40:00";"-41,8446666667";"-58,5825";"2,2";"245"
"MISS TIDE";"02439";"2025-11-19 10:55:00";"-41,8488333333";"-58,5888333333";"2,2";"180"
"MISS TIDE";"02439";"2025-11-19 11:10:00";"-41,848";"-58,5725";"8,1";"70"
"MISS TIDE";"02439";"2025-11-19 11:25:00";"-41,84";"-58,5303333333";"6,5";"80"
"MISS TIDE";"02439";"2025-11-19 11:40:00";"-41,832";"-58,4883333333";"8,1";"80"
"MISS TIDE";"02439";"2025-11-19 11:55:00";"-41,83";"-58,4628333333";"2,7";"210"
"MISS TIDE";"02439";"2025-11-19 12:10:00";"-41,8396666667";"-58,475";"4,3";"235"
"MISS TIDE";"02439";"2025-11-19 12:25:00";"-41,8491666667";"-58,4871666667";"3,8";"215"
"MISS TIDE";"02439";"2025-11-19 12:40:00";"-41,8588333333";"-58,5";"2,2";"220"
"MISS TIDE";"02439";"2025-11-19 12:55:00";"-41,8696666667";"-58,5138333333";"2,7";"195"
"MISS TIDE";"02439";"2025-11-19 13:10:00";"-41,8791666667";"-58,5258333333";"3,8";"205"
"MISS TIDE";"02439";"2025-11-19 13:25:00";"-41,8661666667";"-58,5103333333";"4,3";"50"
"MISS TIDE";"02439";"2025-11-19 13:40:00";"-41,8538333333";"-58,4983333333";"1,6";"10"
"MISS TIDE";"02439";"2025-11-19 13:55:00";"-41,8586666667";"-58,497";"3,8";"180"
"MISS TIDE";"02439";"2025-11-19 14:10:00";"-41,8461666667";"-58,4796666667";"4,3";"40"
"MISS TIDE";"02439";"2025-11-19 14:25:00";"-41,8345";"-58,468";"3,8";"15"
"MISS TIDE";"02439";"2025-11-19 14:40:00";"-41,833";"-58,4755";"2,2";"225"
"MISS TIDE";"02439";"2025-11-19 14:55:00";"-41,8405";"-58,493";"2,7";"255"
"MISS TIDE";"02439";"2025-11-19 15:10:00";"-41,8461666667";"-58,5078333333";"5,4";"225"
"MISS TIDE";"02439";"2025-11-19 15:25:00";"-41,8563333333";"-58,5241666667";"4,3";"215"
"MISS TIDE";"02439";"2025-11-19 15:40:00";"-41,8613333333";"-58,5346666667";"3,8";"220"
"MISS TIDE";"02439";"2025-11-19 15:55:00";"-41,8725";"-58,5528333333";"3,8";"230"
"MISS TIDE";"02439";"2025-11-19 16:10:00";"-41,8803333333";"-58,5663333333";"1,1";"240"
"MISS TIDE";"02439";"2025-11-19 16:25:00";"-41,893";"-58,5796666667";"3,8";"205"
"MISS TIDE";"02439";"2025-11-19 16:40:00";"-41,9038333333";"-58,5888333333";"1,1";"250"
"MISS TIDE";"02439";"2025-11-19 16:55:00";"-41,9205";"-58,6036666667";"5,9";"185"
"MISS TIDE";"02439";"2025-11-19 17:10:00";"-41,9346666667";"-58,615";"2,7";"195"
"MISS TIDE";"02439";"2025-11-19 17:25:00";"-41,9458333333";"-58,623";"5,4";"215"
"MISS TIDE";"02439";"2025-11-19 17:40:00";"-41,9653333333";"-58,6358333333";"5,9";"100"
"MISS TIDE";"02439";"2025-11-19 17:55:00";"-41,9621666667";"-58,5938333333";"7,6";"90"
"MISS TIDE";"02439";"2025-11-19 18:10:00";"-41,9596666667";"-58,5571666667";"4,3";"80"
"MISS TIDE";"02439";"2025-11-19 18:25:00";"-41,957";"-58,5346666667";"2,7";"70"
"MISS TIDE";"02439";"2025-11-19 18:40:00";"-41,952";"-58,5028333333";"8,1";"80"
"MISS TIDE";"02439";"2025-11-19 18:55:00";"-41,9491666667";"-58,47";"3,2";"90"
"MISS TIDE";"02439";"2025-11-19 19:10:00";"-41,9461666667";"-58,4503333333";"5,9";"90"
"MISS TIDE";"02439";"2025-11-19 19:25:00";"-41,9425";"-58,4236666667";"3,8";"80"
"MISS TIDE";"02439";"2025-11-19 19:40:00";"-41,9405";"-58,405";"3,2";"185"
"MISS TIDE";"02439";"2025-11-19 19:55:00";"-41,958";"-58,4096666667";"3,8";"175"
"MISS TIDE";"02439";"2025-11-19 20:10:00";"-41,97";"-58,4108333333";"3,8";"170"
"MISS TIDE";"02439";"2025-11-19 20:25:00";"-41,9663333333";"-58,3828333333";"4,3";"80"
"MISS TIDE";"02439";"2025-11-19 20:40:00";"-41,9625";"-58,3653333333";"3,2";"185"
"MISS TIDE";"02439";"2025-11-19 20:55:00";"-41,9786666667";"-58,3711666667";"3,8";"205"
"MISS TIDE";"02439";"2025-11-19 21:10:00";"-41,99";"-58,3736666667";"3,8";"180"
"MISS TIDE";"02439";"2025-11-19 21:25:00";"-41,9803333333";"-58,352";"3,8";"50"
"MISS TIDE";"02439";"2025-11-19 21:40:00";"-41,9708333333";"-58,338";"5,4";"40"
"MISS TIDE";"02439";"2025-11-19 21:55:00";"-41,9796666667";"-58,3438333333";"3,2";"205"
"MISS TIDE";"02439";"2025-11-19 22:10:00";"-41,9916666667";"-58,3516666667";"1,1";"180"
"MISS TIDE";"02439";"2025-11-19 22:25:00";"-41,983";"-58,3416666667";"4,3";"25"
"MISS TIDE";"02439";"2025-11-19 22:40:00";"-41,968";"-58,3316666667";"2,7";"0"
"MISS TIDE";"02439";"2025-11-19 22:55:00";"-41,9508333333";"-58,318";"3,8";"40"
"MISS TIDE";"02439";"2025-11-19 23:10:00";"-41,935";"-58,3066666667";"3,8";"25"
"MISS TIDE";"02439";"2025-11-19 23:25:00";"-41,9363333333";"-58,3041666667";"5,4";"210"
"MISS TIDE";"02439";"2025-11-19 23:40:00";"-41,9503333333";"-58,3138333333";"4,3";"220"
"MISS TIDE";"02439";"2025-11-19 23:55:00";"-41,9563333333";"-58,3155";"7,0";"35"
"MISS TIDE";"02439";"2025-11-20 00:10:00";"-41,9396666667";"-58,3033333333";"3,8";"35"
"MISS TIDE";"02439";"2025-11-20 00:25:00";"-41,9321666667";"-58,2946666667";"4,9";"210"
"MISS TIDE";"02439";"2025-11-20 00:40:00";"-41,9475";"-58,3066666667";"3,2";"220"
"MISS TIDE";"02439";"2025-11-20 00:55:00";"-41,957";"-58,3136666667";"2,2";"265"
"MISS TIDE";"02439";"2025-11-20 01:10:00";"-41,9403333333";"-58,2991666667";"3,8";"40"
"MISS TIDE";"02439";"2025-11-20 01:25:00";"-41,9303333333";"-58,2875";"2,7";"190"
"MISS TIDE";"02439";"2025-11-20 01:40:00";"-41,945";"-58,3008333333";"3,8";"210"
"MISS TIDE";"02439";"2025-11-20 01:55:00";"-41,9541666667";"-58,3096666667";"5,4";"225"
"MISS TIDE";"02439";"2025-11-20 02:10:00";"-41,9391666667";"-58,2946666667";"3,2";"35"
"MISS TIDE";"02439";"2025-11-20 02:25:00";"-41,9278333333";"-58,2841666667";"1,6";"10"
"MISS TIDE";"02439";"2025-11-20 02:40:00";"-41,9195";"-58,2891666667";"2,7";"200"
"MISS TIDE";"02439";"2025-11-20 02:55:00";"-41,928";"-58,297";"1,6";"130"
"MISS TIDE";"02439";"2025-11-20 03:10:00";"-41,9408333333";"-58,2958333333";"3,8";"180"
"MISS TIDE";"02439";"2025-11-20 03:25:00";"-41,9538333333";"-58,295";"3,8";"265"
"MISS TIDE";"02439";"2025-11-20 03:40:00";"-41,9358333333";"-58,2863333333";"3,8";"25"
"MISS TIDE";"02439";"2025-11-20 03:55:00";"-41,9211666667";"-58,2796666667";"1,6";"15"
"MISS TIDE";"02439";"2025-11-20 04:10:00";"-41,9116666667";"-58,2821666667";"2,7";"235"
"MISS TIDE";"02439";"2025-11-20 04:25:00";"-41,91";"-58,2828333333";"3,8";"65"
"MISS TIDE";"02439";"2025-11-20 04:40:00";"-41,9225";"-58,2936666667";"3,8";"200"
"MISS TIDE";"02439";"2025-11-20 04:55:00";"-41,9355";"-58,3021666667";"7,0";"15"
"MISS TIDE";"02439";"2025-11-20 05:10:00";"-41,9245";"-58,2946666667";"4,3";"30"
"MISS TIDE";"02439";"2025-11-20 05:25:00";"-41,91";"-58,2866666667";"3,8";"275"
"MISS TIDE";"02439";"2025-11-20 05:40:00";"-41,9238333333";"-58,3013333333";"3,8";"205"
"MISS TIDE";"02439";"2025-11-20 05:55:00";"-41,9245";"-58,3063333333";"7,0";"30"
"MISS TIDE";"02439";"2025-11-20 06:10:00";"-41,9086666667";"-58,2936666667";"3,8";"25"
"MISS TIDE";"02439";"2025-11-20 06:25:00";"-41,9113333333";"-58,2986666667";"3,2";"210"
"MISS TIDE";"02439";"2025-11-20 06:40:00";"-41,9236666667";"-58,31";"1,6";"170"
"MISS TIDE";"02439";"2025-11-20 06:55:00";"-41,9363333333";"-58,322";"4,3";"225"
"MISS TIDE";"02439";"2025-11-20 07:10:00";"-41,947";"-58,3328333333";"1,6";"215"
"MISS TIDE";"02439";"2025-11-20 07:25:00";"-41,9346666667";"-58,3166666667";"4,3";"30"
"MISS TIDE";"02439";"2025-11-20 07:40:00";"-41,9233333333";"-58,3028333333";"3,2";"145"
"MISS TIDE";"02439";"2025-11-20 07:55:00";"-41,9395";"-58,317";"3,8";"215"
"MISS TIDE";"02439";"2025-11-20 08:10:00";"-41,9391666667";"-58,318";"6,5";"45"
"MISS TIDE";"02439";"2025-11-20 08:25:00";"-41,9238333333";"-58,3005";"4,9";"40"
"MISS TIDE";"02439";"2025-11-20 08:40:00";"-41,9183333333";"-58,2933333333";"5,4";"220"
"MISS TIDE";"02439";"2025-11-20 08:55:00";"-41,9325";"-58,3086666667";"4,9";"195"
"MISS TIDE";"02439";"2025-11-20 09:10:00";"-41,9358333333";"-58,3133333333";"7,0";"50"
"MISS TIDE";"02439";"2025-11-20 09:25:00";"-41,9221666667";"-58,2963333333";"4,3";"45"
"MISS TIDE";"02439";"2025-11-20 09:40:00";"-41,9195";"-58,2928333333";"7,0";"210"
"MISS TIDE";"02439";"2025-11-20 09:55:00";"-41,9338333333";"-58,3078333333";"3,8";"215"
"MISS TIDE";"02439";"2025-11-20 10:10:00";"-41,9371666667";"-58,3086666667";"7,0";"45"
"MISS TIDE";"02439";"2025-11-20 10:25:00";"-41,923";"-58,2925";"4,3";"30"
"MISS TIDE";"02439";"2025-11-20 10:41:00";"-41,9186666667";"-58,2853333333";"4,9";"205"
"MISS TIDE";"02439";"2025-11-20 10:56:00";"-41,9346666667";"-58,2978333333";"3,8";"210"
"MISS TIDE";"02439";"2025-11-20 11:11:00";"-41,9441666667";"-58,303";"5,9";"40"
"MISS TIDE";"02439";"2025-11-20 11:26:00";"-41,927";"-58,2891666667";"4,3";"35"
"MISS TIDE";"02439";"2025-11-20 11:41:00";"-41,9138333333";"-58,2841666667";"4,9";"320"
"MISS TIDE";"02439";"2025-11-20 11:56:00";"-41,9208333333";"-58,2955";"3,8";"180"
"MISS TIDE";"02439";"2025-11-20 12:11:00";"-41,9296666667";"-58,2991666667";"2,7";"170"
"MISS TIDE";"02439";"2025-11-20 12:26:00";"-41,9445";"-58,3141666667";"4,3";"205"
"MISS TIDE";"02439";"2025-11-20 12:41:00";"-41,9536666667";"-58,323";"5,9";"30"
"MISS TIDE";"02439";"2025-11-20 12:56:00";"-41,9366666667";"-58,3091666667";"3,8";"45"
"MISS TIDE";"02439";"2025-11-20 13:11:00";"-41,9336666667";"-58,307";"6,5";"215"
"MISS TIDE";"02439";"2025-11-20 13:26:00";"-41,9478333333";"-58,3186666667";"3,2";"215"
"MISS TIDE";"02439";"2025-11-20 13:41:00";"-41,9496666667";"-58,3141666667";"4,3";"70"
"MISS TIDE";"02439";"2025-11-20 13:56:00";"-41,9436666667";"-58,2911666667";"4,3";"80"
"MISS TIDE";"02439";"2025-11-20 14:11:00";"-41,9341666667";"-58,2711666667";"5,4";"35"
"MISS TIDE";"02439";"2025-11-20 14:26:00";"-41,943";"-58,2863333333";"3,8";"220"
"MISS TIDE";"02439";"2025-11-20 14:41:00";"-41,9516666667";"-58,3038333333";"1,1";"220"
"MISS TIDE";"02439";"2025-11-20 14:56:00";"-41,9661666667";"-58,3158333333";"3,8";"220"
"MISS TIDE";"02439";"2025-11-20 15:11:00";"-41,9795";"-58,3246666667";"1,6";"190"
"MISS TIDE";"02439";"2025-11-20 15:26:00";"-41,9936666667";"-58,3491666667";"4,3";"180"
"MISS TIDE";"02439";"2025-11-20 15:41:00";"-42,0095";"-58,3586666667";"4,3";"195"
"MISS TIDE";"02439";"2025-11-20 15:56:00";"-42,0161666667";"-58,3641666667";"5,9";"25"
"MISS TIDE";"02439";"2025-11-20 16:11:00";"-41,9986666667";"-58,3521666667";"3,8";"15"
"MISS TIDE";"02439";"2025-11-20 16:26:00";"-41,9891666667";"-58,3486666667";"3,8";"220"
"MISS TIDE";"02439";"2025-11-20 16:41:00";"-42,008";"-58,3561666667";"3,8";"220"
"MISS TIDE";"02439";"2025-11-20 16:56:00";"-42,02";"-58,3616666667";"3,8";"200"
"MISS TIDE";"02439";"2025-11-20 17:11:00";"-42,0391666667";"-58,3713333333";"3,8";"190"
"MISS TIDE";"02439";"2025-11-20 17:26:00";"-42,0516666667";"-58,3771666667";"3,8";"195"
"MISS TIDE";"02439";"2025-11-20 17:41:00";"-42,07";"-58,3866666667";"4,3";"205"
"MISS TIDE";"02439";"2025-11-20 17:56:00";"-42,0825";"-58,3928333333";"4,3";"200"
"MISS TIDE";"02439";"2025-11-20 18:11:00";"-42,1016666667";"-58,4033333333";"3,8";"200"
"MISS TIDE";"02439";"2025-11-20 18:26:00";"-42,1141666667";"-58,4095";"5,9";"195"
"MISS TIDE";"02439";"2025-11-20 18:41:00";"-42,1386666667";"-58,4316666667";"7,0";"235"
"MISS TIDE";"02439";"2025-11-20 18:56:00";"-42,1541666667";"-58,4678333333";"7,6";"245"
"MISS TIDE";"02439";"2025-11-20 19:11:00";"-42,1675";"-58,4986666667";"7,0";"230"
"MISS TIDE";"02439";"2025-11-20 19:26:00";"-42,1808333333";"-58,5321666667";"7,0";"230"
"MISS TIDE";"02439";"2025-11-20 19:41:00";"-42,1946666667";"-58,567";"7,0";"235"
"MISS TIDE";"02439";"2025-11-20 19:56:00";"-42,2211666667";"-58,5783333333";"7,0";"175"
"MISS TIDE";"02439";"2025-11-20 20:11:00";"-42,2505";"-58,5786666667";"7,6";"185"
"MISS TIDE";"02439";"2025-11-20 20:26:00";"-42,2761666667";"-58,5905";"6,5";"215"
"MISS TIDE";"02439";"2025-11-20 20:41:00";"-42,3045";"-58,5958333333";"7,0";"175"
"MISS TIDE";"02439";"2025-11-20 20:56:00";"-42,3338333333";"-58,6008333333";"7,0";"190"
"MISS TIDE";"02439";"2025-11-20 21:11:00";"-42,3625";"-58,6083333333";"7,0";"200"
"MISS TIDE";"02439";"2025-11-20 21:26:00";"-42,3886666667";"-58,628";"7,0";"210"
"MISS TIDE";"02439";"2025-11-20 21:41:00";"-42,415";"-58,6486666667";"6,5";"205"
"MISS TIDE";"02439";"2025-11-20 21:56:00";"-42,442";"-58,6695";"7,6";"210"
"MISS TIDE";"02439";"2025-11-20 22:11:00";"-42,4688333333";"-58,6908333333";"7,0";"210"
"MISS TIDE";"02439";"2025-11-20 22:26:00";"-42,495";"-58,7125";"7,0";"215"
"MISS TIDE";"02439";"2025-11-20 22:41:00";"-42,5213333333";"-58,7336666667";"7,0";"205"
"MISS TIDE";"02439";"2025-11-20 22:56:00";"-42,547";"-58,7553333333";"6,5";"210"
"MISS TIDE";"02439";"2025-11-20 23:11:00";"-42,5716666667";"-58,7788333333";"7,0";"215"
"MISS TIDE";"02439";"2025-11-20 23:26:00";"-42,5961666667";"-58,803";"7,0";"220"
"MISS TIDE";"02439";"2025-11-20 23:41:00";"-42,6203333333";"-58,8261666667";"7,0";"215"
"MISS TIDE";"02439";"2025-11-20 23:56:00";"-42,6446666667";"-58,8483333333";"6,5";"210"
"MISS TIDE";"02439";"2025-11-21 00:11:00";"-42,67";"-58,8716666667";"7,0";"195"
"MISS TIDE";"02439";"2025-11-21 00:26:00";"-42,6946666667";"-58,8953333333";"7,0";"215"
"MISS TIDE";"02439";"2025-11-21 00:41:00";"-42,7195";"-58,9195";"6,5";"210"
"MISS TIDE";"02439";"2025-11-21 00:56:00";"-42,745";"-58,943";"7,0";"205"
"MISS TIDE";"02439";"2025-11-21 01:11:00";"-42,7696666667";"-58,9688333333";"7,0";"235"
"MISS TIDE";"02439";"2025-11-21 01:26:00";"-42,7933333333";"-58,9961666667";"7,0";"215"
"MISS TIDE";"02439";"2025-11-21 01:41:00";"-42,8171666667";"-59,0236666667";"7,0";"220"
"MISS TIDE";"02439";"2025-11-21 01:56:00";"-42,8411666667";"-59,0525";"7,6";"220"
"MISS TIDE";"02439";"2025-11-21 02:11:00";"-42,8638333333";"-59,0825";"7,0";"220"
"MISS TIDE";"02439";"2025-11-21 02:26:00";"-42,8796666667";"-59,1096666667";"3,8";"240"
"MISS TIDE";"02439";"2025-11-21 02:41:00";"-42,8903333333";"-59,1286666667";"3,8";"225"
"MISS TIDE";"02439";"2025-11-21 02:56:00";"-42,9005";"-59,1421666667";"7,0";"215"
"MISS TIDE";"02439";"2025-11-21 03:11:00";"-42,9141666667";"-59,1588333333";"3,8";"220"
"MISS TIDE";"02439";"2025-11-21 03:26:00";"-42,9228333333";"-59,1705";"5,4";"220"
"MISS TIDE";"02439";"2025-11-21 03:41:00";"-42,935";"-59,1903333333";"3,8";"215"
"MISS TIDE";"02439";"2025-11-21 03:56:00";"-42,9425";"-59,2025";"3,2";"235"
"MISS TIDE";"02439";"2025-11-21 04:11:00";"-42,9566666667";"-59,222";"3,8";"225"
"MISS TIDE";"02439";"2025-11-21 04:26:00";"-42,9655";"-59,2355";"0,5";"350"
"MISS TIDE";"02439";"2025-11-21 04:41:00";"-42,9696666667";"-59,235";"6,5";"40"
"MISS TIDE";"02439";"2025-11-21 04:56:00";"-42,9558333333";"-59,2145";"4,3";"35"
"MISS TIDE";"02439";"2025-11-21 05:11:00";"-42,9521666667";"-59,212";"6,5";"205"
"MISS TIDE";"02439";"2025-11-21 05:26:00";"-42,965";"-59,2288333333";"4,3";"210"
"MISS TIDE";"02439";"2025-11-21 05:41:00";"-42,9741666667";"-59,24";"3,8";"65"
"MISS TIDE";"02439";"2025-11-21 05:56:00";"-42,9591666667";"-59,2188333333";"4,3";"40"
"MISS TIDE";"02439";"2025-11-21 06:11:00";"-42,9478333333";"-59,2038333333";"4,3";"0"
"MISS TIDE";"02439";"2025-11-21 06:26:00";"-42,9488333333";"-59,2116666667";"5,4";"215"
"MISS TIDE";"02439";"2025-11-21 06:41:00";"-42,9583333333";"-59,2196666667";"3,8";"225"
"MISS TIDE";"02439";"2025-11-21 06:56:00";"-42,9691666667";"-59,2361666667";"1,1";"255"
"MISS TIDE";"02439";"2025-11-21 07:11:00";"-42,9653333333";"-59,2266666667";"4,3";"50"
"MISS TIDE";"02439";"2025-11-21 07:26:00";"-42,9536666667";"-59,2103333333";"2,2";"40"
"MISS TIDE";"02439";"2025-11-21 07:41:00";"-42,9571666667";"-59,2188333333";"3,8";"230"
"MISS TIDE";"02439";"2025-11-21 07:56:00";"-42,9691666667";"-59,2366666667";"4,3";"230"
"MISS TIDE";"02439";"2025-11-21 08:11:00";"-42,9786666667";"-59,2455";"4,3";"170"
"MISS TIDE";"02439";"2025-11-21 08:26:00";"-42,9646666667";"-59,2253333333";"3,8";"35"
"MISS TIDE";"02439";"2025-11-21 08:41:00";"-42,9545";"-59,2128333333";"3,8";"25"
"MISS TIDE";"02439";"2025-11-21 08:56:00";"-42,9655";"-59,2258333333";"3,8";"210"
"MISS TIDE";"02439";"2025-11-21 09:11:00";"-42,9753333333";"-59,2388333333";"1,1";"240"
"MISS TIDE";"02439";"2025-11-21 09:26:00";"-42,9686666667";"-59,2296666667";"3,8";"45"
"MISS TIDE";"02439";"2025-11-21 09:41:00";"-42,9571666667";"-59,2145";"1,6";"35"
"MISS TIDE";"02439";"2025-11-21 09:56:00";"-42,9555";"-59,2133333333";"6,5";"215"
"MISS TIDE";"02439";"2025-11-21 10:11:00";"-42,9696666667";"-59,2303333333";"3,8";"230"
"MISS TIDE";"02439";"2025-11-21 10:26:00";"-42,9728333333";"-59,2386666667";"7,0";"30"
"MISS TIDE";"02439";"2025-11-21 10:41:00";"-42,9583333333";"-59,2183333333";"4,3";"35"
"MISS TIDE";"02439";"2025-11-21 10:56:00";"-42,9495";"-59,21";"5,4";"230"
"MISS TIDE";"02439";"2025-11-21 11:11:00";"-42,9638333333";"-59,2291666667";"3,8";"220"
"MISS TIDE";"02439";"2025-11-21 11:26:00";"-42,9736666667";"-59,2411666667";"5,4";"235"
"MISS TIDE";"02439";"2025-11-21 11:41:00";"-42,9636666667";"-59,2241666667";"3,8";"45"
"MISS TIDE";"02439";"2025-11-21 11:56:00";"-42,9546666667";"-59,2108333333";"2,7";"50"
"MISS TIDE";"02439";"2025-11-21 12:11:00";"-42,9658333333";"-59,2258333333";"4,3";"225"
"MISS TIDE";"02439";"2025-11-21 12:26:00";"-42,975";"-59,2403333333";"1,6";"200"
"MISS TIDE";"02439";"2025-11-21 12:41:00";"-42,97";"-59,233";"3,8";"50"
"MISS TIDE";"02439";"2025-11-21 12:56:00";"-42,9588333333";"-59,218";"2,2";"10"
"MISS TIDE";"02439";"2025-11-21 13:11:00";"-42,9646666667";"-59,2291666667";"4,3";"225"
"MISS TIDE";"02439";"2025-11-21 13:26:00";"-42,9775";"-59,2421666667";"1,6";"240"
"MISS TIDE";"02439";"2025-11-21 13:41:00";"-42,9916666667";"-59,2403333333";"3,8";"145"
"MISS TIDE";"02439";"2025-11-21 13:56:00";"-43,0061666667";"-59,2308333333";"1,6";"125"
"MISS TIDE";"02439";"2025-11-21 14:11:00";"-43,0186666667";"-59,2216666667";"3,2";"155"
"MISS TIDE";"02439";"2025-11-21 14:26:00";"-43,0175";"-59,2221666667";"4,3";"130"
"MISS TIDE";"02439";"2025-11-21 14:41:00";"-43,0025";"-59,2038333333";"4,3";"25"
"MISS TIDE";"02439";"2025-11-21 14:56:00";"-43,003";"-59,2063333333";"4,3";"220"
"MISS TIDE";"02439";"2025-11-21 15:11:00";"-43,007";"-59,2303333333";"4,3";"320"
"MISS TIDE";"02439";"2025-11-21 15:26:00";"-42,992";"-59,2405";"3,8";"325"
"MISS TIDE";"02439";"2025-11-21 15:41:00";"-42,9863333333";"-59,2466666667";"5,9";"335"
"MISS TIDE";"02439";"2025-11-21 15:56:00";"-42,9991666667";"-59,2363333333";"3,8";"155"
"MISS TIDE";"02439";"2025-11-21 16:11:00";"-43,0113333333";"-59,2266666667";"3,8";"235"
"MISS TIDE";"02439";"2025-11-21 16:26:00";"-42,995";"-59,24";"4,3";"330"
"MISS TIDE";"02439";"2025-11-21 16:41:00";"-42,9866666667";"-59,2453333333";"4,9";"165"
"MISS TIDE";"02439";"2025-11-21 16:56:00";"-43,0053333333";"-59,2338333333";"3,2";"150"
"MISS TIDE";"02439";"2025-11-21 17:11:00";"-43,0171666667";"-59,2245";"3,8";"205"
"MISS TIDE";"02439";"2025-11-21 17:26:00";"-42,9988333333";"-59,2371666667";"4,3";"330"
"MISS TIDE";"02439";"2025-11-21 17:41:00";"-42,9858333333";"-59,2436666667";"5,4";"340"
"MISS TIDE";"02439";"2025-11-21 17:56:00";"-43,0013333333";"-59,237";"4,3";"155"
"MISS TIDE";"02439";"2025-11-21 18:11:00";"-43,0141666667";"-59,2266666667";"2,2";"130"
"MISS TIDE";"02439";"2025-11-21 18:26:00";"-42,9983333333";"-59,2391666667";"3,8";"335"
"MISS TIDE";"02439";"2025-11-21 18:41:00";"-42,9858333333";"-59,2463333333";"2,2";"335"
"MISS TIDE";"02439";"2025-11-21 18:56:00";"-42,992";"-59,2433333333";"4,3";"155"
"MISS TIDE";"02439";"2025-11-21 19:11:00";"-43,0058333333";"-59,2346666667";"1,6";"130"
"MISS TIDE";"02439";"2025-11-21 19:26:00";"-42,9933333333";"-59,2386666667";"4,3";"335"
"MISS TIDE";"02439";"2025-11-21 19:41:00";"-42,9795";"-59,248";"1,6";"335"
"MISS TIDE";"02439";"2025-11-21 19:56:00";"-42,9653333333";"-59,2316666667";"3,8";"45"
"MISS TIDE";"02439";"2025-11-21 20:11:00";"-42,9545";"-59,2163333333";"1,6";"35"
"MISS TIDE";"02439";"2025-11-21 20:26:00";"-42,9463333333";"-59,2075";"3,2";"105"
"MISS TIDE";"02439";"2025-11-21 20:41:00";"-42,9461666667";"-59,2096666667";"4,3";"230"
"MISS TIDE";"02439";"2025-11-21 20:56:00";"-42,9596666667";"-59,2286666667";"4,3";"215"
"MISS TIDE";"02439";"2025-11-21 21:11:00";"-42,9691666667";"-59,242";"4,9";"305"
"MISS TIDE";"02439";"2025-11-21 21:26:00";"-42,9555";"-59,2228333333";"3,8";"50"
"MISS TIDE";"02439";"2025-11-21 21:41:00";"-42,9533333333";"-59,217";"7,0";"215"
"MISS TIDE";"02439";"2025-11-21 21:56:00";"-42,9666666667";"-59,2345";"4,3";"240"
"MISS TIDE";"02439";"2025-11-21 22:11:00";"-42,9658333333";"-59,2338333333";"4,3";"50"
"MISS TIDE";"02439";"2025-11-21 22:26:00";"-42,9538333333";"-59,2178333333";"1,6";"30"
"MISS TIDE";"02439";"2025-11-21 22:41:00";"-42,9591666667";"-59,2255";"4,3";"230"
"MISS TIDE";"02439";"2025-11-21 22:56:00";"-42,9683333333";"-59,2388333333";"3,2";"220"
"MISS TIDE";"02439";"2025-11-21 23:11:00";"-42,96";"-59,2278333333";"3,8";"40"
"MISS TIDE";"02439";"2025-11-21 23:26:00";"-42,9505";"-59,2136666667";"4,3";"95"
"MISS TIDE";"02439";"2025-11-21 23:41:00";"-42,9646666667";"-59,2266666667";"3,8";"220"
"MISS TIDE";"02439";"2025-11-21 23:56:00";"-42,9741666667";"-59,2391666667";"3,2";"75"
"MISS TIDE";"02439";"2025-11-22 00:11:00";"-42,9608333333";"-59,2195";"3,8";"35"
"MISS TIDE";"02439";"2025-11-22 00:26:00";"-42,9655";"-59,2263333333";"4,3";"215"
"MISS TIDE";"02439";"2025-11-22 00:41:00";"-42,977";"-59,24";"1,6";"225"
"MISS TIDE";"02439";"2025-11-22 00:56:00";"-42,9716666667";"-59,237";"3,8";"50"
"MISS TIDE";"02439";"2025-11-22 01:11:00";"-42,9653333333";"-59,2263333333";"5,9";"215"
"MISS TIDE";"02439";"2025-11-22 01:26:00";"-42,9795";"-59,2436666667";"2,7";"230"
"MISS TIDE";"02439";"2025-11-22 01:41:00";"-42,9821666667";"-59,2505";"6,5";"155"
"MISS TIDE";"02439";"2025-11-22 01:56:00";"-42,9988333333";"-59,2396666667";"1,6";"155"
"MISS TIDE";"02439";"2025-11-22 02:11:00";"-42,9946666667";"-59,2445";"3,8";"330"
"MISS TIDE";"02439";"2025-11-22 02:26:00";"-42,9805";"-59,2533333333";"1,1";"350"
"MISS TIDE";"02439";"2025-11-22 02:41:00";"-42,9908333333";"-59,2458333333";"3,8";"150"
"MISS TIDE";"02439";"2025-11-22 02:56:00";"-43,0033333333";"-59,2363333333";"2,2";"145"
"MISS TIDE";"02439";"2025-11-22 03:11:00";"-42,9928333333";"-59,245";"3,8";"325"
"MISS TIDE";"02439";"2025-11-22 03:26:00";"-42,9796666667";"-59,253";"5,4";"340"
"MISS TIDE";"02439";"2025-11-22 03:41:00";"-42,9663333333";"-59,2313333333";"4,3";"45"
"MISS TIDE";"02439";"2025-11-22 03:56:00";"-42,9633333333";"-59,223";"5,9";"225"
"MISS TIDE";"02439";"2025-11-22 04:11:00";"-42,9783333333";"-59,2411666667";"3,8";"215"
"MISS TIDE";"02439";"2025-11-22 04:26:00";"-42,9808333333";"-59,2513333333";"5,9";"340"
"MISS TIDE";"02439";"2025-11-22 04:41:00";"-42,9861666667";"-59,2495";"3,8";"155"
"MISS TIDE";"02439";"2025-11-22 04:56:00";"-42,9988333333";"-59,2408333333";"2,2";"145"
"MISS TIDE";"02439";"2025-11-22 05:11:00";"-42,9855";"-59,2433333333";"4,3";"330"
"MISS TIDE";"02439";"2025-11-22 05:26:00";"-42,9713333333";"-59,2445";"4,3";"30"
"MISS TIDE";"02439";"2025-11-22 05:41:00";"-42,968";"-59,242";"3,8";"230"
"MISS TIDE";"02439";"2025-11-22 05:56:00";"-42,9786666667";"-59,2583333333";"1,6";"195"
"MISS TIDE";"02439";"2025-11-22 06:11:00";"-42,9758333333";"-59,2488333333";"4,3";"40"
"MISS TIDE";"02439";"2025-11-22 06:26:00";"-42,9653333333";"-59,2325";"2,2";"65"
"MISS TIDE";"02439";"2025-11-22 06:41:00";"-42,972";"-59,237";"4,3";"230"
"MISS TIDE";"02439";"2025-11-22 06:56:00";"-42,9813333333";"-59,2525";"1,1";"220"
"MISS TIDE";"02439";"2025-11-22 07:11:00";"-42,9755";"-59,2461666667";"3,8";"45"
"MISS TIDE";"02439";"2025-11-22 07:26:00";"-42,9661666667";"-59,2303333333";"2,2";"55"
"MISS TIDE";"02439";"2025-11-22 07:41:00";"-42,9703333333";"-59,2433333333";"3,8";"230"
"MISS TIDE";"02439";"2025-11-22 07:56:00";"-42,98";"-59,2571666667";"2,2";"205"
"MISS TIDE";"02439";"2025-11-22 08:11:00";"-42,9711666667";"-59,2463333333";"3,8";"45"
"MISS TIDE";"02439";"2025-11-22 08:26:00";"-42,9616666667";"-59,2313333333";"4,3";"35"
"MISS TIDE";"02439";"2025-11-22 08:41:00";"-42,9728333333";"-59,2483333333";"3,8";"225"
"MISS TIDE";"02439";"2025-11-22 08:56:00";"-42,983";"-59,2608333333";"4,9";"260"
"MISS TIDE";"02439";"2025-11-22 09:11:00";"-42,9686666667";"-59,2436666667";"4,3";"45"
"MISS TIDE";"02439";"2025-11-22 09:26:00";"-42,9653333333";"-59,2288333333";"5,9";"190"
"MISS TIDE";"02439";"2025-11-22 09:41:00";"-42,9808333333";"-59,2461666667";"4,3";"225"
"MISS TIDE";"02439";"2025-11-22 09:56:00";"-42,9866666667";"-59,2566666667";"4,3";"15"
"MISS TIDE";"02439";"2025-11-22 10:11:00";"-42,973";"-59,2403333333";"3,8";"35"
"MISS TIDE";"02439";"2025-11-22 10:26:00";"-42,9661666667";"-59,228";"5,9";"230"
"MISS TIDE";"02439";"2025-11-22 10:41:00";"-42,9803333333";"-59,2466666667";"4,3";"210"
"MISS TIDE";"02439";"2025-11-22 10:56:00";"-42,9791666667";"-59,2555";"7,0";"35"
"MISS TIDE";"02439";"2025-11-22 11:11:00";"-42,9671666667";"-59,237";"3,8";"55"
"MISS TIDE";"02439";"2025-11-22 11:26:00";"-42,9696666667";"-59,2375";"4,3";"205"
"MISS TIDE";"02439";"2025-11-22 11:41:00";"-42,9813333333";"-59,2566666667";"2,2";"230"
"MISS TIDE";"02439";"2025-11-22 11:56:00";"-42,9796666667";"-59,2603333333";"4,9";"35"
"MISS TIDE";"02439";"2025-11-22 12:11:00";"-42,9675";"-59,2425";"3,8";"50"
"MISS TIDE";"02439";"2025-11-22 12:26:00";"-42,9725";"-59,2441666667";"3,8";"200"
"MISS TIDE";"02439";"2025-11-22 12:41:00";"-42,9888333333";"-59,2521666667";"2,2";"185"
"MISS TIDE";"02439";"2025-11-22 12:56:00";"-42,988";"-59,2561666667";"4,9";"350"
"MISS TIDE";"02439";"2025-11-22 13:11:00";"-42,9716666667";"-59,2613333333";"1,6";"335"
"MISS TIDE";"02439";"2025-11-22 13:26:00";"-42,9783333333";"-59,2588333333";"3,8";"165"
"MISS TIDE";"02439";"2025-11-22 13:41:00";"-42,9938333333";"-59,2545";"1,6";"155"
"MISS TIDE";"02439";"2025-11-22 13:56:00";"-42,9911666667";"-59,2561666667";"4,9";"350"
"MISS TIDE";"02439";"2025-11-22 14:11:00";"-42,977";"-59,2591666667";"1,6";"355"
"MISS TIDE";"02439";"2025-11-22 14:26:00";"-42,9913333333";"-59,247";"4,3";"155"
"MISS TIDE";"02439";"2025-11-22 14:41:00";"-43,005";"-59,2363333333";"2,2";"150"
"MISS TIDE";"02439";"2025-11-22 14:56:00";"-43,0013333333";"-59,2403333333";"3,2";"325"
"MISS TIDE";"02439";"2025-11-22 15:11:00";"-42,9878333333";"-59,2496666667";"1,1";"335"
"MISS TIDE";"02439";"2025-11-22 15:26:00";"-42,9991666667";"-59,2425";"4,3";"160"
"MISS TIDE";"02439";"2025-11-22 15:41:00";"-43,0128333333";"-59,2308333333";"2,2";"150"
"MISS TIDE";"02439";"2025-11-22 15:56:00";"-43,0046666667";"-59,2388333333";"3,8";"330"
"MISS TIDE";"02439";"2025-11-22 16:11:00";"-42,9908333333";"-59,2483333333";"1,1";"340"
"MISS TIDE";"02439";"2025-11-22 16:26:00";"-42,9996666667";"-59,2433333333";"3,8";"150"
"MISS TIDE";"02439";"2025-11-22 16:41:00";"-43,0141666667";"-59,2313333333";"1,6";"140"
"MISS TIDE";"02439";"2025-11-22 16:56:00";"-43,0121666667";"-59,2346666667";"7,0";"335"
"MISS TIDE";"02439";"2025-11-22 17:11:00";"-42,9966666667";"-59,2458333333";"3,8";"330"
"MISS TIDE";"02439";"2025-11-22 17:26:00";"-42,9913333333";"-59,2488333333";"7,0";"155"
"MISS TIDE";"02439";"2025-11-22 17:41:00";"-43,008";"-59,2375";"3,8";"150"
"MISS TIDE";"02439";"2025-11-22 17:56:00";"-43,0161666667";"-59,228";"4,9";"315"
"MISS TIDE";"02439";"2025-11-22 18:11:00";"-43,0011666667";"-59,2436666667";"4,3";"325"
"MISS TIDE";"02439";"2025-11-22 18:26:00";"-42,992";"-59,2503333333";"4,9";"155"
"MISS TIDE";"02439";"2025-11-22 18:41:00";"-43,0105";"-59,2361666667";"4,3";"140"
"MISS TIDE";"02439";"2025-11-22 18:56:00";"-43,0195";"-59,2275";"5,9";"325"
"MISS TIDE";"02439";"2025-11-22 19:11:00";"-43,0033333333";"-59,243";"3,8";"335"
"MISS TIDE";"02439";"2025-11-22 19:26:00";"-42,9913333333";"-59,2496666667";"4,3";"80"
"MISS TIDE";"02439";"2025-11-22 19:41:00";"-43,008";"-59,235";"4,3";"150"
"MISS TIDE";"02439";"2025-11-22 19:56:00";"-43,02";"-59,2261666667";"3,8";"245"
"MISS TIDE";"02439";"2025-11-22 20:11:00";"-43,0045";"-59,242";"4,3";"325"
"MISS TIDE";"02439";"2025-11-22 20:26:00";"-42,9905";"-59,25";"5,9";"350"
"MISS TIDE";"02439";"2025-11-22 20:41:00";"-43,0053333333";"-59,242";"4,3";"145"
"MISS TIDE";"02439";"2025-11-22 20:56:00";"-43,0161666667";"-59,2316666667";"2,2";"120"
"MISS TIDE";"02439";"2025-11-22 21:11:00";"-43,0066666667";"-59,2413333333";"4,9";"335"
"MISS TIDE";"02439";"2025-11-22 21:26:00";"-42,9933333333";"-59,2511666667";"2,2";"340"
"MISS TIDE";"02439";"2025-11-22 21:41:00";"-43,0033333333";"-59,2438333333";"3,8";"155"
"MISS TIDE";"02439";"2025-11-22 21:56:00";"-43,015";"-59,2308333333";"1,1";"135"
"MISS TIDE";"02439";"2025-11-22 22:11:00";"-43,0186666667";"-59,2295";"3,8";"55"
"MISS TIDE";"02439";"2025-11-22 22:26:00";"-43,0091666667";"-59,2396666667";"4,3";"325"
"MISS TIDE";"02439";"2025-11-22 22:41:00";"-42,9936666667";"-59,2513333333";"3,2";"330"
"MISS TIDE";"02439";"2025-11-22 22:56:00";"-42,9883333333";"-59,2495";"6,5";"300"
"MISS TIDE";"02439";"2025-11-22 23:11:00";"-43,0028333333";"-59,2453333333";"4,9";"140"
"MISS TIDE";"02439";"2025-11-22 23:26:00";"-43,0145";"-59,235";"2,7";"135"
"MISS TIDE";"02439";"2025-11-22 23:41:00";"-43,0003333333";"-59,2478333333";"4,3";"330"
"MISS TIDE";"02439";"2025-11-22 23:56:00";"-42,9878333333";"-59,2578333333";"4,3";"275"
"MISS TIDE";"02439";"2025-11-23 00:11:00";"-43,0058333333";"-59,2441666667";"4,3";"145"
"MISS TIDE";"02439";"2025-11-23 00:26:00";"-43,0171666667";"-59,2338333333";"4,3";"145"
"MISS TIDE";"02439";"2025-11-23 00:41:00";"-43,0041666667";"-59,2363333333";"4,3";"330"
"MISS TIDE";"02439";"2025-11-23 00:56:00";"-42,9905";"-59,245";"2,7";"320"
"MISS TIDE";"02439";"2025-11-23 01:11:00";"-42,9995";"-59,2341666667";"4,3";"150"
"MISS TIDE";"02439";"2025-11-23 01:26:00";"-43,0111666667";"-59,2253333333";"2,7";"135"
"MISS TIDE";"02439";"2025-11-23 01:41:00";"-42,9945";"-59,2096666667";"3,8";"40"
"MISS TIDE";"02439";"2025-11-23 01:56:00";"-42,9846666667";"-59,197";"3,2";"155"
"MISS TIDE";"02439";"2025-11-23 02:12:00";"-43,0033333333";"-59,1966666667";"3,8";"185"
"MISS TIDE";"02439";"2025-11-23 02:27:00";"-43,015";"-59,1963333333";"3,8";"185"
"MISS TIDE";"02439";"2025-11-23 02:42:00";"-43,0088333333";"-59,2278333333";"3,8";"290"
"MISS TIDE";"02439";"2025-11-23 02:57:00";"-42,9936666667";"-59,24";"3,8";"335"
"MISS TIDE";"02439";"2025-11-23 03:12:00";"-42,9821666667";"-59,2486666667";"3,2";"240"
"MISS TIDE";"02439";"2025-11-23 03:27:00";"-42,9986666667";"-59,262";"3,8";"205"
"MISS TIDE";"02439";"2025-11-23 03:42:00";"-43,0125";"-59,2596666667";"4,9";"205"
"MISS TIDE";"02439";"2025-11-23 03:57:00";"-42,9975";"-59,2741666667";"4,3";"320"
"MISS TIDE";"02439";"2025-11-23 04:12:00";"-42,9886666667";"-59,2803333333";"5,4";"160"
"MISS TIDE";"02439";"2025-11-23 04:27:00";"-43,0063333333";"-59,2675";"4,3";"145"
"MISS TIDE";"02439";"2025-11-23 04:42:00";"-43,0121666667";"-59,26";"6,5";"320"
"MISS TIDE";"02439";"2025-11-23 04:57:00";"-42,9955";"-59,2736666667";"3,8";"325"
"MISS TIDE";"02439";"2025-11-23 05:12:00";"-42,9896666667";"-59,2813333333";"6,5";"140"
"MISS TIDE";"02439";"2025-11-23 05:27:00";"-43,0066666667";"-59,2675";"4,9";"135"
"MISS TIDE";"02439";"2025-11-23 05:42:00";"-43,0136666667";"-59,2583333333";"3,8";"355"
"MISS TIDE";"02439";"2025-11-23 05:57:00";"-42,9946666667";"-59,2646666667";"4,3";"335"
"MISS TIDE";"02439";"2025-11-23 06:12:00";"-42,9795";"-59,2761666667";"1,1";"320"
"MISS TIDE";"02439";"2025-11-23 06:27:00";"-42,9836666667";"-59,2705";"3,8";"155"
"MISS TIDE";"02439";"2025-11-23 06:42:00";"-42,9978333333";"-59,2591666667";"1,1";"145"
"MISS TIDE";"02439";"2025-11-23 06:57:00";"-42,9878333333";"-59,2646666667";"4,3";"330"
"MISS TIDE";"02439";"2025-11-23 07:12:00";"-42,9738333333";"-59,2753333333";"1,6";"320"
"MISS TIDE";"02439";"2025-11-23 07:27:00";"-42,9611666667";"-59,2786666667";"4,9";"145"
"MISS TIDE";"02439";"2025-11-23 07:42:00";"-42,98";"-59,2675";"3,8";"155"
"MISS TIDE";"02439";"2025-11-23 07:57:00";"-42,9921666667";"-59,2603333333";"4,3";"65"
"MISS TIDE";"02439";"2025-11-23 08:12:00";"-42,9736666667";"-59,2678333333";"3,8";"340"
"MISS TIDE";"02439";"2025-11-23 08:27:00";"-42,9613333333";"-59,2758333333";"2,7";"215"
"MISS TIDE";"02439";"2025-11-23 08:42:00";"-42,9795";"-59,2671666667";"4,3";"165"
"MISS TIDE";"02439";"2025-11-23 08:57:00";"-42,9903333333";"-59,2603333333";"4,3";"335"
"MISS TIDE";"02439";"2025-11-23 09:12:00";"-42,985";"-59,2655";"4,9";"345"
"MISS TIDE";"02439";"2025-11-23 09:27:00";"-42,9678333333";"-59,2745";"3,8";"330"
"MISS TIDE";"02439";"2025-11-23 09:42:00";"-42,9691666667";"-59,2721666667";"7,6";"145"
"MISS TIDE";"02439";"2025-11-23 09:57:00";"-42,9863333333";"-59,2636666667";"3,8";"160"
"MISS TIDE";"02439";"2025-11-23 10:12:00";"-42,987";"-59,2628333333";"7,0";"330"
"MISS TIDE";"02439";"2025-11-23 10:27:00";"-42,9696666667";"-59,2711666667";"3,8";"335"
"MISS TIDE";"02439";"2025-11-23 10:42:00";"-42,9655";"-59,273";"6,5";"165"
"MISS TIDE";"02439";"2025-11-23 10:57:00";"-42,9833333333";"-59,2645";"3,8";"155"
"MISS TIDE";"02439";"2025-11-23 11:12:00";"-42,9846666667";"-59,2628333333";"6,5";"335"
"MISS TIDE";"02439";"2025-11-23 11:27:00";"-42,9675";"-59,2708333333";"4,3";"330"
"MISS TIDE";"02439";"2025-11-23 11:42:00";"-42,9716666667";"-59,2696666667";"3,8";"155"
"MISS TIDE";"02439";"2025-11-23 11:57:00";"-42,988";"-59,262";"1,6";"165"
"MISS TIDE";"02439";"2025-11-23 12:12:00";"-42,9861666667";"-59,262";"3,8";"345"
"MISS TIDE";"02439";"2025-11-23 12:27:00";"-42,9705";"-59,2683333333";"3,8";"340"
"MISS TIDE";"02439";"2025-11-23 12:42:00";"-42,9683333333";"-59,267";"4,3";"155"
"MISS TIDE";"02439";"2025-11-23 12:57:00";"-42,9855";"-59,2586666667";"2,2";"165"
"MISS TIDE";"02439";"2025-11-23 13:12:00";"-42,9808333333";"-59,2628333333";"3,8";"335"
"MISS TIDE";"02439";"2025-11-23 13:27:00";"-42,9653333333";"-59,27";"1,1";"350"
"MISS TIDE";"02439";"2025-11-23 13:42:00";"-42,9738333333";"-59,2653333333";"4,3";"155"
"MISS TIDE";"02439";"2025-11-23 13:57:00";"-42,99";"-59,2575";"1,6";"145"
"MISS TIDE";"02439";"2025-11-23 14:12:00";"-42,982";"-59,263";"3,8";"335"
"MISS TIDE";"02439";"2025-11-23 14:27:00";"-42,9675";"-59,2678333333";"1,6";"355"
"MISS TIDE";"02439";"2025-11-23 14:42:00";"-42,9686666667";"-59,2641666667";"4,3";"165"
"MISS TIDE";"02439";"2025-11-23 14:57:00";"-42,9855";"-59,257";"1,6";"160"
"MISS TIDE";"02439";"2025-11-23 15:12:00";"-42,985";"-59,258";"4,3";"340"
"MISS TIDE";"02439";"2025-11-23 15:27:00";"-42,9688333333";"-59,265";"3,2";"350"
"MISS TIDE";"02439";"2025-11-23 15:42:00";"-42,9646666667";"-59,2633333333";"7,6";"140"
"MISS TIDE";"02439";"2025-11-23 15:57:00";"-42,9811666667";"-59,2496666667";"2,2";"120"
"MISS TIDE";"02439";"2025-11-23 16:12:00";"-42,9758333333";"-59,2505";"4,3";"345"
"MISS TIDE";"02439";"2025-11-23 16:27:00";"-42,9625";"-59,2555";"0,5";"10"
"MISS TIDE";"02439";"2025-11-23 16:42:00";"-42,9658333333";"-59,2645";"3,8";"190"
"MISS TIDE";"02439";"2025-11-23 16:57:00";"-42,982";"-59,2621666667";"2,2";"150"
"MISS TIDE";"02439";"2025-11-23 17:12:00";"-42,9813333333";"-59,267";"4,3";"340"
"MISS TIDE";"02439";"2025-11-23 17:27:00";"-42,9671666667";"-59,2746666667";"1,1";"350"
"MISS TIDE";"02439";"2025-11-23 17:42:00";"-42,9728333333";"-59,2725";"3,8";"175"
"MISS TIDE";"02439";"2025-11-23 17:57:00";"-42,9883333333";"-59,2633333333";"2,2";"145"
"MISS TIDE";"02439";"2025-11-23 18:12:00";"-42,9828333333";"-59,2671666667";"3,2";"340"
"MISS TIDE";"02439";"2025-11-23 18:27:00";"-42,9678333333";"-59,2753333333";"1,1";"330"
"MISS TIDE";"02439";"2025-11-23 18:42:00";"-42,9696666667";"-59,2745";"3,8";"160"
"MISS TIDE";"02439";"2025-11-23 18:57:00";"-42,9861666667";"-59,265";"4,3";"150"
"MISS TIDE";"02439";"2025-11-23 19:12:00";"-42,9895";"-59,2641666667";"5,9";"325"
"MISS TIDE";"02439";"2025-11-23 19:27:00";"-42,9738333333";"-59,2755";"3,2";"335"
"MISS TIDE";"02439";"2025-11-23 19:42:00";"-42,9761666667";"-59,2753333333";"6,5";"150"
"MISS TIDE";"02439";"2025-11-23 19:57:00";"-42,9925";"-59,2641666667";"3,2";"155"
"MISS TIDE";"02439";"2025-11-23 20:12:00";"-42,9961666667";"-59,2603333333";"5,4";"340"
"MISS TIDE";"02439";"2025-11-23 20:27:00";"-42,9791666667";"-59,2721666667";"4,3";"345"
"MISS TIDE";"02439";"2025-11-23 20:42:00";"-42,9721666667";"-59,2763333333";"5,9";"160"
"MISS TIDE";"02439";"2025-11-23 20:57:00";"-42,9903333333";"-59,2653333333";"3,8";"150"
"MISS TIDE";"02439";"2025-11-23 21:12:00";"-43,0003333333";"-59,257";"3,8";"275"
"MISS TIDE";"02439";"2025-11-23 21:27:00";"-42,9816666667";"-59,2696666667";"4,9";"350"
"MISS TIDE";"02439";"2025-11-23 21:42:00";"-42,9691666667";"-59,275";"2,7";"335"
"MISS TIDE";"02439";"2025-11-23 21:57:00";"-42,9861666667";"-59,2686666667";"3,2";"155"
"MISS TIDE";"02439";"2025-11-23 22:12:00";"-42,9988333333";"-59,26";"1,1";"135"
"MISS TIDE";"02439";"2025-11-23 22:27:00";"-42,9888333333";"-59,2678333333";"4,3";"335"
"MISS TIDE";"02439";"2025-11-23 22:42:00";"-42,9733333333";"-59,2736666667";"2,2";"335"
"MISS TIDE";"02439";"2025-11-23 22:57:00";"-42,982";"-59,2705";"4,3";"180"
"MISS TIDE";"02439";"2025-11-23 23:12:00";"-42,9986666667";"-59,2711666667";"1,6";"175"
"MISS TIDE";"02439";"2025-11-23 23:27:00";"-42,9971666667";"-59,2736666667";"5,9";"355"
"MISS TIDE";"02439";"2025-11-23 23:42:00";"-42,9791666667";"-59,273";"3,2";"0"
"MISS TIDE";"02439";"2025-11-23 23:57:00";"-42,9796666667";"-59,2708333333";"3,8";"185"
"MISS TIDE";"02439";"2025-11-24 00:12:00";"-42,9966666667";"-59,2716666667";"1,6";"160"
"MISS TIDE";"02439";"2025-11-24 00:27:00";"-42,9941666667";"-59,2741666667";"4,3";"355"
"MISS TIDE";"02439";"2025-11-24 00:42:00";"-42,9758333333";"-59,2736666667";"2,2";"330"
"MISS TIDE";"02439";"2025-11-24 00:57:00";"-42,9813333333";"-59,2725";"4,3";"170"
"MISS TIDE";"02439";"2025-11-24 01:12:00";"-42,9961666667";"-59,272";"1,1";"190"
"MISS TIDE";"02439";"2025-11-24 01:27:00";"-42,985";"-59,2745";"4,3";"355"
"MISS TIDE";"02439";"2025-11-24 01:42:00";"-42,9705";"-59,273";"4,9";"340"
"MISS TIDE";"02439";"2025-11-24 01:57:00";"-42,988";"-59,2766666667";"3,8";"175"
"MISS TIDE";"02439";"2025-11-24 02:12:00";"-43,0008333333";"-59,2778333333";"4,3";"170"
"MISS TIDE";"02439";"2025-11-24 02:27:00";"-43,0163333333";"-59,2758333333";"5,4";"15"
"MISS TIDE";"02439";"2025-11-24 02:42:00";"-42,9961666667";"-59,2746666667";"4,9";"0"
"MISS TIDE";"02439";"2025-11-24 02:57:00";"-42,9928333333";"-59,2733333333";"7,0";"185"
"MISS TIDE";"02439";"2025-11-24 03:12:00";"-43,0108333333";"-59,275";"3,8";"180"
"MISS TIDE";"02439";"2025-11-24 03:27:00";"-43,027";"-59,28";"6,5";"210"
"MISS TIDE";"02439";"2025-11-24 03:42:00";"-43,0108333333";"-59,2736666667";"4,3";"10"
"MISS TIDE";"02439";"2025-11-24 03:57:00";"-42,9975";"-59,2703333333";"5,4";"25"
"MISS TIDE";"02439";"2025-11-24 04:12:00";"-42,9775";"-59,2683333333";"4,3";"340"
"MISS TIDE";"02439";"2025-11-24 04:27:00";"-42,9646666667";"-59,2691666667";"2,2";"345"
"MISS TIDE";"02439";"2025-11-24 04:42:00";"-42,9816666667";"-59,2661666667";"3,8";"190"
"MISS TIDE";"02439";"2025-11-24 04:57:00";"-42,9941666667";"-59,2663333333";"2,2";"195"
"MISS TIDE";"02439";"2025-11-24 05:12:00";"-42,982";"-59,2653333333";"3,8";"355"
"MISS TIDE";"02439";"2025-11-24 05:27:00";"-42,9686666667";"-59,2658333333";"2,7";"5"
"MISS TIDE";"02439";"2025-11-24 05:42:00";"-42,9866666667";"-59,2641666667";"3,8";"180"
"MISS TIDE";"02439";"2025-11-24 05:57:00";"-42,9995";"-59,2661666667";"1,6";"190"
"MISS TIDE";"02439";"2025-11-24 06:12:00";"-42,9891666667";"-59,2671666667";"3,8";"10"
"MISS TIDE";"02439";"2025-11-24 06:27:00";"-42,9725";"-59,2678333333";"1,6";"0"
"MISS TIDE";"02439";"2025-11-24 06:42:00";"-42,9791666667";"-59,2688333333";"5,9";"185"
"MISS TIDE";"02439";"2025-11-24 06:57:00";"-42,9975";"-59,2691666667";"3,8";"175"
"MISS TIDE";"02439";"2025-11-24 07:12:00";"-43,003";"-59,2688333333";"7,0";"340"
"MISS TIDE";"02439";"2025-11-24 07:27:00";"-42,983";"-59,2703333333";"4,3";"5"
"MISS TIDE";"02439";"2025-11-24 07:42:00";"-42,9755";"-59,267";"4,9";"180"
"MISS TIDE";"02439";"2025-11-24 07:57:00";"-42,958";"-59,2628333333";"3,2";"345"
"MISS TIDE";"02439";"2025-11-24 08:12:00";"-42,945";"-59,2641666667";"4,9";"350"
"MISS TIDE";"02439";"2025-11-24 08:27:00";"-42,9596666667";"-59,2563333333";"3,8";"175"
"MISS TIDE";"02439";"2025-11-24 08:42:00";"-42,973";"-59,2536666667";"2,2";"170"
"MISS TIDE";"02439";"2025-11-24 08:57:00";"-42,9571666667";"-59,2508333333";"2,7";"355"
"MISS TIDE";"02439";"2025-11-24 09:12:00";"-42,9408333333";"-59,2461666667";"3,8";"20"
"MISS TIDE";"02439";"2025-11-24 09:27:00";"-42,9255";"-59,2395";"1,6";"15"
"MISS TIDE";"02439";"2025-11-24 09:42:00";"-42,9263333333";"-59,2358333333";"3,8";"185"
"MISS TIDE";"02439";"2025-11-24 09:57:00";"-42,9436666667";"-59,2361666667";"1,6";"185"
"MISS TIDE";"02439";"2025-11-24 10:12:00";"-42,938";"-59,2353333333";"4,9";"350"
"MISS TIDE";"02439";"2025-11-24 10:27:00";"-42,923";"-59,2386666667";"1,6";"10"
"MISS TIDE";"02439";"2025-11-24 10:42:00";"-42,9366666667";"-59,227";"3,8";"170"
"MISS TIDE";"02439";"2025-11-24 10:57:00";"-42,9508333333";"-59,2241666667";"2,2";"205"
"MISS TIDE";"02439";"2025-11-24 11:12:00";"-42,9416666667";"-59,227";"4,3";"345"
"MISS TIDE";"02439";"2025-11-24 11:27:00";"-42,9255";"-59,2311666667";"1,1";"335"
"MISS TIDE";"02439";"2025-11-24 11:42:00";"-42,9316666667";"-59,2266666667";"4,3";"165"
"MISS TIDE";"02439";"2025-11-24 11:57:00";"-42,9471666667";"-59,2216666667";"1,1";"175"
"MISS TIDE";"02439";"2025-11-24 12:12:00";"-42,9371666667";"-59,223";"3,8";"335"
"MISS TIDE";"02439";"2025-11-24 12:27:00";"-42,9238333333";"-59,2295";"1,6";"320"
"MISS TIDE";"02439";"2025-11-24 12:42:00";"-42,9378333333";"-59,2236666667";"3,8";"155"
"MISS TIDE";"02439";"2025-11-24 12:57:00";"-42,9511666667";"-59,218";"3,2";"90"
"MISS TIDE";"02439";"2025-11-24 13:12:00";"-42,9336666667";"-59,2238333333";"3,8";"345"
"MISS TIDE";"02439";"2025-11-24 13:27:00";"-42,9241666667";"-59,2278333333";"5,4";"155"
"MISS TIDE";"02439";"2025-11-24 13:42:00";"-42,9441666667";"-59,2186666667";"4,3";"160"
"MISS TIDE";"02439";"2025-11-24 13:57:00";"-42,9466666667";"-59,2136666667";"5,4";"40"
"MISS TIDE";"02439";"2025-11-24 14:12:00";"-42,9345";"-59,1925";"4,3";"55"
"MISS TIDE";"02439";"2025-11-24 14:27:00";"-42,9263333333";"-59,1866666667";"5,9";"335"
"MISS TIDE";"02439";"2025-11-24 14:42:00";"-42,9103333333";"-59,2003333333";"3,8";"320"
"MISS TIDE";"02439";"2025-11-24 14:57:00";"-42,9055";"-59,1953333333";"5,4";"90"
"MISS TIDE";"02439";"2025-11-24 15:12:00";"-42,905";"-59,163";"6,5";"35"
"MISS TIDE";"02439";"2025-11-24 15:27:00";"-42,893";"-59,143";"3,8";"40"
"MISS TIDE";"02439";"2025-11-24 15:42:00";"-42,8883333333";"-59,1333333333";"7,0";"165"
"MISS TIDE";"02439";"2025-11-24 15:57:00";"-42,908";"-59,1245";"3,8";"155"
"MISS TIDE";"02439";"2025-11-24 16:12:00";"-42,918";"-59,1195";"5,4";"330"
"MISS TIDE";"02439";"2025-11-24 16:27:00";"-42,9011666667";"-59,1283333333";"3,8";"335"
"MISS TIDE";"02439";"2025-11-24 16:42:00";"-42,8891666667";"-59,133";"5,4";"335"
"MISS TIDE";"02439";"2025-11-24 16:57:00";"-42,9008333333";"-59,1291666667";"3,8";"155"
"MISS TIDE";"02439";"2025-11-24 17:12:00";"-42,9145";"-59,1213333333";"2,2";"135"
"MISS TIDE";"02439";"2025-11-24 17:27:00";"-42,9061666667";"-59,1271666667";"4,3";"345"
"MISS TIDE";"02439";"2025-11-24 17:42:00";"-42,8908333333";"-59,1341666667";"1,6";"5"
"MISS TIDE";"02439";"2025-11-24 17:57:00";"-42,8936666667";"-59,1291666667";"3,8";"155"
"MISS TIDE";"02439";"2025-11-24 18:12:00";"-42,9096666667";"-59,1216666667";"2,2";"160"
"MISS TIDE";"02439";"2025-11-24 18:27:00";"-42,912";"-59,1233333333";"5,4";"290"
"MISS TIDE";"02439";"2025-11-24 18:42:00";"-42,9005";"-59,1411666667";"3,8";"330"
"MISS TIDE";"02439";"2025-11-24 18:57:00";"-42,888";"-59,1455";"4,3";"345"
"MISS TIDE";"02439";"2025-11-24 19:12:00";"-42,8975";"-59,1346666667";"3,2";"165"
"MISS TIDE";"02439";"2025-11-24 19:27:00";"-42,9128333333";"-59,125";"1,6";"140"
"MISS TIDE";"02439";"2025-11-24 19:42:00";"-42,9105";"-59,1255";"3,2";"335"
"MISS TIDE";"02439";"2025-11-24 19:57:00";"-42,8936666667";"-59,1336666667";"3,8";"335"
"MISS TIDE";"02439";"2025-11-24 20:12:00";"-42,8838333333";"-59,1345";"4,9";"160"
"MISS TIDE";"02439";"2025-11-24 20:27:00";"-42,9038333333";"-59,1275";"4,3";"155"
"MISS TIDE";"02439";"2025-11-24 20:42:00";"-42,9155";"-59,1188333333";"1,6";"125"
"MISS TIDE";"02439";"2025-11-24 20:57:00";"-42,9013333333";"-59,125";"4,3";"335"
"MISS TIDE";"02439";"2025-11-24 21:12:00";"-42,8861666667";"-59,1321666667";"1,6";"0"
"MISS TIDE";"02439";"2025-11-24 21:27:00";"-42,8886666667";"-59,1325";"3,8";"165"
"MISS TIDE";"02439";"2025-11-24 21:42:00";"-42,9053333333";"-59,1241666667";"3,8";"155"
"MISS TIDE";"02439";"2025-11-24 21:57:00";"-42,9111666667";"-59,12";"7,0";"325"
"MISS TIDE";"02439";"2025-11-24 22:12:00";"-42,8925";"-59,1308333333";"3,8";"345"
"MISS TIDE";"02439";"2025-11-24 22:27:00";"-42,8795";"-59,1355";"3,2";"350"
"MISS TIDE";"02439";"2025-11-24 22:42:00";"-42,8711666667";"-59,1433333333";"3,8";"80"
"MISS TIDE";"02439";"2025-11-24 22:57:00";"-42,8908333333";"-59,1325";"4,3";"155"
"MISS TIDE";"02439";"2025-11-24 23:12:00";"-42,9063333333";"-59,1241666667";"1,6";"135"
"MISS TIDE";"02439";"2025-11-24 23:27:00";"-42,9125";"-59,1353333333";"3,8";"260"
"MISS TIDE";"02439";"2025-11-24 23:42:00";"-42,9166666667";"-59,1566666667";"3,2";"255"
"MISS TIDE";"02439";"2025-11-24 23:57:00";"-42,9158333333";"-59,1611666667";"7,6";"50"
"MISS TIDE";"02439";"2025-11-25 00:12:00";"-42,9025";"-59,1416666667";"4,3";"45"
"MISS TIDE";"02439";"2025-11-25 00:27:00";"-42,9003333333";"-59,1366666667";"6,5";"220"
"MISS TIDE";"02439";"2025-11-25 00:42:00";"-42,9116666667";"-59,1536666667";"3,8";"225"
"MISS TIDE";"02439";"2025-11-25 00:57:00";"-42,9161666667";"-59,1675";"5,4";"40"
"MISS TIDE";"02439";"2025-11-25 01:12:00";"-42,903";"-59,145";"3,8";"60"
"MISS TIDE";"02439";"2025-11-25 01:27:00";"-42,8966666667";"-59,1333333333";"5,4";"230"
"MISS TIDE";"02439";"2025-11-25 01:42:00";"-42,9096666667";"-59,1513333333";"4,3";"235"
"MISS TIDE";"02439";"2025-11-25 01:57:00";"-42,918";"-59,1641666667";"4,3";"230"
"MISS TIDE";"02439";"2025-11-25 02:12:00";"-42,9078333333";"-59,1471666667";"3,8";"60"
"MISS TIDE";"02439";"2025-11-25 02:27:00";"-42,8983333333";"-59,1325";"3,8";"60"
"MISS TIDE";"02439";"2025-11-25 02:42:00";"-42,9111666667";"-59,1488333333";"3,8";"210"
"MISS TIDE";"02439";"2025-11-25 02:57:00";"-42,9186666667";"-59,163";"1,1";"225"
"MISS TIDE";"02439";"2025-11-25 03:12:00";"-42,9145";"-59,162";"5,4";"35"
"MISS TIDE";"02439";"2025-11-25 03:27:00";"-42,9058333333";"-59,1513333333";"4,3";"45"
"MISS TIDE";"02439";"2025-11-25 03:42:00";"-42,8953333333";"-59,1338333333";"1,6";"25"
"MISS TIDE";"02439";"2025-11-25 03:57:00";"-42,9025";"-59,1446666667";"4,3";"230"
"MISS TIDE";"02439";"2025-11-25 04:12:00";"-42,913";"-59,1608333333";"1,1";"200"
"MISS TIDE";"02439";"2025-11-25 04:27:00";"-42,9113333333";"-59,155";"3,8";"50"
"MISS TIDE";"02439";"2025-11-25 04:42:00";"-42,8988333333";"-59,1378333333";"4,3";"45"
"MISS TIDE";"02439";"2025-11-25 04:57:00";"-42,9013333333";"-59,143";"3,8";"230"
"MISS TIDE";"02439";"2025-11-25 05:12:00";"-42,9133333333";"-59,1605";"3,8";"225"
"MISS TIDE";"02439";"2025-11-25 05:27:00";"-42,9155";"-59,1578333333";"4,9";"75"
"MISS TIDE";"02439";"2025-11-25 05:42:00";"-42,9113333333";"-59,1346666667";"3,8";"70"
"MISS TIDE";"02439";"2025-11-25 05:57:00";"-42,9075";"-59,1266666667";"7,0";"240"
"MISS TIDE";"02439";"2025-11-26 00:13:00";"-42,8971666667";"-59,1371666667";"1,6";"60"
"MISS TIDE";"02439";"2025-11-26 00:28:00";"-42,9063333333";"-59,1438333333";"3,8";"215"
"MISS TIDE";"02439";"2025-11-26 00:43:00";"-42,9183333333";"-59,1608333333";"3,8";"235"
"MISS TIDE";"02439";"2025-11-26 00:58:00";"-42,9188333333";"-59,1575";"3,8";"55"
"MISS TIDE";"02439";"2025-11-26 01:13:00";"-42,9086666667";"-59,1378333333";"3,8";"55"
"MISS TIDE";"02439";"2025-11-26 01:28:00";"-42,9116666667";"-59,1375";"3,8";"235"
"MISS TIDE";"02439";"2025-11-26 01:43:00";"-42,9195";"-59,1561666667";"1,1";"225"
"MISS TIDE";"02439";"2025-11-26 01:58:00";"-42,9146666667";"-59,1463333333";"3,8";"50"
"MISS TIDE";"02439";"2025-11-26 02:13:00";"-42,9055";"-59,1255";"4,3";"55"
"MISS TIDE";"02439";"2025-11-26 02:28:00";"-42,9091666667";"-59,13";"3,8";"225"
"MISS TIDE";"02439";"2025-11-26 02:43:00";"-42,917";"-59,1508333333";"3,8";"245"
"MISS TIDE";"02439";"2025-11-26 02:58:00";"-42,92";"-59,1613333333";"6,5";"55"
"MISS TIDE";"02439";"2025-11-26 03:13:00";"-42,9086666667";"-59,1383333333";"3,8";"50"
"MISS TIDE";"02439";"2025-11-26 03:28:00";"-42,902";"-59,122";"2,2";"305"
"MISS TIDE";"02439";"2025-11-26 03:43:00";"-42,9108333333";"-59,1455";"3,8";"245"
"MISS TIDE";"02439";"2025-11-26 03:58:00";"-42,9188333333";"-59,162";"1,1";"205"
"MISS TIDE";"02439";"2025-11-26 04:13:00";"-42,9141666667";"-59,1566666667";"4,9";"25"
"MISS TIDE";"02439";"2025-11-26 04:28:00";"-42,8986666667";"-59,1455";"3,8";"25"
"MISS TIDE";"02439";"2025-11-26 04:43:00";"-42,8978333333";"-59,145";"4,9";"215"
"MISS TIDE";"02439";"2025-11-26 04:58:00";"-42,9128333333";"-59,1563333333";"3,8";"210"
"MISS TIDE";"02439";"2025-11-26 05:13:00";"-42,9245";"-59,1646666667";"4,3";"295"
"MISS TIDE";"02439";"2025-11-26 05:28:00";"-42,9063333333";"-59,152";"4,3";"25"
"MISS TIDE";"02439";"2025-11-26 05:43:00";"-42,8938333333";"-59,1425";"2,2";"35"
"MISS TIDE";"02439";"2025-11-26 05:58:00";"-42,9045";"-59,1513333333";"4,3";"190"
"MISS TIDE";"02439";"2025-11-26 06:13:00";"-42,92";"-59,1616666667";"1,6";"190"
"MISS TIDE";"02439";"2025-11-26 06:28:00";"-42,9158333333";"-59,158";"3,8";"5"
"MISS TIDE";"02439";"2025-11-26 06:43:00";"-42,9003333333";"-59,1483333333";"3,8";"30"
"MISS TIDE";"02439";"2025-11-26 06:58:00";"-42,8928333333";"-59,1436666667";"5,9";"215"
"MISS TIDE";"02439";"2025-11-26 07:13:00";"-42,9105";"-59,1561666667";"4,3";"205"
"MISS TIDE";"02439";"2025-11-26 07:28:00";"-42,9221666667";"-59,1621666667";"1,6";"195"
"MISS TIDE";"02439";"2025-11-26 07:43:00";"-42,912";"-59,1578333333";"3,2";"20"
"MISS TIDE";"02439";"2025-11-26 07:58:00";"-42,897";"-59,1471666667";"1,6";"45"
"MISS TIDE";"02439";"2025-11-26 08:13:00";"-42,9036666667";"-59,1536666667";"3,8";"205"
"MISS TIDE";"02439";"2025-11-26 08:28:00";"-42,9188333333";"-59,1641666667";"3,8";"210"
"MISS TIDE";"02439";"2025-11-26 08:43:00";"-42,9228333333";"-59,167";"5,9";"20"
"MISS TIDE";"02439";"2025-11-26 08:58:00";"-42,9058333333";"-59,1563333333";"2,7";"35"
"MISS TIDE";"02439";"2025-11-26 09:13:00";"-42,8936666667";"-59,1475";"6,5";"60"
"MISS TIDE";"02439";"2025-11-26 09:28:00";"-42,9061666667";"-59,1545";"3,8";"200"
"MISS TIDE";"02439";"2025-11-26 09:43:00";"-42,9216666667";"-59,1638333333";"1,6";"185"
"MISS TIDE";"02439";"2025-11-26 09:58:00";"-42,918";"-59,1628333333";"4,9";"20"
"MISS TIDE";"02439";"2025-11-26 10:13:00";"-42,9013333333";"-59,153";"3,8";"20"
"MISS TIDE";"02439";"2025-11-26 10:28:00";"-42,8966666667";"-59,152";"5,9";"205"
"MISS TIDE";"02439";"2025-11-26 10:43:00";"-42,9145";"-59,1628333333";"3,8";"205"
"MISS TIDE";"02439";"2025-11-26 10:58:00";"-42,9255";"-59,1686666667";"2,7";"210"
"MISS TIDE";"02439";"2025-11-26 11:13:00";"-42,9125";"-59,1611666667";"3,2";"30"
"MISS TIDE";"02439";"2025-11-26 11:28:00";"-42,8988333333";"-59,1525";"1,6";"30"
"MISS TIDE";"02439";"2025-11-26 11:43:00";"-42,9003333333";"-59,1545";"4,9";"195"
"MISS TIDE";"02439";"2025-11-26 11:58:00";"-42,9166666667";"-59,1658333333";"3,8";"210"
"MISS TIDE";"02439";"2025-11-26 12:13:00";"-42,9245";"-59,1696666667";"6,5";"10"
"MISS TIDE";"02439";"2025-11-26 12:28:00";"-42,9066666667";"-59,1596666667";"3,8";"20"
"MISS TIDE";"02439";"2025-11-26 12:43:00";"-42,8961666667";"-59,1505";"4,9";"80"
"MISS TIDE";"02439";"2025-11-26 12:58:00";"-42,9105";"-59,163";"3,8";"205"
"MISS TIDE";"02439";"2025-11-26 13:13:00";"-42,9233333333";"-59,17";"1,1";"185"
"MISS TIDE";"02439";"2025-11-26 13:28:00";"-42,915";"-59,1661666667";"4,3";"20"
"MISS TIDE";"02439";"2025-11-26 13:43:00";"-42,8995";"-59,1563333333";"1,6";"15"
"MISS TIDE";"02439";"2025-11-26 13:58:00";"-42,9046666667";"-59,1603333333";"3,8";"200"
"MISS TIDE";"02439";"2025-11-26 14:13:00";"-42,9205";"-59,1703333333";"3,8";"200"
"MISS TIDE";"02439";"2025-11-26 14:28:00";"-42,93";"-59,1775";"3,8";"355"
"MISS TIDE";"02439";"2025-11-26 14:43:00";"-42,9121666667";"-59,1658333333";"3,8";"30"
"MISS TIDE";"02439";"2025-11-26 14:58:00";"-42,9013333333";"-59,157";"2,2";"75"
"MISS TIDE";"02439";"2025-11-26 15:13:00";"-42,8875";"-59,1455";"3,8";"30"
"MISS TIDE";"02439";"2025-11-26 15:28:00";"-42,8978333333";"-59,1458333333";"3,8";"200"
"MISS TIDE";"02439";"2025-11-26 15:43:00";"-42,9136666667";"-59,155";"2,7";"220"
"MISS TIDE";"02439";"2025-11-26 15:58:00";"-42,9196666667";"-59,1591666667";"6,5";"25"
"MISS TIDE";"02439";"2025-11-26 16:13:00";"-42,9028333333";"-59,1483333333";"4,9";"35"
"MISS TIDE";"02439";"2025-11-26 16:28:00";"-42,8921666667";"-59,1396666667";"2,2";"10"
"MISS TIDE";"02439";"2025-11-26 16:43:00";"-42,893";"-59,1516666667";"6,5";"225"
"MISS TIDE";"02439";"2025-11-26 16:58:00";"-42,912";"-59,1663333333";"3,8";"190"
"MISS TIDE";"02439";"2025-11-26 17:13:00";"-42,9253333333";"-59,1736666667";"1,6";"195"
"MISS TIDE";"02439";"2025-11-26 17:28:00";"-42,9188333333";"-59,1663333333";"3,2";"25"
"MISS TIDE";"02439";"2025-11-26 17:43:00";"-42,903";"-59,1555";"4,3";"35"
"MISS TIDE";"02439";"2025-11-26 17:58:00";"-42,9041666667";"-59,1516666667";"7,0";"195"
"MISS TIDE";"02439";"2025-11-26 18:13:00";"-42,92";"-59,1596666667";"3,8";"200"
"MISS TIDE";"02439";"2025-11-26 18:28:00";"-42,9175";"-59,157";"6,5";"15"
"MISS TIDE";"02439";"2025-11-26 18:43:00";"-42,903";"-59,147";"3,8";"15"
"MISS TIDE";"02439";"2025-11-26 18:58:00";"-42,8913333333";"-59,1386666667";"7,0";"0"
"MISS TIDE";"02439";"2025-11-26 19:13:00";"-42,9078333333";"-59,1471666667";"4,3";"195"
"MISS TIDE";"02439";"2025-11-26 19:28:00";"-42,9196666667";"-59,1496666667";"4,3";"205"
"MISS TIDE";"02439";"2025-11-26 19:43:00";"-42,9063333333";"-59,1428333333";"3,8";"25"
"MISS TIDE";"02439";"2025-11-26 19:58:00";"-42,8903333333";"-59,135";"1,6";"5"
"MISS TIDE";"02439";"2025-11-26 20:13:00";"-42,8771666667";"-59,1346666667";"4,9";"325"
"MISS TIDE";"02439";"2025-11-26 20:28:00";"-42,8955";"-59,1255";"4,3";"160"
"MISS TIDE";"02439";"2025-11-26 20:43:00";"-42,9095";"-59,1171666667";"1,1";"135"
"MISS TIDE";"02439";"2025-11-26 20:58:00";"-42,903";"-59,123";"4,3";"325"
"MISS TIDE";"02439";"2025-11-26 21:13:00";"-42,8871666667";"-59,1313333333";"4,9";"335"
"MISS TIDE";"02439";"2025-11-26 21:28:00";"-42,8788333333";"-59,1358333333";"6,5";"150"
"MISS TIDE";"02439";"2025-11-26 21:43:00";"-42,898";"-59,1261666667";"3,8";"150"
"MISS TIDE";"02439";"2025-11-26 21:58:00";"-42,9108333333";"-59,1183333333";"2,7";"145"
"MISS TIDE";"02439";"2025-11-26 22:13:00";"-42,9141666667";"-59,125";"5,9";"325"
"MISS TIDE";"02439";"2025-11-26 22:28:00";"-42,8963333333";"-59,1341666667";"4,3";"355"
"MISS TIDE";"02439";"2025-11-26 22:43:00";"-42,8841666667";"-59,1386666667";"4,3";"335"
"MISS TIDE";"02439";"2025-11-26 22:58:00";"-42,893";"-59,1278333333";"3,8";"150"
"MISS TIDE";"02439";"2025-11-26 23:13:00";"-42,9058333333";"-59,1195";"1,6";"125"
"MISS TIDE";"02439";"2025-11-26 23:28:00";"-42,8908333333";"-59,115";"3,2";"350"
"MISS TIDE";"02439";"2025-11-26 23:43:00";"-42,8746666667";"-59,1158333333";"2,2";"20"
"MISS TIDE";"02439";"2025-11-26 23:58:00";"-42,8791666667";"-59,1238333333";"5,9";"200"
"MISS TIDE";"02439";"2025-11-27 00:13:00";"-42,8958333333";"-59,133";"3,8";"200"
"MISS TIDE";"02439";"2025-11-27 00:28:00";"-42,907";"-59,138";"4,3";"270"
"MISS TIDE";"02439";"2025-11-27 00:43:00";"-42,8866666667";"-59,128";"4,9";"15"
"MISS TIDE";"02439";"2025-11-27 00:58:00";"-42,8733333333";"-59,1196666667";"4,3";"20"
"MISS TIDE";"02439";"2025-11-27 01:13:00";"-42,888";"-59,1303333333";"3,2";"205"
"MISS TIDE";"02439";"2025-11-27 01:28:00";"-42,9005";"-59,1353333333";"0,5";"195"
"MISS TIDE";"02439";"2025-11-27 01:43:00";"-42,913";"-59,1471666667";"3,8";"230"
"MISS TIDE";"02439";"2025-11-27 01:58:00";"-42,9236666667";"-59,1638333333";"1,6";"245"
"MISS TIDE";"02439";"2025-11-27 02:13:00";"-42,9313333333";"-59,1783333333";"4,9";"240"
"MISS TIDE";"02439";"2025-11-27 02:28:00";"-42,923";"-59,1675";"3,8";"60"
"MISS TIDE";"02439";"2025-11-27 02:43:00";"-42,913";"-59,15";"2,2";"60"
"MISS TIDE";"02439";"2025-11-27 02:58:00";"-42,9191666667";"-59,1578333333";"3,8";"235"
"MISS TIDE";"02439";"2025-11-27 03:13:00";"-42,9288333333";"-59,1758333333";"3,8";"235"
"MISS TIDE";"02439";"2025-11-27 03:28:00";"-42,93";"-59,1778333333";"8,1";"65"
"MISS TIDE";"02439";"2025-11-27 03:43:00";"-42,9203333333";"-59,1566666667";"3,8";"60"
"MISS TIDE";"02439";"2025-11-27 03:58:00";"-42,9163333333";"-59,1433333333";"4,3";"220"
"MISS TIDE";"02439";"2025-11-27 04:13:00";"-42,9271666667";"-59,1658333333";"3,8";"230"
"MISS TIDE";"02439";"2025-11-27 04:28:00";"-42,9328333333";"-59,1811666667";"1,6";"255"
"MISS TIDE";"02439";"2025-11-27 04:43:00";"-42,9261666667";"-59,1678333333";"3,8";"50"
"MISS TIDE";"02439";"2025-11-27 04:58:00";"-42,9175";"-59,1495";"1,6";"70"
"MISS TIDE";"02439";"2025-11-27 05:13:00";"-42,9183333333";"-59,1586666667";"3,2";"245"
"MISS TIDE";"02439";"2025-11-27 05:28:00";"-42,9263333333";"-59,1788333333";"3,8";"235"
"MISS TIDE";"02439";"2025-11-27 05:43:00";"-42,9283333333";"-59,1905";"6,5";"50"
"MISS TIDE";"02439";"2025-11-27 05:58:00";"-42,9171666667";"-59,1666666667";"4,3";"55"
"MISS TIDE";"02439";"2025-11-27 06:13:00";"-42,9091666667";"-59,1516666667";"1,6";"45"
"MISS TIDE";"02439";"2025-11-27 06:28:00";"-42,908";"-59,1463333333";"5,4";"230"
"MISS TIDE";"02439";"2025-11-27 06:43:00";"-42,9191666667";"-59,1695";"3,8";"225"
"MISS TIDE";"02439";"2025-11-27 06:58:00";"-42,927";"-59,1846666667";"1,1";"210"
"MISS TIDE";"02439";"2025-11-27 07:13:00";"-42,92";"-59,1745";"4,3";"60"
"MISS TIDE";"02439";"2025-11-27 07:28:00";"-42,9111666667";"-59,1553333333";"2,7";"35"
"MISS TIDE";"02439";"2025-11-27 07:43:00";"-42,915";"-59,1611666667";"4,3";"225"
"MISS TIDE";"02439";"2025-11-27 07:58:00";"-42,9246666667";"-59,1813333333";"4,3";"240"
"MISS TIDE";"02439";"2025-11-27 08:13:00";"-42,9305";"-59,1888333333";"6,5";"60"
"MISS TIDE";"02439";"2025-11-27 08:28:00";"-42,9195";"-59,1663333333";"4,3";"55"
"MISS TIDE";"02439";"2025-11-27 08:43:00";"-42,9116666667";"-59,1513333333";"3,8";"75"
"MISS TIDE";"02439";"2025-11-27 08:58:00";"-42,9211666667";"-59,1691666667";"3,8";"235"
"MISS TIDE";"02439";"2025-11-27 09:13:00";"-42,9291666667";"-59,1875";"1,1";"260"
"MISS TIDE";"02439";"2025-11-27 09:28:00";"-42,9236666667";"-59,1778333333";"4,3";"45"
"MISS TIDE";"02439";"2025-11-27 09:43:00";"-42,9136666667";"-59,157";"4,3";"55"
"MISS TIDE";"02439";"2025-11-27 09:58:00";"-42,9158333333";"-59,1605";"3,2";"240"
"MISS TIDE";"02439";"2025-11-27 10:13:00";"-42,9261666667";"-59,1791666667";"3,8";"230"
"MISS TIDE";"02439";"2025-11-27 10:28:00";"-42,928";"-59,1863333333";"5,9";"55"
"MISS TIDE";"02439";"2025-11-27 10:43:00";"-42,9171666667";"-59,1633333333";"4,9";"50"
"MISS TIDE";"02439";"2025-11-27 10:58:00";"-42,9095";"-59,148";"3,8";"325"
"MISS TIDE";"02439";"2025-11-27 11:13:00";"-42,9213333333";"-59,1688333333";"4,3";"235"
"MISS TIDE";"02439";"2025-11-27 11:28:00";"-42,9291666667";"-59,1841666667";"1,6";"215"
"MISS TIDE";"02439";"2025-11-27 11:43:00";"-42,9236666667";"-59,1705";"3,8";"65"
"MISS TIDE";"02439";"2025-11-27 11:58:00";"-42,9141666667";"-59,1521666667";"1,1";"50"
"MISS TIDE";"02439";"2025-11-27 12:13:00";"-42,9161666667";"-59,1646666667";"3,8";"240"
"MISS TIDE";"02439";"2025-11-27 12:28:00";"-42,9245";"-59,1855";"2,2";"240"
"MISS TIDE";"02439";"2025-11-27 12:43:00";"-42,9228333333";"-59,1836666667";"3,8";"60"
"MISS TIDE";"02439";"2025-11-27 12:58:00";"-42,9138333333";"-59,1636666667";"3,8";"55"
"MISS TIDE";"02439";"2025-11-27 13:13:00";"-42,9121666667";"-59,163";"6,5";"235"
"MISS TIDE";"02439";"2025-11-27 13:28:00";"-42,9225";"-59,1841666667";"3,8";"240"
"MISS TIDE";"02439";"2025-11-27 13:43:00";"-42,9271666667";"-59,1983333333";"3,8";"270"
"MISS TIDE";"02439";"2025-11-27 13:58:00";"-42,925";"-59,1941666667";"4,3";"55"
"MISS TIDE";"02439";"2025-11-27 14:13:00";"-42,9155";"-59,175";"1,6";"65"
"MISS TIDE";"02439";"2025-11-27 14:28:00";"-42,9183333333";"-59,1791666667";"3,2";"235"
"MISS TIDE";"02439";"2025-11-27 14:43:00";"-42,9263333333";"-59,1963333333";"1,6";"265"
"MISS TIDE";"02439";"2025-11-27 14:58:00";"-42,9205";"-59,1921666667";"6,5";"50"
"MISS TIDE";"02439";"2025-11-27 15:13:00";"-42,907";"-59,1708333333";"3,8";"55"
"MISS TIDE";"02439";"2025-11-27 15:28:00";"-42,9158333333";"-59,1838333333";"4,3";"235"
"MISS TIDE";"02439";"2025-11-27 15:43:00";"-42,9266666667";"-59,2036666667";"4,3";"235"
"MISS TIDE";"02439";"2025-11-27 15:58:00";"-42,9366666667";"-59,2241666667";"4,3";"230"
"MISS TIDE";"02439";"2025-11-27 16:13:00";"-42,9353333333";"-59,2186666667";"4,3";"65"
"MISS TIDE";"02439";"2025-11-27 16:28:00";"-42,9358333333";"-59,2111666667";"5,4";"220"
"MISS TIDE";"02439";"2025-11-27 16:43:00";"-42,9238333333";"-59,1925";"4,9";"45"
"MISS TIDE";"02439";"2025-11-27 16:58:00";"-42,9138333333";"-59,1728333333";"1,6";"50"
"MISS TIDE";"02439";"2025-11-27 17:13:00";"-42,9171666667";"-59,1753333333";"4,3";"230"
"MISS TIDE";"02439";"2025-11-27 17:28:00";"-42,9261666667";"-59,1933333333";"1,6";"250"
"MISS TIDE";"02439";"2025-11-27 17:43:00";"-42,9321666667";"-59,2036666667";"4,3";"255"
"MISS TIDE";"02439";"2025-11-27 17:58:00";"-42,9186666667";"-59,183";"4,3";"60"
"MISS TIDE";"02439";"2025-11-27 18:13:00";"-42,9105";"-59,1666666667";"3,2";"60"
"MISS TIDE";"02439";"2025-11-27 18:28:00";"-42,9178333333";"-59,182";"3,8";"240"
"MISS TIDE";"02439";"2025-11-27 18:43:00";"-42,9245";"-59,1966666667";"1,1";"245"
"MISS TIDE";"02439";"2025-11-27 18:58:00";"-42,9163333333";"-59,1816666667";"4,3";"55"
"MISS TIDE";"02439";"2025-11-27 19:13:00";"-42,9078333333";"-59,1641666667";"2,7";"65"
"MISS TIDE";"02439";"2025-11-27 19:28:00";"-42,9155";"-59,1786666667";"4,3";"235"
"MISS TIDE";"02439";"2025-11-27 19:43:00";"-42,9236666667";"-59,1958333333";"1,1";"255"
"MISS TIDE";"02439";"2025-11-27 19:58:00";"-42,9213333333";"-59,1858333333";"4,9";"60"
"MISS TIDE";"02439";"2025-11-27 20:13:00";"-42,9113333333";"-59,1655";"3,8";"40"
"MISS TIDE";"02439";"2025-11-27 20:28:00";"-42,9111666667";"-59,1638333333";"6,5";"230"
"MISS TIDE";"02439";"2025-11-27 20:43:00";"-42,9216666667";"-59,1838333333";"3,8";"240"
"MISS TIDE";"02439";"2025-11-27 20:58:00";"-42,9258333333";"-59,197";"4,9";"225"
"MISS TIDE";"02439";"2025-11-27 21:13:00";"-42,9166666667";"-59,1728333333";"4,9";"45"
"MISS TIDE";"02439";"2025-11-27 21:28:00";"-42,9116666667";"-59,1653333333";"5,4";"225"
"MISS TIDE";"02439";"2025-11-27 21:43:00";"-42,9238333333";"-59,185";"3,8";"225"
"MISS TIDE";"02439";"2025-11-27 21:58:00";"-42,9291666667";"-59,1991666667";"1,6";"285"
"MISS TIDE";"02439";"2025-11-27 22:13:00";"-42,9238333333";"-59,1841666667";"4,9";"60"
"MISS TIDE";"02439";"2025-11-27 22:28:00";"-42,9138333333";"-59,1663333333";"2,2";"15"
"MISS TIDE";"02439";"2025-11-27 22:43:00";"-42,9161666667";"-59,1663333333";"3,8";"230"
"MISS TIDE";"02439";"2025-11-27 22:58:00";"-42,9255";"-59,1846666667";"3,8";"230"
"MISS TIDE";"02439";"2025-11-27 23:13:00";"-42,9286666667";"-59,1988333333";"5,4";"255"
"MISS TIDE";"02439";"2025-11-27 23:28:00";"-42,915";"-59,1813333333";"4,3";"55"
"MISS TIDE";"02439";"2025-11-27 23:43:00";"-42,9041666667";"-59,1688333333";"5,4";"0"
"MISS TIDE";"02439";"2025-11-27 23:58:00";"-42,9178333333";"-59,1828333333";"3,8";"195"
"MISS TIDE";"02439";"2025-11-28 00:13:00";"-42,9336666667";"-59,1903333333";"3,8";"195"
"MISS TIDE";"02439";"2025-11-28 00:28:00";"-42,9261666667";"-59,1888333333";"3,8";"0"
"MISS TIDE";"02439";"2025-11-28 00:43:00";"-42,9086666667";"-59,19";"3,8";"5"
"MISS TIDE";"02439";"2025-11-28 00:58:00";"-42,9021666667";"-59,1905";"5,9";"185"
"MISS TIDE";"02439";"2025-11-28 01:13:00";"-42,9178333333";"-59,2";"3,8";"200"
"MISS TIDE";"02439";"2025-11-28 01:29:00";"-42,9225";"-59,2105";"7,0";"350"
"MISS TIDE";"02439";"2025-11-28 01:44:00";"-42,902";"-59,2146666667";"3,8";"350"
"MISS TIDE";"02439";"2025-11-28 01:59:00";"-42,8855";"-59,2275";"8,1";"295"
"MISS TIDE";"02439";"2025-11-28 02:14:00";"-42,87";"-59,2721666667";"8,6";"295"
"MISS TIDE";"02439";"2025-11-28 02:29:00";"-42,8541666667";"-59,3178333333";"8,6";"295"
"MISS TIDE";"02439";"2025-11-28 02:44:00";"-42,8236666667";"-59,3311666667";"8,6";"5"
"MISS TIDE";"02439";"2025-11-28 02:59:00";"-42,7855";"-59,3216666667";"9,2";"10"
"MISS TIDE";"02439";"2025-11-28 03:14:00";"-42,7478333333";"-59,312";"8,6";"15"
"MISS TIDE";"02439";"2025-11-28 03:29:00";"-42,7111666667";"-59,2983333333";"9,2";"10"
"MISS TIDE";"02439";"2025-11-28 03:44:00";"-42,6761666667";"-59,283";"8,1";"20"
"MISS TIDE";"02439";"2025-11-28 03:59:00";"-42,6421666667";"-59,2688333333";"8,6";"20"
"MISS TIDE";"02439";"2025-11-28 04:14:00";"-42,607";"-59,2545";"8,1";"5"
"MISS TIDE";"02439";"2025-11-28 04:29:00";"-42,5713333333";"-59,2416666667";"8,1";"15"
"MISS TIDE";"02439";"2025-11-28 04:44:00";"-42,5361666667";"-59,2283333333";"8,6";"10"
"MISS TIDE";"02439";"2025-11-28 04:59:00";"-42,5008333333";"-59,2153333333";"8,1";"10"
"MISS TIDE";"02439";"2025-11-28 05:14:00";"-42,4655";"-59,2021666667";"8,6";"10"
"MISS TIDE";"02439";"2025-11-28 05:29:00";"-42,4295";"-59,1895";"8,6";"15"
"MISS TIDE";"02439";"2025-11-28 05:44:00";"-42,3936666667";"-59,1758333333";"8,6";"25"
"MISS TIDE";"02439";"2025-11-28 05:59:00";"-42,3583333333";"-59,1616666667";"8,6";"10"
"MISS TIDE";"02439";"2025-11-28 06:14:00";"-42,3228333333";"-59,1475";"9,2";"10"
"MISS TIDE";"02439";"2025-11-28 06:29:00";"-42,2905";"-59,1413333333";"6,5";"325"
"MISS TIDE";"02439";"2025-11-28 06:44:00";"-42,2711666667";"-59,1521666667";"4,3";"350"
"MISS TIDE";"02439";"2025-11-28 06:59:00";"-42,265";"-59,1566666667";"8,6";"165"
"MISS TIDE";"02439";"2025-11-28 07:14:00";"-42,2811666667";"-59,1503333333";"4,3";"165"
"MISS TIDE";"02439";"2025-11-28 07:29:00";"-42,293";"-59,147";"4,3";"150"
"MISS TIDE";"02439";"2025-11-28 07:44:00";"-42,2738333333";"-59,1528333333";"3,8";"330"
"MISS TIDE";"02439";"2025-11-28 07:59:00";"-42,2595";"-59,1583333333";"3,2";"340"
"MISS TIDE";"02439";"2025-11-28 08:14:00";"-42,27";"-59,1533333333";"4,3";"185"
"MISS TIDE";"02439";"2025-11-28 08:29:00";"-42,2846666667";"-59,1478333333";"3,8";"160"
"MISS TIDE";"02439";"2025-11-28 08:44:00";"-42,2858333333";"-59,1446666667";"7,0";"345"
"MISS TIDE";"02439";"2025-11-28 08:59:00";"-42,2666666667";"-59,1511666667";"3,8";"340"
"MISS TIDE";"02439";"2025-11-28 09:14:00";"-42,2521666667";"-59,1571666667";"4,3";"340"
"MISS TIDE";"02439";"2025-11-28 09:29:00";"-42,24";"-59,1611666667";"4,9";"5"
"MISS TIDE";"02439";"2025-11-28 09:44:00";"-42,2521666667";"-59,1566666667";"3,2";"155"
"MISS TIDE";"02439";"2025-11-28 09:59:00";"-42,2578333333";"-59,1616666667";"3,8";"160"
"MISS TIDE";"02439";"2025-11-28 10:14:00";"-42,2766666667";"-59,1553333333";"4,9";"155"
"MISS TIDE";"02439";"2025-11-28 10:29:00";"-42,2895";"-59,1516666667";"1,6";"185"
"MISS TIDE";"02439";"2025-11-28 10:44:00";"-42,2866666667";"-59,15";"6,5";"325"
"MISS TIDE";"02439";"2025-11-28 10:59:00";"-42,2708333333";"-59,1553333333";"2,2";"350"
"MISS TIDE";"02439";"2025-11-28 11:14:00";"-42,2471666667";"-59,153";"5,9";"10"
"MISS TIDE";"02439";"2025-11-28 11:29:00";"-42,2283333333";"-59,1425";"4,3";"5"
"MISS TIDE";"02439";"2025-11-28 11:44:00";"-42,2138333333";"-59,1353333333";"3,8";"60"
"MISS TIDE";"02439";"2025-11-28 11:59:00";"-42,2308333333";"-59,14";"4,3";"185"
"MISS TIDE";"02439";"2025-11-28 12:14:00";"-42,2425";"-59,1455";"4,3";"185"
"MISS TIDE";"02439";"2025-11-28 12:29:00";"-42,2288333333";"-59,1383333333";"4,3";"5"
"MISS TIDE";"02439";"2025-11-28 12:44:00";"-42,2146666667";"-59,133";"3,2";"100"
"MISS TIDE";"02439";"2025-11-28 12:59:00";"-42,2321666667";"-59,1383333333";"3,8";"170"
"MISS TIDE";"02439";"2025-11-28 13:14:00";"-42,2433333333";"-59,1411666667";"4,9";"175"
"MISS TIDE";"02439";"2025-11-28 13:29:00";"-42,2296666667";"-59,137";"4,3";"0"
"MISS TIDE";"02439";"2025-11-28 13:44:00";"-42,217";"-59,1311666667";"3,2";"155"
"MISS TIDE";"02439";"2025-11-28 13:59:00";"-42,2358333333";"-59,138";"3,8";"190"
"MISS TIDE";"02439";"2025-11-28 14:14:00";"-42,2445";"-59,1391666667";"7,0";"5"
"MISS TIDE";"02439";"2025-11-28 14:29:00";"-42,2258333333";"-59,1346666667";"3,8";"0"
"MISS TIDE";"02439";"2025-11-28 14:44:00";"-42,2283333333";"-59,135";"3,2";"200"
"MISS TIDE";"02439";"2025-11-28 14:59:00";"-42,2436666667";"-59,1386666667";"0,0";"210"
"MISS TIDE";"02439";"2025-11-28 15:14:00";"-42,232";"-59,1355";"3,2";"5"
"MISS TIDE";"02439";"2025-11-28 15:29:00";"-42,2183333333";"-59,1325";"3,8";"335"
"MISS TIDE";"02439";"2025-11-28 15:44:00";"-42,2355";"-59,1413333333";"4,3";"195"
"MISS TIDE";"02439";"2025-11-28 15:59:00";"-42,2483333333";"-59,148";"4,9";"205"
"MISS TIDE";"02439";"2025-11-28 16:14:00";"-42,2333333333";"-59,1436666667";"3,8";"25"
"MISS TIDE";"02439";"2025-11-28 16:29:00";"-42,225";"-59,1408333333";"5,9";"175"
"MISS TIDE";"02439";"2025-11-28 16:44:00";"-42,2441666667";"-59,1463333333";"4,9";"205"
"MISS TIDE";"02439";"2025-11-28 16:59:00";"-42,243";"-59,1488333333";"7,0";"20"
"MISS TIDE";"02439";"2025-11-28 17:14:00";"-42,2261666667";"-59,1408333333";"4,3";"10"
"MISS TIDE";"02439";"2025-11-28 17:29:00";"-42,2316666667";"-59,1408333333";"4,9";"195"
"MISS TIDE";"02439";"2025-11-28 17:44:00";"-42,2455";"-59,1466666667";"2,7";"210"
"MISS TIDE";"02439";"2025-11-28 17:59:00";"-42,2621666667";"-59,1458333333";"4,3";"260"
"MISS TIDE";"02439";"2025-11-28 18:14:00";"-42,2396666667";"-59,1455";"4,3";"5"
"MISS TIDE";"02439";"2025-11-28 18:29:00";"-42,2246666667";"-59,1396666667";"6,5";"5"
"MISS TIDE";"02439";"2025-11-28 18:44:00";"-42,237";"-59,1483333333";"3,8";"215"
"MISS TIDE";"02439";"2025-11-28 18:59:00";"-42,2491666667";"-59,1555";"3,2";"65"
"MISS TIDE";"02439";"2025-11-28 19:14:00";"-42,23";"-59,1428333333";"4,3";"10"
"MISS TIDE";"02439";"2025-11-28 19:29:00";"-42,2205";"-59,1355";"5,9";"185"
"MISS TIDE";"02439";"2025-11-28 19:44:00";"-42,2371666667";"-59,1425";"1,1";"195"
"MISS TIDE";"02439";"2025-11-28 19:59:00";"-42,2275";"-59,1408333333";"4,3";"15"
"MISS TIDE";"02439";"2025-11-28 20:14:00";"-42,2125";"-59,1355";"5,4";"35"
"MISS TIDE";"02439";"2025-11-28 20:29:00";"-42,2296666667";"-59,1403333333";"3,8";"205"
"MISS TIDE";"02439";"2025-11-28 20:44:00";"-42,2291666667";"-59,1416666667";"4,3";"20"
"MISS TIDE";"02439";"2025-11-28 20:59:00";"-42,2146666667";"-59,1363333333";"2,2";"0"
"MISS TIDE";"02439";"2025-11-28 21:14:00";"-42,2166666667";"-59,1333333333";"4,3";"230"
"MISS TIDE";"02439";"2025-11-28 21:29:00";"-42,2296666667";"-59,138";"3,8";"190"
"MISS TIDE";"02439";"2025-11-28 21:44:00";"-42,243";"-59,1411666667";"3,8";"30"
"MISS TIDE";"02439";"2025-11-28 21:59:00";"-42,2241666667";"-59,1355";"2,2";"345"
"MISS TIDE";"02439";"2025-11-28 22:14:00";"-42,2141666667";"-59,1311666667";"4,3";"190"
"MISS TIDE";"02439";"2025-11-28 22:29:00";"-42,208";"-59,128";"5,4";"10"
"MISS TIDE";"02439";"2025-11-28 22:44:00";"-42,2253333333";"-59,1296666667";"3,2";"185"
"MISS TIDE";"02439";"2025-11-28 22:59:00";"-42,2253333333";"-59,1305";"3,8";"0"
"MISS TIDE";"02439";"2025-11-28 23:14:00";"-42,21";"-59,1266666667";"2,2";"15"
"MISS TIDE";"02439";"2025-11-28 23:29:00";"-42,2188333333";"-59,1266666667";"4,3";"160"
"MISS TIDE";"02439";"2025-11-28 23:44:00";"-42,2311666667";"-59,1311666667";"3,2";"340"
"MISS TIDE";"02439";"2025-11-28 23:59:00";"-42,2121666667";"-59,1245";"2,2";"30"
"MISS TIDE";"02439";"2025-11-29 00:14:00";"-42,2191666667";"-59,1255";"3,2";"185"
"MISS TIDE";"02439";"2025-11-29 00:29:00";"-42,2321666667";"-59,127";"3,2";"85"
"MISS TIDE";"02439";"2025-11-29 00:44:00";"-42,2128333333";"-59,1233333333";"3,8";"15"
"MISS TIDE";"02439";"2025-11-29 00:59:00";"-42,2163333333";"-59,1233333333";"4,9";"165"
"MISS TIDE";"02439";"2025-11-29 01:14:00";"-42,23";"-59,1266666667";"2,7";"185"
"MISS TIDE";"02439";"2025-11-29 01:29:00";"-42,2163333333";"-59,1296666667";"3,8";"355"
"MISS TIDE";"02439";"2025-11-29 01:44:00";"-42,2203333333";"-59,1308333333";"5,4";"190"
"MISS TIDE";"02439";"2025-11-29 01:59:00";"-42,2366666667";"-59,1333333333";"3,8";"180"
"MISS TIDE";"02439";"2025-11-29 02:14:00";"-42,2388333333";"-59,1346666667";"4,3";"15"
"MISS TIDE";"02439";"2025-11-29 02:29:00";"-42,2228333333";"-59,132";"1,6";"15"
"MISS TIDE";"02439";"2025-11-29 02:44:00";"-42,2333333333";"-59,135";"3,2";"195"
"MISS TIDE";"02439";"2025-11-29 02:59:00";"-42,2461666667";"-59,1366666667";"3,2";"115"
"MISS TIDE";"02439";"2025-11-29 03:14:00";"-42,2275";"-59,1303333333";"3,8";"5"
"MISS TIDE";"02439";"2025-11-29 03:29:00";"-42,2213333333";"-59,1313333333";"5,9";"195"
"MISS TIDE";"02439";"2025-11-29 03:44:00";"-42,2391666667";"-59,1353333333";"4,3";"180"
"MISS TIDE";"02439";"2025-11-29 03:59:00";"-42,2421666667";"-59,1366666667";"6,5";"20"
"MISS TIDE";"02439";"2025-11-29 04:14:00";"-42,2246666667";"-59,1333333333";"3,8";"25"
"MISS TIDE";"02439";"2025-11-29 04:29:00";"-42,2246666667";"-59,1316666667";"3,8";"175"
"MISS TIDE";"02439";"2025-11-29 04:44:00";"-42,242";"-59,135";"3,8";"180"
"MISS TIDE";"02439";"2025-11-29 04:59:00";"-42,2386666667";"-59,1288333333";"3,8";"0"
"MISS TIDE";"02439";"2025-11-29 05:14:00";"-42,2221666667";"-59,1236666667";"1,6";"5"
"MISS TIDE";"02439";"2025-11-29 05:29:00";"-42,2296666667";"-59,1286666667";"4,3";"200"
"MISS TIDE";"02439";"2025-11-29 05:44:00";"-42,2446666667";"-59,1316666667";"0,5";"170"
"MISS TIDE";"02439";"2025-11-29 05:59:00";"-42,2453333333";"-59,1205";"4,9";"75"
"MISS TIDE";"02439";"2025-11-29 06:14:00";"-42,243";"-59,0995";"2,7";"65"
"MISS TIDE";"02439";"2025-11-29 06:29:00";"-42,2471666667";"-59,1133333333";"3,8";"235"
"MISS TIDE";"02439";"2025-11-29 06:44:00";"-42,253";"-59,1296666667";"3,2";"245"
"MISS TIDE";"02439";"2025-11-29 06:59:00";"-42,2396666667";"-59,1325";"3,8";"350"
"MISS TIDE";"02439";"2025-11-29 07:14:00";"-42,2341666667";"-59,133";"6,5";"215"
"MISS TIDE";"02439";"2025-11-29 07:29:00";"-42,2486666667";"-59,1455";"3,8";"200"
"MISS TIDE";"02439";"2025-11-29 07:44:00";"-42,2538333333";"-59,1508333333";"7,0";"5"
"MISS TIDE";"02439";"2025-11-29 07:59:00";"-42,2358333333";"-59,1445";"3,8";"20"
"MISS TIDE";"02439";"2025-11-29 08:14:00";"-42,238";"-59,1461666667";"4,3";"190"
"MISS TIDE";"02439";"2025-11-29 08:29:00";"-42,253";"-59,152";"0,5";"200"
"MISS TIDE";"02439";"2025-11-29 08:44:00";"-42,2438333333";"-59,1463333333";"4,3";"10"
"MISS TIDE";"02439";"2025-11-29 08:59:00";"-42,2295";"-59,1421666667";"3,2";"280"
"MISS TIDE";"02439";"2025-11-29 09:14:00";"-42,2475";"-59,1505";"3,8";"190"
"MISS TIDE";"02439";"2025-11-29 09:29:00";"-42,255";"-59,1478333333";"7,6";"10"
"MISS TIDE";"02439";"2025-11-29 09:44:00";"-42,237";"-59,1411666667";"4,3";"15"
"MISS TIDE";"02439";"2025-11-29 09:59:00";"-42,2396666667";"-59,1471666667";"4,3";"185"
"MISS TIDE";"02439";"2025-11-29 10:14:00";"-42,2538333333";"-59,1525";"1,6";"215"
"MISS TIDE";"02439";"2025-11-29 10:29:00";"-42,2425";"-59,1453333333";"4,3";"5"
"MISS TIDE";"02439";"2025-11-29 10:44:00";"-42,2271666667";"-59,1411666667";"5,4";"10"
"MISS TIDE";"02439";"2025-11-29 10:59:00";"-42,2446666667";"-59,148";"3,8";"185"
"MISS TIDE";"02439";"2025-11-29 11:14:00";"-42,2588333333";"-59,1533333333";"4,9";"190"
"MISS TIDE";"02439";"2025-11-29 11:29:00";"-42,2633333333";"-59,1555";"5,9";"20"
"MISS TIDE";"02439";"2025-11-29 11:44:00";"-42,2591666667";"-59,1521666667";"3,8";"355"
"MISS TIDE";"02439";"2025-11-29 11:59:00";"-42,24";"-59,1438333333";"3,8";"15"
"MISS TIDE";"02439";"2025-11-29 12:14:00";"-42,235";"-59,1428333333";"3,2";"195"
"MISS TIDE";"02439";"2025-11-29 12:29:00";"-42,2495";"-59,1505";"1,1";"195"
"MISS TIDE";"02439";"2025-11-29 12:44:00";"-42,2463333333";"-59,1505";"3,8";"5"
"MISS TIDE";"02439";"2025-11-29 12:59:00";"-42,232";"-59,1453333333";"3,8";"20"
"MISS TIDE";"02439";"2025-11-29 13:14:00";"-42,2453333333";"-59,1511666667";"3,8";"195"
"MISS TIDE";"02439";"2025-11-29 13:29:00";"-42,2545";"-59,1553333333";"7,6";"15"
"MISS TIDE";"02439";"2025-11-29 13:44:00";"-42,237";"-59,148";"3,8";"25"
"MISS TIDE";"02439";"2025-11-29 13:59:00";"-42,2408333333";"-59,1503333333";"3,2";"195"
"MISS TIDE";"02439";"2025-11-29 14:14:00";"-42,2553333333";"-59,1553333333";"1,6";"195"
"MISS TIDE";"02439";"2025-11-29 14:29:00";"-42,2363333333";"-59,1495";"8,1";"15"
"MISS TIDE";"02439";"2025-11-29 14:44:00";"-42,2358333333";"-59,1503333333";"7,0";"200"
"MISS TIDE";"02439";"2025-11-29 14:59:00";"-42,2505";"-59,1541666667";"3,8";"195"
"MISS TIDE";"02439";"2025-11-29 15:14:00";"-42,2636666667";"-59,1596666667";"2,7";"210"
"MISS TIDE";"02439";"2025-11-29 15:29:00";"-42,2508333333";"-59,155";"3,8";"30"
"MISS TIDE";"02439";"2025-11-29 15:44:00";"-42,2378333333";"-59,15";"2,7";"285"
"MISS TIDE";"02439";"2025-11-29 15:59:00";"-42,2555";"-59,158";"3,8";"200"
"MISS TIDE";"02439";"2025-11-29 16:14:00";"-42,2621666667";"-59,1605";"7,0";"50"
"MISS TIDE";"02439";"2025-11-29 16:29:00";"-42,2511666667";"-59,1395";"4,3";"50"
"MISS TIDE";"02439";"2025-11-29 16:44:00";"-42,2421666667";"-59,1341666667";"3,8";"10"
"MISS TIDE";"02439";"2025-11-29 16:59:00";"-42,2258333333";"-59,1308333333";"1,6";"350"
"MISS TIDE";"02439";"2025-11-29 17:14:00";"-42,2083333333";"-59,123";"3,8";"25"
"MISS TIDE";"02439";"2025-11-29 17:29:00";"-42,1986666667";"-59,1186666667";"5,4";"200"
"MISS TIDE";"02439";"2025-11-29 17:44:00";"-42,2238333333";"-59,1355";"6,5";"195"
"MISS TIDE";"02439";"2025-11-29 17:59:00";"-42,2383333333";"-59,1411666667";"2,2";"195"
"MISS TIDE";"02439";"2025-11-29 18:14:00";"-42,2288333333";"-59,1383333333";"3,8";"20"
"MISS TIDE";"02439";"2025-11-29 18:29:00";"-42,2158333333";"-59,132";"3,8";"325"
"MISS TIDE";"02439";"2025-11-29 18:44:00";"-42,2325";"-59,1416666667";"3,8";"210"
"MISS TIDE";"02439";"2025-11-29 18:59:00";"-42,2358333333";"-59,1445";"5,9";"15"
"MISS TIDE";"02439";"2025-11-29 19:14:00";"-42,2191666667";"-59,1355";"3,8";"20"
"MISS TIDE";"02439";"2025-11-29 19:29:00";"-42,2155";"-59,1325";"4,9";"190"
"MISS TIDE";"02439";"2025-11-29 19:44:00";"-42,2278333333";"-59,1358333333";"3,2";"190"
"MISS TIDE";"02439";"2025-11-29 19:59:00";"-42,2416666667";"-59,1408333333";"6,5";"200"
"MISS TIDE";"02439";"2025-11-29 20:14:00";"-42,2288333333";"-59,1386666667";"4,3";"15"
"MISS TIDE";"02439";"2025-11-29 20:29:00";"-42,2233333333";"-59,1316666667";"6,5";"180"
"MISS TIDE";"02439";"2025-11-29 20:44:00";"-42,2413333333";"-59,135";"3,8";"190"
"MISS TIDE";"02439";"2025-11-29 20:59:00";"-42,25";"-59,1396666667";"7,6";"0"
"MISS TIDE";"02439";"2025-11-29 21:14:00";"-42,2305";"-59,1346666667";"4,3";"10"
"MISS TIDE";"02439";"2025-11-29 21:29:00";"-42,2291666667";"-59,135";"3,8";"190"
"MISS TIDE";"02439";"2025-11-29 21:44:00";"-42,247";"-59,1405";"4,3";"185"
"MISS TIDE";"02439";"2025-11-29 21:59:00";"-42,2505";"-59,1371666667";"3,8";"0"
"MISS TIDE";"02439";"2025-11-29 22:14:00";"-42,2338333333";"-59,1338333333";"1,6";"15"
"MISS TIDE";"02439";"2025-11-29 22:29:00";"-42,2395";"-59,1396666667";"3,8";"185"
"MISS TIDE";"02439";"2025-11-29 22:44:00";"-42,2545";"-59,1441666667";"1,1";"195"
"MISS TIDE";"02439";"2025-11-29 22:59:00";"-42,2458333333";"-59,1453333333";"4,3";"10"
"MISS TIDE";"02439";"2025-11-29 23:14:00";"-42,2313333333";"-59,1403333333";"3,8";"10"
"MISS TIDE";"02439";"2025-11-29 23:29:00";"-42,2428333333";"-59,1425";"3,8";"200"
"MISS TIDE";"02439";"2025-11-29 23:44:00";"-42,255";"-59,148";"3,8";"215"
"MISS TIDE";"02439";"2025-11-29 23:59:00";"-42,238";"-59,1396666667";"3,8";"0"
"MISS TIDE";"02439";"2025-11-30 00:14:00";"-42,2278333333";"-59,1345";"5,9";"190"
"MISS TIDE";"02439";"2025-11-30 00:29:00";"-42,2455";"-59,1405";"3,8";"185"
"MISS TIDE";"02439";"2025-11-30 00:44:00";"-42,2463333333";"-59,1403333333";"3,8";"355"
"MISS TIDE";"02439";"2025-11-30 00:59:00";"-42,2291666667";"-59,1405";"2,7";"10"
"MISS TIDE";"02439";"2025-11-30 01:14:00";"-42,2353333333";"-59,1436666667";"3,8";"200"
"MISS TIDE";"02439";"2025-11-30 01:29:00";"-42,2478333333";"-59,1503333333";"2,2";"195"
"MISS TIDE";"02439";"2025-11-30 01:44:00";"-42,2358333333";"-59,1455";"3,8";"15"
"MISS TIDE";"02439";"2025-11-30 01:59:00";"-42,2216666667";"-59,1375";"5,9";"15"
"MISS TIDE";"02439";"2025-11-30 02:14:00";"-42,2355";"-59,1403333333";"3,8";"190"
"MISS TIDE";"02439";"2025-11-30 02:29:00";"-42,2483333333";"-59,1461666667";"5,9";"180"
"MISS TIDE";"02439";"2025-11-30 02:44:00";"-42,2333333333";"-59,1325";"3,8";"20"
"MISS TIDE";"02439";"2025-11-30 02:59:00";"-42,2175";"-59,1283333333";"4,3";"265"
"MISS TIDE";"02439";"2025-11-30 03:14:00";"-42,2353333333";"-59,1361666667";"4,3";"195"
"MISS TIDE";"02439";"2025-11-30 03:29:00";"-42,2455";"-59,1421666667";"6,5";"15"
"MISS TIDE";"02439";"2025-11-30 03:44:00";"-42,2261666667";"-59,1338333333";"4,3";"20"
"MISS TIDE";"02439";"2025-11-30 03:59:00";"-42,2186666667";"-59,1333333333";"5,9";"190"
"MISS TIDE";"02439";"2025-11-30 04:14:00";"-42,235";"-59,1411666667";"3,8";"195"
"MISS TIDE";"02439";"2025-11-30 04:29:00";"-42,252";"-59,1461666667";"4,9";"195"
"MISS TIDE";"02439";"2025-11-30 04:44:00";"-42,2513333333";"-59,1486666667";"4,3";"20"
"MISS TIDE";"02439";"2025-11-30 04:59:00";"-42,2346666667";"-59,1403333333";"1,6";"15"
"MISS TIDE";"02439";"2025-11-30 05:14:00";"-42,2413333333";"-59,1455";"3,8";"200"
"MISS TIDE";"02439";"2025-11-30 05:29:00";"-42,2555";"-59,1508333333";"1,1";"180"
"MISS TIDE";"02439";"2025-11-30 05:44:00";"-42,243";"-59,1466666667";"4,3";"20"
"MISS TIDE";"02439";"2025-11-30 05:59:00";"-42,2291666667";"-59,1408333333";"4,3";"340"
"MISS TIDE";"02439";"2025-11-30 06:14:00";"-42,2463333333";"-59,1511666667";"3,8";"195"
"MISS TIDE";"02439";"2025-11-30 06:29:00";"-42,2595";"-59,1545";"3,2";"140"
"MISS TIDE";"02439";"2025-11-30 06:44:00";"-42,2413333333";"-59,1466666667";"3,8";"15"
"MISS TIDE";"02439";"2025-11-30 06:59:00";"-42,2308333333";"-59,1436666667";"5,9";"200"
"MISS TIDE";"02439";"2025-11-30 07:14:00";"-42,2495";"-59,1508333333";"3,8";"190"
"MISS TIDE";"02439";"2025-11-30 07:29:00";"-42,2625";"-59,1545";"3,8";"75"
"MISS TIDE";"02439";"2025-11-30 07:44:00";"-42,2528333333";"-59,1496666667";"4,3";"10"
"MISS TIDE";"02439";"2025-11-30 07:59:00";"-42,2355";"-59,1425";"3,8";"15"
"MISS TIDE";"02439";"2025-11-30 08:14:00";"-42,2386666667";"-59,1471666667";"4,3";"195"
"MISS TIDE";"02439";"2025-11-30 08:29:00";"-42,2545";"-59,1533333333";"1,1";"195"
"MISS TIDE";"02439";"2025-11-30 08:44:00";"-42,2461666667";"-59,1488333333";"4,3";"10"
"MISS TIDE";"02439";"2025-11-30 08:59:00";"-42,2316666667";"-59,1436666667";"3,8";"335"
"MISS TIDE";"02439";"2025-11-30 09:14:00";"-42,2333333333";"-59,1388333333";"4,3";"5"
"MISS TIDE";"02439";"2025-11-30 09:29:00";"-42,2186666667";"-59,1341666667";"0,5";"350"
"MISS TIDE";"02439";"2025-11-30 09:44:00";"-42,2291666667";"-59,1416666667";"3,8";"200"
"MISS TIDE";"02439";"2025-11-30 09:59:00";"-42,2413333333";"-59,1491666667";"2,2";"220"
"MISS TIDE";"02439";"2025-11-30 10:14:00";"-42,2296666667";"-59,14";"3,8";"25"
"MISS TIDE";"02439";"2025-11-30 10:29:00";"-42,2163333333";"-59,1325";"4,9";"30"
"MISS TIDE";"02439";"2025-11-30 10:44:00";"-42,2291666667";"-59,1355";"3,8";"200"
"MISS TIDE";"02439";"2025-11-30 10:59:00";"-42,2428333333";"-59,1405";"5,4";"175"
"MISS TIDE";"02439";"2025-11-30 11:14:00";"-42,2308333333";"-59,1375";"4,3";"20"
"MISS TIDE";"02439";"2025-11-30 11:29:00";"-42,2158333333";"-59,1308333333";"3,8";"90"
"MISS TIDE";"02439";"2025-11-30 11:44:00";"-42,2338333333";"-59,135";"4,3";"185"
"MISS TIDE";"02439";"2025-11-30 11:59:00";"-42,2483333333";"-59,1371666667";"4,9";"180"
"MISS TIDE";"02439";"2025-11-30 12:14:00";"-42,2358333333";"-59,1336666667";"3,8";"5"
"MISS TIDE";"02439";"2025-11-30 12:29:00";"-42,2213333333";"-59,1283333333";"4,9";"15"
"MISS TIDE";"02439";"2025-11-30 12:44:00";"-42,235";"-59,1316666667";"3,8";"195"
"MISS TIDE";"02439";"2025-11-30 12:59:00";"-42,2486666667";"-59,1358333333";"4,3";"270"
"MISS TIDE";"02439";"2025-11-30 13:14:00";"-42,2375";"-59,132";"4,3";"15"
"MISS TIDE";"02439";"2025-11-30 13:29:00";"-42,2228333333";"-59,127";"2,2";"10"
"MISS TIDE";"02439";"2025-11-30 13:44:00";"-42,2325";"-59,1283333333";"3,8";"200"
"MISS TIDE";"02439";"2025-11-30 14:00:00";"-42,2458333333";"-59,1308333333";"2,2";"200"
"MISS TIDE";"02439";"2025-11-30 14:15:00";"-42,2311666667";"-59,127";"5,9";"5"
"MISS TIDE";"02439";"2025-11-30 14:30:00";"-42,2196666667";"-59,123";"7,0";"205"
"MISS TIDE";"02439";"2025-11-30 14:45:00";"-42,2363333333";"-59,1286666667";"3,8";"185"
"MISS TIDE";"02439";"2025-11-30 15:00:00";"-42,245";"-59,132";"5,9";"10"
"MISS TIDE";"02439";"2025-11-30 15:15:00";"-42,227";"-59,1271666667";"3,8";"5"
"MISS TIDE";"02439";"2025-11-30 15:30:00";"-42,2245";"-59,1341666667";"6,5";"215"
"MISS TIDE";"02439";"2025-11-30 15:45:00";"-42,2408333333";"-59,143";"3,8";"195"
"MISS TIDE";"02439";"2025-11-30 16:00:00";"-42,2416666667";"-59,1438333333";"3,8";"5"
"MISS TIDE";"02439";"2025-11-30 16:15:00";"-42,2258333333";"-59,1383333333";"1,6";"15"
"MISS TIDE";"02439";"2025-11-30 16:30:00";"-42,2305";"-59,1386666667";"4,3";"195"
"MISS TIDE";"02439";"2025-11-30 16:45:00";"-42,2463333333";"-59,1446666667";"1,1";"210"
"MISS TIDE";"02439";"2025-11-30 17:00:00";"-42,2596666667";"-59,1471666667";"6,5";"20"
"MISS TIDE";"02439";"2025-11-30 17:15:00";"-42,242";"-59,1403333333";"3,8";"5"
"MISS TIDE";"02439";"2025-11-30 17:30:00";"-42,2413333333";"-59,1416666667";"4,3";"190"
"MISS TIDE";"02439";"2025-11-30 17:45:00";"-42,2586666667";"-59,1466666667";"3,8";"185"
"MISS TIDE";"02439";"2025-11-30 18:00:00";"-42,2563333333";"-59,145";"3,2";"20"
"MISS TIDE";"02439";"2025-11-30 18:15:00";"-42,2405";"-59,1391666667";"2,7";"10"
"MISS TIDE";"02439";"2025-11-30 18:30:00";"-42,2503333333";"-59,145";"3,8";"185"
"MISS TIDE";"02439";"2025-11-30 18:45:00";"-42,2663333333";"-59,1496666667";"1,6";"195"
"MISS TIDE";"02439";"2025-11-30 19:00:00";"-42,2588333333";"-59,1491666667";"3,8";"5"
"MISS TIDE";"02439";"2025-11-30 19:15:00";"-42,245";"-59,1446666667";"2,7";"5"
"MISS TIDE";"02439";"2025-11-30 19:30:00";"-42,2578333333";"-59,1511666667";"4,3";"200"
"MISS TIDE";"02439";"2025-11-30 19:45:00";"-42,2721666667";"-59,1566666667";"3,8";"190"
"MISS TIDE";"02439";"2025-11-30 20:00:00";"-42,2603333333";"-59,1553333333";"3,8";"10"
"MISS TIDE";"02439";"2025-11-30 20:15:00";"-42,2453333333";"-59,1503333333";"1,1";"15"
"MISS TIDE";"02439";"2025-11-30 20:30:00";"-42,2425";"-59,1458333333";"1,6";"55"
"MISS TIDE";"02439";"2025-11-30 20:45:00";"-42,2361666667";"-59,1421666667";"5,9";"195"
"MISS TIDE";"02439";"2025-11-30 21:00:00";"-42,2295";"-59,1286666667";"3,8";"35"
"MISS TIDE";"02439";"2025-11-30 21:15:00";"-42,2188333333";"-59,118";"6,5";"25"
"MISS TIDE";"02439";"2025-11-30 21:30:00";"-42,2346666667";"-59,1225";"3,8";"195"
"MISS TIDE";"02439";"2025-11-30 21:45:00";"-42,2478333333";"-59,1261666667";"3,2";"180"
"MISS TIDE";"02439";"2025-11-30 22:00:00";"-42,2483333333";"-59,1145";"5,4";"185"
"MISS TIDE";"02439";"2025-11-30 22:15:00";"-42,2316666667";"-59,1146666667";"3,8";"0"
"MISS TIDE";"02439";"2025-11-30 22:30:00";"-42,2166666667";"-59,1125";"4,9";"160"
"MISS TIDE";"02439";"2025-11-30 22:45:00";"-42,2366666667";"-59,1121666667";"3,8";"180"
"MISS TIDE";"02439";"2025-11-30 23:00:00";"-42,2471666667";"-59,1103333333";"6,5";"10"
"MISS TIDE";"02439";"2025-11-30 23:15:00";"-42,2283333333";"-59,1088333333";"3,8";"0"
"MISS TIDE";"02439";"2025-11-30 23:30:00";"-42,2255";"-59,1096666667";"6,5";"185"
"MISS TIDE";"02439";"2025-11-30 23:45:00";"-42,2433333333";"-59,11";"3,8";"175"
"MISS TIDE";"02439";"2025-12-01 00:00:00";"-42,2466666667";"-59,11";"4,3";"335"
"MISS TIDE";"02439";"2025-12-01 00:15:00";"-42,2311666667";"-59,1136666667";"3,8";"0"
"MISS TIDE";"02439";"2025-12-01 00:30:00";"-42,2163333333";"-59,1125";"5,4";"0"
"MISS TIDE";"02439";"2025-12-01 00:45:00";"-42,2316666667";"-59,1111666667";"3,8";"180"
"MISS TIDE";"02439";"2025-12-01 01:00:00";"-42,2458333333";"-59,1108333333";"4,3";"175"
"MISS TIDE";"02439";"2025-12-01 01:15:00";"-42,2336666667";"-59,123";"3,8";"320"
"MISS TIDE";"02439";"2025-12-01 01:30:00";"-42,2253333333";"-59,1346666667";"4,9";"180"
"MISS TIDE";"02439";"2025-12-01 01:45:00";"-42,2445";"-59,1375";"3,8";"185"
"MISS TIDE";"02439";"2025-12-01 02:00:00";"-42,253";"-59,1403333333";"7,0";"10"
"MISS TIDE";"02439";"2025-12-01 02:15:00";"-42,2353333333";"-59,1363333333";"3,2";"0"
"MISS TIDE";"02439";"2025-12-01 02:30:00";"-42,2191666667";"-59,1341666667";"5,4";"5"
"MISS TIDE";"02439";"2025-12-01 02:45:00";"-42,2346666667";"-59,135";"3,8";"190"
"MISS TIDE";"02439";"2025-12-01 03:00:00";"-42,2488333333";"-59,1371666667";"2,7";"190"
"MISS TIDE";"02439";"2025-12-01 03:15:00";"-42,2353333333";"-59,1375";"3,8";"15"
"MISS TIDE";"02439";"2025-12-01 03:30:00";"-42,2203333333";"-59,1338333333";"5,4";"0"
"MISS TIDE";"02439";"2025-12-01 03:45:00";"-42,2366666667";"-59,1421666667";"3,8";"190"
"MISS TIDE";"02439";"2025-12-01 04:00:00";"-42,25";"-59,1461666667";"5,4";"105"
"MISS TIDE";"02439";"2025-12-01 04:15:00";"-42,232";"-59,1371666667";"4,3";"15"
"MISS TIDE";"02439";"2025-12-01 04:30:00";"-42,2225";"-59,1375";"5,9";"205"
"MISS TIDE";"02439";"2025-12-01 04:45:00";"-42,2405";"-59,1471666667";"3,8";"200"
"MISS TIDE";"02439";"2025-12-01 05:00:00";"-42,2461666667";"-59,143";"7,0";"20"
"MISS TIDE";"02439";"2025-12-01 05:15:00";"-42,2286666667";"-59,1366666667";"3,8";"20"
"MISS TIDE";"02439";"2025-12-01 05:30:00";"-42,2275";"-59,142";"4,3";"195"
"MISS TIDE";"02439";"2025-12-01 05:45:00";"-42,2441666667";"-59,1521666667";"3,8";"200"
"MISS TIDE";"02439";"2025-12-01 06:00:00";"-42,2436666667";"-59,1425";"4,3";"10"
"MISS TIDE";"02439";"2025-12-01 06:15:00";"-42,2261666667";"-59,1363333333";"2,7";"15"
"MISS TIDE";"02439";"2025-12-01 06:30:00";"-42,2303333333";"-59,1425";"3,8";"205"
"MISS TIDE";"02439";"2025-12-01 06:45:00";"-42,2446666667";"-59,1496666667";"1,1";"190"
"MISS TIDE";"02439";"2025-12-01 07:00:00";"-42,2358333333";"-59,1463333333";"3,8";"15"
"MISS TIDE";"02439";"2025-12-01 07:15:00";"-42,2225";"-59,1395";"2,2";"20"
"MISS TIDE";"02439";"2025-12-01 07:30:00";"-42,235";"-59,1446666667";"3,8";"205"
"MISS TIDE";"02439";"2025-12-01 07:45:00";"-42,248";"-59,1513333333";"4,3";"185"
"MISS TIDE";"02439";"2025-12-01 08:00:00";"-42,2328333333";"-59,1458333333";"3,8";"20"
"MISS TIDE";"02439";"2025-12-01 08:15:00";"-42,22";"-59,1361666667";"3,8";"150"
"MISS TIDE";"02439";"2025-12-01 08:30:00";"-42,2386666667";"-59,145";"3,8";"195"
"MISS TIDE";"02439";"2025-12-01 08:45:00";"-42,2475";"-59,1488333333";"7,0";"20"
"MISS TIDE";"02439";"2025-12-01 09:00:00";"-42,2296666667";"-59,14";"3,8";"10"
"MISS TIDE";"02439";"2025-12-01 09:15:00";"-42,2263333333";"-59,1391666667";"3,8";"195"
"MISS TIDE";"02439";"2025-12-01 09:30:00";"-42,2436666667";"-59,1483333333";"3,8";"200"
"MISS TIDE";"02439";"2025-12-01 09:45:00";"-42,2408333333";"-59,145";"4,3";"15"
"MISS TIDE";"02439";"2025-12-01 10:00:00";"-42,2246666667";"-59,1363333333";"1,6";"20"
"MISS TIDE";"02439";"2025-12-01 10:15:00";"-42,2303333333";"-59,1383333333";"4,3";"195"
"MISS TIDE";"02439";"2025-12-01 10:30:00";"-42,2466666667";"-59,1461666667";"1,1";"195"
"MISS TIDE";"02439";"2025-12-01 10:45:00";"-42,24";"-59,1386666667";"4,3";"10"
"MISS TIDE";"02439";"2025-12-01 11:00:00";"-42,2245";"-59,133";"1,1";"15"
"MISS TIDE";"02439";"2025-12-01 11:15:00";"-42,2325";"-59,1338333333";"4,3";"200"
"MISS TIDE";"02439";"2025-12-01 11:30:00";"-42,247";"-59,137";"2,2";"190"
"MISS TIDE";"02439";"2025-12-01 11:45:00";"-42,2333333333";"-59,1328333333";"3,8";"10"
"MISS TIDE";"02439";"2025-12-01 12:00:00";"-42,22";"-59,1296666667";"2,7";"240"
"MISS TIDE";"02439";"2025-12-01 12:15:00";"-42,238";"-59,1366666667";"3,8";"190"
"MISS TIDE";"02439";"2025-12-01 12:30:00";"-42,2463333333";"-59,1413333333";"7,0";"5"
"MISS TIDE";"02439";"2025-12-01 12:45:00";"-42,2286666667";"-59,1358333333";"3,8";"5"
"MISS TIDE";"02439";"2025-12-01 13:00:00";"-42,2196666667";"-59,135";"7,0";"205"
"MISS TIDE";"02439";"2025-12-01 13:15:00";"-42,2346666667";"-59,1466666667";"3,8";"205"
"MISS TIDE";"02439";"2025-12-01 13:30:00";"-42,2388333333";"-59,1495";"5,9";"25"
"MISS TIDE";"02439";"2025-12-01 13:45:00";"-42,2238333333";"-59,1408333333";"2,2";"20"
"MISS TIDE";"02439";"2025-12-01 14:00:00";"-42,205";"-59,1296666667";"7,0";"20"
"MISS TIDE";"02439";"2025-12-01 14:15:00";"-42,1836666667";"-59,1016666667";"5,4";"20"
"MISS TIDE";"02439";"2025-12-01 14:30:00";"-42,162";"-59,0661666667";"8,1";"50"
"MISS TIDE";"02439";"2025-12-01 14:45:00";"-42,1408333333";"-59,0278333333";"8,1";"55"
"MISS TIDE";"02439";"2025-12-01 15:00:00";"-42,12";"-58,9891666667";"8,6";"50"
"MISS TIDE";"02439";"2025-12-01 15:15:00";"-42,1033333333";"-58,9513333333";"6,5";"65"
"MISS TIDE";"02439";"2025-12-01 15:30:00";"-42,0971666667";"-58,9266666667";"4,3";"70"
"MISS TIDE";"02439";"2025-12-01 15:45:00";"-42,0896666667";"-58,9091666667";"7,0";"70"
"MISS TIDE";"02439";"2025-12-01 16:00:00";"-42,0858333333";"-58,8803333333";"3,8";"70"
"MISS TIDE";"02439";"2025-12-01 16:15:00";"-42,0841666667";"-58,8621666667";"4,9";"50"
"MISS TIDE";"02439";"2025-12-01 16:30:00";"-42,062";"-58,8345";"7,0";"40"
"MISS TIDE";"02439";"2025-12-01 16:45:00";"-42,0461666667";"-58,8136666667";"4,3";"35"
"MISS TIDE";"02439";"2025-12-01 17:00:00";"-42,0386666667";"-58,8021666667";"3,8";"210"
"MISS TIDE";"02439";"2025-12-01 17:15:00";"-42,0571666667";"-58,8138333333";"3,8";"200"
"MISS TIDE";"02439";"2025-12-01 17:30:00";"-42,065";"-58,8161666667";"7,0";"25"
"MISS TIDE";"02439";"2025-12-01 17:45:00";"-42,0428333333";"-58,787";"7,6";"40"
"MISS TIDE";"02439";"2025-12-01 18:00:00";"-42,0221666667";"-58,7553333333";"7,6";"40"
"MISS TIDE";"02439";"2025-12-01 18:15:00";"-42,0028333333";"-58,725";"5,4";"50"
"MISS TIDE";"02439";"2025-12-01 18:30:00";"-41,992";"-58,7061666667";"2,7";"50"
"MISS TIDE";"02439";"2025-12-01 18:45:00";"-41,9813333333";"-58,6861666667";"5,4";"45"
"MISS TIDE";"02439";"2025-12-01 19:00:00";"-41,9821666667";"-58,678";"8,1";"50"
"MISS TIDE";"02439";"2025-12-01 19:15:00";"-41,9613333333";"-58,643";"8,1";"45"
"MISS TIDE";"02439";"2025-12-01 19:30:00";"-41,9425";"-58,6061666667";"7,6";"50"
"MISS TIDE";"02439";"2025-12-01 19:45:00";"-41,9233333333";"-58,5688333333";"7,6";"50"
"MISS TIDE";"02439";"2025-12-01 20:00:00";"-41,9038333333";"-58,532";"8,1";"50"
"MISS TIDE";"02439";"2025-12-01 20:15:00";"-41,8821666667";"-58,4995";"8,1";"55"
"MISS TIDE";"02439";"2025-12-01 20:30:00";"-41,8628333333";"-58,4613333333";"8,1";"55"
"MISS TIDE";"02439";"2025-12-01 20:45:00";"-41,8413333333";"-58,4255";"8,1";"30"
"MISS TIDE";"02439";"2025-12-01 21:00:00";"-41,8161666667";"-58,4021666667";"7,6";"30"
"MISS TIDE";"02439";"2025-12-01 21:15:00";"-41,7913333333";"-58,3905";"4,3";"5"
"MISS TIDE";"02439";"2025-12-01 21:30:00";"-41,7766666667";"-58,3858333333";"4,9";"10"
"MISS TIDE";"02439";"2025-12-01 21:45:00";"-41,7558333333";"-58,3805";"3,8";"15"
"MISS TIDE";"02439";"2025-12-01 22:00:00";"-41,7358333333";"-58,3775";"7,0";"0"
"MISS TIDE";"02439";"2025-12-01 22:15:00";"-41,7116666667";"-58,3761666667";"3,8";"350"
"MISS TIDE";"02439";"2025-12-01 22:30:00";"-41,6971666667";"-58,375";"2,2";"10"
"MISS TIDE";"02439";"2025-12-01 22:45:00";"-41,7055";"-58,382";"3,8";"210"
"MISS TIDE";"02439";"2025-12-01 23:00:00";"-41,7213333333";"-58,3903333333";"1,6";"190"
"MISS TIDE";"02439";"2025-12-01 23:15:00";"-41,718";"-58,3888333333";"4,3";"20"
"MISS TIDE";"02439";"2025-12-01 23:30:00";"-41,702";"-58,3805";"3,8";"30"
"MISS TIDE";"02439";"2025-12-01 23:45:00";"-41,6905";"-58,3625";"4,3";"70"
"MISS TIDE";"02439";"2025-12-02 00:00:00";"-41,683";"-58,3408333333";"2,7";"55"
"MISS TIDE";"02439";"2025-12-02 00:15:00";"-41,6755";"-58,318";"3,8";"60"
"MISS TIDE";"02439";"2025-12-02 00:30:00";"-41,6691666667";"-58,2971666667";"1,6";"75"
"MISS TIDE";"02439";"2025-12-02 00:45:00";"-41,6721666667";"-58,3063333333";"4,3";"260"
"MISS TIDE";"02439";"2025-12-02 01:00:00";"-41,6786666667";"-58,3258333333";"1,1";"220"
"MISS TIDE";"02439";"2025-12-02 01:15:00";"-41,675";"-58,3096666667";"4,3";"70"
"MISS TIDE";"02439";"2025-12-02 01:30:00";"-41,6688333333";"-58,2905";"1,6";"70"
"MISS TIDE";"02439";"2025-12-02 01:45:00";"-41,6583333333";"-58,2675";"4,3";"55"
"MISS TIDE";"02439";"2025-12-02 02:00:00";"-41,6495";"-58,2503333333";"2,2";"55"
"MISS TIDE";"02439";"2025-12-02 02:15:00";"-41,6363333333";"-58,228";"3,8";"50"
"MISS TIDE";"02439";"2025-12-02 02:30:00";"-41,627";"-58,2116666667";"1,6";"55"
"MISS TIDE";"02439";"2025-12-02 02:45:00";"-41,6141666667";"-58,1911666667";"3,8";"45"
"MISS TIDE";"02439";"2025-12-02 03:00:00";"-41,6041666667";"-58,1753333333";"1,6";"50"
"MISS TIDE";"02439";"2025-12-02 03:15:00";"-41,5913333333";"-58,1541666667";"4,3";"50"
"MISS TIDE";"02439";"2025-12-02 03:30:00";"-41,5808333333";"-58,1353333333";"3,2";"55"
"MISS TIDE";"02439";"2025-12-02 16:46:00";"-41,558";"-58,0336666667";"8,6";"225"
"MISS TIDE";"02439";"2025-12-02 17:31:00";"-41,6266666667";"-58,1408333333";"8,1";"225"
"MISS TIDE";"02439";"2025-12-02 18:16:00";"-41,6963333333";"-58,2486666667";"8,1";"230"
"MISS TIDE";"02439";"2025-12-02 19:46:00";"-41,8066666667";"-58,47";"3,2";"265"
"MISS TIDE";"02439";"2025-12-02 22:46:00";"-41,955";"-58,6945";"8,1";"235"
"MISS TIDE";"02439";"2025-12-02 23:01:00";"-41,9775";"-58,7288333333";"8,1";"225"
"MISS TIDE";"02439";"2025-12-02 23:16:00";"-42,002";"-58,7613333333";"8,1";"225"
"MISS TIDE";"02439";"2025-12-02 23:31:00";"-42,0263333333";"-58,7936666667";"8,1";"220"
"MISS TIDE";"02439";"2025-12-02 23:46:00";"-42,0508333333";"-58,8263333333";"8,1";"220"
"MISS TIDE";"02439";"2025-12-03 00:01:00";"-42,075";"-58,8591666667";"8,1";"220"
"MISS TIDE";"02439";"2025-12-03 00:16:00";"-42,0996666667";"-58,892";"8,1";"225"
"MISS TIDE";"02439";"2025-12-03 00:31:00";"-42,1221666667";"-58,9266666667";"7,6";"220"
"MISS TIDE";"02439";"2025-12-03 00:46:00";"-42,1441666667";"-58,9613333333";"7,6";"230"
"MISS TIDE";"02439";"2025-12-03 01:01:00";"-42,162";"-58,9896666667";"3,2";"230"
"MISS TIDE";"02439";"2025-12-03 01:16:00";"-42,1711666667";"-59,0033333333";"1,6";"215"
"MISS TIDE";"02439";"2025-12-03 01:31:00";"-42,1813333333";"-59,0228333333";"3,8";"220"
"MISS TIDE";"02439";"2025-12-03 01:46:00";"-42,1896666667";"-59,0386666667";"1,1";"235"
"MISS TIDE";"02439";"2025-12-03 02:01:00";"-42,1996666667";"-59,0595";"3,2";"225"
"MISS TIDE";"02439";"2025-12-03 02:16:00";"-42,2078333333";"-59,073";"3,2";"235"
"MISS TIDE";"02439";"2025-12-03 02:31:00";"-42,2188333333";"-59,0933333333";"3,8";"230"
"MISS TIDE";"02439";"2025-12-03 02:46:00";"-42,2275";"-59,108";"5,9";"230"
"MISS TIDE";"02439";"2025-12-03 03:01:00";"-42,2375";"-59,1283333333";"3,8";"225"
"MISS TIDE";"02439";"2025-12-03 03:16:00";"-42,2441666667";"-59,1446666667";"4,3";"5"
"MISS TIDE";"02439";"2025-12-03 03:31:00";"-42,2333333333";"-59,122";"3,8";"55"
"MISS TIDE";"02439";"2025-12-03 03:46:00";"-42,225";"-59,1058333333";"3,2";"305"
"MISS TIDE";"02439";"2025-12-03 04:01:00";"-42,2363333333";"-59,127";"3,8";"230"
"MISS TIDE";"02439";"2025-12-03 04:17:00";"-42,243";"-59,143";"4,3";"305"
"MISS TIDE";"02439";"2025-12-03 04:32:00";"-42,2513333333";"-59,1566666667";"3,8";"230"
"MISS TIDE";"02439";"2025-12-03 04:47:00";"-42,2596666667";"-59,1708333333";"5,4";"235"
"MISS TIDE";"02439";"2025-12-03 05:02:00";"-42,2486666667";"-59,1553333333";"3,8";"55"
"MISS TIDE";"02439";"2025-12-03 05:17:00";"-42,2395";"-59,1378333333";"1,6";"65"
"MISS TIDE";"02439";"2025-12-03 05:32:00";"-42,237";"-59,1296666667";"3,2";"5"
"MISS TIDE";"02439";"2025-12-03 05:47:00";"-42,2371666667";"-59,1355";"7,0";"240"
"MISS TIDE";"02439";"2025-12-03 06:02:00";"-42,2466666667";"-59,1563333333";"3,8";"240"
"MISS TIDE";"02439";"2025-12-03 06:17:00";"-42,2486666667";"-59,1663333333";"7,6";"50"
"MISS TIDE";"02439";"2025-12-03 06:32:00";"-42,2391666667";"-59,1458333333";"3,8";"55"
"MISS TIDE";"02439";"2025-12-03 06:47:00";"-42,2336666667";"-59,1378333333";"7,0";"240"
"MISS TIDE";"02439";"2025-12-03 07:02:00";"-42,243";"-59,1595";"3,8";"225"
"MISS TIDE";"02439";"2025-12-03 07:17:00";"-42,2453333333";"-59,167";"5,9";"45"
"MISS TIDE";"02439";"2025-12-03 07:32:00";"-42,235";"-59,1463333333";"4,3";"55"
"MISS TIDE";"02439";"2025-12-03 07:47:00";"-42,23";"-59,1408333333";"7,6";"245"
"MISS TIDE";"02439";"2025-12-03 08:02:00";"-42,2333333333";"-59,157";"5,4";"60"
"MISS TIDE";"02439";"2025-12-03 08:17:00";"-42,2528333333";"-59,1591666667";"4,3";"185"
"MISS TIDE";"02439";"2025-12-03 08:32:00";"-42,263";"-59,1591666667";"6,5";"0"
"MISS TIDE";"02439";"2025-12-03 08:47:00";"-42,2445";"-59,1553333333";"3,8";"10"
"MISS TIDE";"02439";"2025-12-03 09:02:00";"-42,235";"-59,155";"6,5";"185"
"MISS TIDE";"02439";"2025-12-03 09:17:00";"-42,2541666667";"-59,1588333333";"4,3";"180"
"MISS TIDE";"02439";"2025-12-03 09:32:00";"-42,2641666667";"-59,1641666667";"6,5";"5"
"MISS TIDE";"02439";"2025-12-03 09:47:00";"-42,2453333333";"-59,1608333333";"3,8";"5"
"MISS TIDE";"02439";"2025-12-03 10:02:00";"-42,2383333333";"-59,162";"5,9";"195"
"MISS TIDE";"02439";"2025-12-03 10:17:00";"-42,2571666667";"-59,1658333333";"4,3";"185"
"MISS TIDE";"02439";"2025-12-03 10:32:00";"-42,2633333333";"-59,175";"5,4";"305"
"MISS TIDE";"02439";"2025-12-03 10:47:00";"-42,2525";"-59,1721666667";"6,5";"55"
"MISS TIDE";"02439";"2025-12-03 11:02:00";"-42,2421666667";"-59,1496666667";"3,8";"55"
"MISS TIDE";"02439";"2025-12-03 11:17:00";"-42,2405";"-59,1375";"7,0";"210"
"MISS TIDE";"02439";"2025-12-03 11:32:00";"-42,268";"-59,1553333333";"7,6";"190"
"MISS TIDE";"02439";"2025-12-03 11:47:00";"-42,2911666667";"-59,1508333333";"5,4";"345"
"MISS TIDE";"02439";"2025-12-03 12:02:00";"-42,2741666667";"-59,157";"3,8";"345"
"MISS TIDE";"02439";"2025-12-03 12:17:00";"-42,2658333333";"-59,158";"3,8";"70"
"MISS TIDE";"02439";"2025-12-03 12:32:00";"-42,2491666667";"-59,1461666667";"3,8";"10"
"MISS TIDE";"02439";"2025-12-03 12:47:00";"-42,238";"-59,1388333333";"6,5";"70"
"MISS TIDE";"02439";"2025-12-03 13:02:00";"-42,2566666667";"-59,1408333333";"3,8";"190"
"MISS TIDE";"02439";"2025-12-03 13:17:00";"-42,2655";"-59,1405";"5,4";"10"
"MISS TIDE";"02439";"2025-12-03 13:32:00";"-42,2466666667";"-59,1358333333";"3,8";"5"
"MISS TIDE";"02439";"2025-12-03 13:47:00";"-42,2453333333";"-59,1346666667";"4,3";"190"
"MISS TIDE";"02439";"2025-12-03 14:02:00";"-42,2628333333";"-59,138";"2,2";"170"
"MISS TIDE";"02439";"2025-12-03 14:17:00";"-42,2578333333";"-59,1353333333";"1,1";"90"
"MISS TIDE";"02439";"2025-12-03 14:32:00";"-42,242";"-59,1178333333";"6,5";"35"
"MISS TIDE";"02439";"2025-12-03 14:47:00";"-42,2263333333";"-59,1046666667";"3,8";"30"
"MISS TIDE";"02439";"2025-12-03 15:02:00";"-42,2236666667";"-59,1053333333";"4,3";"155"
"MISS TIDE";"02439";"2025-12-03 15:17:00";"-42,2408333333";"-59,105";"3,8";"180"
"MISS TIDE";"02439";"2025-12-03 15:32:00";"-42,2425";"-59,1013333333";"3,8";"0"
"MISS TIDE";"02439";"2025-12-03 15:47:00";"-42,2255";"-59,1008333333";"3,8";"0"
"MISS TIDE";"02439";"2025-12-03 16:02:00";"-42,2245";"-59,103";"3,8";"195"
"MISS TIDE";"02439";"2025-12-03 16:17:00";"-42,2391666667";"-59,1141666667";"3,8";"210"
"MISS TIDE";"02439";"2025-12-03 16:32:00";"-42,2395";"-59,1125";"4,3";"30"
"MISS TIDE";"02439";"2025-12-03 16:47:00";"-42,2241666667";"-59,1";"3,8";"30"
"MISS TIDE";"02439";"2025-12-03 17:02:00";"-42,225";"-59,098";"3,8";"210"
"MISS TIDE";"02439";"2025-12-03 17:17:00";"-42,2391666667";"-59,11";"3,8";"210"
"MISS TIDE";"02439";"2025-12-03 17:32:00";"-42,2441666667";"-59,1141666667";"7,0";"25"
"MISS TIDE";"02439";"2025-12-03 17:47:00";"-42,227";"-59,1011666667";"4,3";"35"
"MISS TIDE";"02439";"2025-12-03 18:02:00";"-42,2221666667";"-59,0946666667";"6,5";"215"
"MISS TIDE";"02439";"2025-12-03 18:17:00";"-42,2371666667";"-59,1078333333";"3,8";"210"
"MISS TIDE";"02439";"2025-12-03 18:32:00";"-42,2433333333";"-59,1128333333";"7,0";"25"
"MISS TIDE";"02439";"2025-12-03 18:47:00";"-42,2263333333";"-59,0978333333";"4,3";"35"
"MISS TIDE";"02439";"2025-12-03 19:02:00";"-42,215";"-59,0861666667";"3,2";"150"
"MISS TIDE";"02439";"2025-12-03 19:17:00";"-42,2313333333";"-59,1003333333";"4,3";"205"
"MISS TIDE";"02439";"2025-12-03 19:32:00";"-42,2433333333";"-59,1105";"6,5";"215"
"MISS TIDE";"02439";"2025-12-03 19:47:00";"-42,2275";"-59,0988333333";"3,8";"25"
"MISS TIDE";"02439";"2025-12-03 20:02:00";"-42,2153333333";"-59,0886666667";"3,2";"60"
"MISS TIDE";"02439";"2025-12-03 20:17:00";"-42,2311666667";"-59,1008333333";"3,8";"205"
"MISS TIDE";"02439";"2025-12-03 20:32:00";"-42,2425";"-59,1111666667";"1,6";"205"
"MISS TIDE";"02439";"2025-12-03 20:47:00";"-42,2313333333";"-59,0991666667";"3,8";"30"
"MISS TIDE";"02439";"2025-12-03 21:02:00";"-42,2188333333";"-59,0888333333";"2,7";"20"
"MISS TIDE";"02439";"2025-12-03 21:17:00";"-42,2311666667";"-59,098";"3,8";"210"
"MISS TIDE";"02439";"2025-12-03 21:32:00";"-42,2436666667";"-59,1095";"1,1";"220"
"MISS TIDE";"02439";"2025-12-03 21:47:00";"-42,2341666667";"-59,0996666667";"4,3";"30"
"MISS TIDE";"02439";"2025-12-03 22:02:00";"-42,2203333333";"-59,0883333333";"1,6";"20"
"MISS TIDE";"02439";"2025-12-03 22:17:00";"-42,2291666667";"-59,0941666667";"4,3";"210"
"MISS TIDE";"02439";"2025-12-03 22:32:00";"-42,2428333333";"-59,1071666667";"1,6";"220"
"MISS TIDE";"02439";"2025-12-03 22:47:00";"-42,2353333333";"-59,0995";"4,3";"30"
"MISS TIDE";"02439";"2025-12-03 23:02:00";"-42,2211666667";"-59,0871666667";"1,6";"25"
"MISS TIDE";"02439";"2025-12-03 23:17:00";"-42,2271666667";"-59,0908333333";"4,3";"215"
"MISS TIDE";"02439";"2025-12-03 23:32:00";"-42,2421666667";"-59,1045";"2,2";"215"
"MISS TIDE";"02439";"2025-12-03 23:47:00";"-42,2441666667";"-59,1071666667";"2,7";"85"
"MISS TIDE";"02439";"2025-12-04 00:02:00";"-42,2525";"-59,1066666667";"5,4";"305"
"MISS TIDE";"02439";"2025-12-04 00:17:00";"-42,2345";"-59,0953333333";"3,8";"30"
"MISS TIDE";"02439";"2025-12-04 00:32:00";"-42,2216666667";"-59,0891666667";"5,4";"40"
"MISS TIDE";"02439";"2025-12-04 00:47:00";"-42,2358333333";"-59,0971666667";"3,8";"215"
"MISS TIDE";"02439";"2025-12-04 01:02:00";"-42,245";"-59,1038333333";"5,4";"25"
"MISS TIDE";"02439";"2025-12-04 01:17:00";"-42,2286666667";"-59,0895";"3,8";"30"
"MISS TIDE";"02439";"2025-12-04 01:32:00";"-42,2161666667";"-59,0766666667";"3,2";"155"
"MISS TIDE";"02439";"2025-12-04 01:47:00";"-42,2338333333";"-59,0908333333";"3,8";"210"
"MISS TIDE";"02439";"2025-12-04 02:02:00";"-42,2458333333";"-59,1008333333";"4,3";"250"
"MISS TIDE";"02439";"2025-12-04 02:17:00";"-42,2296666667";"-59,0886666667";"3,8";"30"
"MISS TIDE";"02439";"2025-12-04 02:32:00";"-42,2178333333";"-59,0803333333";"3,2";"300"
"MISS TIDE";"02439";"2025-12-04 02:47:00";"-42,2355";"-59,0913333333";"3,8";"205"
"MISS TIDE";"02439";"2025-12-04 03:02:00";"-42,248";"-59,1003333333";"4,3";"105"
"MISS TIDE";"02439";"2025-12-04 03:17:00";"-42,2325";"-59,0833333333";"3,8";"35"
"MISS TIDE";"02439";"2025-12-04 03:32:00";"-42,222";"-59,07";"4,3";"105"
"MISS TIDE";"02439";"2025-12-04 03:47:00";"-42,238";"-59,0855";"3,8";"215"
"MISS TIDE";"02439";"2025-12-04 04:02:00";"-42,2486666667";"-59,0971666667";"5,4";"215"
"MISS TIDE";"02439";"2025-12-04 04:17:00";"-42,2378333333";"-59,0845";"4,3";"40"
"MISS TIDE";"02439";"2025-12-04 04:32:00";"-42,227";"-59,0705";"2,2";"45"
"MISS TIDE";"02439";"2025-12-04 04:47:00";"-42,2188333333";"-59,0713333333";"4,3";"210"
"MISS TIDE";"02439";"2025-12-04 05:02:00";"-42,2346666667";"-59,088";"3,8";"220"
"MISS TIDE";"02439";"2025-12-04 05:17:00";"-42,2458333333";"-59,0991666667";"3,8";"205"
"MISS TIDE";"02439";"2025-12-04 05:32:00";"-42,237";"-59,0896666667";"3,8";"40"
"MISS TIDE";"02439";"2025-12-04 05:47:00";"-42,225";"-59,0746666667";"1,6";"35"
"MISS TIDE";"02439";"2025-12-04 06:02:00";"-42,233";"-59,0808333333";"3,8";"220"
"MISS TIDE";"02439";"2025-12-04 06:17:00";"-42,2453333333";"-59,0955";"1,6";"215"
"MISS TIDE";"02439";"2025-12-04 06:32:00";"-42,2425";"-59,0886666667";"4,3";"50"
"MISS TIDE";"02439";"2025-12-04 06:47:00";"-42,2296666667";"-59,0721666667";"4,3";"40"
"MISS TIDE";"02439";"2025-12-04 07:02:00";"-42,2278333333";"-59,068";"6,5";"215"
"MISS TIDE";"02439";"2025-12-04 07:17:00";"-42,2411666667";"-59,0836666667";"3,8";"220"
"MISS TIDE";"02439";"2025-12-04 07:32:00";"-42,2445";"-59,092";"6,5";"50"
"MISS TIDE";"02439";"2025-12-04 07:47:00";"-42,2305";"-59,0738333333";"3,8";"45"
"MISS TIDE";"02439";"2025-12-04 08:02:00";"-42,2225";"-59,0666666667";"6,5";"230"
"MISS TIDE";"02439";"2025-12-04 08:17:00";"-42,2366666667";"-59,0863333333";"3,8";"220"
"MISS TIDE";"02439";"2025-12-04 08:32:00";"-42,2478333333";"-59,0996666667";"5,4";"260"
"MISS TIDE";"02439";"2025-12-04 08:47:00";"-42,233";"-59,083";"4,3";"40"
"MISS TIDE";"02439";"2025-12-04 09:02:00";"-42,2221666667";"-59,0703333333";"3,8";"35"
"MISS TIDE";"02439";"2025-12-04 09:17:00";"-42,2338333333";"-59,0875";"3,8";"215"
"MISS TIDE";"02439";"2025-12-04 09:32:00";"-42,2453333333";"-59,1011666667";"1,1";"225"
"MISS TIDE";"02439";"2025-12-04 09:47:00";"-42,2391666667";"-59,0828333333";"4,3";"40"
"MISS TIDE";"02439";"2025-12-04 10:02:00";"-42,2263333333";"-59,0671666667";"1,6";"25"
"MISS TIDE";"02439";"2025-12-04 10:17:00";"-42,2308333333";"-59,0708333333";"3,8";"215"
"MISS TIDE";"02439";"2025-12-04 10:32:00";"-42,2441666667";"-59,0863333333";"3,8";"220"
"MISS TIDE";"02439";"2025-12-04 10:47:00";"-42,2408333333";"-59,0811666667";"3,8";"40"
"MISS TIDE";"02439";"2025-12-04 11:02:00";"-42,2275";"-59,0655";"3,8";"35"
"MISS TIDE";"02439";"2025-12-04 11:17:00";"-42,2313333333";"-59,0691666667";"4,3";"220"
"MISS TIDE";"02439";"2025-12-04 11:32:00";"-42,2445";"-59,0846666667";"3,2";"220"
"MISS TIDE";"02439";"2025-12-04 11:47:00";"-42,2411666667";"-59,0795";"3,8";"35"
"MISS TIDE";"02439";"2025-12-04 12:02:00";"-42,2283333333";"-59,0641666667";"3,8";"35"
"MISS TIDE";"02439";"2025-12-04 12:17:00";"-42,2278333333";"-59,0625";"3,8";"220"
"MISS TIDE";"02439";"2025-12-04 12:32:00";"-42,2405";"-59,0778333333";"3,8";"210"
"MISS TIDE";"02439";"2025-12-04 12:47:00";"-42,2416666667";"-59,0775";"3,8";"40"
"MISS TIDE";"02439";"2025-12-04 13:02:00";"-42,2288333333";"-59,0625";"3,8";"40"
"MISS TIDE";"02439";"2025-12-04 13:17:00";"-42,2295";"-59,0603333333";"3,8";"215"
"MISS TIDE";"02439";"2025-12-04 13:32:00";"-42,2436666667";"-59,0771666667";"4,3";"215"
"MISS TIDE";"02439";"2025-12-04 13:47:00";"-42,2446666667";"-59,0758333333";"4,3";"50"
"MISS TIDE";"02439";"2025-12-04 14:02:00";"-42,2313333333";"-59,0595";"4,3";"40"
"MISS TIDE";"02439";"2025-12-04 14:17:00";"-42,2336666667";"-59,0625";"3,8";"225"
"MISS TIDE";"02439";"2025-12-04 14:32:00";"-42,2458333333";"-59,078";"3,8";"215"
"MISS TIDE";"02439";"2025-12-04 14:47:00";"-42,2446666667";"-59,075";"3,8";"40"
"MISS TIDE";"02439";"2025-12-04 15:02:00";"-42,2316666667";"-59,0578333333";"3,8";"35"
"MISS TIDE";"02439";"2025-12-04 15:17:00";"-42,2303333333";"-59,0545";"5,9";"215"
"MISS TIDE";"02439";"2025-12-04 15:32:00";"-42,2421666667";"-59,07";"3,8";"220"
"MISS TIDE";"02439";"2025-12-04 15:47:00";"-42,2453333333";"-59,0705";"7,6";"35"
"MISS TIDE";"02439";"2025-12-04 16:02:00";"-42,2316666667";"-59,0545";"3,8";"40"
"MISS TIDE";"02439";"2025-12-04 16:17:00";"-42,2233333333";"-59,0433333333";"5,9";"215"
"MISS TIDE";"02439";"2025-12-04 16:32:00";"-42,2383333333";"-59,0603333333";"3,8";"220"
"MISS TIDE";"02439";"2025-12-04 16:47:00";"-42,2491666667";"-59,0708333333";"4,3";"50"
"MISS TIDE";"02439";"2025-12-04 17:02:00";"-42,2336666667";"-59,0533333333";"4,3";"40"
"MISS TIDE";"02439";"2025-12-04 17:17:00";"-42,2245";"-59,0416666667";"3,8";"220"
"MISS TIDE";"02439";"2025-12-04 17:32:00";"-42,2391666667";"-59,0578333333";"3,8";"225"
"MISS TIDE";"02439";"2025-12-04 17:47:00";"-42,2488333333";"-59,0705";"3,8";"155"
"MISS TIDE";"02439";"2025-12-04 18:02:00";"-42,2346666667";"-59,0513333333";"3,8";"40"
"MISS TIDE";"02439";"2025-12-04 18:17:00";"-42,225";"-59,0408333333";"4,9";"220"
"MISS TIDE";"02439";"2025-12-04 18:32:00";"-42,2396666667";"-59,0566666667";"3,8";"220"
"MISS TIDE";"02439";"2025-12-04 18:47:00";"-42,2503333333";"-59,0703333333";"6,5";"210"
"MISS TIDE";"02439";"2025-12-04 19:02:00";"-42,2366666667";"-59,0525";"3,8";"40"
"MISS TIDE";"02439";"2025-12-04 19:17:00";"-42,2253333333";"-59,0388333333";"3,8";"95"
"MISS TIDE";"02439";"2025-12-04 19:32:00";"-42,2396666667";"-59,0546666667";"4,3";"215"
"MISS TIDE";"02439";"2025-12-04 19:47:00";"-42,2496666667";"-59,0686666667";"4,9";"225"
"MISS TIDE";"02439";"2025-12-04 20:02:00";"-42,2383333333";"-59,052";"3,8";"35"
"MISS TIDE";"02439";"2025-12-04 20:17:00";"-42,227";"-59,0386666667";"1,6";"35"
"MISS TIDE";"02439";"2025-12-04 20:32:00";"-42,2358333333";"-59,048";"3,8";"215"
"MISS TIDE";"02439";"2025-12-04 20:47:00";"-42,2486666667";"-59,0638333333";"1,6";"225"
"MISS TIDE";"02439";"2025-12-04 21:02:00";"-42,243";"-59,0558333333";"4,3";"40"
"MISS TIDE";"02439";"2025-12-04 21:17:00";"-42,2296666667";"-59,0391666667";"3,8";"40"
"MISS TIDE";"02439";"2025-12-04 21:32:00";"-42,2305";"-59,0411666667";"3,8";"220"
"MISS TIDE";"02439";"2025-12-04 21:47:00";"-42,2441666667";"-59,0561666667";"3,8";"220"
"MISS TIDE";"02439";"2025-12-04 22:02:00";"-42,2455";"-59,0571666667";"5,9";"35"
"MISS TIDE";"02439";"2025-12-04 22:17:00";"-42,2321666667";"-59,0411666667";"4,3";"45"
"MISS TIDE";"02439";"2025-12-04 22:32:00";"-42,2236666667";"-59,032";"3,8";"40"
"MISS TIDE";"02439";"2025-12-04 22:47:00";"-42,2371666667";"-59,0458333333";"4,3";"220"
"MISS TIDE";"02439";"2025-12-04 23:02:00";"-42,248";"-59,0588333333";"1,1";"220"
"MISS TIDE";"02439";"2025-12-04 23:17:00";"-42,2363333333";"-59,0555";"4,3";"25"
"MISS TIDE";"02439";"2025-12-04 23:32:00";"-42,2221666667";"-59,0445";"1,6";"15"
"MISS TIDE";"02439";"2025-12-04 23:47:00";"-42,2228333333";"-59,0491666667";"4,3";"220"
"MISS TIDE";"02439";"2025-12-05 00:02:00";"-42,2355";"-59,0666666667";"3,8";"220"
"MISS TIDE";"02439";"2025-12-05 00:17:00";"-42,2446666667";"-59,0753333333";"3,8";"210"
"MISS TIDE";"02439";"2025-12-05 00:32:00";"-42,2591666667";"-59,0895";"3,8";"210"
"MISS TIDE";"02439";"2025-12-05 00:47:00";"-42,2608333333";"-59,0921666667";"3,2";"35"
"MISS TIDE";"02439";"2025-12-05 01:02:00";"-42,2475";"-59,0788333333";"3,8";"35"
"MISS TIDE";"02439";"2025-12-05 01:17:00";"-42,2478333333";"-59,0771666667";"4,9";"210"
"MISS TIDE";"02439";"2025-12-05 01:32:00";"-42,2613333333";"-59,0908333333";"3,8";"210"
"MISS TIDE";"02439";"2025-12-05 01:47:00";"-42,26";"-59,0913333333";"4,3";"25"
"MISS TIDE";"02439";"2025-12-05 02:02:00";"-42,2453333333";"-59,0771666667";"3,2";"40"
"MISS TIDE";"02439";"2025-12-05 02:17:00";"-42,2508333333";"-59,0791666667";"3,8";"210"
"MISS TIDE";"02439";"2025-12-05 02:32:00";"-42,263";"-59,0895";"1,1";"195"
"MISS TIDE";"02439";"2025-12-05 02:47:00";"-42,2558333333";"-59,0845";"3,8";"35"
"MISS TIDE";"02439";"2025-12-05 03:02:00";"-42,2441666667";"-59,0728333333";"4,9";"65"
"MISS TIDE";"02439";"2025-12-05 03:17:00";"-42,2588333333";"-59,0853333333";"3,8";"210"
"MISS TIDE";"02439";"2025-12-05 03:32:00";"-42,2646666667";"-59,0883333333";"7,0";"30"
"MISS TIDE";"02439";"2025-12-05 03:47:00";"-42,2488333333";"-59,0738333333";"3,8";"35"
"MISS TIDE";"02439";"2025-12-05 04:02:00";"-42,2508333333";"-59,0766666667";"4,3";"215"
"MISS TIDE";"02439";"2025-12-05 04:17:00";"-42,2638333333";"-59,0886666667";"1,1";"190"
"MISS TIDE";"02439";"2025-12-05 04:32:00";"-42,252";"-59,0771666667";"3,8";"30"
"MISS TIDE";"02439";"2025-12-05 04:47:00";"-42,2395";"-59,065";"5,9";"80"
"MISS TIDE";"02439";"2025-12-05 05:02:00";"-42,255";"-59,078";"3,8";"210"
"MISS TIDE";"02439";"2025-12-05 05:17:00";"-42,2611666667";"-59,0845";"7,0";"30"
"MISS TIDE";"02439";"2025-12-05 05:32:00";"-42,2446666667";"-59,0695";"4,3";"25"
"MISS TIDE";"02439";"2025-12-05 05:47:00";"-42,2455";"-59,0688333333";"3,8";"215"
"MISS TIDE";"02439";"2025-12-05 06:02:00";"-42,2605";"-59,0821666667";"3,8";"210"
"MISS TIDE";"02439";"2025-12-05 06:17:00";"-42,2541666667";"-59,0763333333";"4,3";"25"
"MISS TIDE";"02439";"2025-12-05 06:32:00";"-42,2416666667";"-59,0641666667";"2,2";"30"
"MISS TIDE";"02439";"2025-12-05 06:47:00";"-42,248";"-59,0703333333";"3,8";"215"
"MISS TIDE";"02439";"2025-12-05 07:02:00";"-42,2613333333";"-59,0821666667";"1,1";"200"
"MISS TIDE";"02439";"2025-12-05 07:17:00";"-42,2586666667";"-59,0788333333";"5,9";"15"
"MISS TIDE";"02439";"2025-12-05 07:32:00";"-42,243";"-59,065";"3,8";"30"
"MISS TIDE";"02439";"2025-12-05 07:47:00";"-42,248";"-59,0688333333";"4,3";"215"
"MISS TIDE";"02439";"2025-12-05 08:02:00";"-42,262";"-59,082";"1,1";"215"
"MISS TIDE";"02439";"2025-12-05 08:17:00";"-42,2533333333";"-59,0733333333";"4,3";"35"
"MISS TIDE";"02439";"2025-12-05 08:32:00";"-42,2408333333";"-59,0625";"4,3";"25"
"MISS TIDE";"02439";"2025-12-05 08:47:00";"-42,2546666667";"-59,0736666667";"3,8";"210"
"MISS TIDE";"02439";"2025-12-05 09:02:00";"-42,2655";"-59,0846666667";"2,7";"95"
"MISS TIDE";"02439";"2025-12-05 09:17:00";"-42,25";"-59,0686666667";"3,8";"35"
"MISS TIDE";"02439";"2025-12-05 09:32:00";"-42,2408333333";"-59,0655";"7,0";"265"
"MISS TIDE";"02439";"2025-12-05 09:47:00";"-42,2411666667";"-59,0905";"3,8";"265"
"MISS TIDE";"02439";"2025-12-05 10:02:00";"-42,2421666667";"-59,0936666667";"3,8";"90"
"MISS TIDE";"02439";"2025-12-05 10:17:00";"-42,2421666667";"-59,07";"3,8";"80"
"MISS TIDE";"02439";"2025-12-05 10:32:00";"-42,2483333333";"-59,067";"4,9";"220"
"MISS TIDE";"02439";"2025-12-05 10:47:00";"-42,2616666667";"-59,0795";"1,6";"230"
"MISS TIDE";"02439";"2025-12-05 11:02:00";"-42,2545";"-59,0713333333";"4,3";"30"
"MISS TIDE";"02439";"2025-12-05 11:17:00";"-42,2421666667";"-59,062";"3,2";"25"
"MISS TIDE";"02439";"2025-12-05 11:32:00";"-42,2575";"-59,0736666667";"4,3";"215"
"MISS TIDE";"02439";"2025-12-05 11:47:00";"-42,2675";"-59,0846666667";"4,9";"30"
"MISS TIDE";"02439";"2025-12-05 12:02:00";"-42,2525";"-59,0686666667";"3,8";"30"
"MISS TIDE";"02439";"2025-12-05 12:17:00";"-42,2491666667";"-59,0653333333";"6,5";"205"
"MISS TIDE";"02439";"2025-12-05 12:32:00";"-42,2636666667";"-59,0791666667";"3,8";"220"
"MISS TIDE";"02439";"2025-12-05 12:47:00";"-42,2591666667";"-59,0736666667";"4,3";"50"
"MISS TIDE";"02439";"2025-12-05 13:02:00";"-42,247";"-59,0625";"1,1";"20"
"MISS TIDE";"02439";"2025-12-05 13:17:00";"-42,2588333333";"-59,0721666667";"3,8";"210"
"MISS TIDE";"02439";"2025-12-05 13:32:00";"-42,272";"-59,083";"4,3";"135"
"MISS TIDE";"02439";"2025-12-05 13:47:00";"-42,2558333333";"-59,0683333333";"3,8";"30"
"MISS TIDE";"02439";"2025-12-05 14:02:00";"-42,2421666667";"-59,0555";"5,4";"40"
"MISS TIDE";"02439";"2025-12-05 14:17:00";"-42,2546666667";"-59,0655";"3,8";"215"
"MISS TIDE";"02439";"2025-12-05 14:32:00";"-42,2675";"-59,078";"1,1";"215"
"MISS TIDE";"02439";"2025-12-05 14:47:00";"-42,2628333333";"-59,0711666667";"3,8";"30"
"MISS TIDE";"02439";"2025-12-05 15:02:00";"-42,2505";"-59,0588333333";"2,7";"30"
"MISS TIDE";"02439";"2025-12-05 15:17:00";"-42,2628333333";"-59,073";"3,8";"210"
"MISS TIDE";"02439";"2025-12-05 15:32:00";"-42,2741666667";"-59,0841666667";"3,8";"210"
"MISS TIDE";"02439";"2025-12-05 15:47:00";"-42,2763333333";"-59,0858333333";"4,9";"30"
"MISS TIDE";"02439";"2025-12-05 16:02:00";"-42,2608333333";"-59,0725";"4,3";"35"
"MISS TIDE";"02439";"2025-12-05 16:17:00";"-42,2645";"-59,0775";"3,8";"210"
"MISS TIDE";"02439";"2025-12-05 16:32:00";"-42,277";"-59,0903333333";"1,6";"205"
"MISS TIDE";"02439";"2025-12-05 16:47:00";"-42,27";"-59,0821666667";"3,8";"30"
"MISS TIDE";"02439";"2025-12-05 17:02:00";"-42,2575";"-59,068";"1,6";"45"
"MISS TIDE";"02439";"2025-12-05 17:17:00";"-42,2638333333";"-59,0778333333";"3,8";"220"
"MISS TIDE";"02439";"2025-12-05 17:32:00";"-42,2745";"-59,0891666667";"5,4";"220"
"MISS TIDE";"02439";"2025-12-05 17:47:00";"-42,2641666667";"-59,0791666667";"4,3";"45"
"MISS TIDE";"02439";"2025-12-05 18:02:00";"-42,2546666667";"-59,0666666667";"3,8";"220"
"MISS TIDE";"02439";"2025-12-05 18:17:00";"-42,27";"-59,0858333333";"4,3";"215"
"MISS TIDE";"02439";"2025-12-05 18:32:00";"-42,2741666667";"-59,0896666667";"7,6";"45"
"MISS TIDE";"02439";"2025-12-05 18:47:00";"-42,2605";"-59,0728333333";"3,2";"40"
"MISS TIDE";"02439";"2025-12-05 19:03:00";"-42,2653333333";"-59,0813333333";"4,3";"220"
"MISS TIDE";"02439";"2025-12-05 19:18:00";"-42,2786666667";"-59,0945";"0,5";"200"
"MISS TIDE";"02439";"2025-12-05 19:33:00";"-42,2686666667";"-59,0858333333";"3,8";"25"
"MISS TIDE";"02439";"2025-12-05 19:48:00";"-42,2575";"-59,072";"4,3";"50"
"MISS TIDE";"02439";"2025-12-05 20:03:00";"-42,2691666667";"-59,087";"3,8";"215"
"MISS TIDE";"02439";"2025-12-05 20:18:00";"-42,2803333333";"-59,0983333333";"4,3";"205"
"MISS TIDE";"02439";"2025-12-05 20:33:00";"-42,2675";"-59,0863333333";"4,3";"35"
"MISS TIDE";"02439";"2025-12-05 20:48:00";"-42,2553333333";"-59,0728333333";"5,4";"350"
"MISS TIDE";"02439";"2025-12-05 21:03:00";"-42,2688333333";"-59,0888333333";"3,8";"215"
"MISS TIDE";"02439";"2025-12-05 21:18:00";"-42,2805";"-59,1013333333";"7,0";"220"
"MISS TIDE";"02439";"2025-12-05 21:33:00";"-42,2655";"-59,0858333333";"3,8";"40"
"MISS TIDE";"02439";"2025-12-05 21:48:00";"-42,2575";"-59,0786666667";"5,4";"210"
"MISS TIDE";"02439";"2025-12-05 22:03:00";"-42,272";"-59,0938333333";"3,8";"215"
"MISS TIDE";"02439";"2025-12-05 22:18:00";"-42,273";"-59,0975";"7,6";"35"
"MISS TIDE";"02439";"2025-12-05 22:33:00";"-42,2583333333";"-59,0816666667";"4,3";"40"
"MISS TIDE";"02439";"2025-12-05 22:48:00";"-42,2608333333";"-59,0825";"4,3";"215"
"MISS TIDE";"02439";"2025-12-05 23:03:00";"-42,2745";"-59,0971666667";"1,6";"215"
"MISS TIDE";"02439";"2025-12-05 23:18:00";"-42,2695";"-59,0953333333";"3,8";"40"
"MISS TIDE";"02439";"2025-12-05 23:33:00";"-42,2555";"-59,0836666667";"2,2";"15"
"MISS TIDE";"02439";"2025-12-05 23:48:00";"-42,2338333333";"-59,0561666667";"9,2";"50"
"MISS TIDE";"02439";"2025-12-06 00:03:00";"-42,2088333333";"-59,015";"9,7";"50"
"MISS TIDE";"02439";"2025-12-06 00:18:00";"-42,1883333333";"-58,9796666667";"9,7";"50"
"MISS TIDE";"02439";"2025-12-06 00:33:00";"-42,1636666667";"-58,9361666667";"9,7";"50"
"MISS TIDE";"02439";"2025-12-06 00:48:00";"-42,1386666667";"-58,8925";"9,7";"50"
"MISS TIDE";"02439";"2025-12-06 01:03:00";"-42,1138333333";"-58,8491666667";"9,7";"50"
"MISS TIDE";"02439";"2025-12-06 01:18:00";"-42,0886666667";"-58,8061666667";"9,7";"50"
"MISS TIDE";"02439";"2025-12-06 01:33:00";"-42,0628333333";"-58,7633333333";"9,2";"50"
"MISS TIDE";"02439";"2025-12-06 01:48:00";"-42,037";"-58,72";"9,7";"50"
"MISS TIDE";"02439";"2025-12-06 02:03:00";"-42,0113333333";"-58,677";"9,7";"45"
"MISS TIDE";"02439";"2025-12-06 02:18:00";"-41,9855";"-58,6345";"9,7";"50"
"MISS TIDE";"02439";"2025-12-06 02:33:00";"-41,9596666667";"-58,5921666667";"9,2";"45"
"MISS TIDE";"02439";"2025-12-06 02:48:00";"-41,933";"-58,55";"9,7";"45"
"MISS TIDE";"02439";"2025-12-06 03:03:00";"-41,9063333333";"-58,5083333333";"9,7";"50"
"MISS TIDE";"02439";"2025-12-06 03:18:00";"-41,8811666667";"-58,465";"9,7";"50"
"MISS TIDE";"02439";"2025-12-06 03:33:00";"-41,8555";"-58,4221666667";"9,2";"50"
"MISS TIDE";"02439";"2025-12-06 03:48:00";"-41,8308333333";"-58,3791666667";"9,7";"50"
"MISS TIDE";"02439";"2025-12-06 04:03:00";"-41,8063333333";"-58,3361666667";"9,2";"50"
"MISS TIDE";"02439";"2025-12-06 04:18:00";"-41,782";"-58,2933333333";"9,2";"50"
"MISS TIDE";"02439";"2025-12-06 04:33:00";"-41,7575";"-58,2508333333";"9,7";"50"
"MISS TIDE";"02439";"2025-12-06 04:48:00";"-41,7336666667";"-58,208";"9,2";"55"
"MISS TIDE";"02439";"2025-12-06 05:03:00";"-41,71";"-58,1655";"9,7";"50"
"MISS TIDE";"02439";"2025-12-06 05:18:00";"-41,6861666667";"-58,1233333333";"9,2";"55"
"MISS TIDE";"02439";"2025-12-06 05:33:00";"-41,6625";"-58,0808333333";"9,2";"50"
"MISS TIDE";"02439";"2025-12-06 05:48:00";"-41,6391666667";"-58,038";"8,6";"50"
"MISS TIDE";"02439";"2025-12-06 06:03:00";"-41,6158333333";"-57,9958333333";"9,7";"50"
"MISS TIDE";"02439";"2025-12-06 06:18:00";"-41,5921666667";"-57,9538333333";"9,2";"45"
"MISS TIDE";"02439";"2025-12-06 06:33:00";"-41,5688333333";"-57,912";"9,2";"50"
"MISS TIDE";"02439";"2025-12-06 06:48:00";"-41,5463333333";"-57,8696666667";"9,2";"50"
"MISS TIDE";"02439";"2025-12-06 07:03:00";"-41,5233333333";"-57,8278333333";"9,2";"50"
"MISS TIDE";"02439";"2025-12-06 07:18:00";"-41,5003333333";"-57,7866666667";"9,2";"55"
"MISS TIDE";"02439";"2025-12-06 07:33:00";"-41,4775";"-57,7455";"9,2";"45"
"MISS TIDE";"02439";"2025-12-06 07:48:00";"-41,4545";"-57,7046666667";"9,2";"50"
"MISS TIDE";"02439";"2025-12-06 08:03:00";"-41,4303333333";"-57,6645";"9,2";"45"
"MISS TIDE";"02439";"2025-12-06 08:18:00";"-41,4116666667";"-57,6446666667";"2,2";"5"
"MISS TIDE";"02439";"2025-12-06 08:33:00";"-41,3966666667";"-57,6296666667";"1,6";"55"
"MISS TIDE";"02439";"2025-12-06 08:48:00";"-41,3811666667";"-57,6038333333";"3,8";"45"
"MISS TIDE";"02439";"2025-12-06 09:03:00";"-41,3711666667";"-57,5896666667";"6,5";"50"
"MISS TIDE";"02439";"2025-12-06 09:18:00";"-41,3575";"-57,5666666667";"4,3";"45"
"MISS TIDE";"02439";"2025-12-06 09:33:00";"-41,355";"-57,5555";"7,0";"325"
"MISS TIDE";"02439";"2025-12-06 09:48:00";"-41,3408333333";"-57,5686666667";"2,2";"325"
"MISS TIDE";"02439";"2025-12-06 10:03:00";"-41,3105";"-57,5638333333";"9,2";"20"
"MISS TIDE";"02439";"2025-12-06 10:18:00";"-41,2741666667";"-57,5483333333";"9,2";"10"
"MISS TIDE";"02439";"2025-12-06 10:33:00";"-41,238";"-57,5333333333";"9,2";"15"
"MISS TIDE";"02439";"2025-12-06 10:48:00";"-41,202";"-57,5183333333";"8,6";"15"
"MISS TIDE";"02439";"2025-12-06 11:03:00";"-41,1658333333";"-57,5028333333";"9,2";"10"
"MISS TIDE";"02439";"2025-12-06 11:18:00";"-41,1305";"-57,4855";"9,2";"15"
"MISS TIDE";"02439";"2025-12-06 11:33:00";"-41,097";"-57,4653333333";"9,2";"25"
"MISS TIDE";"02439";"2025-12-06 11:48:00";"-41,0636666667";"-57,4438333333";"8,6";"25"
"MISS TIDE";"02439";"2025-12-06 12:03:00";"-41,0311666667";"-57,4208333333";"8,6";"30"
"MISS TIDE";"02439";"2025-12-06 12:18:00";"-40,9988333333";"-57,3975";"8,6";"25"
"MISS TIDE";"02439";"2025-12-06 12:33:00";"-40,9663333333";"-57,3736666667";"8,6";"25"
"MISS TIDE";"02439";"2025-12-06 12:48:00";"-40,9336666667";"-57,35";"8,6";"25"
"MISS TIDE";"02439";"2025-12-06 13:03:00";"-40,9005";"-57,328";"8,1";"30"
"MISS TIDE";"02439";"2025-12-06 13:18:00";"-40,868";"-57,3041666667";"8,1";"35"
"MISS TIDE";"02439";"2025-12-06 13:33:00";"-40,8363333333";"-57,2788333333";"8,6";"30"
"MISS TIDE";"02439";"2025-12-06 13:48:00";"-40,8041666667";"-57,2521666667";"8,6";"30"
"MISS TIDE";"02439";"2025-12-06 14:03:00";"-40,7708333333";"-57,2288333333";"9,2";"25"
"MISS TIDE";"02439";"2025-12-06 14:18:00";"-40,7375";"-57,2061666667";"9,2";"20"
"MISS TIDE";"02439";"2025-12-06 14:33:00";"-40,7038333333";"-57,1833333333";"8,6";"25"
"MISS TIDE";"02439";"2025-12-06 14:48:00";"-40,67";"-57,1613333333";"9,2";"25"
"MISS TIDE";"02439";"2025-12-06 15:03:00";"-40,6358333333";"-57,1391666667";"8,6";"25"
"MISS TIDE";"02439";"2025-12-06 15:18:00";"-40,6016666667";"-57,1158333333";"9,2";"25"
"MISS TIDE";"02439";"2025-12-06 15:33:00";"-40,5675";"-57,093";"8,6";"25"
"MISS TIDE";"02439";"2025-12-06 15:48:00";"-40,5333333333";"-57,0708333333";"8,6";"25"
"MISS TIDE";"02439";"2025-12-06 16:03:00";"-40,4996666667";"-57,0491666667";"8,6";"25"
"MISS TIDE";"02439";"2025-12-06 16:18:00";"-40,4646666667";"-57,0291666667";"9,2";"20"
"MISS TIDE";"02439";"2025-12-06 16:33:00";"-40,4288333333";"-57,0125";"8,6";"15"
"MISS TIDE";"02439";"2025-12-06 16:48:00";"-40,393";"-56,9971666667";"9,2";"15"
"MISS TIDE";"02439";"2025-12-06 17:03:00";"-40,3578333333";"-56,9821666667";"8,6";"15"
"MISS TIDE";"02439";"2025-12-06 17:18:00";"-40,3221666667";"-56,9675";"8,6";"10"
"MISS TIDE";"02439";"2025-12-06 17:33:00";"-40,2921666667";"-56,9553333333";"3,8";"10"
"MISS TIDE";"02439";"2025-12-06 17:48:00";"-40,2783333333";"-56,9503333333";"5,9";"35"
"MISS TIDE";"02439";"2025-12-06 18:03:00";"-40,2596666667";"-56,9363333333";"3,8";"25"
"MISS TIDE";"02439";"2025-12-06 18:18:00";"-40,2536666667";"-56,92";"3,8";"80"
"MISS TIDE";"02439";"2025-12-06 18:33:00";"-40,2516666667";"-56,9025";"2,7";"90"
"MISS TIDE";"02439";"2025-12-06 18:48:00";"-40,2361666667";"-56,8945";"3,8";"25"
"MISS TIDE";"02439";"2025-12-06 19:03:00";"-40,2213333333";"-56,8866666667";"5,9";"15"
"MISS TIDE";"02439";"2025-12-06 19:18:00";"-40,2386666667";"-56,8841666667";"4,3";"170"
"MISS TIDE";"02439";"2025-12-06 19:33:00";"-40,2328333333";"-56,8853333333";"4,3";"350"
"MISS TIDE";"02439";"2025-12-06 19:48:00";"-40,2233333333";"-56,8878333333";"5,9";"175"
"MISS TIDE";"02439";"2025-12-06 20:03:00";"-40,2416666667";"-56,8858333333";"2,2";"195"
"MISS TIDE";"02439";"2025-12-06 20:18:00";"-40,2338333333";"-56,8916666667";"4,3";"345"
"MISS TIDE";"02439";"2025-12-06 20:33:00";"-40,2196666667";"-56,8978333333";"5,4";"80"
"MISS TIDE";"02439";"2025-12-06 20:48:00";"-40,2188333333";"-56,8725";"2,2";"95"
"MISS TIDE";"02439";"2025-12-06 21:03:00";"-40,2071666667";"-56,8636666667";"4,3";"0"
"MISS TIDE";"02439";"2025-12-06 21:18:00";"-40,1958333333";"-56,8553333333";"6,5";"80"
"MISS TIDE";"02439";"2025-12-06 21:33:00";"-40,195";"-56,8305";"2,7";"95"
"MISS TIDE";"02439";"2025-12-06 21:48:00";"-40,1821666667";"-56,823";"4,3";"10"
"MISS TIDE";"02439";"2025-12-06 22:03:00";"-40,1695";"-56,8121666667";"7,0";"60"
"MISS TIDE";"02439";"2025-12-06 22:18:00";"-40,1803333333";"-56,7913333333";"3,8";"125"
"MISS TIDE";"02439";"2025-12-06 22:33:00";"-40,1803333333";"-56,782";"3,8";"310"
"MISS TIDE";"02439";"2025-12-06 22:48:00";"-40,1703333333";"-56,7975";"1,1";"300"
"MISS TIDE";"02439";"2025-12-06 23:03:00";"-40,1746666667";"-56,7895";"4,3";"135"
"MISS TIDE";"02439";"2025-12-06 23:18:00";"-40,1816666667";"-56,7808333333";"5,9";"320"
"MISS TIDE";"02439";"2025-12-06 23:33:00";"-40,1678333333";"-56,7978333333";"3,8";"315"
"MISS TIDE";"02439";"2025-12-06 23:48:00";"-40,157";"-56,8146666667";"7,0";"300"
"MISS TIDE";"02439";"2025-12-07 00:03:00";"-40,1378333333";"-56,8166666667";"3,8";"5"
"MISS TIDE";"02439";"2025-12-07 00:18:00";"-40,138";"-56,8241666667";"4,3";"215"
"MISS TIDE";"02439";"2025-12-07 00:33:00";"-40,153";"-56,843";"4,3";"225"
"MISS TIDE";"02439";"2025-12-07 00:48:00";"-40,1536666667";"-56,8483333333";"7,0";"10"
"MISS TIDE";"02439";"2025-12-07 01:03:00";"-40,1321666667";"-56,8413333333";"3,8";"15"
"MISS TIDE";"02439";"2025-12-07 01:18:00";"-40,1246666667";"-56,8203333333";"9,2";"120"
"MISS TIDE";"02439";"2025-12-07 01:33:00";"-40,1363333333";"-56,7716666667";"9,2";"105"
"MISS TIDE";"02439";"2025-12-07 01:48:00";"-40,148";"-56,7221666667";"9,2";"110"
"MISS TIDE";"02439";"2025-12-07 02:03:00";"-40,1566666667";"-56,682";"4,9";"110"
"MISS TIDE";"02439";"2025-12-07 02:18:00";"-40,1616666667";"-56,657";"8,1";"115"
"MISS TIDE";"02439";"2025-12-07 02:33:00";"-40,1661666667";"-56,6336666667";"2,2";"125"
"MISS TIDE";"02439";"2025-12-07 02:48:00";"-40,162";"-56,5991666667";"8,1";"75"
"MISS TIDE";"02439";"2025-12-07 03:03:00";"-40,1563333333";"-56,5558333333";"8,1";"95"
"MISS TIDE";"02439";"2025-12-07 03:18:00";"-40,1616666667";"-56,5171666667";"3,8";"70"
"MISS TIDE";"02439";"2025-12-07 03:33:00";"-40,1566666667";"-56,4971666667";"2,7";"60"
"MISS TIDE";"02439";"2025-12-07 03:48:00";"-40,1621666667";"-56,5055";"3,8";"220"
"MISS TIDE";"02439";"2025-12-07 04:03:00";"-40,1675";"-56,508";"5,9";"50"
"MISS TIDE";"02439";"2025-12-07 04:18:00";"-40,1558333333";"-56,4911666667";"1,6";"45"
"MISS TIDE";"02439";"2025-12-07 04:33:00";"-40,1633333333";"-56,4936666667";"3,8";"220"
"MISS TIDE";"02439";"2025-12-07 04:48:00";"-40,1733333333";"-56,507";"5,9";"225"
"MISS TIDE";"02439";"2025-12-07 05:03:00";"-40,1695";"-56,4916666667";"6,5";"50"
"MISS TIDE";"02439";"2025-12-07 05:18:00";"-40,157";"-56,475";"1,6";"35"
"MISS TIDE";"02439";"2025-12-07 05:33:00";"-40,1563333333";"-56,477";"3,8";"225"
"MISS TIDE";"02439";"2025-12-07 05:48:00";"-40,1671666667";"-56,4933333333";"1,1";"215"
"MISS TIDE";"02439";"2025-12-07 06:03:00";"-40,1713333333";"-56,4975";"4,3";"230"
"MISS TIDE";"02439";"2025-12-07 06:18:00";"-40,1805";"-56,5116666667";"3,8";"225"
"MISS TIDE";"02439";"2025-12-07 06:33:00";"-40,1761666667";"-56,4788333333";"4,3";"65"
"MISS TIDE";"02439";"2025-12-07 06:48:00";"-40,1711666667";"-56,4595";"3,2";"65"
"MISS TIDE";"02439";"2025-12-07 07:03:00";"-40,1611666667";"-56,4325";"3,8";"60"
"MISS TIDE";"02439";"2025-12-07 07:18:00";"-40,1613333333";"-56,4186666667";"5,4";"150"
"MISS TIDE";"02439";"2025-12-07 07:33:00";"-40,1786666667";"-56,4083333333";"3,8";"160"
"MISS TIDE";"02439";"2025-12-07 07:48:00";"-40,1788333333";"-56,4196666667";"4,3";"305"
"MISS TIDE";"02439";"2025-12-07 08:03:00";"-40,17";"-56,4358333333";"4,9";"320"
"MISS TIDE";"02439";"2025-12-07 08:18:00";"-40,1558333333";"-56,4663333333";"3,8";"295"
"MISS TIDE";"02439";"2025-12-07 08:33:00";"-40,1491666667";"-56,4816666667";"2,7";"170"
"MISS TIDE";"02439";"2025-12-07 08:48:00";"-40,1625";"-56,4978333333";"4,3";"220"
"MISS TIDE";"02439";"2025-12-07 09:03:00";"-40,1705";"-56,5105";"5,4";"45"
"MISS TIDE";"02439";"2025-12-07 09:18:00";"-40,1575";"-56,4903333333";"3,8";"40"
"MISS TIDE";"02439";"2025-12-07 09:33:00";"-40,1566666667";"-56,4913333333";"3,8";"220"
"MISS TIDE";"02439";"2025-12-07 09:48:00";"-40,1661666667";"-56,5063333333";"1,6";"250"
"MISS TIDE";"02439";"2025-12-07 10:03:00";"-40,1566666667";"-56,5005";"3,8";"50"
"MISS TIDE";"02439";"2025-12-07 10:18:00";"-40,1471666667";"-56,4871666667";"2,7";"220"
"MISS TIDE";"02439";"2025-12-07 10:33:00";"-40,1613333333";"-56,5036666667";"4,3";"220"
"MISS TIDE";"02439";"2025-12-07 10:48:00";"-40,1653333333";"-56,507";"3,8";"45"
"MISS TIDE";"02439";"2025-12-07 11:03:00";"-40,1538333333";"-56,4903333333";"1,6";"30"
"MISS TIDE";"02439";"2025-12-07 11:18:00";"-40,1553333333";"-56,4938333333";"4,3";"225"
"MISS TIDE";"02439";"2025-12-07 11:33:00";"-40,1655";"-56,5091666667";"4,9";"225"
"MISS TIDE";"02439";"2025-12-07 11:48:00";"-40,1588333333";"-56,5025";"3,8";"40"
"MISS TIDE";"02439";"2025-12-07 12:03:00";"-40,1478333333";"-56,4928333333";"5,9";"225"
"MISS TIDE";"02439";"2025-12-07 12:18:00";"-40,1608333333";"-56,5103333333";"3,8";"220"
"MISS TIDE";"02439";"2025-12-07 12:33:00";"-40,1611666667";"-56,5088333333";"4,3";"40"
"MISS TIDE";"02439";"2025-12-07 12:48:00";"-40,1495";"-56,4941666667";"2,2";"20"
"MISS TIDE";"02439";"2025-12-07 13:03:00";"-40,16";"-56,5066666667";"3,8";"225"
"MISS TIDE";"02439";"2025-12-07 13:18:00";"-40,1653333333";"-56,5175";"7,6";"45"
"MISS TIDE";"02439";"2025-12-07 13:33:00";"-40,1513333333";"-56,5003333333";"3,8";"45"
"MISS TIDE";"02439";"2025-12-07 13:48:00";"-40,1625";"-56,4875";"7,0";"155"
"MISS TIDE";"02439";"2025-12-07 14:03:00";"-40,1903333333";"-56,47";"7,0";"155"
"MISS TIDE";"02439";"2025-12-07 14:18:00";"-40,2083333333";"-56,4578333333";"3,8";"160"
"MISS TIDE";"02439";"2025-12-07 14:33:00";"-40,2233333333";"-56,448";"4,3";"145"
"MISS TIDE";"02439";"2025-12-07 14:48:00";"-40,237";"-56,4383333333";"4,9";"150"
"MISS TIDE";"02439";"2025-12-07 15:03:00";"-40,2138333333";"-56,4655";"8,6";"315"
"MISS TIDE";"02439";"2025-12-07 15:18:00";"-40,1863333333";"-56,5011666667";"9,2";"300"
"MISS TIDE";"02439";"2025-12-07 15:33:00";"-40,1658333333";"-56,5145";"3,8";"25"
"MISS TIDE";"02439";"2025-12-07 15:48:00";"-40,1536666667";"-56,5036666667";"2,7";"25"
"MISS TIDE";"02439";"2025-12-07 16:03:00";"-40,153";"-56,503";"6,5";"215"
"MISS TIDE";"02439";"2025-12-07 16:18:00";"-40,1658333333";"-56,5191666667";"1,6";"220"
"MISS TIDE";"02439";"2025-12-07 16:33:00";"-40,1596666667";"-56,5128333333";"4,3";"40"
"MISS TIDE";"02439";"2025-12-07 16:48:00";"-40,1516666667";"-56,5058333333";"6,5";"205"
"MISS TIDE";"02439";"2025-12-07 17:03:00";"-40,1666666667";"-56,523";"3,8";"225"
"MISS TIDE";"02439";"2025-12-07 17:18:00";"-40,1646666667";"-56,5186666667";"3,8";"40"
"MISS TIDE";"02439";"2025-12-07 17:33:00";"-40,1533333333";"-56,5058333333";"2,2";"25"
"MISS TIDE";"02439";"2025-12-07 17:48:00";"-40,1646666667";"-56,5213333333";"4,3";"220"
"MISS TIDE";"02439";"2025-12-07 18:03:00";"-40,173";"-56,5308333333";"5,4";"45"
"MISS TIDE";"02439";"2025-12-07 18:18:00";"-40,1605";"-56,5111666667";"3,8";"45"
"MISS TIDE";"02439";"2025-12-07 18:33:00";"-40,1596666667";"-56,5075";"4,3";"225"
"MISS TIDE";"02439";"2025-12-07 18:48:00";"-40,1711666667";"-56,5253333333";"3,2";"230"
"MISS TIDE";"02439";"2025-12-07 19:03:00";"-40,1695";"-56,523";"5,9";"55"
"MISS TIDE";"02439";"2025-12-07 19:18:00";"-40,1586666667";"-56,505";"1,6";"45"
"MISS TIDE";"02439";"2025-12-07 19:33:00";"-40,1653333333";"-56,513";"3,8";"225"
"MISS TIDE";"02439";"2025-12-07 19:48:00";"-40,1755";"-56,5263333333";"2,2";"225"
"MISS TIDE";"02439";"2025-12-07 20:03:00";"-40,1671666667";"-56,517";"3,8";"40"
"MISS TIDE";"02439";"2025-12-07 20:18:00";"-40,1571666667";"-56,5045";"4,3";"60"
"MISS TIDE";"02439";"2025-12-07 20:33:00";"-40,172";"-56,5205";"3,8";"230"
"MISS TIDE";"02439";"2025-12-07 20:48:00";"-40,1766666667";"-56,5288333333";"6,5";"35"
"MISS TIDE";"02439";"2025-12-07 21:03:00";"-40,163";"-56,5121666667";"3,8";"40"
"MISS TIDE";"02439";"2025-12-07 21:18:00";"-40,1653333333";"-56,5091666667";"4,3";"215"
"MISS TIDE";"02439";"2025-12-07 21:33:00";"-40,1788333333";"-56,5245";"2,7";"210"
"MISS TIDE";"02439";"2025-12-07 21:48:00";"-40,1733333333";"-56,5208333333";"4,3";"35"
"MISS TIDE";"02439";"2025-12-07 22:03:00";"-40,162";"-56,5063333333";"1,6";"50"
"MISS TIDE";"02439";"2025-12-07 22:18:00";"-40,1711666667";"-56,5186666667";"3,8";"220"
"MISS TIDE";"02439";"2025-12-07 22:33:00";"-40,1821666667";"-56,5308333333";"3,8";"265"
"MISS TIDE";"02439";"2025-12-07 22:48:00";"-40,1733333333";"-56,5186666667";"3,8";"40"
"MISS TIDE";"02439";"2025-12-07 23:03:00";"-40,1633333333";"-56,5055";"3,8";"55"
"MISS TIDE";"02439";"2025-12-07 23:18:00";"-40,1713333333";"-56,5145";"3,8";"215"
"MISS TIDE";"02439";"2025-12-07 23:33:00";"-40,1828333333";"-56,5258333333";"3,8";"220"
"MISS TIDE";"02439";"2025-12-07 23:48:00";"-40,1711666667";"-56,5136666667";"3,8";"35"
"MISS TIDE";"02439";"2025-12-08 00:03:00";"-40,1645";"-56,507";"5,9";"235"
"MISS TIDE";"02439";"2025-12-08 00:18:00";"-40,1775";"-56,5245";"3,8";"220"
"MISS TIDE";"02439";"2025-12-08 00:33:00";"-40,1791666667";"-56,5211666667";"4,3";"50"
"MISS TIDE";"02439";"2025-12-08 00:48:00";"-40,1653333333";"-56,5063333333";"1,6";"45"
"MISS TIDE";"02439";"2025-12-08 01:03:00";"-40,1721666667";"-56,512";"3,8";"215"
"MISS TIDE";"02439";"2025-12-08 01:18:00";"-40,1828333333";"-56,5221666667";"2,2";"210"
"MISS TIDE";"02439";"2025-12-08 01:33:00";"-40,1725";"-56,5086666667";"4,3";"35"
"MISS TIDE";"02439";"2025-12-08 01:48:00";"-40,1613333333";"-56,4946666667";"2,7";"55"
"MISS TIDE";"02439";"2025-12-08 02:03:00";"-40,1563333333";"-56,5096666667";"3,8";"220"
"MISS TIDE";"02439";"2025-12-08 02:18:00";"-40,1661666667";"-56,5216666667";"1,1";"235"
"MISS TIDE";"02439";"2025-12-08 02:33:00";"-40,1666666667";"-56,5255";"4,3";"210"
"MISS TIDE";"02439";"2025-12-08 02:48:00";"-40,1538333333";"-56,5066666667";"4,3";"45"
"MISS TIDE";"02439";"2025-12-08 03:03:00";"-40,1436666667";"-56,4908333333";"5,4";"10"
"MISS TIDE";"02439";"2025-12-08 03:18:00";"-40,1546666667";"-56,5096666667";"4,3";"225"
"MISS TIDE";"02439";"2025-12-08 03:33:00";"-40,1588333333";"-56,5211666667";"7,0";"10"
"MISS TIDE";"02439";"2025-12-08 03:48:00";"-40,1753333333";"-56,525";"3,8";"185"
"MISS TIDE";"02439";"2025-12-08 04:03:00";"-40,188";"-56,5275";"4,9";"345"
"MISS TIDE";"02439";"2025-12-08 04:18:00";"-40,1678333333";"-56,5246666667";"3,8";"0"
"MISS TIDE";"02439";"2025-12-08 04:33:00";"-40,1561666667";"-56,5225";"6,5";"60"
"MISS TIDE";"02439";"2025-12-08 04:48:00";"-40,1413333333";"-56,497";"2,2";"40"
"MISS TIDE";"02439";"2025-12-08 04:58:00";"-40,1403333333";"-56,4936666667";"1,1";"0"
"MISS TIDE";"02439";"2025-12-08 05:14:00";"-40,1403333333";"-56,4905";"0,0";"115"
"MISS TIDE";"02439";"2025-12-08 05:29:00";"-40,1408333333";"-56,4883333333";"0,5";"50"
"MISS TIDE";"02439";"2025-12-08 05:44:00";"-40,1395";"-56,4861666667";"0,5";"105"
"MISS TIDE";"02439";"2025-12-08 05:59:00";"-40,1363333333";"-56,4836666667";"2,7";"205"
"MISS TIDE";"02439";"2025-12-08 06:14:00";"-40,135";"-56,4813333333";"3,8";"160"
"MISS TIDE";"02439";"2025-12-08 06:29:00";"-40,1491666667";"-56,4991666667";"3,8";"225"
"MISS TIDE";"02439";"2025-12-08 06:44:00";"-40,1528333333";"-56,5063333333";"7,0";"45"
"MISS TIDE";"02439";"2025-12-08 06:59:00";"-40,1546666667";"-56,5086666667";"3,8";"225"
"MISS TIDE";"02439";"2025-12-08 07:14:00";"-40,1645";"-56,5233333333";"5,4";"290"
"MISS TIDE";"02439";"2025-12-08 07:29:00";"-40,1788333333";"-56,5286666667";"3,8";"185"
"MISS TIDE";"02439";"2025-12-08 07:44:00";"-40,1875";"-56,528";"7,0";"10"
"MISS TIDE";"02439";"2025-12-08 07:59:00";"-40,1671666667";"-56,525";"3,8";"0"
"MISS TIDE";"02439";"2025-12-08 08:14:00";"-40,1645";"-56,5233333333";"3,8";"160"
"MISS TIDE";"02439";"2025-12-08 08:29:00";"-40,183";"-56,5253333333";"2,2";"170"
"MISS TIDE";"02439";"2025-12-08 08:44:00";"-40,1875";"-56,5233333333";"6,5";"45"
"MISS TIDE";"02439";"2025-12-08 08:59:00";"-40,1695";"-56,4991666667";"4,3";"40"
"MISS TIDE";"02439";"2025-12-08 09:14:00";"-40,1575";"-56,4833333333";"2,2";"25"
"MISS TIDE";"02439";"2025-12-08 09:29:00";"-40,1558333333";"-56,485";"3,8";"220"
"MISS TIDE";"02439";"2025-12-08 09:44:00";"-40,167";"-56,5003333333";"1,1";"215"
"MISS TIDE";"02439";"2025-12-08 09:59:00";"-40,162";"-56,4955";"3,8";"45"
"MISS TIDE";"02439";"2025-12-08 10:14:00";"-40,1516666667";"-56,4811666667";"1,6";"45"
"MISS TIDE";"02439";"2025-12-08 10:29:00";"-40,1596666667";"-56,4913333333";"3,8";"225"
"MISS TIDE";"02439";"2025-12-08 10:44:00";"-40,1691666667";"-56,5046666667";"4,9";"190"
"MISS TIDE";"02439";"2025-12-08 10:59:00";"-40,158";"-56,485";"3,8";"45"
"MISS TIDE";"02439";"2025-12-08 11:14:00";"-40,1538333333";"-56,4753333333";"6,5";"235"
"MISS TIDE";"02439";"2025-12-08 11:29:00";"-40,1658333333";"-56,4928333333";"3,8";"230"
"MISS TIDE";"02439";"2025-12-08 11:44:00";"-40,1628333333";"-56,4905";"4,3";"40"
"MISS TIDE";"02439";"2025-12-08 11:59:00";"-40,1525";"-56,4738333333";"1,1";"60"
"MISS TIDE";"02439";"2025-12-08 12:14:00";"-40,1555";"-56,4813333333";"3,8";"240"
"MISS TIDE";"02439";"2025-12-08 12:29:00";"-40,1645";"-56,4936666667";"3,2";"125"
"MISS TIDE";"02439";"2025-12-08 12:44:00";"-40,15";"-56,4761666667";"3,8";"45"
"MISS TIDE";"02439";"2025-12-08 12:59:00";"-40,1408333333";"-56,4578333333";"7,0";"50"
"MISS TIDE";"02439";"2025-12-08 13:14:00";"-40,1196666667";"-56,4313333333";"7,0";"15"
"MISS TIDE";"02439";"2025-12-08 13:29:00";"-40,1005";"-56,4238333333";"3,8";"10"
"MISS TIDE";"02439";"2025-12-08 13:44:00";"-40,0911666667";"-56,418";"7,6";"80"
"MISS TIDE";"02439";"2025-12-08 13:59:00";"-40,0858333333";"-56,3738333333";"8,1";"75"
"MISS TIDE";"02439";"2025-12-08 14:14:00";"-40,0738333333";"-56,333";"5,9";"50"
"MISS TIDE";"02439";"2025-12-08 14:29:00";"-40,062";"-56,315";"1,6";"55"
"MISS TIDE";"02439";"2025-12-08 14:44:00";"-40,0538333333";"-56,2908333333";"4,3";"60"
"MISS TIDE";"02439";"2025-12-08 14:59:00";"-40,0446666667";"-56,2755";"3,2";"85"
"MISS TIDE";"02439";"2025-12-08 15:14:00";"-40,0528333333";"-56,2705";"3,8";"185"
"MISS TIDE";"02439";"2025-12-08 15:29:00";"-40,0671666667";"-56,2703333333";"3,2";"175"
"MISS TIDE";"02439";"2025-12-08 15:44:00";"-40,0545";"-56,2711666667";"3,8";"355"
"MISS TIDE";"02439";"2025-12-08 15:59:00";"-40,0425";"-56,2695";"3,8";"185"
"MISS TIDE";"02439";"2025-12-08 16:14:00";"-40,0605";"-56,2821666667";"3,8";"225"
"MISS TIDE";"02439";"2025-12-08 16:29:00";"-40,0713333333";"-56,2903333333";"4,3";"200"
"MISS TIDE";"02439";"2025-12-08 16:44:00";"-40,0571666667";"-56,2803333333";"3,8";"35"
"MISS TIDE";"02439";"2025-12-08 16:59:00";"-40,0488333333";"-56,267";"4,3";"80"
"MISS TIDE";"02439";"2025-12-08 17:14:00";"-40,0605";"-56,2808333333";"3,8";"210"
"MISS TIDE";"02439";"2025-12-08 17:29:00";"-40,0733333333";"-56,2911666667";"1,1";"155"
"MISS TIDE";"02439";"2025-12-08 17:44:00";"-40,0671666667";"-56,2886666667";"3,8";"15"
"MISS TIDE";"02439";"2025-12-08 17:59:00";"-40,0496666667";"-56,2811666667";"4,3";"20"
"MISS TIDE";"02439";"2025-12-08 18:14:00";"-40,0313333333";"-56,2736666667";"4,3";"15"
"MISS TIDE";"02439";"2025-12-08 18:29:00";"-40,0458333333";"-56,2695";"5,4";"170"
"MISS TIDE";"02439";"2025-12-08 18:44:00";"-40,0475";"-56,2761666667";"4,9";"325"
"MISS TIDE";"02439";"2025-12-08 18:59:00";"-40,0466666667";"-56,2703333333";"4,3";"125"
"MISS TIDE";"02439";"2025-12-08 19:14:00";"-40,0633333333";"-56,2788333333";"3,8";"205"
"MISS TIDE";"02439";"2025-12-08 19:29:00";"-40,0775";"-56,2886666667";"1,6";"165"
"MISS TIDE";"02439";"2025-12-08 19:44:00";"-40,0683333333";"-56,2841666667";"3,8";"20"
"MISS TIDE";"02439";"2025-12-08 19:59:00";"-40,052";"-56,2741666667";"3,8";"20"
"MISS TIDE";"02439";"2025-12-08 20:14:00";"-40,0638333333";"-56,277";"3,2";"185"
"MISS TIDE";"02439";"2025-12-08 20:29:00";"-40,0795";"-56,288";"5,9";"285"
"MISS TIDE";"02439";"2025-12-08 20:44:00";"-40,0608333333";"-56,278";"4,3";"20"
"MISS TIDE";"02439";"2025-12-08 20:59:00";"-40,0486666667";"-56,2708333333";"2,7";"250"
"MISS TIDE";"02439";"2025-12-08 21:14:00";"-40,0653333333";"-56,2841666667";"4,3";"220"
"MISS TIDE";"02439";"2025-12-08 21:29:00";"-40,0775";"-56,29";"4,3";"185"
"MISS TIDE";"02439";"2025-12-08 21:44:00";"-40,0746666667";"-56,2871666667";"5,9";"355"
"MISS TIDE";"02439";"2025-12-08 21:59:00";"-40,065";"-56,2838333333";"4,9";"25"
"MISS TIDE";"02439";"2025-12-08 22:14:00";"-40,0513333333";"-56,2736666667";"2,7";"5"
"MISS TIDE";"02439";"2025-12-08 22:29:00";"-40,0613333333";"-56,2791666667";"4,3";"205"
"MISS TIDE";"02439";"2025-12-08 22:44:00";"-40,0753333333";"-56,2883333333";"1,1";"150"
"MISS TIDE";"02439";"2025-12-08 22:59:00";"-40,0853333333";"-56,2978333333";"3,2";"320"
"MISS TIDE";"02439";"2025-12-08 23:14:00";"-40,0663333333";"-56,2841666667";"3,8";"35"
"MISS TIDE";"02439";"2025-12-08 23:29:00";"-40,0545";"-56,2741666667";"1,6";"55"
"MISS TIDE";"02439";"2025-12-08 23:44:00";"-40,0655";"-56,2796666667";"3,8";"200"
"MISS TIDE";"02439";"2025-12-08 23:59:00";"-40,0783333333";"-56,2895";"1,6";"165"
"MISS TIDE";"02439";"2025-12-09 00:14:00";"-40,0691666667";"-56,2796666667";"4,3";"30"
"MISS TIDE";"02439";"2025-12-09 00:29:00";"-40,053";"-56,27";"2,7";"10"
"MISS TIDE";"02439";"2025-12-09 00:44:00";"-40,0588333333";"-56,2741666667";"3,8";"200"
"MISS TIDE";"02439";"2025-12-09 00:59:00";"-40,0738333333";"-56,2838333333";"3,8";"200"
"MISS TIDE";"02439";"2025-12-09 01:14:00";"-40,0696666667";"-56,287";"4,3";"5"
"MISS TIDE";"02439";"2025-12-09 01:29:00";"-40,053";"-56,2775";"3,8";"35"
"MISS TIDE";"02439";"2025-12-09 01:44:00";"-40,0538333333";"-56,2778333333";"4,3";"210"
"MISS TIDE";"02439";"2025-12-09 01:59:00";"-40,0675";"-56,2916666667";"3,8";"215"
"MISS TIDE";"02439";"2025-12-09 02:14:00";"-40,077";"-56,2983333333";"4,3";"215"
"MISS TIDE";"02439";"2025-12-09 02:29:00";"-40,0916666667";"-56,3146666667";"3,8";"220"
"MISS TIDE";"02439";"2025-12-09 02:44:00";"-40,0963333333";"-56,3163333333";"7,6";"25"
"MISS TIDE";"02439";"2025-12-09 02:59:00";"-40,0811666667";"-56,3021666667";"3,8";"35"
"MISS TIDE";"02439";"2025-12-09 03:14:00";"-40,0808333333";"-56,3036666667";"4,3";"225"
"MISS TIDE";"02439";"2025-12-09 03:29:00";"-40,0966666667";"-56,3233333333";"4,3";"220"
"MISS TIDE";"02439";"2025-12-09 03:44:00";"-40,092";"-56,32";"3,8";"40"
"MISS TIDE";"02439";"2025-12-09 03:59:00";"-40,08";"-56,3075";"2,2";"75"
"MISS TIDE";"02439";"2025-12-09 04:14:00";"-40,0858333333";"-56,3078333333";"4,3";"220"
"MISS TIDE";"02439";"2025-12-09 04:29:00";"-40,098";"-56,3188333333";"1,6";"170"
"MISS TIDE";"02439";"2025-12-09 04:44:00";"-40,0916666667";"-56,3246666667";"4,3";"335"
"MISS TIDE";"02439";"2025-12-09 04:59:00";"-40,0771666667";"-56,3313333333";"1,1";"350"
"MISS TIDE";"02439";"2025-12-09 05:14:00";"-40,0858333333";"-56,3283333333";"3,8";"150"
"MISS TIDE";"02439";"2025-12-09 05:29:00";"-40,0983333333";"-56,3216666667";"4,3";"210"
"MISS TIDE";"02439";"2025-12-09 05:44:00";"-40,092";"-56,3155";"3,8";"30"
"MISS TIDE";"02439";"2025-12-09 05:59:00";"-40,0783333333";"-56,3011666667";"2,2";"65"
"MISS TIDE";"02439";"2025-12-09 06:14:00";"-40,082";"-56,302";"3,8";"215"
"MISS TIDE";"02439";"2025-12-09 06:29:00";"-40,0945";"-56,3163333333";"3,8";"215"
"MISS TIDE";"02439";"2025-12-09 06:44:00";"-40,0928333333";"-56,313";"4,3";"30"
"MISS TIDE";"02439";"2025-12-09 06:59:00";"-40,0795";"-56,298";"3,8";"40"
"MISS TIDE";"02439";"2025-12-09 07:14:00";"-40,0796666667";"-56,3";"3,8";"210"
"MISS TIDE";"02439";"2025-12-09 07:29:00";"-40,093";"-56,3138333333";"3,8";"220"
"MISS TIDE";"02439";"2025-12-09 07:44:00";"-40,0986666667";"-56,3228333333";"6,5";"25"
"MISS TIDE";"02439";"2025-12-09 07:59:00";"-40,0825";"-56,308";"4,3";"35"
"MISS TIDE";"02439";"2025-12-09 08:14:00";"-40,0746666667";"-56,298";"5,4";"220"
"MISS TIDE";"02439";"2025-12-09 08:29:00";"-40,0895";"-56,3136666667";"3,8";"215"
"MISS TIDE";"02439";"2025-12-09 08:44:00";"-40,0995";"-56,323";"5,4";"255"
"MISS TIDE";"02439";"2025-12-09 08:59:00";"-40,0841666667";"-56,3086666667";"4,3";"40"
"MISS TIDE";"02439";"2025-12-09 09:14:00";"-40,0753333333";"-56,2958333333";"3,8";"80"
"MISS TIDE";"02439";"2025-12-09 09:29:00";"-40,0861666667";"-56,3053333333";"3,8";"220"
"MISS TIDE";"02439";"2025-12-09 09:44:00";"-40,098";"-56,3171666667";"2,2";"150"
"MISS TIDE";"02439";"2025-12-09 09:59:00";"-40,0903333333";"-56,3166666667";"4,3";"40"
"MISS TIDE";"02439";"2025-12-09 10:14:00";"-40,0763333333";"-56,3021666667";"3,8";"40"
"MISS TIDE";"02439";"2025-12-09 10:29:00";"-40,0796666667";"-56,3063333333";"3,8";"215"
"MISS TIDE";"02439";"2025-12-09 10:44:00";"-40,0936666667";"-56,3203333333";"3,8";"220"
"MISS TIDE";"02439";"2025-12-09 10:59:00";"-40,0953333333";"-56,325";"6,5";"45"
"MISS TIDE";"02439";"2025-12-09 11:14:00";"-40,0805";"-56,3103333333";"4,3";"30"
"MISS TIDE";"02439";"2025-12-09 11:29:00";"-40,0813333333";"-56,3116666667";"3,8";"210"
"MISS TIDE";"02439";"2025-12-09 11:44:00";"-40,0953333333";"-56,3241666667";"2,2";"220"
"MISS TIDE";"02439";"2025-12-09 12:00:00";"-40,0966666667";"-56,3178333333";"6,5";"55"
"MISS TIDE";"02439";"2025-12-09 12:15:00";"-40,083";"-56,3016666667";"4,3";"40"
"MISS TIDE";"02439";"2025-12-09 12:30:00";"-40,0828333333";"-56,3011666667";"3,8";"215"
"MISS TIDE";"02439";"2025-12-09 12:45:00";"-40,0961666667";"-56,315";"3,8";"225"
"MISS TIDE";"02439";"2025-12-09 13:00:00";"-40,0933333333";"-56,3103333333";"4,3";"25"
"MISS TIDE";"02439";"2025-12-09 13:15:00";"-40,0786666667";"-56,297";"2,2";"35"
"MISS TIDE";"02439";"2025-12-09 13:30:00";"-40,0828333333";"-56,2988333333";"3,8";"230"
"MISS TIDE";"02439";"2025-12-09 13:45:00";"-40,0958333333";"-56,312";"1,1";"185"
"MISS TIDE";"02439";"2025-12-09 14:00:00";"-40,0903333333";"-56,3058333333";"3,8";"35"
"MISS TIDE";"02439";"2025-12-09 14:15:00";"-40,0775";"-56,293";"1,6";"45"
"MISS TIDE";"02439";"2025-12-09 14:30:00";"-40,0791666667";"-56,287";"2,7";"220"
"MISS TIDE";"02439";"2025-12-09 14:45:00";"-40,0903333333";"-56,305";"3,8";"210"
"MISS TIDE";"02439";"2025-12-09 15:00:00";"-40,1005";"-56,3146666667";"1,6";"220"
"MISS TIDE";"02439";"2025-12-09 15:15:00";"-40,0933333333";"-56,3075";"4,9";"35"
"MISS TIDE";"02439";"2025-12-09 15:30:00";"-40,0811666667";"-56,2936666667";"1,1";"50"
"MISS TIDE";"02439";"2025-12-09 15:45:00";"-40,0878333333";"-56,3003333333";"4,3";"225"
"MISS TIDE";"02439";"2025-12-09 16:00:00";"-40,1008333333";"-56,3133333333";"1,1";"175"
"MISS TIDE";"02439";"2025-12-09 16:15:00";"-40,0971666667";"-56,3095";"4,3";"30"
"MISS TIDE";"02439";"2025-12-09 16:30:00";"-40,083";"-56,2945";"1,1";"45"
"MISS TIDE";"02439";"2025-12-09 16:45:00";"-40,088";"-56,2995";"3,8";"215"
"MISS TIDE";"02439";"2025-12-09 17:00:00";"-40,1013333333";"-56,3128333333";"1,1";"205"
"MISS TIDE";"02439";"2025-12-09 17:15:00";"-40,097";"-56,3083333333";"3,8";"45"
"MISS TIDE";"02439";"2025-12-09 17:30:00";"-40,0838333333";"-56,2936666667";"1,6";"45"
"MISS TIDE";"02439";"2025-12-09 17:45:00";"-40,0883333333";"-56,2986666667";"3,8";"225"
"MISS TIDE";"02439";"2025-12-09 18:00:00";"-40,1008333333";"-56,3116666667";"1,1";"195"
"MISS TIDE";"02439";"2025-12-09 18:15:00";"-40,098";"-56,3083333333";"3,8";"40"
"MISS TIDE";"02439";"2025-12-09 18:30:00";"-40,0846666667";"-56,293";"3,8";"45"
"MISS TIDE";"02439";"2025-12-09 18:45:00";"-40,0878333333";"-56,2961666667";"3,8";"225"
"MISS TIDE";"02439";"2025-12-09 19:00:00";"-40,1008333333";"-56,3103333333";"4,3";"220"
"MISS TIDE";"02439";"2025-12-09 19:15:00";"-40,0986666667";"-56,3061666667";"3,8";"35"
"MISS TIDE";"02439";"2025-12-09 19:30:00";"-40,0845";"-56,2911666667";"4,3";"35"
"MISS TIDE";"02439";"2025-12-09 19:45:00";"-40,0845";"-56,2875";"3,8";"210"
"MISS TIDE";"02439";"2025-12-09 20:00:00";"-40,0986666667";"-56,3021666667";"3,8";"220"
"MISS TIDE";"02439";"2025-12-09 20:15:00";"-40,1";"-56,3046666667";"4,9";"45"
"MISS TIDE";"02439";"2025-12-09 20:30:00";"-40,0863333333";"-56,29";"3,8";"40"
"MISS TIDE";"02439";"2025-12-09 20:45:00";"-40,08";"-56,2788333333";"6,5";"210"
"MISS TIDE";"02439";"2025-12-09 21:00:00";"-40,0955";"-56,2941666667";"3,8";"220"
"MISS TIDE";"02439";"2025-12-09 21:15:00";"-40,1053333333";"-56,302";"5,4";"45"
"MISS TIDE";"02439";"2025-12-09 21:30:00";"-40,0905";"-56,2841666667";"4,3";"40"
"MISS TIDE";"02439";"2025-12-09 21:45:00";"-40,0788333333";"-56,2745";"5,4";"320"
"MISS TIDE";"02439";"2025-12-09 22:00:00";"-40,0891666667";"-56,2971666667";"3,8";"215"
"MISS TIDE";"02439";"2025-12-09 22:15:00";"-40,1013333333";"-56,3091666667";"0,5";"185"
"MISS TIDE";"02439";"2025-12-09 22:30:00";"-40,0955";"-56,3033333333";"3,8";"35"
"MISS TIDE";"02439";"2025-12-09 22:45:00";"-40,082";"-56,2888333333";"1,1";"45"
"MISS TIDE";"02439";"2025-12-09 23:00:00";"-40,087";"-56,293";"4,3";"215"
"MISS TIDE";"02439";"2025-12-09 23:15:00";"-40,1003333333";"-56,3063333333";"1,1";"190"
"MISS TIDE";"02439";"2025-12-09 23:30:00";"-40,1013333333";"-56,3171666667";"5,9";"220"
"MISS TIDE";"02439";"2025-12-09 23:45:00";"-40,1125";"-56,3283333333";"3,2";"180"
"MISS TIDE";"02439";"2025-12-10 00:00:00";"-40,0966666667";"-56,3153333333";"3,8";"30"
"MISS TIDE";"02439";"2025-12-10 00:15:00";"-40,0863333333";"-56,3038333333";"4,9";"40"
"MISS TIDE";"02439";"2025-12-10 00:30:00";"-40,098";"-56,317";"3,8";"210"
"MISS TIDE";"02439";"2025-12-10 00:45:00";"-40,1096666667";"-56,3261666667";"5,4";"215"
"MISS TIDE";"02439";"2025-12-10 01:00:00";"-40,0986666667";"-56,3153333333";"4,3";"35"
"MISS TIDE";"02439";"2025-12-10 01:15:00";"-40,0886666667";"-56,3033333333";"4,3";"65"
"MISS TIDE";"02439";"2025-12-10 01:30:00";"-40,1005";"-56,3161666667";"4,3";"210"
"MISS TIDE";"02439";"2025-12-10 01:45:00";"-40,1066666667";"-56,3145";"6,5";"40"
"MISS TIDE";"02439";"2025-12-10 02:00:00";"-40,0925";"-56,2983333333";"4,3";"40"
"MISS TIDE";"02439";"2025-12-10 02:15:00";"-40,0811666667";"-56,2863333333";"4,3";"325"
"MISS TIDE";"02439";"2025-12-10 02:30:00";"-40,0961666667";"-56,3013333333";"3,8";"210"
"MISS TIDE";"02439";"2025-12-10 02:45:00";"-40,107";"-56,31";"3,8";"320"
"MISS TIDE";"02439";"2025-12-10 03:00:00";"-40,0913333333";"-56,2936666667";"3,8";"35"
"MISS TIDE";"02439";"2025-12-10 03:15:00";"-40,0808333333";"-56,2796666667";"3,2";"85"
"MISS TIDE";"02439";"2025-12-10 03:30:00";"-40,0928333333";"-56,2921666667";"3,8";"215"
"MISS TIDE";"02439";"2025-12-10 03:45:00";"-40,1058333333";"-56,3038333333";"1,1";"190"
"MISS TIDE";"02439";"2025-12-10 04:00:00";"-40,1003333333";"-56,3161666667";"3,8";"330"
"MISS TIDE";"02439";"2025-12-10 04:15:00";"-40,0841666667";"-56,3238333333";"3,8";"340"
"MISS TIDE";"02439";"2025-12-10 04:30:00";"-40,0858333333";"-56,3263333333";"4,9";"165"
"MISS TIDE";"02439";"2025-12-10 04:45:00";"-40,1058333333";"-56,3216666667";"3,2";"165"
"MISS TIDE";"02439";"2025-12-10 05:00:00";"-40,1063333333";"-56,308";"3,2";"280"
"MISS TIDE";"02439";"2025-12-10 05:15:00";"-40,09";"-56,2946666667";"4,3";"30"
"MISS TIDE";"02439";"2025-12-10 05:30:00";"-40,08";"-56,2805";"2,7";"80"
"MISS TIDE";"02439";"2025-12-10 05:45:00";"-40,0886666667";"-56,2903333333";"3,8";"210"
"MISS TIDE";"02439";"2025-12-10 06:00:00";"-40,1011666667";"-56,303";"0,5";"155"
"MISS TIDE";"02439";"2025-12-10 06:15:00";"-40,0961666667";"-56,2971666667";"3,8";"35"
"MISS TIDE";"02439";"2025-12-10 06:30:00";"-40,0821666667";"-56,2828333333";"3,8";"35"
"MISS TIDE";"02439";"2025-12-10 06:45:00";"-40,0796666667";"-56,2788333333";"5,9";"220"
"MISS TIDE";"02439";"2025-12-10 07:00:00";"-40,093";"-56,2936666667";"3,8";"220"
"MISS TIDE";"02439";"2025-12-10 07:15:00";"-40,103";"-56,302";"2,2";"190"
"MISS TIDE";"02439";"2025-12-10 07:30:00";"-40,093";"-56,2913333333";"4,3";"35"
"MISS TIDE";"02439";"2025-12-10 07:45:00";"-40,08";"-56,2778333333";"1,6";"50"
"MISS TIDE";"02439";"2025-12-10 08:00:00";"-40,0853333333";"-56,2825";"3,8";"225"
"MISS TIDE";"02439";"2025-12-10 08:15:00";"-40,0986666667";"-56,2961666667";"3,8";"215"
"MISS TIDE";"02439";"2025-12-10 08:30:00";"-40,1041666667";"-56,3025";"6,5";"20"
"MISS TIDE";"02439";"2025-12-10 08:45:00";"-40,0875";"-56,2878333333";"4,3";"30"
"MISS TIDE";"02439";"2025-12-10 09:00:00";"-40,0761666667";"-56,2761666667";"1,1";"50"
"MISS TIDE";"02439";"2025-12-10 09:15:00";"-40,0878333333";"-56,2845";"3,8";"210"
"MISS TIDE";"02439";"2025-12-10 09:30:00";"-40,1016666667";"-56,2986666667";"3,8";"215"
"MISS TIDE";"02439";"2025-12-10 09:45:00";"-40,0988333333";"-56,295";"4,3";"35"
"MISS TIDE";"02439";"2025-12-10 10:00:00";"-40,0841666667";"-56,2805";"4,3";"30"
"MISS TIDE";"02439";"2025-12-10 10:15:00";"-40,0791666667";"-56,2755";"6,5";"210"
"MISS TIDE";"02439";"2025-12-10 10:30:00";"-40,0936666667";"-56,2895";"4,3";"205"
"MISS TIDE";"02439";"2025-12-10 10:45:00";"-40,1036666667";"-56,2988333333";"4,9";"180"
"MISS TIDE";"02439";"2025-12-10 11:00:00";"-40,0925";"-56,2875";"4,3";"35"
"MISS TIDE";"02439";"2025-12-10 11:15:00";"-40,0803333333";"-56,2755";"1,6";"40"
"MISS TIDE";"02439";"2025-12-10 11:30:00";"-40,0863333333";"-56,282";"3,8";"205"
"MISS TIDE";"02439";"2025-12-10 11:45:00";"-40,1";"-56,2958333333";"2,7";"220"
"MISS TIDE";"02439";"2025-12-10 12:00:00";"-40,0961666667";"-56,2896666667";"4,3";"35"
"MISS TIDE";"02439";"2025-12-10 12:15:00";"-40,0821666667";"-56,275";"4,9";"30"
"MISS TIDE";"02439";"2025-12-10 12:30:00";"-40,0813333333";"-56,2725";"5,9";"220"
"MISS TIDE";"02439";"2025-12-10 12:45:00";"-40,0953333333";"-56,2866666667";"3,8";"215"
"MISS TIDE";"02439";"2025-12-10 13:00:00";"-40,1033333333";"-56,293";"4,3";"310"
"MISS TIDE";"02439";"2025-12-10 13:15:00";"-40,087";"-56,278";"3,8";"30"
"MISS TIDE";"02439";"2025-12-10 13:30:00";"-40,0766666667";"-56,2671666667";"3,2";"300"
"MISS TIDE";"02439";"2025-12-10 13:45:00";"-40,0925";"-56,2825";"3,8";"215"
"MISS TIDE";"02439";"2025-12-10 14:00:00";"-40,1028333333";"-56,2941666667";"3,8";"170"
"MISS TIDE";"02439";"2025-12-10 14:15:00";"-40,0888333333";"-56,278";"3,8";"30"
"MISS TIDE";"02439";"2025-12-10 14:30:00";"-40,0786666667";"-56,2663333333";"4,9";"55"
"MISS TIDE";"02439";"2025-12-10 14:45:00";"-40,048";"-56,2505";"8,1";"20"
"MISS TIDE";"02439";"2025-12-10 15:00:00";"-40,0161666667";"-56,235";"8,1";"20"
"MISS TIDE";"02439";"2025-12-10 15:15:00";"-39,9833333333";"-56,2191666667";"5,9";"20"
"MISS TIDE";"02439";"2025-12-10 15:30:00";"-39,9505";"-56,2033333333";"8,6";"10"
"MISS TIDE";"02439";"2025-12-10 15:45:00";"-39,9138333333";"-56,1886666667";"8,6";"20"
"MISS TIDE";"02439";"2025-12-10 16:00:00";"-39,878";"-56,1736666667";"8,6";"20"
"MISS TIDE";"02439";"2025-12-10 16:15:00";"-39,8425";"-56,1595";"8,6";"20"
"MISS TIDE";"02439";"2025-12-10 16:30:00";"-39,8063333333";"-56,1471666667";"8,6";"10"
"MISS TIDE";"02439";"2025-12-10 16:45:00";"-39,7703333333";"-56,1371666667";"8,1";"10"
"MISS TIDE";"02439";"2025-12-10 17:00:00";"-39,7341666667";"-56,128";"8,6";"10"
"MISS TIDE";"02439";"2025-12-10 17:15:00";"-39,6978333333";"-56,1188333333";"8,6";"10"
"MISS TIDE";"02439";"2025-12-10 17:30:00";"-39,6613333333";"-56,1103333333";"9,2";"5"
"MISS TIDE";"02439";"2025-12-10 17:45:00";"-39,6258333333";"-56,1013333333";"7,6";"10"
"MISS TIDE";"02439";"2025-12-10 18:00:00";"-39,5905";"-56,0928333333";"8,6";"5"
"MISS TIDE";"02439";"2025-12-10 18:15:00";"-39,555";"-56,0841666667";"8,6";"10"
"MISS TIDE";"02439";"2025-12-10 18:30:00";"-39,5196666667";"-56,0758333333";"8,1";"10"
"MISS TIDE";"02439";"2025-12-10 18:45:00";"-39,4846666667";"-56,0666666667";"8,1";"5"
"MISS TIDE";"02439";"2025-12-10 19:00:00";"-39,4496666667";"-56,057";"8,6";"10"
"MISS TIDE";"02439";"2025-12-10 19:15:00";"-39,4141666667";"-56,0466666667";"8,6";"10"
"MISS TIDE";"02439";"2025-12-10 19:30:00";"-39,3788333333";"-56,037";"8,6";"5"
"MISS TIDE";"02439";"2025-12-10 19:45:00";"-39,3436666667";"-56,0266666667";"8,6";"10"
"MISS TIDE";"02439";"2025-12-10 20:00:00";"-39,308";"-56,0153333333";"8,6";"10"
"MISS TIDE";"02439";"2025-12-10 20:15:00";"-39,2733333333";"-56,0038333333";"8,1";"20"
"MISS TIDE";"02439";"2025-12-10 20:30:00";"-39,2388333333";"-55,9921666667";"8,6";"15"
"MISS TIDE";"02439";"2025-12-10 20:45:00";"-39,2053333333";"-55,9813333333";"8,1";"15"
"MISS TIDE";"02439";"2025-12-10 21:00:00";"-39,1708333333";"-55,9705";"8,1";"15"
"MISS TIDE";"02439";"2025-12-10 21:15:00";"-39,1366666667";"-55,96";"8,1";"10"
"MISS TIDE";"02439";"2025-12-10 21:30:00";"-39,1025";"-55,9496666667";"8,1";"10"
"MISS TIDE";"02439";"2025-12-10 21:45:00";"-39,0686666667";"-55,9386666667";"8,6";"10"
"MISS TIDE";"02439";"2025-12-10 22:00:00";"-39,035";"-55,927";"7,6";"15"
"MISS TIDE";"02439";"2025-12-10 22:15:00";"-39,0013333333";"-55,9163333333";"8,1";"15"
"MISS TIDE";"02439";"2025-12-10 22:30:00";"-38,9675";"-55,9063333333";"8,1";"10"
"MISS TIDE";"02439";"2025-12-10 22:45:00";"-38,9333333333";"-55,8963333333";"8,6";"5"
"MISS TIDE";"02439";"2025-12-10 23:00:00";"-38,8988333333";"-55,8858333333";"8,1";"5"
"MISS TIDE";"02439";"2025-12-10 23:15:00";"-38,8645";"-55,8755";"8,6";"20"
"MISS TIDE";"02439";"2025-12-10 23:30:00";"-38,8303333333";"-55,8653333333";"8,1";"20"
"MISS TIDE";"02439";"2025-12-10 23:45:00";"-38,7958333333";"-55,8555";"8,1";"15"
"MISS TIDE";"02439";"2025-12-11 00:00:00";"-38,7613333333";"-55,8453333333";"8,1";"10"
"MISS TIDE";"02439";"2025-12-11 00:15:00";"-38,7266666667";"-55,835";"8,1";"10"
"MISS TIDE";"02439";"2025-12-11 00:30:00";"-38,6916666667";"-55,825";"7,6";"15"
"MISS TIDE";"02439";"2025-12-11 00:45:00";"-38,6563333333";"-55,815";"8,6";"5"
"MISS TIDE";"02439";"2025-12-11 01:00:00";"-38,6213333333";"-55,805";"8,6";"15"
"MISS TIDE";"02439";"2025-12-11 01:15:00";"-38,5863333333";"-55,797";"8,6";"10"
"MISS TIDE";"02439";"2025-12-11 01:30:00";"-38,5511666667";"-55,7903333333";"8,1";"0"
"MISS TIDE";"02439";"2025-12-11 01:45:00";"-38,515";"-55,7878333333";"8,1";"355"
"MISS TIDE";"02439";"2025-12-11 02:00:00";"-38,4791666667";"-55,7855";"8,1";"0"
"MISS TIDE";"02439";"2025-12-11 02:15:00";"-38,457";"-55,7811666667";"4,9";"55"
"MISS TIDE";"02439";"2025-12-11 02:30:00";"-38,4391666667";"-55,7863333333";"3,8";"325"
"MISS TIDE";"02439";"2025-12-11 02:45:00";"-38,4313333333";"-55,7845";"3,8";"85"
"MISS TIDE";"02439";"2025-12-11 03:00:00";"-38,433";"-55,767";"3,8";"100"
"MISS TIDE";"02439";"2025-12-11 03:15:00";"-38,4308333333";"-55,7811666667";"4,3";"260"
"MISS TIDE";"02439";"2025-12-11 03:30:00";"-38,4313333333";"-55,7821666667";"3,8";"110"
"MISS TIDE";"02439";"2025-12-11 03:45:00";"-38,433";"-55,7641666667";"2,7";"95"
"MISS TIDE";"02439";"2025-12-11 04:00:00";"-38,4311666667";"-55,7821666667";"3,8";"270"
"MISS TIDE";"02439";"2025-12-11 04:15:00";"-38,433";"-55,783";"3,8";"90"
"MISS TIDE";"02439";"2025-12-11 04:30:00";"-38,435";"-55,7638333333";"1,6";"105"
"MISS TIDE";"02439";"2025-12-11 04:45:00";"-38,4325";"-55,7795";"3,8";"280"
"MISS TIDE";"02439";"2025-12-11 05:00:00";"-38,4311666667";"-55,788";"5,9";"105"
"MISS TIDE";"02439";"2025-12-11 05:15:00";"-38,433";"-55,7645";"1,6";"90"
"MISS TIDE";"02439";"2025-12-11 05:30:00";"-38,4355";"-55,742";"3,8";"110"
"MISS TIDE";"02439";"2025-12-11 05:45:00";"-38,4383333333";"-55,7288333333";"5,9";"275"
"MISS TIDE";"02439";"2025-12-11 06:00:00";"-38,4346666667";"-55,7538333333";"3,8";"290"
"MISS TIDE";"02439";"2025-12-11 06:15:00";"-38,4325";"-55,7611666667";"5,9";"90"
"MISS TIDE";"02439";"2025-12-11 06:30:00";"-38,43";"-55,765";"3,2";"285"
"MISS TIDE";"02439";"2025-12-11 06:45:00";"-38,427";"-55,7821666667";"2,2";"270"
"MISS TIDE";"02439";"2025-12-11 07:00:00";"-38,423";"-55,7716666667";"3,8";"80"
"MISS TIDE";"02439";"2025-12-11 07:15:00";"-38,4286666667";"-55,75";"4,3";"120"
"MISS TIDE";"02439";"2025-12-11 07:30:00";"-38,4333333333";"-55,732";"5,4";"115"
"MISS TIDE";"02439";"2025-12-11 07:45:00";"-38,438";"-55,7446666667";"3,8";"265"
"MISS TIDE";"02439";"2025-12-11 08:00:00";"-38,44";"-55,7561666667";"2,2";"230"
"MISS TIDE";"02439";"2025-12-11 08:15:00";"-38,438";"-55,7675";"3,8";"270"
"MISS TIDE";"02439";"2025-12-11 08:30:00";"-38,4361666667";"-55,7845";"5,4";"270"
"MISS TIDE";"02439";"2025-12-11 08:45:00";"-38,433";"-55,7716666667";"4,3";"75"
"MISS TIDE";"02439";"2025-12-11 09:00:00";"-38,4336666667";"-55,7616666667";"5,4";"265"
"MISS TIDE";"02439";"2025-12-11 09:15:00";"-38,4363333333";"-55,7841666667";"4,3";"260"
"MISS TIDE";"02439";"2025-12-11 09:30:00";"-38,4341666667";"-55,7811666667";"4,3";"95"
"MISS TIDE";"02439";"2025-12-11 09:45:00";"-38,433";"-55,7608333333";"1,6";"60"
"MISS TIDE";"02439";"2025-12-11 10:00:00";"-38,4355";"-55,7366666667";"4,3";"105"
"MISS TIDE";"02439";"2025-12-11 10:15:00";"-38,4345";"-55,723";"5,9";"295"
"MISS TIDE";"02439";"2025-12-11 10:30:00";"-38,4286666667";"-55,7408333333";"5,9";"260"
"MISS TIDE";"02439";"2025-12-11 10:45:00";"-38,4313333333";"-55,7603333333";"4,3";"335"
"MISS TIDE";"02439";"2025-12-11 11:00:00";"-38,4338333333";"-55,7795";"3,8";"260"
"MISS TIDE";"02439";"2025-12-11 11:15:00";"-38,4321666667";"-55,7958333333";"4,9";"25"
"MISS TIDE";"02439";"2025-12-11 11:30:00";"-38,4333333333";"-55,7711666667";"4,3";"85"
"MISS TIDE";"02439";"2025-12-11 11:45:00";"-38,4341666667";"-55,7571666667";"4,3";"270"
"MISS TIDE";"02439";"2025-12-11 12:00:00";"-38,433";"-55,7836666667";"3,8";"285"
"MISS TIDE";"02439";"2025-12-11 12:15:00";"-38,42";"-55,7875";"8,6";"50"
"MISS TIDE";"02439";"2025-12-11 12:30:00";"-38,3941666667";"-55,7495";"9,2";"45"
"MISS TIDE";"02439";"2025-12-11 12:45:00";"-38,3705";"-55,7103333333";"8,6";"55"
"MISS TIDE";"02439";"2025-12-11 13:00:00";"-38,3425";"-55,677";"8,6";"35"
"MISS TIDE";"02439";"2025-12-11 13:15:00";"-38,322";"-55,658";"4,3";"30"
"MISS TIDE";"02439";"2025-12-11 13:30:00";"-38,3103333333";"-55,6458333333";"3,8";"135"
"MISS TIDE";"02439";"2025-12-11 13:45:00";"-38,322";"-55,6633333333";"3,2";"230"
"MISS TIDE";"02439";"2025-12-11 14:00:00";"-38,325";"-55,6641666667";"6,5";"70"
"MISS TIDE";"02439";"2025-12-11 14:15:00";"-38,3136666667";"-55,627";"7,6";"65"
"MISS TIDE";"02439";"2025-12-11 14:30:00";"-38,3028333333";"-55,5933333333";"4,3";"60"
"MISS TIDE";"02439";"2025-12-11 14:45:00";"-38,2966666667";"-55,5758333333";"2,7";"65"
"MISS TIDE";"02439";"2025-12-11 15:00:00";"-38,2908333333";"-55,5491666667";"4,3";"80"
"MISS TIDE";"02439";"2025-12-11 15:15:00";"-38,2896666667";"-55,5316666667";"2,2";"90"
"MISS TIDE";"02439";"2025-12-11 15:30:00";"-38,2905";"-55,5396666667";"4,9";"270"
"MISS TIDE";"02439";"2025-12-11 15:45:00";"-38,2888333333";"-55,5578333333";"7,0";"265"
"MISS TIDE";"02439";"2025-12-11 16:00:00";"-38,2878333333";"-55,5361666667";"4,3";"100"
"MISS TIDE";"02439";"2025-12-11 16:15:00";"-38,2883333333";"-55,5245";"5,9";"260"
"MISS TIDE";"02439";"2025-12-11 16:30:00";"-38,2888333333";"-55,5475";"3,2";"270"
"MISS TIDE";"02439";"2025-12-11 16:45:00";"-38,2783333333";"-55,5495";"4,9";"25"
"MISS TIDE";"02439";"2025-12-11 17:00:00";"-38,263";"-55,5391666667";"1,6";"40"
"MISS TIDE";"02439";"2025-12-11 17:15:00";"-38,2616666667";"-55,5383333333";"5,9";"225"
"MISS TIDE";"02439";"2025-12-11 17:30:00";"-38,2571666667";"-55,54";"8,1";"45"
"MISS TIDE";"02439";"2025-12-11 17:45:00";"-38,2313333333";"-55,5091666667";"9,2";"45"
"MISS TIDE";"02439";"2025-12-11 18:00:00";"-38,2061666667";"-55,4766666667";"8,6";"40"
"MISS TIDE";"02439";"2025-12-11 18:15:00";"-38,1796666667";"-55,4446666667";"8,6";"40"
"MISS TIDE";"02439";"2025-12-11 18:30:00";"-38,1561666667";"-55,4116666667";"7,6";"55"
"MISS TIDE";"02439";"2025-12-11 18:45:00";"-38,145";"-55,3913333333";"3,8";"55"
"MISS TIDE";"02439";"2025-12-11 19:00:00";"-38,1303333333";"-55,377";"5,4";"25"
"MISS TIDE";"02439";"2025-12-11 19:15:00";"-38,1145";"-55,3658333333";"3,8";"10"
"MISS TIDE";"02439";"2025-12-11 19:30:00";"-38,103";"-55,3696666667";"4,9";"265"
"MISS TIDE";"02439";"2025-12-11 19:45:00";"-38,103";"-55,3916666667";"3,8";"270"
"MISS TIDE";"02439";"2025-12-11 20:00:00";"-38,1008333333";"-55,4013333333";"2,2";"270"
"MISS TIDE";"02439";"2025-12-11 20:15:00";"-38,108";"-55,3853333333";"4,3";"120"
"MISS TIDE";"02439";"2025-12-11 20:30:00";"-38,1166666667";"-55,3705";"1,1";"115"
"MISS TIDE";"02439";"2025-12-11 20:45:00";"-38,1205";"-55,3866666667";"3,8";"270"
"MISS TIDE";"02439";"2025-12-11 21:00:00";"-38,1195";"-55,4058333333";"3,2";"300"
"MISS TIDE";"02439";"2025-12-11 21:15:00";"-38,1391666667";"-55,4061666667";"4,3";"165"
"MISS TIDE";"02439";"2025-12-11 21:30:00";"-38,1516666667";"-55,402";"0,5";"135"
"MISS TIDE";"02439";"2025-12-11 21:45:00";"-38,1471666667";"-55,4128333333";"4,3";"330"
"MISS TIDE";"02439";"2025-12-11 22:00:00";"-38,1338333333";"-55,4236666667";"1,6";"330"
"MISS TIDE";"02439";"2025-12-11 22:15:00";"-38,137";"-55,4221666667";"4,3";"155"
"MISS TIDE";"02439";"2025-12-11 22:30:00";"-38,1511666667";"-55,4108333333";"0,5";"170"
"MISS TIDE";"02439";"2025-12-11 22:45:00";"-38,1575";"-55,4016666667";"3,2";"135"
"MISS TIDE";"02439";"2025-12-11 23:00:00";"-38,1653333333";"-55,3941666667";"5,4";"310"
"MISS TIDE";"02439";"2025-12-11 23:15:00";"-38,1446666667";"-55,3996666667";"2,7";"125"
"MISS TIDE";"02439";"2025-12-11 23:30:00";"-38,1275";"-55,4046666667";"7,6";"355"
"MISS TIDE";"02439";"2025-12-11 23:45:00";"-38,0953333333";"-55,41";"7,6";"350"
"MISS TIDE";"02439";"2025-12-12 00:00:00";"-38,0641666667";"-55,415";"3,8";"45"
"MISS TIDE";"02439";"2025-12-12 00:15:00";"-38,0613333333";"-55,4186666667";"3,2";"0"
"MISS TIDE";"02439";"2025-12-12 00:30:00";"-38,053";"-55,4216666667";"7,6";"345"
"MISS TIDE";"02439";"2025-12-12 00:45:00";"-38,0286666667";"-55,4288333333";"5,4";"350"
"MISS TIDE";"02439";"2025-12-12 01:00:00";"-38,0103333333";"-55,4321666667";"2,7";"45"
"MISS TIDE";"02439";"2025-12-12 01:15:00";"-38,0003333333";"-55,4346666667";"6,5";"345"
"MISS TIDE";"02439";"2025-12-12 01:30:00";"-37,9891666667";"-55,468";"9,2";"255"
"MISS TIDE";"02439";"2025-12-12 01:45:00";"-37,9921666667";"-55,5178333333";"9,7";"265"
"MISS TIDE";"02439";"2025-12-12 02:00:00";"-37,9961666667";"-55,5678333333";"8,6";"260"
"MISS TIDE";"02439";"2025-12-12 02:15:00";"-38,0003333333";"-55,6166666667";"8,6";"265"
"MISS TIDE";"02439";"2025-12-12 02:30:00";"-38,003";"-55,6646666667";"8,1";"260"
"MISS TIDE";"02439";"2025-12-12 02:45:00";"-38,0058333333";"-55,705";"6,5";"255"
"MISS TIDE";"02439";"2025-12-12 03:00:00";"-38,0095";"-55,7416666667";"7,6";"260"
"MISS TIDE";"02439";"2025-12-12 03:15:00";"-38,0136666667";"-55,777";"7,0";"260"
"MISS TIDE";"02439";"2025-12-12 03:30:00";"-38,0183333333";"-55,8121666667";"7,6";"255"
"MISS TIDE";"02439";"2025-12-12 03:45:00";"-38,0186666667";"-55,8466666667";"5,9";"270"
"MISS TIDE";"02439";"2025-12-12 04:00:00";"-38,0188333333";"-55,8813333333";"6,5";"260"
"MISS TIDE";"02439";"2025-12-12 04:16:00";"-38,0191666667";"-55,9166666667";"7,0";"270"
"MISS TIDE";"02439";"2025-12-12 04:31:00";"-38,02";"-55,9538333333";"6,5";"270"
"MISS TIDE";"02439";"2025-12-12 04:46:00";"-38,022";"-55,9913333333";"5,9";"265"
"MISS TIDE";"02439";"2025-12-12 05:01:00";"-38,0238333333";"-56,0288333333";"7,6";"265"
"MISS TIDE";"02439";"2025-12-12 05:16:00";"-38,0258333333";"-56,0661666667";"7,6";"265"
"MISS TIDE";"02439";"2025-12-12 05:31:00";"-38,0275";"-56,1028333333";"6,5";"265"
"MISS TIDE";"02439";"2025-12-12 05:46:00";"-38,0291666667";"-56,1383333333";"5,9";"265"
"MISS TIDE";"02439";"2025-12-12 06:01:00";"-38,0308333333";"-56,173";"7,0";"265"
"MISS TIDE";"02439";"2025-12-12 06:16:00";"-38,032";"-56,2071666667";"5,9";"265"
"MISS TIDE";"02439";"2025-12-12 06:31:00";"-38,0321666667";"-56,2416666667";"5,9";"265"
"MISS TIDE";"02439";"2025-12-12 06:46:00";"-38,033";"-56,2761666667";"6,5";"265"
"MISS TIDE";"02439";"2025-12-12 07:01:00";"-38,0338333333";"-56,31";"5,9";"270"
"MISS TIDE";"02439";"2025-12-12 07:16:00";"-38,0338333333";"-56,3436666667";"5,9";"270"
"MISS TIDE";"02439";"2025-12-12 07:31:00";"-38,0341666667";"-56,3771666667";"6,5";"265"
"MISS TIDE";"02439";"2025-12-12 07:46:00";"-38,0341666667";"-56,4108333333";"5,9";"270"
"MISS TIDE";"02439";"2025-12-12 08:01:00";"-38,0336666667";"-56,4455";"6,5";"270"
"MISS TIDE";"02439";"2025-12-12 08:16:00";"-38,0328333333";"-56,4808333333";"6,5";"270"
"MISS TIDE";"02439";"2025-12-12 08:31:00";"-38,0328333333";"-56,5155";"5,4";"270"
"MISS TIDE";"02439";"2025-12-12 08:46:00";"-38,0325";"-56,5508333333";"5,9";"270"
"MISS TIDE";"02439";"2025-12-12 09:01:00";"-38,0321666667";"-56,5858333333";"6,5";"265"
"MISS TIDE";"02439";"2025-12-12 09:16:00";"-38,032";"-56,6208333333";"6,5";"270"
"MISS TIDE";"02439";"2025-12-12 09:31:00";"-38,0316666667";"-56,6571666667";"7,6";"270"
"MISS TIDE";"02439";"2025-12-12 09:46:00";"-38,0311666667";"-56,6955";"7,6";"270"
"MISS TIDE";"02439";"2025-12-12 10:01:00";"-38,0308333333";"-56,7345";"7,0";"270"
"MISS TIDE";"02439";"2025-12-12 10:16:00";"-38,0311666667";"-56,7728333333";"7,0";"270"
"MISS TIDE";"02439";"2025-12-12 10:31:00";"-38,0308333333";"-56,8103333333";"6,5";"265"
"MISS TIDE";"02439";"2025-12-12 10:46:00";"-38,0305";"-56,8475";"7,0";"270"
"MISS TIDE";"02439";"2025-12-12 11:01:00";"-38,0303333333";"-56,8853333333";"8,1";"270"
"MISS TIDE";"02439";"2025-12-12 11:16:00";"-38,0296666667";"-56,9233333333";"6,5";"270"
"MISS TIDE";"02439";"2025-12-12 11:31:00";"-38,0288333333";"-56,962";"8,1";"270"
"MISS TIDE";"02439";"2025-12-12 11:46:00";"-38,0275";"-57,0096666667";"8,6";"265"
"MISS TIDE";"02439";"2025-12-12 12:01:00";"-38,0258333333";"-57,0578333333";"8,6";"270"
"MISS TIDE";"02439";"2025-12-12 12:16:00";"-38,0246666667";"-57,1063333333";"9,2";"270"
"MISS TIDE";"02439";"2025-12-12 12:31:00";"-38,0225";"-57,1545";"8,6";"270"
"MISS TIDE";"02439";"2025-12-12 12:46:00";"-38,0203333333";"-57,2021666667";"8,6";"270"
"MISS TIDE";"02439";"2025-12-12 13:01:00";"-38,018";"-57,2505";"8,6";"270"
"MISS TIDE";"02439";"2025-12-12 13:16:00";"-38,0161666667";"-57,2991666667";"8,6";"265"
"MISS TIDE";"02439";"2025-12-12 13:31:00";"-38,0163333333";"-57,3486666667";"9,2";"270"
"MISS TIDE";"02439";"2025-12-12 13:46:00";"-38,0158333333";"-57,3988333333";"8,6";"265"
"MISS TIDE";"02439";"2025-12-12 14:01:00";"-38,0161666667";"-57,4486666667";"9,2";"265"
"MISS TIDE";"02439";"2025-12-12 14:16:00";"-38,022";"-57,4971666667";"9,7";"250"
"MISS TIDE";"02439";"2025-12-12 14:31:00";"-38,043";"-57,5305";"0,5";"265"
"MISS TIDE";"02439";"2025-12-12 14:46:00";"-38,0463333333";"-57,5375";"0,0";"235"
"MISS TIDE";"02439";"2025-12-12 15:01:00";"-38,0463333333";"-57,5375";"0,0";"25"
"MISS TIDE";"02439";"2025-12-12 15:16:00";"-38,0463333333";"-57,5375";"0,0";"25"
"MISS TIDE";"02439";"2025-12-12 15:31:00";"-38,0463333333";"-57,5375";"0,0";"225"
"MISS TIDE";"02439";"2025-12-12 15:46:00";"-38,0463333333";"-57,5375";"0,0";"225"
"MISS TIDE";"02439";"2025-12-12 16:01:00";"-38,0463333333";"-57,5375";"0,0";"340"
"MISS TIDE";"02439";"2025-12-12 16:16:00";"-38,0463333333";"-57,5375";"0,0";"340"
"MISS TIDE";"02439";"2025-12-12 16:31:00";"-38,0463333333";"-57,5375";"0,0";"325"
"MISS TIDE";"02439";"2025-12-12 16:46:00";"-38,0463333333";"-57,5375";"0,0";"325"
"MISS TIDE";"02439";"2025-12-12 17:01:00";"-38,0461666667";"-57,5375";"0,0";"325"
"MISS TIDE";"02439";"2025-12-12 17:16:00";"-38,0463333333";"-57,5375";"0,0";"185"
"MISS TIDE";"02439";"2025-12-12 17:31:00";"-38,0461666667";"-57,5375";"0,0";"250"
"MISS TIDE";"02439";"2025-12-12 17:46:00";"-38,0463333333";"-57,5375";"0,0";"10"
"MISS TIDE";"02439";"2025-12-12 18:01:00";"-38,0463333333";"-57,5375";"0,0";"155"
"MISS TIDE";"02439";"2025-12-12 18:16:00";"-38,0463333333";"-57,5375";"0,0";"350"
"MISS TIDE";"02439";"2025-12-12 18:31:00";"-38,0463333333";"-57,5375";"0,0";"350"
"MISS TIDE";"02439";"2025-12-12 18:46:00";"-38,0463333333";"-57,5375";"0,0";"30"
"MISS TIDE";"02439";"2025-12-12 19:01:00";"-38,0463333333";"-57,5375";"0,0";"25"
"MISS TIDE";"02439";"2025-12-12 19:16:00";"-38,0463333333";"-57,5375";"0,0";"50"
"MISS TIDE";"02439";"2025-12-12 19:31:00";"-38,0463333333";"-57,5375";"0,0";"95"
"MISS TIDE";"02439";"2025-12-12 19:46:00";"-38,0463333333";"-57,5375";"0,0";"95"
"MISS TIDE";"02439";"2025-12-12 20:01:00";"-38,0463333333";"-57,5375";"0,0";"95"
"MISS TIDE";"02439";"2025-12-12 20:16:00";"-38,0463333333";"-57,5375";"0,0";"95"
"MISS TIDE";"02439";"2025-12-12 20:31:00";"-38,0463333333";"-57,5375";"0,0";"95"
"MISS TIDE";"02439";"2025-12-12 20:46:00";"-38,0463333333";"-57,5375";"0,0";"95"
"MISS TIDE";"02439";"2025-12-12 21:01:00";"-38,0463333333";"-57,5375";"0,0";"205"
"MISS TIDE";"02439";"2025-12-12 21:16:00";"-38,0463333333";"-57,5375";"0,0";"195"
"MISS TIDE";"02439";"2025-12-12 21:31:00";"-38,0463333333";"-57,5375";"0,0";"265"
"MISS TIDE";"02439";"2025-12-12 21:46:00";"-38,0463333333";"-57,5375";"0,0";"265"
"MISS TIDE";"02439";"2025-12-12 22:01:00";"-38,0461666667";"-57,5375";"0,0";"215"
"MISS TIDE";"02439";"2025-12-12 22:16:00";"-38,0463333333";"-57,5375";"0,0";"340"
"MISS TIDE";"02439";"2025-12-12 22:31:00";"-38,0463333333";"-57,5375";"0,0";"340"
"MISS TIDE";"02439";"2025-12-12 22:46:00";"-38,0461666667";"-57,5375";"0,0";"340"
"MISS TIDE";"02439";"2025-12-12 23:01:00";"-38,0463333333";"-57,5375";"0,0";"340"
"MISS TIDE";"02439";"2025-12-12 23:16:00";"-38,0461666667";"-57,5375";"0,0";"140"
"MISS TIDE";"02439";"2025-12-12 23:31:00";"-38,0461666667";"-57,5375";"0,0";"140"
"MISS TIDE";"02439";"2025-12-12 23:46:00";"-38,0461666667";"-57,5375";"0,0";"260"
