"Buque";"Matricula";"Fecha";"Latitud";"Longitud";"Velocidad";"Rumbo"
"TAI AN";"01530";"2025-04-17 00:00:00";"-54,8102166667";"-68,29755";"0,0";"0"
"TAI AN";"01530";"2025-04-17 00:04:00";"-54,8102666667";"-68,29745";"0,0";"230"
"TAI AN";"01530";"2025-04-17 00:15:00";"-54,8102166667";"-68,29755";"0,0";"0"
"TAI AN";"01530";"2025-04-17 00:19:00";"-54,8102833333";"-68,29745";"0,0";"230"
"TAI AN";"01530";"2025-04-17 00:30:00";"-54,8103833333";"-68,29755";"0,0";"0"
"TAI AN";"01530";"2025-04-17 00:34:00";"-54,8102833333";"-68,2974333333";"0,0";"230"
"TAI AN";"01530";"2025-04-17 00:45:00";"-54,8103833333";"-68,29755";"0,0";"0"
"TAI AN";"01530";"2025-04-17 00:49:00";"-54,8102833333";"-68,29745";"0,0";"230"
"TAI AN";"01530";"2025-04-17 01:00:00";"-54,8103833333";"-68,29755";"0,0";"0"
"TAI AN";"01530";"2025-04-17 01:04:00";"-54,8103";"-68,2974666667";"0,0";"230"
"TAI AN";"01530";"2025-04-17 01:15:00";"-54,8103833333";"-68,29755";"0,0";"0"
"TAI AN";"01530";"2025-04-17 01:19:00";"-54,8102833333";"-68,2974833333";"0,0";"230"
"TAI AN";"01530";"2025-04-17 01:30:00";"-54,8102166667";"-68,2973833333";"0,0";"0"
"TAI AN";"01530";"2025-04-17 01:34:00";"-54,8103166667";"-68,2974833333";"0,0";"230"
"TAI AN";"01530";"2025-04-17 01:45:00";"-54,8103833333";"-68,2977166667";"0,0";"0"
"TAI AN";"01530";"2025-04-17 01:49:00";"-54,81025";"-68,2974666667";"0,0";"230"
"TAI AN";"01530";"2025-04-17 02:00:00";"-54,8103833333";"-68,29755";"0,0";"0"
"TAI AN";"01530";"2025-04-17 02:04:00";"-54,8102666667";"-68,2974666667";"0,0";"212"
"TAI AN";"01530";"2025-04-17 02:15:00";"-54,8102166667";"-68,29755";"0,0";"0"
"TAI AN";"01530";"2025-04-17 02:19:00";"-54,8103";"-68,2974166667";"0,0";"212"
"TAI AN";"01530";"2025-04-17 02:30:00";"-54,8103833333";"-68,2973833333";"0,0";"0"
"TAI AN";"01530";"2025-04-17 02:34:00";"-54,8102833333";"-68,29745";"0,0";"212"
"TAI AN";"01530";"2025-04-17 02:45:00";"-54,8102166667";"-68,2973833333";"0,0";"0"
"TAI AN";"01530";"2025-04-17 02:49:00";"-54,81025";"-68,2974666667";"0,0";"212"
"TAI AN";"01530";"2025-04-17 03:00:00";"-54,8102166667";"-68,29755";"0,0";"0"
"TAI AN";"01530";"2025-04-17 03:04:00";"-54,8102833333";"-68,2974166667";"0,0";"212"
"TAI AN";"01530";"2025-04-17 03:15:00";"-54,8103833333";"-68,29755";"0,0";"0"
"TAI AN";"01530";"2025-04-17 03:19:00";"-54,8102833333";"-68,2974333333";"0,0";"212"
"TAI AN";"01530";"2025-04-17 03:30:00";"-54,8102166667";"-68,29755";"0,0";"0"
"TAI AN";"01530";"2025-04-17 03:34:00";"-54,8103";"-68,2974333333";"0,0";"212"
"TAI AN";"01530";"2025-04-17 03:45:00";"-54,8102166667";"-68,29755";"0,0";"0"
"TAI AN";"01530";"2025-04-17 03:49:00";"-54,8103";"-68,2974";"0,0";"212"
"TAI AN";"01530";"2025-04-17 04:00:00";"-54,8103833333";"-68,29755";"0,0";"0"
"TAI AN";"01530";"2025-04-17 04:04:00";"-54,8102833333";"-68,2974333333";"0,0";"212"
"TAI AN";"01530";"2025-04-17 04:15:00";"-54,8103833333";"-68,29755";"0,0";"0"
"TAI AN";"01530";"2025-04-17 04:19:00";"-54,8103";"-68,2974166667";"0,0";"212"
"TAI AN";"01530";"2025-04-17 04:30:00";"-54,8103833333";"-68,29755";"0,0";"0"
"TAI AN";"01530";"2025-04-17 04:34:00";"-54,8102833333";"-68,2974";"0,0";"212"
"TAI AN";"01530";"2025-04-17 04:45:00";"-54,8103833333";"-68,29755";"0,1";"0"
"TAI AN";"01530";"2025-04-17 04:49:00";"-54,8102666667";"-68,2974333333";"0,0";"212"
"TAI AN";"01530";"2025-04-17 05:00:00";"-54,8103833333";"-68,29755";"0,0";"0"
"TAI AN";"01530";"2025-04-17 05:04:00";"-54,8102833333";"-68,2974333333";"0,0";"212"
"TAI AN";"01530";"2025-04-17 05:15:00";"-54,8103833333";"-68,29755";"0,1";"0"
"TAI AN";"01530";"2025-04-17 05:19:00";"-54,8103166667";"-68,2974";"0,0";"212"
"TAI AN";"01530";"2025-04-17 05:30:00";"-54,8103833333";"-68,29755";"0,0";"0"
"TAI AN";"01530";"2025-04-17 05:34:00";"-54,8102833333";"-68,2974333333";"0,0";"212"
"TAI AN";"01530";"2025-04-17 05:45:00";"-54,8103833333";"-68,2973833333";"0,0";"0"
"TAI AN";"01530";"2025-04-17 05:49:00";"-54,8103";"-68,2974333333";"0,0";"212"
"TAI AN";"01530";"2025-04-17 06:00:00";"-54,8103833333";"-68,29755";"0,0";"0"
"TAI AN";"01530";"2025-04-17 06:04:00";"-54,8103";"-68,29745";"0,0";"212"
"TAI AN";"01530";"2025-04-17 06:15:00";"-54,8103833333";"-68,29755";"0,1";"0"
"TAI AN";"01530";"2025-04-17 06:19:00";"-54,8103";"-68,2974833333";"0,0";"212"
"TAI AN";"01530";"2025-04-17 06:30:00";"-54,8103833333";"-68,29755";"0,0";"0"
"TAI AN";"01530";"2025-04-17 06:34:00";"-54,8103";"-68,2974333333";"0,0";"212"
"TAI AN";"01530";"2025-04-17 06:45:00";"-54,8103833333";"-68,29755";"0,0";"0"
"TAI AN";"01530";"2025-04-17 06:49:00";"-54,8103";"-68,2974166667";"0,0";"212"
"TAI AN";"01530";"2025-04-17 07:00:00";"-54,8103833333";"-68,29755";"0,0";"0"
"TAI AN";"01530";"2025-04-17 07:04:00";"-54,8103";"-68,2974333333";"0,0";"212"
"TAI AN";"01530";"2025-04-17 07:15:00";"-54,8103833333";"-68,2973833333";"0,0";"0"
"TAI AN";"01530";"2025-04-17 07:19:00";"-54,8103166667";"-68,29745";"0,0";"212"
"TAI AN";"01530";"2025-04-17 07:30:00";"-54,8103833333";"-68,29755";"0,1";"0"
"TAI AN";"01530";"2025-04-17 07:34:00";"-54,8103";"-68,2974166667";"0,0";"212"
"TAI AN";"01530";"2025-04-17 07:45:00";"-54,8103833333";"-68,29755";"0,0";"0"
"TAI AN";"01530";"2025-04-17 07:49:00";"-54,8103";"-68,2974333333";"0,0";"212"
"TAI AN";"01530";"2025-04-17 08:00:00";"-54,8103833333";"-68,29755";"0,0";"0"
"TAI AN";"01530";"2025-04-17 08:04:00";"-54,8103";"-68,29745";"0,0";"212"
"TAI AN";"01530";"2025-04-17 08:15:00";"-54,8103833333";"-68,2973833333";"0,0";"0"
"TAI AN";"01530";"2025-04-17 08:19:00";"-54,8103";"-68,2974";"0,0";"212"
"TAI AN";"01530";"2025-04-17 08:30:00";"-54,8103833333";"-68,29755";"0,0";"0"
"TAI AN";"01530";"2025-04-17 08:34:00";"-54,8103166667";"-68,2974333333";"0,0";"212"
"TAI AN";"01530";"2025-04-17 08:45:00";"-54,8103833333";"-68,2973833333";"0,0";"0"
"TAI AN";"01530";"2025-04-17 09:00:00";"-54,8103833333";"-68,2973833333";"0,0";"0"
"TAI AN";"01530";"2025-04-17 09:04:00";"-54,8103";"-68,2974333333";"0,0";"212"
"TAI AN";"01530";"2025-04-17 09:15:00";"-54,8103833333";"-68,29755";"0,0";"0"
"TAI AN";"01530";"2025-04-17 09:19:00";"-54,8103";"-68,2974333333";"0,0";"212"
"TAI AN";"01530";"2025-04-17 09:30:00";"-54,8103833333";"-68,2973833333";"0,0";"0"
"TAI AN";"01530";"2025-04-17 09:34:00";"-54,8103";"-68,29745";"0,0";"212"
"TAI AN";"01530";"2025-04-17 09:45:00";"-54,8103833333";"-68,29755";"0,0";"0"
"TAI AN";"01530";"2025-04-17 09:49:00";"-54,8103";"-68,29745";"0,0";"212"
"TAI AN";"01530";"2025-04-17 10:00:00";"-54,8103833333";"-68,29755";"0,0";"0"
"TAI AN";"01530";"2025-04-17 10:04:00";"-54,8103166667";"-68,29745";"0,0";"212"
"TAI AN";"01530";"2025-04-17 10:15:00";"-54,8103833333";"-68,2973833333";"0,0";"0"
"TAI AN";"01530";"2025-04-17 10:19:00";"-54,8103";"-68,29745";"0,0";"212"
"TAI AN";"01530";"2025-04-17 10:30:00";"-54,8107166667";"-68,29805";"0,0";"0"
"TAI AN";"01530";"2025-04-17 10:34:00";"-54,8102833333";"-68,2974666667";"0,0";"212"
"TAI AN";"01530";"2025-04-17 10:45:00";"-54,8103833333";"-68,2973833333";"0,1";"0"
"TAI AN";"01530";"2025-04-17 10:49:00";"-54,8103";"-68,2974666667";"0,0";"212"
"TAI AN";"01530";"2025-04-17 11:00:00";"-54,8103833333";"-68,29755";"0,0";"0"
"TAI AN";"01530";"2025-04-17 11:04:00";"-54,8102833333";"-68,2974333333";"0,0";"212"
"TAI AN";"01530";"2025-04-17 11:15:00";"-54,8103833333";"-68,29755";"0,0";"0"
"TAI AN";"01530";"2025-04-17 11:19:00";"-54,8102666667";"-68,2974333333";"0,0";"212"
"TAI AN";"01530";"2025-04-17 11:30:00";"-54,8103833333";"-68,2973833333";"0,0";"0"
"TAI AN";"01530";"2025-04-17 11:34:00";"-54,8102666667";"-68,2974333333";"0,0";"212"
"TAI AN";"01530";"2025-04-17 11:45:00";"-54,8103833333";"-68,2973833333";"0,0";"0"
"TAI AN";"01530";"2025-04-17 11:49:00";"-54,81025";"-68,2974333333";"0,0";"212"
"TAI AN";"01530";"2025-04-17 12:00:00";"-54,8102166667";"-68,29755";"0,0";"0"
"TAI AN";"01530";"2025-04-17 12:04:00";"-54,8102666667";"-68,29745";"0,0";"212"
"TAI AN";"01530";"2025-04-17 12:15:00";"-54,8103833333";"-68,2977166667";"0,0";"0"
"TAI AN";"01530";"2025-04-17 12:19:00";"-54,8102666667";"-68,29745";"0,0";"212"
"TAI AN";"01530";"2025-04-17 12:30:00";"-54,8103833333";"-68,29755";"0,0";"0"
"TAI AN";"01530";"2025-04-17 12:34:00";"-54,8102833333";"-68,2974333333";"0,0";"212"
"TAI AN";"01530";"2025-04-17 12:45:00";"-54,8103833333";"-68,29755";"0,0";"0"
"TAI AN";"01530";"2025-04-17 12:49:00";"-54,8102833333";"-68,2974333333";"0,0";"212"
"TAI AN";"01530";"2025-04-17 13:00:00";"-54,8102166667";"-68,2973833333";"0,0";"0"
"TAI AN";"01530";"2025-04-17 13:04:00";"-54,8102666667";"-68,29745";"0,0";"212"
"TAI AN";"01530";"2025-04-17 13:15:00";"-54,8103833333";"-68,2973833333";"0,0";"0"
"TAI AN";"01530";"2025-04-17 13:19:00";"-54,8102833333";"-68,2974333333";"0,0";"212"
"TAI AN";"01530";"2025-04-17 13:30:00";"-54,8103833333";"-68,29755";"0,0";"0"
"TAI AN";"01530";"2025-04-17 13:33:00";"-54,8102666667";"-68,2974166667";"0,0";"212"
"TAI AN";"01530";"2025-04-17 13:45:00";"-54,8103833333";"-68,29755";"0,0";"0"
"TAI AN";"01530";"2025-04-17 13:48:00";"-54,81025";"-68,2974333333";"0,0";"212"
"TAI AN";"01530";"2025-04-17 14:00:00";"-54,8103833333";"-68,29755";"0,0";"0"
"TAI AN";"01530";"2025-04-17 14:03:00";"-54,8102666667";"-68,2974666667";"0,0";"212"
"TAI AN";"01530";"2025-04-17 14:15:00";"-54,8103833333";"-68,2973833333";"0,0";"0"
"TAI AN";"01530";"2025-04-17 14:18:00";"-54,8103166667";"-68,2974333333";"0,0";"212"
"TAI AN";"01530";"2025-04-17 14:30:00";"-54,8102166667";"-68,29755";"0,0";"0"
"TAI AN";"01530";"2025-04-17 14:33:00";"-54,8102833333";"-68,2974666667";"0,0";"212"
"TAI AN";"01530";"2025-04-17 14:45:00";"-54,8103833333";"-68,29755";"0,0";"0"
"TAI AN";"01530";"2025-04-17 14:48:00";"-54,8103";"-68,2974666667";"0,0";"212"
"TAI AN";"01530";"2025-04-17 15:00:00";"-54,8103833333";"-68,29755";"0,0";"0"
"TAI AN";"01530";"2025-04-17 15:03:00";"-54,8102833333";"-68,2974666667";"0,0";"212"
"TAI AN";"01530";"2025-04-17 15:15:00";"-54,8103833333";"-68,29755";"0,0";"0"
"TAI AN";"01530";"2025-04-17 15:18:00";"-54,8103";"-68,2974666667";"0,0";"212"
"TAI AN";"01530";"2025-04-17 15:30:00";"-54,8103833333";"-68,29755";"0,0";"0"
"TAI AN";"01530";"2025-04-17 15:33:00";"-54,8103";"-68,2974833333";"0,0";"212"
"TAI AN";"01530";"2025-04-17 15:45:00";"-54,8102166667";"-68,29755";"0,0";"0"
"TAI AN";"01530";"2025-04-17 15:48:00";"-54,8103";"-68,29745";"0,0";"212"
"TAI AN";"01530";"2025-04-17 16:00:00";"-54,8103833333";"-68,29755";"0,0";"0"
"TAI AN";"01530";"2025-04-17 16:03:00";"-54,8102833333";"-68,29745";"0,0";"212"
"TAI AN";"01530";"2025-04-17 16:15:00";"-54,8102166667";"-68,2973833333";"0,0";"0"
"TAI AN";"01530";"2025-04-17 16:18:00";"-54,8103";"-68,2974333333";"0,0";"212"
"TAI AN";"01530";"2025-04-17 16:30:00";"-54,81055";"-68,29755";"0,0";"0"
"TAI AN";"01530";"2025-04-17 16:33:00";"-54,8103166667";"-68,2974333333";"0,0";"212"
"TAI AN";"01530";"2025-04-17 16:45:00";"-54,8103833333";"-68,29755";"0,0";"0"
"TAI AN";"01530";"2025-04-17 16:48:00";"-54,8103";"-68,2974166667";"0,0";"212"
"TAI AN";"01530";"2025-04-17 17:00:00";"-54,8103833333";"-68,29755";"0,0";"0"
"TAI AN";"01530";"2025-04-17 17:03:00";"-54,8102666667";"-68,2974333333";"0,0";"212"
"TAI AN";"01530";"2025-04-17 17:15:00";"-54,8103833333";"-68,29755";"0,0";"0"
"TAI AN";"01530";"2025-04-17 17:18:00";"-54,8102666667";"-68,2974333333";"0,0";"212"
"TAI AN";"01530";"2025-04-17 17:30:00";"-54,8103833333";"-68,29755";"0,0";"0"
"TAI AN";"01530";"2025-04-17 17:45:00";"-54,8103833333";"-68,29755";"0,0";"0"
"TAI AN";"01530";"2025-04-17 18:00:00";"-54,8103833333";"-68,2973833333";"0,0";"0"
"TAI AN";"01530";"2025-04-17 18:03:00";"-54,8102666667";"-68,2974666667";"0,0";"212"
"TAI AN";"01530";"2025-04-17 18:15:00";"-54,8103833333";"-68,29755";"0,0";"0"
"TAI AN";"01530";"2025-04-17 18:18:00";"-54,8102666667";"-68,2974666667";"0,0";"212"
"TAI AN";"01530";"2025-04-17 18:30:00";"-54,8103833333";"-68,29755";"0,0";"0"
"TAI AN";"01530";"2025-04-17 18:33:00";"-54,8102833333";"-68,29745";"0,0";"212"
"TAI AN";"01530";"2025-04-17 18:45:00";"-54,8102166667";"-68,2973833333";"0,1";"0"
"TAI AN";"01530";"2025-04-17 18:48:00";"-54,8102833333";"-68,29745";"0,0";"212"
"TAI AN";"01530";"2025-04-17 19:00:00";"-54,8103833333";"-68,29755";"0,0";"0"
"TAI AN";"01530";"2025-04-17 19:03:00";"-54,8102833333";"-68,29745";"0,0";"212"
"TAI AN";"01530";"2025-04-17 19:15:00";"-54,8103833333";"-68,29755";"0,0";"0"
"TAI AN";"01530";"2025-04-17 19:18:00";"-54,81025";"-68,29745";"0,0";"212"
"TAI AN";"01530";"2025-04-17 19:30:00";"-54,8103833333";"-68,29755";"0,0";"0"
"TAI AN";"01530";"2025-04-17 19:33:00";"-54,8102833333";"-68,2974333333";"0,0";"212"
"TAI AN";"01530";"2025-04-17 19:45:00";"-54,8103833333";"-68,2973833333";"0,0";"0"
"TAI AN";"01530";"2025-04-17 19:48:00";"-54,8102666667";"-68,2974333333";"0,0";"212"
"TAI AN";"01530";"2025-04-17 20:00:00";"-54,8103833333";"-68,29755";"0,0";"0"
"TAI AN";"01530";"2025-04-17 20:03:00";"-54,8102666667";"-68,29745";"0,0";"212"
"TAI AN";"01530";"2025-04-17 20:15:00";"-54,8103833333";"-68,29755";"0,0";"0"
"TAI AN";"01530";"2025-04-17 20:18:00";"-54,81025";"-68,2974666667";"0,0";"212"
"TAI AN";"01530";"2025-04-17 20:30:00";"-54,8103833333";"-68,29755";"0,0";"0"
"TAI AN";"01530";"2025-04-17 20:33:00";"-54,81025";"-68,29745";"0,0";"212"
"TAI AN";"01530";"2025-04-17 20:45:00";"-54,8102166667";"-68,29755";"0,0";"0"
"TAI AN";"01530";"2025-04-17 20:48:00";"-54,81025";"-68,29745";"0,0";"212"
"TAI AN";"01530";"2025-04-17 21:00:00";"-54,8103833333";"-68,29755";"0,0";"0"
"TAI AN";"01530";"2025-04-17 21:03:00";"-54,8102666667";"-68,2974333333";"0,0";"212"
"TAI AN";"01530";"2025-04-17 21:15:00";"-54,8103833333";"-68,2973833333";"0,1";"0"
"TAI AN";"01530";"2025-04-17 21:18:00";"-54,8102666667";"-68,29745";"0,0";"212"
"TAI AN";"01530";"2025-04-17 21:30:00";"-54,8103833333";"-68,29755";"0,0";"0"
"TAI AN";"01530";"2025-04-17 21:33:00";"-54,8102666667";"-68,2974833333";"0,0";"212"
"TAI AN";"01530";"2025-04-17 21:45:00";"-54,8103833333";"-68,29755";"0,0";"0"
"TAI AN";"01530";"2025-04-17 21:48:00";"-54,8102666667";"-68,29745";"0,0";"212"
"TAI AN";"01530";"2025-04-17 22:00:00";"-54,8103833333";"-68,29755";"0,0";"0"
"TAI AN";"01530";"2025-04-17 22:03:00";"-54,8102666667";"-68,29745";"0,0";"212"
"TAI AN";"01530";"2025-04-17 22:15:00";"-54,8102166667";"-68,2973833333";"0,0";"0"
"TAI AN";"01530";"2025-04-17 22:18:00";"-54,8102666667";"-68,29745";"0,0";"212"
"TAI AN";"01530";"2025-04-17 22:30:00";"-54,8103833333";"-68,2977166667";"0,0";"0"
"TAI AN";"01530";"2025-04-17 22:33:00";"-54,8102666667";"-68,29745";"0,0";"325"
"TAI AN";"01530";"2025-04-17 22:45:00";"-54,8103833333";"-68,29755";"0,0";"0"
"TAI AN";"01530";"2025-04-17 22:48:00";"-54,8102666667";"-68,2974666667";"0,0";"325"
"TAI AN";"01530";"2025-04-17 23:00:00";"-54,8102166667";"-68,2973833333";"0,0";"0"
"TAI AN";"01530";"2025-04-17 23:03:00";"-54,81025";"-68,29745";"0,0";"325"
"TAI AN";"01530";"2025-04-17 23:15:00";"-54,8103833333";"-68,29755";"0,0";"0"
"TAI AN";"01530";"2025-04-17 23:18:00";"-54,81025";"-68,2974666667";"0,0";"325"
"TAI AN";"01530";"2025-04-17 23:30:00";"-54,8103833333";"-68,29755";"0,0";"0"
"TAI AN";"01530";"2025-04-17 23:33:00";"-54,81025";"-68,2974333333";"0,0";"325"
"TAI AN";"01530";"2025-04-17 23:45:00";"-54,8103833333";"-68,29755";"0,0";"0"
"TAI AN";"01530";"2025-04-17 23:48:00";"-54,81025";"-68,2974666667";"0,0";"325"
"TAI AN";"01530";"2025-04-18 00:00:00";"-54,8103833333";"-68,29755";"0,0";"0"
"TAI AN";"01530";"2025-04-18 00:03:00";"-54,8102666667";"-68,29745";"0,0";"325"
"TAI AN";"01530";"2025-04-18 00:15:00";"-54,8103833333";"-68,29755";"0,0";"0"
"TAI AN";"01530";"2025-04-18 00:18:00";"-54,8102666667";"-68,29745";"0,0";"325"
"TAI AN";"01530";"2025-04-18 00:30:00";"-54,8103833333";"-68,29755";"0,0";"0"
"TAI AN";"01530";"2025-04-18 00:33:00";"-54,8102666667";"-68,29745";"0,0";"325"
"TAI AN";"01530";"2025-04-18 00:45:00";"-54,8103833333";"-68,2973833333";"0,0";"0"
"TAI AN";"01530";"2025-04-18 00:48:00";"-54,8102833333";"-68,2974333333";"0,0";"325"
"TAI AN";"01530";"2025-04-18 01:00:00";"-54,8102166667";"-68,29755";"0,0";"0"
"TAI AN";"01530";"2025-04-18 01:03:00";"-54,8103";"-68,2974333333";"0,0";"325"
"TAI AN";"01530";"2025-04-18 01:15:00";"-54,8103833333";"-68,29755";"0,0";"0"
"TAI AN";"01530";"2025-04-18 01:18:00";"-54,8102666667";"-68,29745";"0,0";"325"
"TAI AN";"01530";"2025-04-18 01:30:00";"-54,8102166667";"-68,29755";"0,0";"0"
"TAI AN";"01530";"2025-04-18 01:33:00";"-54,8102833333";"-68,29745";"0,0";"325"
"TAI AN";"01530";"2025-04-18 01:45:00";"-54,8103833333";"-68,29755";"0,0";"0"
"TAI AN";"01530";"2025-04-18 01:48:00";"-54,8102666667";"-68,2974333333";"0,0";"325"
"TAI AN";"01530";"2025-04-18 02:00:00";"-54,8103833333";"-68,29755";"0,0";"0"
"TAI AN";"01530";"2025-04-18 02:03:00";"-54,8103";"-68,2974333333";"0,0";"325"
"TAI AN";"01530";"2025-04-18 02:15:00";"-54,8102166667";"-68,2973833333";"0,0";"0"
"TAI AN";"01530";"2025-04-18 02:18:00";"-54,8102666667";"-68,2974166667";"0,0";"325"
"TAI AN";"01530";"2025-04-18 02:30:00";"-54,8103833333";"-68,29755";"0,0";"0"
"TAI AN";"01530";"2025-04-18 02:33:00";"-54,8102666667";"-68,29745";"0,0";"325"
"TAI AN";"01530";"2025-04-18 02:45:00";"-54,8103833333";"-68,29755";"0,0";"0"
"TAI AN";"01530";"2025-04-18 02:48:00";"-54,8102666667";"-68,29745";"0,0";"325"
"TAI AN";"01530";"2025-04-18 03:00:00";"-54,8103833333";"-68,2973833333";"0,0";"0"
"TAI AN";"01530";"2025-04-18 03:03:00";"-54,8102833333";"-68,2974333333";"0,0";"325"
"TAI AN";"01530";"2025-04-18 03:15:00";"-54,8103833333";"-68,29755";"0,0";"0"
"TAI AN";"01530";"2025-04-18 03:17:00";"-54,8103";"-68,29745";"0,0";"325"
"TAI AN";"01530";"2025-04-18 03:30:00";"-54,8103833333";"-68,29755";"0,0";"0"
"TAI AN";"01530";"2025-04-18 03:32:00";"-54,8103";"-68,29745";"0,0";"325"
"TAI AN";"01530";"2025-04-18 03:45:00";"-54,8103833333";"-68,29755";"0,0";"0"
"TAI AN";"01530";"2025-04-18 03:47:00";"-54,8102833333";"-68,2974333333";"0,0";"325"
"TAI AN";"01530";"2025-04-18 04:00:00";"-54,8103833333";"-68,29755";"0,0";"0"
"TAI AN";"01530";"2025-04-18 04:02:00";"-54,8102666667";"-68,2974333333";"0,0";"325"
"TAI AN";"01530";"2025-04-18 04:15:00";"-54,8103833333";"-68,29755";"0,0";"0"
"TAI AN";"01530";"2025-04-18 04:17:00";"-54,8102833333";"-68,2974333333";"0,0";"325"
"TAI AN";"01530";"2025-04-18 04:30:00";"-54,8103833333";"-68,29755";"0,0";"0"
"TAI AN";"01530";"2025-04-18 04:32:00";"-54,8102666667";"-68,2974166667";"0,0";"325"
"TAI AN";"01530";"2025-04-18 04:45:00";"-54,8103833333";"-68,29755";"0,0";"0"
"TAI AN";"01530";"2025-04-18 04:47:00";"-54,8102666667";"-68,2974333333";"0,0";"325"
"TAI AN";"01530";"2025-04-18 05:00:00";"-54,8103833333";"-68,29755";"0,0";"0"
"TAI AN";"01530";"2025-04-18 05:02:00";"-54,8102833333";"-68,2974333333";"0,0";"325"
"TAI AN";"01530";"2025-04-18 05:15:00";"-54,8103833333";"-68,29755";"0,0";"0"
"TAI AN";"01530";"2025-04-18 05:17:00";"-54,8102666667";"-68,2974166667";"0,0";"325"
"TAI AN";"01530";"2025-04-18 05:30:00";"-54,8103833333";"-68,29755";"0,0";"0"
"TAI AN";"01530";"2025-04-18 05:32:00";"-54,8103";"-68,2974333333";"0,0";"325"
"TAI AN";"01530";"2025-04-18 05:45:00";"-54,8103833333";"-68,29755";"0,0";"0"
"TAI AN";"01530";"2025-04-18 05:47:00";"-54,8102833333";"-68,2974333333";"0,0";"325"
"TAI AN";"01530";"2025-04-18 06:00:00";"-54,8103833333";"-68,2973833333";"0,0";"0"
"TAI AN";"01530";"2025-04-18 06:02:00";"-54,8102833333";"-68,2974333333";"0,0";"325"
"TAI AN";"01530";"2025-04-18 06:15:00";"-54,8103833333";"-68,29755";"0,0";"0"
"TAI AN";"01530";"2025-04-18 06:17:00";"-54,8102666667";"-68,2974666667";"0,0";"325"
"TAI AN";"01530";"2025-04-18 06:30:00";"-54,8103833333";"-68,29755";"0,0";"0"
"TAI AN";"01530";"2025-04-18 06:32:00";"-54,8102833333";"-68,29745";"0,0";"325"
"TAI AN";"01530";"2025-04-18 06:45:00";"-54,8103833333";"-68,29755";"0,0";"0"
"TAI AN";"01530";"2025-04-18 06:47:00";"-54,8102833333";"-68,29745";"0,0";"325"
"TAI AN";"01530";"2025-04-18 07:00:00";"-54,8103833333";"-68,2973833333";"0,0";"0"
"TAI AN";"01530";"2025-04-18 07:02:00";"-54,8102666667";"-68,2974333333";"0,0";"325"
"TAI AN";"01530";"2025-04-18 07:15:00";"-54,8103833333";"-68,29755";"0,0";"0"
"TAI AN";"01530";"2025-04-18 07:17:00";"-54,8103";"-68,2974666667";"0,0";"325"
"TAI AN";"01530";"2025-04-18 07:30:00";"-54,8103833333";"-68,29755";"0,0";"0"
"TAI AN";"01530";"2025-04-18 07:32:00";"-54,8102833333";"-68,2974166667";"0,0";"325"
"TAI AN";"01530";"2025-04-18 07:45:00";"-54,8103833333";"-68,29755";"0,0";"0"
"TAI AN";"01530";"2025-04-18 08:00:00";"-54,8103833333";"-68,2973833333";"0,0";"0"
"TAI AN";"01530";"2025-04-18 08:15:00";"-54,8103833333";"-68,29755";"0,0";"0"
"TAI AN";"01530";"2025-04-18 08:17:00";"-54,8102666667";"-68,2974166667";"0,0";"325"
"TAI AN";"01530";"2025-04-18 08:30:00";"-54,8102166667";"-68,2973833333";"0,0";"0"
"TAI AN";"01530";"2025-04-18 08:32:00";"-54,8103";"-68,29745";"0,0";"325"
"TAI AN";"01530";"2025-04-18 08:45:00";"-54,8103833333";"-68,29755";"0,0";"0"
"TAI AN";"01530";"2025-04-18 08:47:00";"-54,8102833333";"-68,29745";"0,0";"325"
"TAI AN";"01530";"2025-04-18 09:00:00";"-54,8102166667";"-68,2973833333";"0,0";"0"
"TAI AN";"01530";"2025-04-18 09:02:00";"-54,8102833333";"-68,2974333333";"0,0";"325"
"TAI AN";"01530";"2025-04-18 09:15:00";"-54,8103833333";"-68,2973833333";"0,0";"0"
"TAI AN";"01530";"2025-04-18 09:17:00";"-54,8103";"-68,2974166667";"0,0";"325"
"TAI AN";"01530";"2025-04-18 09:30:00";"-54,8103833333";"-68,29755";"0,0";"0"
"TAI AN";"01530";"2025-04-18 09:32:00";"-54,8102666667";"-68,29745";"0,0";"325"
"TAI AN";"01530";"2025-04-18 09:45:00";"-54,8102166667";"-68,29755";"0,0";"0"
"TAI AN";"01530";"2025-04-18 09:47:00";"-54,8102666667";"-68,29745";"0,0";"325"
"TAI AN";"01530";"2025-04-18 10:00:00";"-54,8103833333";"-68,29755";"0,0";"0"
"TAI AN";"01530";"2025-04-18 10:02:00";"-54,8102833333";"-68,2974666667";"0,0";"325"
"TAI AN";"01530";"2025-04-18 10:15:00";"-54,8103833333";"-68,29755";"0,0";"0"
"TAI AN";"01530";"2025-04-18 10:17:00";"-54,8102833333";"-68,2974833333";"0,0";"342"
"TAI AN";"01530";"2025-04-18 10:30:00";"-54,81005";"-68,2973833333";"0,0";"0"
"TAI AN";"01530";"2025-04-18 10:32:00";"-54,8102833333";"-68,2974666667";"0,0";"342"
"TAI AN";"01530";"2025-04-18 10:45:00";"-54,8103833333";"-68,2973833333";"0,0";"0"
"TAI AN";"01530";"2025-04-18 10:47:00";"-54,8102666667";"-68,2974833333";"0,0";"342"
"TAI AN";"01530";"2025-04-18 11:00:00";"-54,8102166667";"-68,2973833333";"0,0";"0"
"TAI AN";"01530";"2025-04-18 11:02:00";"-54,8102833333";"-68,2974333333";"0,0";"342"
"TAI AN";"01530";"2025-04-18 11:15:00";"-54,8103833333";"-68,2973833333";"0,0";"0"
"TAI AN";"01530";"2025-04-18 11:17:00";"-54,8102666667";"-68,29745";"0,0";"342"
"TAI AN";"01530";"2025-04-18 11:30:00";"-54,8103833333";"-68,2973833333";"0,0";"0"
"TAI AN";"01530";"2025-04-18 11:32:00";"-54,8102666667";"-68,29745";"0,0";"342"
"TAI AN";"01530";"2025-04-18 11:45:00";"-54,8103833333";"-68,29755";"0,0";"0"
"TAI AN";"01530";"2025-04-18 11:47:00";"-54,8102833333";"-68,2974666667";"0,0";"342"
"TAI AN";"01530";"2025-04-18 12:00:00";"-54,8102166667";"-68,2973833333";"0,0";"0"
"TAI AN";"01530";"2025-04-18 12:02:00";"-54,8102666667";"-68,2974333333";"0,0";"342"
"TAI AN";"01530";"2025-04-18 12:15:00";"-54,8103833333";"-68,2973833333";"0,0";"0"
"TAI AN";"01530";"2025-04-18 12:17:00";"-54,8102833333";"-68,2974333333";"0,0";"342"
"TAI AN";"01530";"2025-04-18 12:30:00";"-54,8103833333";"-68,29755";"0,0";"0"
"TAI AN";"01530";"2025-04-18 12:45:00";"-54,8103833333";"-68,29755";"0,0";"0"
"TAI AN";"01530";"2025-04-18 12:47:00";"-54,8102833333";"-68,2974666667";"0,0";"342"
"TAI AN";"01530";"2025-04-18 13:00:00";"-54,8103833333";"-68,29755";"0,0";"0"
"TAI AN";"01530";"2025-04-18 13:02:00";"-54,8102833333";"-68,29745";"0,0";"342"
"TAI AN";"01530";"2025-04-18 13:15:00";"-54,8103833333";"-68,29755";"0,0";"0"
"TAI AN";"01530";"2025-04-18 13:30:00";"-54,8103833333";"-68,2973833333";"0,0";"0"
"TAI AN";"01530";"2025-04-18 13:32:00";"-54,8102833333";"-68,29745";"0,0";"342"
"TAI AN";"01530";"2025-04-18 13:45:00";"-54,8103833333";"-68,29755";"0,0";"0"
"TAI AN";"01530";"2025-04-18 13:47:00";"-54,8102833333";"-68,29745";"0,0";"342"
"TAI AN";"01530";"2025-04-18 14:00:00";"-54,8103833333";"-68,29755";"0,0";"0"
"TAI AN";"01530";"2025-04-18 14:02:00";"-54,8102833333";"-68,29745";"0,0";"342"
"TAI AN";"01530";"2025-04-18 14:15:00";"-54,8103833333";"-68,29755";"0,0";"0"
"TAI AN";"01530";"2025-04-18 14:17:00";"-54,8103166667";"-68,2974666667";"0,0";"342"
"TAI AN";"01530";"2025-04-18 14:30:00";"-54,8103833333";"-68,29755";"0,0";"0"
"TAI AN";"01530";"2025-04-18 14:32:00";"-54,8102666667";"-68,29745";"0,0";"342"
"TAI AN";"01530";"2025-04-18 14:45:00";"-54,8103833333";"-68,29755";"0,0";"0"
"TAI AN";"01530";"2025-04-18 14:47:00";"-54,8103";"-68,29745";"0,0";"342"
"TAI AN";"01530";"2025-04-18 15:00:00";"-54,8103833333";"-68,29755";"0,0";"0"
"TAI AN";"01530";"2025-04-18 15:02:00";"-54,8102833333";"-68,29745";"0,0";"342"
"TAI AN";"01530";"2025-04-18 15:15:00";"-54,8103833333";"-68,29755";"0,0";"0"
"TAI AN";"01530";"2025-04-18 15:17:00";"-54,8103";"-68,2974833333";"0,0";"342"
"TAI AN";"01530";"2025-04-18 15:30:00";"-54,8103833333";"-68,29755";"0,0";"0"
"TAI AN";"01530";"2025-04-18 15:32:00";"-54,8102833333";"-68,2974666667";"0,0";"342"
"TAI AN";"01530";"2025-04-18 15:45:00";"-54,8103833333";"-68,29755";"0,0";"0"
"TAI AN";"01530";"2025-04-18 15:47:00";"-54,8103";"-68,2974666667";"0,0";"342"
"TAI AN";"01530";"2025-04-18 16:00:00";"-54,8103833333";"-68,29755";"0,0";"0"
"TAI AN";"01530";"2025-04-18 16:02:00";"-54,8103";"-68,29745";"0,0";"342"
"TAI AN";"01530";"2025-04-18 16:15:00";"-54,8103833333";"-68,29755";"0,0";"0"
"TAI AN";"01530";"2025-04-18 16:17:00";"-54,8102833333";"-68,2974833333";"0,0";"342"
"TAI AN";"01530";"2025-04-18 16:30:00";"-54,81055";"-68,29755";"0,0";"0"
"TAI AN";"01530";"2025-04-18 16:32:00";"-54,8102833333";"-68,29745";"0,0";"342"
"TAI AN";"01530";"2025-04-18 16:45:00";"-54,8103833333";"-68,29755";"0,0";"0"
"TAI AN";"01530";"2025-04-18 16:47:00";"-54,8103166667";"-68,29745";"0,0";"342"
"TAI AN";"01530";"2025-04-18 17:00:00";"-54,8103833333";"-68,29755";"0,0";"0"
"TAI AN";"01530";"2025-04-18 17:02:00";"-54,8102833333";"-68,29745";"0,0";"342"
"TAI AN";"01530";"2025-04-18 17:15:00";"-54,8103833333";"-68,29755";"0,0";"0"
"TAI AN";"01530";"2025-04-18 17:16:00";"-54,8102833333";"-68,29745";"0,0";"342"
"TAI AN";"01530";"2025-04-18 17:30:00";"-54,8103833333";"-68,29755";"0,0";"0"
"TAI AN";"01530";"2025-04-18 17:31:00";"-54,8102666667";"-68,29745";"0,0";"342"
"TAI AN";"01530";"2025-04-18 17:45:00";"-54,8103833333";"-68,2973833333";"0,0";"0"
"TAI AN";"01530";"2025-04-18 18:00:00";"-54,8103833333";"-68,2973833333";"0,0";"0"
"TAI AN";"01530";"2025-04-18 18:01:00";"-54,8102666667";"-68,2974666667";"0,0";"342"
"TAI AN";"01530";"2025-04-18 18:15:00";"-54,8103833333";"-68,29755";"0,0";"0"
"TAI AN";"01530";"2025-04-18 18:30:00";"-54,8103833333";"-68,29755";"0,0";"0"
"TAI AN";"01530";"2025-04-18 18:45:00";"-54,8103833333";"-68,2973833333";"0,0";"0"
"TAI AN";"01530";"2025-04-18 19:00:00";"-54,8102166667";"-68,2973833333";"0,0";"0"
"TAI AN";"01530";"2025-04-18 19:01:00";"-54,8102666667";"-68,2974666667";"0,0";"342"
"TAI AN";"01530";"2025-04-18 19:15:00";"-54,8103833333";"-68,29755";"0,1";"0"
"TAI AN";"01530";"2025-04-18 19:16:00";"-54,8102666667";"-68,29745";"0,0";"342"
"TAI AN";"01530";"2025-04-18 19:30:00";"-54,8103833333";"-68,29755";"0,0";"0"
"TAI AN";"01530";"2025-04-18 19:31:00";"-54,8102666667";"-68,29745";"0,0";"342"
"TAI AN";"01530";"2025-04-18 19:45:00";"-54,8103833333";"-68,29755";"0,0";"0"
"TAI AN";"01530";"2025-04-18 19:46:00";"-54,8103";"-68,2974333333";"0,0";"342"
"TAI AN";"01530";"2025-04-18 20:00:00";"-54,8103833333";"-68,29755";"0,0";"0"
"TAI AN";"01530";"2025-04-18 20:01:00";"-54,8102833333";"-68,29745";"0,0";"342"
"TAI AN";"01530";"2025-04-18 20:15:00";"-54,81055";"-68,2973833333";"0,0";"0"
"TAI AN";"01530";"2025-04-18 20:16:00";"-54,8102833333";"-68,29745";"0,0";"342"
"TAI AN";"01530";"2025-04-18 20:30:00";"-54,8103833333";"-68,29755";"0,0";"0"
"TAI AN";"01530";"2025-04-18 20:31:00";"-54,8102666667";"-68,29745";"0,0";"342"
"TAI AN";"01530";"2025-04-18 20:45:00";"-54,8103833333";"-68,29755";"0,0";"0"
"TAI AN";"01530";"2025-04-18 20:46:00";"-54,8102833333";"-68,2974666667";"0,0";"342"
"TAI AN";"01530";"2025-04-18 21:00:00";"-54,8103833333";"-68,29755";"0,0";"0"
"TAI AN";"01530";"2025-04-18 21:01:00";"-54,8102833333";"-68,29745";"0,0";"342"
"TAI AN";"01530";"2025-04-18 21:15:00";"-54,8102166667";"-68,2973833333";"0,0";"0"
"TAI AN";"01530";"2025-04-18 21:30:00";"-54,8103833333";"-68,2973833333";"0,0";"0"
"TAI AN";"01530";"2025-04-18 21:31:00";"-54,8102666667";"-68,2974666667";"0,0";"342"
"TAI AN";"01530";"2025-04-18 21:45:00";"-54,8102166667";"-68,2973833333";"0,0";"0"
"TAI AN";"01530";"2025-04-18 21:46:00";"-54,8102833333";"-68,29745";"0,0";"342"
"TAI AN";"01530";"2025-04-18 22:00:00";"-54,8103833333";"-68,29755";"0,0";"0"
"TAI AN";"01530";"2025-04-18 22:01:00";"-54,8102666667";"-68,29745";"0,0";"342"
"TAI AN";"01530";"2025-04-18 22:15:00";"-54,8103833333";"-68,29755";"0,0";"0"
"TAI AN";"01530";"2025-04-18 22:16:00";"-54,81025";"-68,2974333333";"0,0";"342"
"TAI AN";"01530";"2025-04-18 22:30:00";"-54,8103833333";"-68,2977166667";"0,0";"0"
"TAI AN";"01530";"2025-04-18 22:31:00";"-54,8102666667";"-68,29745";"0,0";"342"
"TAI AN";"01530";"2025-04-18 22:45:00";"-54,8103833333";"-68,29755";"0,0";"0"
"TAI AN";"01530";"2025-04-18 22:46:00";"-54,8102666667";"-68,29745";"0,0";"342"
"TAI AN";"01530";"2025-04-18 23:00:00";"-54,8103833333";"-68,29755";"0,0";"0"
"TAI AN";"01530";"2025-04-18 23:15:00";"-54,8103833333";"-68,29755";"0,0";"0"
"TAI AN";"01530";"2025-04-18 23:16:00";"-54,8102666667";"-68,29745";"0,0";"176"
"TAI AN";"01530";"2025-04-18 23:30:00";"-54,8103833333";"-68,29755";"0,0";"0"
"TAI AN";"01530";"2025-04-18 23:31:00";"-54,81025";"-68,2974333333";"0,0";"176"
"TAI AN";"01530";"2025-04-18 23:45:00";"-54,8103833333";"-68,2973833333";"0,0";"0"
"TAI AN";"01530";"2025-04-18 23:46:00";"-54,8102666667";"-68,29745";"0,0";"176"
"TAI AN";"01530";"2025-04-19 00:00:00";"-54,8102166667";"-68,29755";"0,0";"0"
"TAI AN";"01530";"2025-04-19 00:01:00";"-54,8102833333";"-68,2974333333";"0,0";"176"
"TAI AN";"01530";"2025-04-19 00:15:00";"-54,8102166667";"-68,29755";"0,0";"0"
"TAI AN";"01530";"2025-04-19 00:16:00";"-54,8102666667";"-68,2974666667";"0,0";"176"
"TAI AN";"01530";"2025-04-19 00:30:00";"-54,8103833333";"-68,29755";"0,0";"0"
"TAI AN";"01530";"2025-04-19 00:31:00";"-54,8102666667";"-68,29745";"0,0";"176"
"TAI AN";"01530";"2025-04-19 00:45:00";"-54,8103833333";"-68,29755";"0,0";"0"
"TAI AN";"01530";"2025-04-19 00:46:00";"-54,8102666667";"-68,29745";"0,0";"176"
"TAI AN";"01530";"2025-04-19 01:00:00";"-54,8103833333";"-68,29755";"0,0";"0"
"TAI AN";"01530";"2025-04-19 01:01:00";"-54,8102666667";"-68,2974666667";"0,0";"176"
"TAI AN";"01530";"2025-04-19 01:15:00";"-54,8102166667";"-68,29755";"0,0";"0"
"TAI AN";"01530";"2025-04-19 01:16:00";"-54,8102666667";"-68,29745";"0,0";"176"
"TAI AN";"01530";"2025-04-19 01:30:00";"-54,8103833333";"-68,29755";"0,0";"0"
"TAI AN";"01530";"2025-04-19 01:31:00";"-54,8102833333";"-68,29745";"0,0";"176"
"TAI AN";"01530";"2025-04-19 01:45:00";"-54,8103833333";"-68,29755";"0,0";"0"
"TAI AN";"01530";"2025-04-19 01:46:00";"-54,8102666667";"-68,29745";"0,0";"176"
"TAI AN";"01530";"2025-04-19 02:00:00";"-54,8103833333";"-68,2973833333";"0,1";"0"
"TAI AN";"01530";"2025-04-19 02:01:00";"-54,8101666667";"-68,2970833333";"1,1";"77"
"TAI AN";"01530";"2025-04-19 02:15:00";"-54,8103833333";"-68,2838833333";"1,2";"126"
"TAI AN";"01530";"2025-04-19 02:16:00";"-54,8105333333";"-68,28345";"1,1";"135"
"TAI AN";"01530";"2025-04-19 02:30:00";"-54,8147166667";"-68,25505";"9,8";"109"
"TAI AN";"01530";"2025-04-19 02:31:00";"-54,8156166667";"-68,2505166667";"10,2";"111"
"TAI AN";"01530";"2025-04-19 02:45:00";"-54,8313833333";"-68,1772166667";"12,0";"111"
"TAI AN";"01530";"2025-04-19 02:46:00";"-54,8324166667";"-68,17185";"12,0";"110"
"TAI AN";"01530";"2025-04-19 03:00:00";"-54,8483833333";"-68,0953833333";"12,2";"110"
"TAI AN";"01530";"2025-04-19 03:01:00";"-54,8495";"-68,0898833333";"12,1";"109"
"TAI AN";"01530";"2025-04-19 03:15:00";"-54,86555";"-68,01205";"12,3";"110"
"TAI AN";"01530";"2025-04-19 03:16:00";"-54,86655";"-68,0067333333";"12,3";"109"
"TAI AN";"01530";"2025-04-19 03:30:00";"-54,87955";"-67,9273833333";"12,2";"101"
"TAI AN";"01530";"2025-04-19 03:31:00";"-54,8800666667";"-67,92205";"12,1";"101"
"TAI AN";"01530";"2025-04-19 03:45:00";"-54,8897166667";"-67,8412166667";"12,2";"101"
"TAI AN";"01530";"2025-04-19 03:46:00";"-54,8902666667";"-67,8360666667";"12,1";"101"
"TAI AN";"01530";"2025-04-19 04:00:00";"-54,8947166667";"-67,7542166667";"12,3";"92"
"TAI AN";"01530";"2025-04-19 04:01:00";"-54,89485";"-67,7488833333";"12,2";"92"
"TAI AN";"01530";"2025-04-19 04:15:00";"-54,8962166667";"-67,66605";"12,1";"91"
"TAI AN";"01530";"2025-04-19 04:16:00";"-54,8963166667";"-67,6609333333";"12,1";"91"
"TAI AN";"01530";"2025-04-19 04:30:00";"-54,9007166667";"-67,5812166667";"11,7";"124"
"TAI AN";"01530";"2025-04-19 04:31:00";"-54,9020833333";"-67,5772";"11,6";"119"
"TAI AN";"01530";"2025-04-19 04:45:00";"-54,92205";"-67,5058833333";"11,7";"100"
"TAI AN";"01530";"2025-04-19 04:46:00";"-54,9224333333";"-67,5012833333";"11,7";"101"
"TAI AN";"01530";"2025-04-19 05:00:00";"-54,9177166667";"-67,4223833333";"11,8";"85"
"TAI AN";"01530";"2025-04-19 05:01:00";"-54,9173333333";"-67,4178666667";"11,7";"83"
"TAI AN";"01530";"2025-04-19 05:15:00";"-54,91405";"-67,33805";"12,2";"90"
"TAI AN";"01530";"2025-04-19 05:16:00";"-54,91395";"-67,3334";"12,2";"89"
"TAI AN";"01530";"2025-04-19 05:30:00";"-54,9173833333";"-67,2498833333";"12,2";"103"
"TAI AN";"01530";"2025-04-19 05:31:00";"-54,9179";"-67,2453333333";"12,1";"101"
"TAI AN";"01530";"2025-04-19 05:45:00";"-54,92655";"-67,1622166667";"12,4";"100"
"TAI AN";"01530";"2025-04-19 05:46:00";"-54,9269333333";"-67,1577833333";"12,3";"99"
"TAI AN";"01530";"2025-04-19 06:00:00";"-54,9358833333";"-67,0727166667";"12,9";"100"
"TAI AN";"01530";"2025-04-19 06:01:00";"-54,9364166667";"-67,0680666667";"12,8";"100"
"TAI AN";"01530";"2025-04-19 06:15:00";"-54,9457166667";"-66,9818833333";"10,0";"102"
"TAI AN";"01530";"2025-04-19 06:16:00";"-54,9461";"-66,9787666667";"9,1";"105"
"TAI AN";"01530";"2025-04-19 06:30:00";"-54,9578833333";"-66,92605";"12,5";"120"
"TAI AN";"01530";"2025-04-19 06:31:00";"-54,9590833333";"-66,92245";"12,6";"120"
"TAI AN";"01530";"2025-04-19 06:45:00";"-54,9838833333";"-66,8462166667";"12,5";"120"
"TAI AN";"01530";"2025-04-19 06:46:00";"-54,9851333333";"-66,8423";"12,4";"118"
"TAI AN";"01530";"2025-04-19 07:00:00";"-55,01005";"-66,7682166667";"12,8";"121"
"TAI AN";"01530";"2025-04-19 07:01:00";"-55,0112166667";"-66,76435";"12,7";"121"
"TAI AN";"01530";"2025-04-19 07:15:00";"-55,0363833333";"-66,6902166667";"12,4";"121"
"TAI AN";"01530";"2025-04-19 07:16:00";"-55,0375166667";"-66,6867333333";"12,2";"119"
"TAI AN";"01530";"2025-04-19 07:30:00";"-55,0611666667";"-66,6064833333";"12,7";"111"
"TAI AN";"01530";"2025-04-19 07:30:00";"-55,0603833333";"-66,6102166667";"12,6";"112"
"TAI AN";"01530";"2025-04-19 07:45:00";"-55,0772";"-66,51835";"12,8";"107"
"TAI AN";"01530";"2025-04-19 07:45:00";"-55,07655";"-66,5222166667";"12,9";"109"
"TAI AN";"01530";"2025-04-19 08:00:00";"-55,08785";"-66,427";"12,7";"99"
"TAI AN";"01530";"2025-04-19 08:00:00";"-55,08755";"-66,4308833333";"12,9";"100"
"TAI AN";"01530";"2025-04-19 08:15:00";"-55,0927166667";"-66,3403833333";"12,1";"95"
"TAI AN";"01530";"2025-04-19 08:15:00";"-55,09275";"-66,3368333333";"12,0";"94"
"TAI AN";"01530";"2025-04-19 08:30:00";"-55,09605";"-66,2548833333";"11,6";"92"
"TAI AN";"01530";"2025-04-19 08:45:00";"-55,09755";"-66,1687166667";"12,3";"90"
"TAI AN";"01530";"2025-04-19 09:00:00";"-55,09855";"-66,0817166667";"11,8";"93"
"TAI AN";"01530";"2025-04-19 09:00:00";"-55,09855";"-66,0785666667";"11,7";"91"
"TAI AN";"01530";"2025-04-19 09:15:00";"-55,0993833333";"-65,9942166667";"12,5";"93"
"TAI AN";"01530";"2025-04-19 09:15:00";"-55,09945";"-65,9909166667";"12,6";"92"
"TAI AN";"01530";"2025-04-19 09:30:00";"-55,1038833333";"-65,8993833333";"13,0";"98"
"TAI AN";"01530";"2025-04-19 09:30:00";"-55,10405";"-65,8960666667";"12,9";"96"
"TAI AN";"01530";"2025-04-19 09:45:00";"-55,1094166667";"-65,8004833333";"12,8";"95"
"TAI AN";"01530";"2025-04-19 09:45:00";"-55,1093833333";"-65,80355";"12,9";"97"
"TAI AN";"01530";"2025-04-19 10:00:00";"-55,1147166667";"-65,7132166667";"12,7";"98"
"TAI AN";"01530";"2025-04-19 10:00:00";"-55,11495";"-65,7102333333";"12,6";"93"
"TAI AN";"01530";"2025-04-19 10:15:00";"-55,1193833333";"-65,62505";"11,8";"94"
"TAI AN";"01530";"2025-04-19 10:30:00";"-55,1097666667";"-65,5373";"12,5";"74"
"TAI AN";"01530";"2025-04-19 10:30:00";"-55,11005";"-65,5393833333";"12,5";"75"
"TAI AN";"01530";"2025-04-19 10:45:00";"-55,0962166667";"-65,4507166667";"13,0";"74"
"TAI AN";"01530";"2025-04-19 11:00:00";"-55,08355";"-65,36255";"12,1";"79"
"TAI AN";"01530";"2025-04-19 11:00:00";"-55,0831666667";"-65,3602333333";"12,4";"77"
"TAI AN";"01530";"2025-04-19 11:15:00";"-55,0714666667";"-65,27235";"12,7";"77"
"TAI AN";"01530";"2025-04-19 11:30:00";"-55,0570666667";"-65,1843166667";"12,3";"75"
"TAI AN";"01530";"2025-04-19 11:30:00";"-55,05755";"-65,18655";"12,8";"72"
"TAI AN";"01530";"2025-04-19 11:45:00";"-55,0422166667";"-65,0957166667";"13,1";"73"
"TAI AN";"01530";"2025-04-19 12:00:00";"-55,02555";"-65,00355";"13,2";"72"
"TAI AN";"01530";"2025-04-19 12:15:00";"-55,00855";"-64,9112166667";"13,5";"73"
"TAI AN";"01530";"2025-04-19 12:30:00";"-54,9929833333";"-64,8146666667";"13,6";"79"
"TAI AN";"01530";"2025-04-19 12:30:00";"-54,9932166667";"-64,81655";"13,7";"80"
"TAI AN";"01530";"2025-04-19 12:45:00";"-54,98245";"-64,7208166667";"13,1";"83"
"TAI AN";"01530";"2025-04-19 12:45:00";"-54,9827166667";"-64,7223833333";"13,2";"81"
"TAI AN";"01530";"2025-04-19 13:00:00";"-54,9746";"-64,62625";"13,2";"81"
"TAI AN";"01530";"2025-04-19 13:00:00";"-54,9747166667";"-64,6277166667";"13,3";"82"
"TAI AN";"01530";"2025-04-19 13:15:00";"-54,9672166667";"-64,53255";"13,6";"80"
"TAI AN";"01530";"2025-04-19 13:15:00";"-54,9670333333";"-64,5309333333";"13,1";"83"
"TAI AN";"01530";"2025-04-19 13:30:00";"-54,9597166667";"-64,4358833333";"13,9";"86"
"TAI AN";"01530";"2025-04-19 13:30:00";"-54,9595833333";"-64,4343";"13,8";"85"
"TAI AN";"01530";"2025-04-19 13:45:00";"-54,9577166667";"-64,3373833333";"13,5";"89"
"TAI AN";"01530";"2025-04-19 13:45:00";"-54,9576";"-64,3361833333";"13,9";"84"
"TAI AN";"01530";"2025-04-19 14:00:00";"-54,9540666667";"-64,2369833333";"14,2";"82"
"TAI AN";"01530";"2025-04-19 14:00:00";"-54,9542166667";"-64,23855";"14,0";"86"
"TAI AN";"01530";"2025-04-19 14:15:00";"-54,9492166667";"-64,13805";"14,2";"83"
"TAI AN";"01530";"2025-04-19 14:30:00";"-54,9365166667";"-64,0382666667";"14,3";"69"
"TAI AN";"01530";"2025-04-19 14:45:00";"-54,9157166667";"-63,94205";"14,1";"70"
"TAI AN";"01530";"2025-04-19 15:00:00";"-54,89605";"-63,8468833333";"13,9";"73"
"TAI AN";"01530";"2025-04-19 15:00:00";"-54,8957166667";"-63,8458833333";"14,0";"72"
"TAI AN";"01530";"2025-04-19 15:15:00";"-54,87655";"-63,75325";"14,0";"63"
"TAI AN";"01530";"2025-04-19 15:15:00";"-54,8767166667";"-63,75405";"13,6";"66"
"TAI AN";"01530";"2025-04-19 15:30:00";"-54,8497";"-63,66775";"12,5";"37"
"TAI AN";"01530";"2025-04-19 15:30:00";"-54,85005";"-63,66805";"13,0";"38"
"TAI AN";"01530";"2025-04-19 15:45:00";"-54,8063333333";"-63,6175666667";"12,7";"34"
"TAI AN";"01530";"2025-04-19 16:00:00";"-54,7661166667";"-63,5712666667";"10,8";"31"
"TAI AN";"01530";"2025-04-19 16:00:00";"-54,7663833333";"-63,57155";"11,0";"33"
"TAI AN";"01530";"2025-04-19 16:15:00";"-54,7278833333";"-63,5302166667";"11,1";"28"
"TAI AN";"01530";"2025-04-19 16:15:00";"-54,7276666667";"-63,5300833333";"11,0";"29"
"TAI AN";"01530";"2025-04-19 16:30:00";"-54,6888833333";"-63,49205";"10,8";"28"
"TAI AN";"01530";"2025-04-19 16:30:00";"-54,6888333333";"-63,4919333333";"10,7";"27"
"TAI AN";"01530";"2025-04-19 16:45:00";"-54,6501833333";"-63,4562833333";"10,6";"27"
"TAI AN";"01530";"2025-04-19 16:45:00";"-54,6502166667";"-63,4563833333";"10,6";"28"
"TAI AN";"01530";"2025-04-19 17:00:00";"-54,6108666667";"-63,42185";"11,1";"24"
"TAI AN";"01530";"2025-04-19 17:00:00";"-54,6117166667";"-63,42255";"11,2";"27"
"TAI AN";"01530";"2025-04-19 17:15:00";"-54,5782166667";"-63,37105";"10,7";"47"
"TAI AN";"01530";"2025-04-19 17:15:00";"-54,57825";"-63,3711";"10,5";"42"
"TAI AN";"01530";"2025-04-19 17:30:00";"-54,55065";"-63,3148333333";"11,0";"86"
"TAI AN";"01530";"2025-04-19 17:30:00";"-54,5507166667";"-63,31455";"11,1";"91"
"TAI AN";"01530";"2025-04-19 17:45:00";"-54,5548833333";"-63,24055";"11,7";"138"
"TAI AN";"01530";"2025-04-19 17:45:00";"-54,5545666667";"-63,2409";"11,6";"129"
"TAI AN";"01530";"2025-04-19 18:00:00";"-54,5968833333";"-63,2027166667";"8,9";"118"
"TAI AN";"01530";"2025-04-19 18:00:00";"-54,59675";"-63,2030666667";"9,0";"123"
"TAI AN";"01530";"2025-04-19 18:15:00";"-54,6006333333";"-63,1625";"3,8";"39"
"TAI AN";"01530";"2025-04-19 18:15:00";"-54,60055";"-63,1623833333";"3,3";"31"
"TAI AN";"01530";"2025-04-19 18:30:00";"-54,5890833333";"-63,1905333333";"3,7";"291"
"TAI AN";"01530";"2025-04-19 18:30:00";"-54,5892166667";"-63,1903833333";"3,7";"288"
"TAI AN";"01530";"2025-04-19 18:45:00";"-54,5819833333";"-63,2119666667";"4,3";"324"
"TAI AN";"01530";"2025-04-19 18:45:00";"-54,58205";"-63,2118833333";"3,4";"328"
"TAI AN";"01530";"2025-04-19 19:00:00";"-54,5660166667";"-63,2159833333";"4,6";"24"
"TAI AN";"01530";"2025-04-19 19:00:00";"-54,5658833333";"-63,2158833333";"4,8";"27"
"TAI AN";"01530";"2025-04-19 19:15:00";"-54,5503833333";"-63,1973833333";"4,5";"39"
"TAI AN";"01530";"2025-04-19 19:15:00";"-54,5505666667";"-63,1976666667";"4,4";"38"
"TAI AN";"01530";"2025-04-19 19:30:00";"-54,54005";"-63,1742166667";"4,3";"63"
"TAI AN";"01530";"2025-04-19 19:30:00";"-54,5401";"-63,1746";"4,1";"61"
"TAI AN";"01530";"2025-04-19 19:45:00";"-54,5311333333";"-63,1490833333";"4,1";"55"
"TAI AN";"01530";"2025-04-19 19:45:00";"-54,53105";"-63,1487166667";"4,0";"56"
"TAI AN";"01530";"2025-04-19 20:00:00";"-54,5219166667";"-63,1227166667";"4,7";"57"
"TAI AN";"01530";"2025-04-19 20:15:00";"-54,51105";"-63,0988833333";"4,3";"48"
"TAI AN";"01530";"2025-04-19 20:29:00";"-54,49835";"-63,0794";"4,3";"37"
"TAI AN";"01530";"2025-04-19 20:30:00";"-54,49805";"-63,07905";"3,9";"30"
"TAI AN";"01530";"2025-04-19 20:44:00";"-54,4841833333";"-63,0657166667";"3,2";"23"
"TAI AN";"01530";"2025-04-19 20:45:00";"-54,4838833333";"-63,06555";"3,9";"18"
"TAI AN";"01530";"2025-04-19 20:59:00";"-54,4721666667";"-63,0806333333";"5,1";"267"
"TAI AN";"01530";"2025-04-19 21:00:00";"-54,4722166667";"-63,0808833333";"5,7";"264"
"TAI AN";"01530";"2025-04-19 21:14:00";"-54,4867666667";"-63,1014666667";"4,3";"179"
"TAI AN";"01530";"2025-04-19 21:15:00";"-54,48705";"-63,10155";"4,3";"186"
"TAI AN";"01530";"2025-04-19 21:29:00";"-54,4939666667";"-63,08965";"2,9";"118"
"TAI AN";"01530";"2025-04-19 21:30:00";"-54,49405";"-63,0892166667";"2,4";"111"
"TAI AN";"01530";"2025-04-19 21:44:00";"-54,5017";"-63,06245";"6,3";"128"
"TAI AN";"01530";"2025-04-19 21:45:00";"-54,5022166667";"-63,0613833333";"6,6";"132"
"TAI AN";"01530";"2025-04-19 21:59:00";"-54,5216";"-63,03815";"3,2";"233"
"TAI AN";"01530";"2025-04-19 22:00:00";"-54,5217166667";"-63,0382166667";"3,0";"235"
"TAI AN";"01530";"2025-04-19 22:14:00";"-54,5450166667";"-63,04935";"8,4";"231"
"TAI AN";"01530";"2025-04-19 22:15:00";"-54,5457166667";"-63,0508833333";"8,7";"237"
"TAI AN";"01530";"2025-04-19 22:29:00";"-54,5583";"-63,0787";"4,1";"145"
"TAI AN";"01530";"2025-04-19 22:30:00";"-54,5587166667";"-63,0778833333";"5,6";"107"
"TAI AN";"01530";"2025-04-19 22:44:00";"-54,5761666667";"-63,1033333333";"9,1";"218"
"TAI AN";"01530";"2025-04-19 22:45:00";"-54,5768833333";"-63,1042166667";"9,1";"219"
"TAI AN";"01530";"2025-04-19 22:59:00";"-54,6059";"-63,1438166667";"9,9";"220"
"TAI AN";"01530";"2025-04-19 23:00:00";"-54,6063833333";"-63,14455";"10,3";"221"
"TAI AN";"01530";"2025-04-19 23:14:00";"-54,6269333333";"-63,1844";"11,8";"291"
"TAI AN";"01530";"2025-04-19 23:15:00";"-54,6263833333";"-63,1873833333";"11,7";"289"
"TAI AN";"01530";"2025-04-19 23:29:00";"-54,5820666667";"-63,2143666667";"13,0";"6"
"TAI AN";"01530";"2025-04-19 23:30:00";"-54,57955";"-63,2138833333";"13,0";"7"
"TAI AN";"01530";"2025-04-19 23:44:00";"-54,5705333333";"-63,2568666667";"7,9";"224"
"TAI AN";"01530";"2025-04-19 23:45:00";"-54,57105";"-63,2578833333";"8,0";"225"
"TAI AN";"01530";"2025-04-19 23:59:00";"-54,59715";"-63,3011833333";"8,3";"209"
"TAI AN";"01530";"2025-04-20 00:00:00";"-54,5978833333";"-63,3018833333";"8,3";"207"
"TAI AN";"01530";"2025-04-20 00:14:00";"-54,5871166667";"-63,3538666667";"12,6";"323"
"TAI AN";"01530";"2025-04-20 00:15:00";"-54,5853833333";"-63,35605";"12,4";"324"
"TAI AN";"01530";"2025-04-20 00:29:00";"-54,5399833333";"-63,3764166667";"12,2";"351"
"TAI AN";"01530";"2025-04-20 00:30:00";"-54,5378833333";"-63,3768833333";"12,5";"355"
"TAI AN";"01530";"2025-04-20 00:44:00";"-54,51035";"-63,4091166667";"6,1";"63"
"TAI AN";"01530";"2025-04-20 00:45:00";"-54,5098833333";"-63,4072166667";"7,2";"74"
"TAI AN";"01530";"2025-04-20 00:59:00";"-54,5075833333";"-63,3518166667";"8,3";"88"
"TAI AN";"01530";"2025-04-20 01:00:00";"-54,50755";"-63,34905";"8,2";"92"
"TAI AN";"01530";"2025-04-20 01:14:00";"-54,5072166667";"-63,3711";"11,3";"6"
"TAI AN";"01530";"2025-04-20 01:15:00";"-54,5053833333";"-63,3702166667";"11,1";"21"
"TAI AN";"01530";"2025-04-20 01:29:00";"-54,4903666667";"-63,3548333333";"2,7";"190"
"TAI AN";"01530";"2025-04-20 01:30:00";"-54,4908833333";"-63,3548833333";"2,7";"176"
"TAI AN";"01530";"2025-04-20 01:44:00";"-54,5057666667";"-63,3514166667";"3,1";"172"
"TAI AN";"01530";"2025-04-20 01:45:00";"-54,5062166667";"-63,3513833333";"3,0";"187"
"TAI AN";"01530";"2025-04-20 01:59:00";"-54,5193666667";"-63,3531666667";"3,3";"197"
"TAI AN";"01530";"2025-04-20 02:00:00";"-54,5198833333";"-63,3533833333";"3,7";"198"
"TAI AN";"01530";"2025-04-20 02:14:00";"-54,5332166667";"-63,3649166667";"4,1";"217"
"TAI AN";"01530";"2025-04-20 02:15:00";"-54,5337166667";"-63,3653833333";"4,3";"210"
"TAI AN";"01530";"2025-04-20 02:29:00";"-54,54565";"-63,3786666667";"3,6";"212"
"TAI AN";"01530";"2025-04-20 02:30:00";"-54,54605";"-63,3792166667";"3,6";"212"
"TAI AN";"01530";"2025-04-20 02:44:00";"-54,56";"-63,3870333333";"3,9";"191"
"TAI AN";"01530";"2025-04-20 02:45:00";"-54,56055";"-63,3872166667";"4,1";"193"
"TAI AN";"01530";"2025-04-20 02:59:00";"-54,5752333333";"-63,38665";"3,3";"174"
"TAI AN";"01530";"2025-04-20 03:00:00";"-54,5757166667";"-63,3867166667";"3,2";"172"
"TAI AN";"01530";"2025-04-20 03:14:00";"-54,5846166667";"-63,3724";"3,3";"99"
"TAI AN";"01530";"2025-04-20 03:15:00";"-54,5848833333";"-63,3712166667";"3,2";"99"
"TAI AN";"01530";"2025-04-20 03:29:00";"-54,5883";"-63,3500833333";"3,2";"119"
"TAI AN";"01530";"2025-04-20 03:30:00";"-54,5887166667";"-63,34905";"3,3";"125"
"TAI AN";"01530";"2025-04-20 03:44:00";"-54,5954833333";"-63,3292166667";"3,5";"119"
"TAI AN";"01530";"2025-04-20 03:45:00";"-54,5958833333";"-63,32805";"3,6";"126"
"TAI AN";"01530";"2025-04-20 03:59:00";"-54,6007333333";"-63,3053";"3,8";"109"
"TAI AN";"01530";"2025-04-20 04:00:00";"-54,60105";"-63,3038833333";"3,7";"105"
"TAI AN";"01530";"2025-04-20 04:14:00";"-54,5939833333";"-63,2851833333";"5,9";"349"
"TAI AN";"01530";"2025-04-20 04:15:00";"-54,5927166667";"-63,2858833333";"6,2";"342"
"TAI AN";"01530";"2025-04-20 04:29:00";"-54,58375";"-63,3179333333";"4,6";"283"
"TAI AN";"01530";"2025-04-20 04:30:00";"-54,5837166667";"-63,3193833333";"4,7";"283"
"TAI AN";"01530";"2025-04-20 04:44:00";"-54,5797333333";"-63,3487333333";"4,3";"283"
"TAI AN";"01530";"2025-04-20 04:45:00";"-54,5797166667";"-63,3502166667";"4,5";"278"
"TAI AN";"01530";"2025-04-20 04:59:00";"-54,5748333333";"-63,3783";"4,4";"293"
"TAI AN";"01530";"2025-04-20 05:00:00";"-54,5743833333";"-63,3798833333";"4,4";"304"
"TAI AN";"01530";"2025-04-20 05:14:00";"-54,5633666667";"-63,4023666667";"4,0";"313"
"TAI AN";"01530";"2025-04-20 05:15:00";"-54,5628833333";"-63,4033833333";"3,9";"309"
"TAI AN";"01530";"2025-04-20 05:29:00";"-54,5525333333";"-63,4235333333";"3,6";"333"
"TAI AN";"01530";"2025-04-20 05:30:00";"-54,5517166667";"-63,4243833333";"3,8";"335"
"TAI AN";"01530";"2025-04-20 05:44:00";"-54,5373166667";"-63,42115";"3,7";"20"
"TAI AN";"01530";"2025-04-20 05:45:00";"-54,5367166667";"-63,4207166667";"3,5";"22"
"TAI AN";"01530";"2025-04-20 05:59:00";"-54,5237333333";"-63,41135";"3,7";"19"
"TAI AN";"01530";"2025-04-20 06:00:00";"-54,5232166667";"-63,4108833333";"3,6";"23"
"TAI AN";"01530";"2025-04-20 06:14:00";"-54,5098";"-63,4007833333";"3,8";"24"
"TAI AN";"01530";"2025-04-20 06:15:00";"-54,5092166667";"-63,4002166667";"3,5";"25"
"TAI AN";"01530";"2025-04-20 06:29:00";"-54,4962833333";"-63,389";"3,4";"33"
"TAI AN";"01530";"2025-04-20 06:30:00";"-54,4953833333";"-63,3882166667";"3,7";"26"
"TAI AN";"01530";"2025-04-20 06:44:00";"-54,4829833333";"-63,3762666667";"3,5";"32"
"TAI AN";"01530";"2025-04-20 06:45:00";"-54,48205";"-63,3753833333";"3,7";"33"
"TAI AN";"01530";"2025-04-20 06:59:00";"-54,4694666667";"-63,36135";"3,7";"23"
"TAI AN";"01530";"2025-04-20 07:00:00";"-54,4683833333";"-63,36055";"3,8";"21"
"TAI AN";"01530";"2025-04-20 07:14:00";"-54,4550166667";"-63,3504833333";"3,8";"24"
"TAI AN";"01530";"2025-04-20 07:15:00";"-54,45405";"-63,3497166667";"3,6";"26"
"TAI AN";"01530";"2025-04-20 07:29:00";"-54,4413";"-63,3410666667";"3,4";"20"
"TAI AN";"01530";"2025-04-20 07:30:00";"-54,44055";"-63,34055";"3,5";"18"
"TAI AN";"01530";"2025-04-20 07:44:00";"-54,42775";"-63,3316";"3,3";"34"
"TAI AN";"01530";"2025-04-20 07:45:00";"-54,4268833333";"-63,3303833333";"3,6";"36"
"TAI AN";"01530";"2025-04-20 07:59:00";"-54,4153166667";"-63,3159833333";"3,7";"34"
"TAI AN";"01530";"2025-04-20 08:00:00";"-54,41455";"-63,3148833333";"3,9";"44"
"TAI AN";"01530";"2025-04-20 08:14:00";"-54,4031166667";"-63,29895";"3,9";"39"
"TAI AN";"01530";"2025-04-20 08:15:00";"-54,4022166667";"-63,2977166667";"4,0";"42"
"TAI AN";"01530";"2025-04-20 08:29:00";"-54,3906833333";"-63,28535";"3,3";"10"
"TAI AN";"01530";"2025-04-20 08:30:00";"-54,3897166667";"-63,28505";"3,6";"10"
"TAI AN";"01530";"2025-04-20 08:44:00";"-54,37665";"-63,2839333333";"3,2";"353"
"TAI AN";"01530";"2025-04-20 08:45:00";"-54,3757166667";"-63,28405";"3,3";"356"
"TAI AN";"01530";"2025-04-20 08:59:00";"-54,3626";"-63,2833166667";"3,5";"10"
"TAI AN";"01530";"2025-04-20 09:00:00";"-54,3613833333";"-63,2828833333";"3,4";"16"
"TAI AN";"01530";"2025-04-20 09:14:00";"-54,3587666667";"-63,2698666667";"3,7";"111"
"TAI AN";"01530";"2025-04-20 09:15:00";"-54,3593833333";"-63,26755";"4,3";"108"
"TAI AN";"01530";"2025-04-20 09:29:00";"-54,3685833333";"-63,2568";"2,6";"292"
"TAI AN";"01530";"2025-04-20 09:30:00";"-54,3683833333";"-63,25805";"3,2";"293"
"TAI AN";"01530";"2025-04-20 09:43:00";"-54,4005166667";"-63,2420833333";"10,7";"163"
"TAI AN";"01530";"2025-04-20 09:45:00";"-54,40355";"-63,24055";"11,0";"165"
"TAI AN";"01530";"2025-04-20 09:58:00";"-54,4337833333";"-63,2575";"9,5";"227"
"TAI AN";"01530";"2025-04-20 10:00:00";"-54,43655";"-63,25855";"9,1";"168"
"TAI AN";"01530";"2025-04-20 10:13:00";"-54,4742";"-63,2591333333";"8,1";"139"
"TAI AN";"01530";"2025-04-20 10:15:00";"-54,4742166667";"-63,25505";"6,7";"37"
"TAI AN";"01530";"2025-04-20 10:28:00";"-54,45225";"-63,2599166667";"6,2";"358"
"TAI AN";"01530";"2025-04-20 10:30:00";"-54,4503833333";"-63,2603833333";"6,1";"358"
"TAI AN";"01530";"2025-04-20 10:43:00";"-54,4327666667";"-63,2641";"4,2";"354"
"TAI AN";"01530";"2025-04-20 10:45:00";"-54,43155";"-63,26455";"4,2";"349"
"TAI AN";"01530";"2025-04-20 10:58:00";"-54,41565";"-63,26825";"4,1";"352"
"TAI AN";"01530";"2025-04-20 11:00:00";"-54,4143833333";"-63,26855";"4,0";"347"
"TAI AN";"01530";"2025-04-20 11:13:00";"-54,3984666667";"-63,2721";"4,0";"357"
"TAI AN";"01530";"2025-04-20 11:15:00";"-54,3972166667";"-63,27255";"4,3";"348"
"TAI AN";"01530";"2025-04-20 11:28:00";"-54,3810666667";"-63,27325";"4,4";"24"
"TAI AN";"01530";"2025-04-20 11:30:00";"-54,37955";"-63,2717166667";"4,3";"28"
"TAI AN";"01530";"2025-04-20 11:43:00";"-54,3687666667";"-63,2516833333";"4,4";"62"
"TAI AN";"01530";"2025-04-20 11:45:00";"-54,36805";"-63,2492166667";"3,9";"56"
"TAI AN";"01530";"2025-04-20 11:58:00";"-54,3633333333";"-63,22495";"3,9";"96"
"TAI AN";"01530";"2025-04-20 12:00:00";"-54,36355";"-63,22205";"4,5";"97"
"TAI AN";"01530";"2025-04-20 12:13:00";"-54,3713333333";"-63,2003666667";"4,4";"143"
"TAI AN";"01530";"2025-04-20 12:15:00";"-54,3728833333";"-63,19855";"4,3";"143"
"TAI AN";"01530";"2025-04-20 12:28:00";"-54,3870166667";"-63,1948";"3,9";"197"
"TAI AN";"01530";"2025-04-20 12:30:00";"-54,3883833333";"-63,19555";"3,9";"197"
"TAI AN";"01530";"2025-04-20 12:43:00";"-54,4011";"-63,2027333333";"3,6";"201"
"TAI AN";"01530";"2025-04-20 12:45:00";"-54,4023833333";"-63,20355";"3,3";"197"
"TAI AN";"01530";"2025-04-20 12:58:00";"-54,4150833333";"-63,2112833333";"3,4";"198"
"TAI AN";"01530";"2025-04-20 13:00:00";"-54,4163833333";"-63,2118833333";"3,5";"193"
"TAI AN";"01530";"2025-04-20 13:13:00";"-54,4287833333";"-63,2176833333";"2,9";"197"
"TAI AN";"01530";"2025-04-20 13:15:00";"-54,4298833333";"-63,21855";"3,1";"204"
"TAI AN";"01530";"2025-04-20 13:28:00";"-54,44115";"-63,2210833333";"2,8";"175"
"TAI AN";"01530";"2025-04-20 13:30:00";"-54,4422166667";"-63,22105";"3,1";"176"
"TAI AN";"01530";"2025-04-20 13:45:00";"-54,45505";"-63,2193833333";"3,6";"187"
"TAI AN";"01530";"2025-04-20 13:58:00";"-54,4668666667";"-63,2193333333";"3,0";"183"
"TAI AN";"01530";"2025-04-20 14:00:00";"-54,4682166667";"-63,21955";"3,2";"189"
"TAI AN";"01530";"2025-04-20 14:13:00";"-54,4809333333";"-63,2221333333";"3,3";"182"
"TAI AN";"01530";"2025-04-20 14:15:00";"-54,48255";"-63,2227166667";"3,4";"193"
"TAI AN";"01530";"2025-04-20 14:28:00";"-54,49605";"-63,2258833333";"3,9";"194"
"TAI AN";"01530";"2025-04-20 14:30:00";"-54,49755";"-63,2263833333";"3,6";"191"
"TAI AN";"01530";"2025-04-20 14:43:00";"-54,5107166667";"-63,2297833333";"3,3";"192"
"TAI AN";"01530";"2025-04-20 14:45:00";"-54,51205";"-63,23005";"3,3";"192"
"TAI AN";"01530";"2025-04-20 14:58:00";"-54,52475";"-63,2329";"3,2";"182"
"TAI AN";"01530";"2025-04-20 15:00:00";"-54,5262166667";"-63,23305";"3,3";"186"
"TAI AN";"01530";"2025-04-20 15:13:00";"-54,5388333333";"-63,2337333333";"3,4";"178"
"TAI AN";"01530";"2025-04-20 15:15:00";"-54,54055";"-63,2338833333";"3,9";"183"
"TAI AN";"01530";"2025-04-20 15:28:00";"-54,5533833333";"-63,23385";"3,7";"181"
"TAI AN";"01530";"2025-04-20 15:30:00";"-54,5548833333";"-63,2338833333";"3,7";"173"
"TAI AN";"01530";"2025-04-20 15:43:00";"-54,5685166667";"-63,2333333333";"3,6";"172"
"TAI AN";"01530";"2025-04-20 15:45:00";"-54,57005";"-63,2333833333";"3,6";"178"
"TAI AN";"01530";"2025-04-20 15:58:00";"-54,5838666667";"-63,2327666667";"3,5";"182"
"TAI AN";"01530";"2025-04-20 16:00:00";"-54,5857166667";"-63,2328833333";"3,7";"177"
"TAI AN";"01530";"2025-04-20 16:13:00";"-54,5975";"-63,2229666667";"3,2";"137"
"TAI AN";"01530";"2025-04-20 16:15:00";"-54,5987166667";"-63,22105";"3,0";"146"
"TAI AN";"01530";"2025-04-20 16:28:00";"-54,6022333333";"-63,2024666667";"3,3";"97"
"TAI AN";"01530";"2025-04-20 16:30:00";"-54,60255";"-63,2012166667";"0,7";"158"
"TAI AN";"01530";"2025-04-20 16:43:00";"-54,6060333333";"-63,19925";"1,6";"172"
"TAI AN";"01530";"2025-04-20 16:45:00";"-54,6068833333";"-63,1982166667";"1,5";"131"
"TAI AN";"01530";"2025-04-20 16:58:00";"-54,6150333333";"-63,1781";"8,0";"129"
"TAI AN";"01530";"2025-04-20 17:00:00";"-54,61905";"-63,1748833333";"8,9";"160"
"TAI AN";"01530";"2025-04-20 17:13:00";"-54,6301";"-63,1567";"5,7";"2"
"TAI AN";"01530";"2025-04-20 17:15:00";"-54,6273833333";"-63,1567166667";"5,2";"7"
"TAI AN";"01530";"2025-04-20 17:28:00";"-54,6093333333";"-63,1618666667";"4,8";"335"
"TAI AN";"01530";"2025-04-20 17:30:00";"-54,6073833333";"-63,1637166667";"4,9";"322"
"TAI AN";"01530";"2025-04-20 17:43:00";"-54,5952333333";"-63,1859833333";"5,3";"305"
"TAI AN";"01530";"2025-04-20 17:45:00";"-54,5938833333";"-63,18905";"4,2";"299"
"TAI AN";"01530";"2025-04-20 17:58:00";"-54,58565";"-63,2100833333";"4,3";"313"
"TAI AN";"01530";"2025-04-20 18:00:00";"-54,5848833333";"-63,21255";"2,6";"302"
"TAI AN";"01530";"2025-04-20 18:13:00";"-54,5765";"-63,2307666667";"4,0";"324"
"TAI AN";"01530";"2025-04-20 18:15:00";"-54,57555";"-63,2328833333";"4,0";"332"
"TAI AN";"01530";"2025-04-20 18:28:00";"-54,562";"-63,2354666667";"4,2";"25"
"TAI AN";"01530";"2025-04-20 18:30:00";"-54,5598833333";"-63,2332166667";"4,3";"39"
"TAI AN";"01530";"2025-04-20 18:43:00";"-54,5477833333";"-63,2168833333";"4,4";"48"
"TAI AN";"01530";"2025-04-20 18:45:00";"-54,54605";"-63,2138833333";"4,8";"45"
"TAI AN";"01530";"2025-04-20 18:58:00";"-54,5404333333";"-63,1883333333";"4,7";"75"
"TAI AN";"01530";"2025-04-20 19:00:00";"-54,5397166667";"-63,1847166667";"3,5";"56"
"TAI AN";"01530";"2025-04-20 19:13:00";"-54,5409333333";"-63,1586";"4,7";"134"
"TAI AN";"01530";"2025-04-20 19:15:00";"-54,5432166667";"-63,1553833333";"5,3";"154"
"TAI AN";"01530";"2025-04-20 19:28:00";"-54,5597166667";"-63,1677666667";"6,0";"225"
"TAI AN";"01530";"2025-04-20 19:30:00";"-54,56105";"-63,1718833333";"4,9";"241"
"TAI AN";"01530";"2025-04-20 19:43:00";"-54,5659666667";"-63,1955666667";"3,1";"249"
"TAI AN";"01530";"2025-04-20 19:45:00";"-54,5667166667";"-63,1987166667";"3,6";"255"
"TAI AN";"01530";"2025-04-20 19:58:00";"-54,5719833333";"-63,2202";"4,3";"245"
"TAI AN";"01530";"2025-04-20 20:00:00";"-54,5728833333";"-63,22305";"3,3";"248"
"TAI AN";"01530";"2025-04-20 20:13:00";"-54,5789333333";"-63,2440333333";"3,3";"252"
"TAI AN";"01530";"2025-04-20 20:15:00";"-54,58005";"-63,2467166667";"3,8";"222"
"TAI AN";"01530";"2025-04-20 20:28:00";"-54,588";"-63,26455";"4,2";"211"
"TAI AN";"01530";"2025-04-20 20:30:00";"-54,58955";"-63,2672166667";"2,6";"229"
"TAI AN";"01530";"2025-04-20 20:43:00";"-54,5977833333";"-63,2815";"3,7";"215"
"TAI AN";"01530";"2025-04-20 20:45:00";"-54,5992166667";"-63,2838833333";"3,3";"234"
"TAI AN";"01530";"2025-04-20 20:58:00";"-54,605";"-63,2927333333";"1,4";"240"
"TAI AN";"01530";"2025-04-20 21:00:00";"-54,6057166667";"-63,2928833333";"0,9";"227"
"TAI AN";"01530";"2025-04-20 21:13:00";"-54,6121";"-63,29155";"3,3";"187"
"TAI AN";"01530";"2025-04-20 21:15:00";"-54,61405";"-63,2918833333";"3,9";"184"
"TAI AN";"01530";"2025-04-20 21:28:00";"-54,6201166667";"-63,267";"6,1";"56"
"TAI AN";"01530";"2025-04-20 21:30:00";"-54,6173833333";"-63,2628833333";"5,0";"29"
"TAI AN";"01530";"2025-04-20 21:43:00";"-54,6011333333";"-63,25375";"5,5";"81"
"TAI AN";"01530";"2025-04-20 21:45:00";"-54,6017166667";"-63,2472166667";"6,8";"109"
"TAI AN";"01530";"2025-04-20 21:58:00";"-54,5997666667";"-63,2205";"6,3";"168"
"TAI AN";"01530";"2025-04-20 22:00:00";"-54,6038833333";"-63,21955";"6,8";"165"
"TAI AN";"01530";"2025-04-20 22:13:00";"-54,6264";"-63,2126833333";"6,2";"164"
"TAI AN";"01530";"2025-04-20 22:15:00";"-54,6298833333";"-63,2118833333";"6,1";"165"
"TAI AN";"01530";"2025-04-20 22:27:00";"-54,6216833333";"-63,2055";"5,9";"3"
"TAI AN";"01530";"2025-04-20 22:30:00";"-54,61855";"-63,20655";"6,1";"342"
"TAI AN";"01530";"2025-04-20 22:42:00";"-54,6089166667";"-63,2311";"3,4";"289"
"TAI AN";"01530";"2025-04-20 22:45:00";"-54,60855";"-63,23405";"2,6";"267"
"TAI AN";"01530";"2025-04-20 22:57:00";"-54,6051";"-63,2522333333";"3,9";"319"
"TAI AN";"01530";"2025-04-20 23:00:00";"-54,60455";"-63,2553833333";"4,6";"306"
"TAI AN";"01530";"2025-04-20 23:12:00";"-54,6006166667";"-63,27415";"4,0";"279"
"TAI AN";"01530";"2025-04-20 23:15:00";"-54,60005";"-63,2777166667";"3,6";"294"
"TAI AN";"01530";"2025-04-20 23:27:00";"-54,5968166667";"-63,2978333333";"3,5";"284"
"TAI AN";"01530";"2025-04-20 23:30:00";"-54,59655";"-63,30155";"4,0";"294"
"TAI AN";"01530";"2025-04-20 23:42:00";"-54,5920333333";"-63,3218166667";"3,8";"295"
"TAI AN";"01530";"2025-04-20 23:45:00";"-54,5908833333";"-63,32555";"4,2";"311"
"TAI AN";"01530";"2025-04-20 23:57:00";"-54,5845166667";"-63,3445333333";"2,8";"318"
"TAI AN";"01530";"2025-04-21 00:00:00";"-54,5828833333";"-63,34755";"3,6";"315"
"TAI AN";"01530";"2025-04-21 00:12:00";"-54,5730333333";"-63,3643166667";"4,8";"316"
"TAI AN";"01530";"2025-04-21 00:15:00";"-54,5717166667";"-63,3672166667";"4,5";"305"
"TAI AN";"01530";"2025-04-21 00:27:00";"-54,5622666667";"-63,3846833333";"3,9";"316"
"TAI AN";"01530";"2025-04-21 00:30:00";"-54,5608833333";"-63,3877166667";"2,4";"323"
"TAI AN";"01530";"2025-04-21 00:42:00";"-54,5467833333";"-63,39205";"3,6";"349"
"TAI AN";"01530";"2025-04-21 00:45:00";"-54,5443833333";"-63,39255";"4,0";"358"
"TAI AN";"01530";"2025-04-21 00:57:00";"-54,5308166667";"-63,3982833333";"4,1";"348"
"TAI AN";"01530";"2025-04-21 01:00:00";"-54,5283833333";"-63,3982166667";"3,2";"6"
"TAI AN";"01530";"2025-04-21 01:12:00";"-54,51455";"-63,39535";"4,2";"5"
"TAI AN";"01530";"2025-04-21 01:15:00";"-54,5118833333";"-63,3947166667";"4,9";"19"
"TAI AN";"01530";"2025-04-21 01:27:00";"-54,5004";"-63,3805";"4,1";"27"
"TAI AN";"01530";"2025-04-21 01:30:00";"-54,49855";"-63,37755";"2,9";"53"
"TAI AN";"01530";"2025-04-21 01:42:00";"-54,50445";"-63,3565833333";"5,2";"161"
"TAI AN";"01530";"2025-04-21 01:45:00";"-54,5083833333";"-63,35555";"5,4";"177"
"TAI AN";"01530";"2025-04-21 01:57:00";"-54,5239166667";"-63,3580333333";"4,6";"212"
"TAI AN";"01530";"2025-04-21 02:00:00";"-54,5263833333";"-63,3607166667";"3,9";"204"
"TAI AN";"01530";"2025-04-21 02:12:00";"-54,538";"-63,3723833333";"4,2";"219"
"TAI AN";"01530";"2025-04-21 02:15:00";"-54,5403833333";"-63,3742166667";"3,5";"203"
"TAI AN";"01530";"2025-04-21 02:27:00";"-54,55135";"-63,3841166667";"4,4";"177"
"TAI AN";"01530";"2025-04-21 02:30:00";"-54,5542166667";"-63,3852166667";"4,1";"191"
"TAI AN";"01530";"2025-04-21 02:42:00";"-54,5668166667";"-63,3882666667";"3,1";"180"
"TAI AN";"01530";"2025-04-21 02:45:00";"-54,5692166667";"-63,3883833333";"3,8";"176"
"TAI AN";"01530";"2025-04-21 02:57:00";"-54,5805833333";"-63,38875";"3,0";"175"
"TAI AN";"01530";"2025-04-21 03:00:00";"-54,5827166667";"-63,38855";"2,6";"170"
"TAI AN";"01530";"2025-04-21 03:12:00";"-54,5870666667";"-63,3695666667";"3,2";"89"
"TAI AN";"01530";"2025-04-21 03:15:00";"-54,5872166667";"-63,3653833333";"3,7";"122"
"TAI AN";"01530";"2025-04-21 03:27:00";"-54,5886666667";"-63,3468833333";"3,4";"104"
"TAI AN";"01530";"2025-04-21 03:30:00";"-54,58905";"-63,34305";"3,9";"111"
"TAI AN";"01530";"2025-04-21 03:42:00";"-54,5886833333";"-63,3235333333";"2,9";"88"
"TAI AN";"01530";"2025-04-21 03:45:00";"-54,5887166667";"-63,3197166667";"3,0";"89"
"TAI AN";"01530";"2025-04-21 03:57:00";"-54,5909833333";"-63,30325";"3,1";"116"
"TAI AN";"01530";"2025-04-21 04:00:00";"-54,5923833333";"-63,2998833333";"3,7";"133"
"TAI AN";"01530";"2025-04-21 04:12:00";"-54,5981833333";"-63,2840833333";"3,8";"106"
"TAI AN";"01530";"2025-04-21 04:15:00";"-54,59905";"-63,28005";"3,4";"111"
"TAI AN";"01530";"2025-04-21 04:27:00";"-54,6015833333";"-63,26645";"1,1";"171"
"TAI AN";"01530";"2025-04-21 04:30:00";"-54,6013833333";"-63,26505";"0,6";"49"
"TAI AN";"01530";"2025-04-21 04:42:00";"-54,6012666667";"-63,2542833333";"1,9";"91"
"TAI AN";"01530";"2025-04-21 04:45:00";"-54,6017166667";"-63,2523833333";"2,3";"129"
"TAI AN";"01530";"2025-04-21 04:57:00";"-54,60425";"-63,2363666667";"6,6";"208"
"TAI AN";"01530";"2025-04-21 05:00:00";"-54,6087166667";"-63,24005";"7,3";"205"
"TAI AN";"01530";"2025-04-21 05:12:00";"-54,6025166667";"-63,2112333333";"7,3";"46"
"TAI AN";"01530";"2025-04-21 05:15:00";"-54,5987166667";"-63,2043833333";"7,1";"44"
"TAI AN";"01530";"2025-04-21 05:27:00";"-54,5940166667";"-63,2176666667";"3,1";"262"
"TAI AN";"01530";"2025-04-21 05:30:00";"-54,59405";"-63,22255";"4,4";"273"
"TAI AN";"01530";"2025-04-21 05:42:00";"-54,6033666667";"-63,2493333333";"4,4";"261"
"TAI AN";"01530";"2025-04-21 05:45:00";"-54,6047166667";"-63,2532166667";"4,6";"252"
"TAI AN";"01530";"2025-04-21 05:57:00";"-54,6045";"-63,2744833333";"3,1";"273"
"TAI AN";"01530";"2025-04-21 06:00:00";"-54,6038833333";"-63,2787166667";"3,8";"286"
"TAI AN";"01530";"2025-04-21 06:12:00";"-54,59735";"-63,2972166667";"4,0";"302"
"TAI AN";"01530";"2025-04-21 06:15:00";"-54,59605";"-63,3008833333";"4,1";"313"
"TAI AN";"01530";"2025-04-21 06:27:00";"-54,5892166667";"-63,3197833333";"4,9";"321"
"TAI AN";"01530";"2025-04-21 06:30:00";"-54,58755";"-63,32355";"2,6";"314"
"TAI AN";"01530";"2025-04-21 06:42:00";"-54,5764833333";"-63,3361833333";"4,3";"350"
"TAI AN";"01530";"2025-04-21 06:45:00";"-54,5733833333";"-63,33755";"3,5";"351"
"TAI AN";"01530";"2025-04-21 06:57:00";"-54,5601833333";"-63,3408833333";"4,3";"348"
"TAI AN";"01530";"2025-04-21 07:00:00";"-54,5568833333";"-63,3418833333";"4,5";"350"
"TAI AN";"01530";"2025-04-21 07:12:00";"-54,5435333333";"-63,3460833333";"3,8";"357"
"TAI AN";"01530";"2025-04-21 07:15:00";"-54,5407166667";"-63,34705";"4,3";"348"
"TAI AN";"01530";"2025-04-21 07:27:00";"-54,5273";"-63,3514333333";"4,3";"347"
"TAI AN";"01530";"2025-04-21 07:30:00";"-54,5243833333";"-63,3523833333";"4,2";"351"
"TAI AN";"01530";"2025-04-21 07:42:00";"-54,50985";"-63,353";"3,8";"12"
"TAI AN";"01530";"2025-04-21 07:45:00";"-54,5068833333";"-63,35155";"4,2";"17"
"TAI AN";"01530";"2025-04-21 07:57:00";"-54,4920333333";"-63,3437833333";"5,0";"22"
"TAI AN";"01530";"2025-04-21 08:00:00";"-54,4888833333";"-63,3423833333";"4,4";"13"
"TAI AN";"01530";"2025-04-21 08:12:00";"-54,4738833333";"-63,33605";"4,5";"10"
"TAI AN";"01530";"2025-04-21 08:15:00";"-54,47105";"-63,33555";"4,3";"16"
"TAI AN";"01530";"2025-04-21 08:27:00";"-54,4566333333";"-63,3302833333";"3,7";"16"
"TAI AN";"01530";"2025-04-21 08:30:00";"-54,4532166667";"-63,3292166667";"4,6";"15"
"TAI AN";"01530";"2025-04-21 08:42:00";"-54,4392";"-63,3247833333";"4,0";"13"
"TAI AN";"01530";"2025-04-21 08:45:00";"-54,43605";"-63,3233833333";"4,5";"28"
"TAI AN";"01530";"2025-04-21 08:57:00";"-54,4222";"-63,3160166667";"5,0";"21"
"TAI AN";"01530";"2025-04-21 09:00:00";"-54,4193833333";"-63,31455";"3,8";"12"
"TAI AN";"01530";"2025-04-21 09:12:00";"-54,4065";"-63,3087";"4,1";"6"
"TAI AN";"01530";"2025-04-21 09:15:00";"-54,40355";"-63,3072166667";"3,8";"17"
"TAI AN";"01530";"2025-04-21 09:27:00";"-54,3908666667";"-63,3017";"3,5";"10"
"TAI AN";"01530";"2025-04-21 09:30:00";"-54,3878833333";"-63,3007166667";"3,4";"15"
"TAI AN";"01530";"2025-04-21 09:42:00";"-54,3748";"-63,29435";"3,6";"15"
"TAI AN";"01530";"2025-04-21 09:45:00";"-54,37205";"-63,2927166667";"4,5";"25"
"TAI AN";"01530";"2025-04-21 09:57:00";"-54,35975";"-63,2849666667";"3,5";"14"
"TAI AN";"01530";"2025-04-21 10:00:00";"-54,3567166667";"-63,2828833333";"3,8";"18"
"TAI AN";"01530";"2025-04-21 10:12:00";"-54,34515";"-63,2733833333";"4,3";"21"
"TAI AN";"01530";"2025-04-21 10:15:00";"-54,3423833333";"-63,2707166667";"4,1";"33"
"TAI AN";"01530";"2025-04-21 10:27:00";"-54,3319";"-63,2595333333";"4,1";"33"
"TAI AN";"01530";"2025-04-21 10:30:00";"-54,3292166667";"-63,25755";"2,9";"16"
"TAI AN";"01530";"2025-04-21 10:42:00";"-54,3172166667";"-63,2520666667";"3,8";"17"
"TAI AN";"01530";"2025-04-21 10:45:00";"-54,31455";"-63,25205";"3,5";"358"
"TAI AN";"01530";"2025-04-21 10:57:00";"-54,3023166667";"-63,2556666667";"4,3";"344"
"TAI AN";"01530";"2025-04-21 11:00:00";"-54,2993833333";"-63,2567166667";"4,3";"0"
"TAI AN";"01530";"2025-04-21 11:12:00";"-54,2908166667";"-63,2569666667";"1,1";"26"
"TAI AN";"01530";"2025-04-21 11:15:00";"-54,2897166667";"-63,25655";"1,9";"27"
"TAI AN";"01530";"2025-04-21 11:27:00";"-54,2817833333";"-63,2553333333";"3,7";"8"
"TAI AN";"01530";"2025-04-21 11:30:00";"-54,27855";"-63,2557166667";"3,9";"338"
"TAI AN";"01530";"2025-04-21 11:42:00";"-54,29285";"-63,29025";"9,8";"245"
"TAI AN";"01530";"2025-04-21 11:45:00";"-54,29755";"-63,3017166667";"9,3";"228"
"TAI AN";"01530";"2025-04-21 11:57:00";"-54,3176833333";"-63,3395166667";"9,4";"225"
"TAI AN";"01530";"2025-04-21 12:00:00";"-54,32355";"-63,3498833333";"9,4";"227"
"TAI AN";"01530";"2025-04-21 12:11:00";"-54,3388666667";"-63,3453666667";"9,1";"109"
"TAI AN";"01530";"2025-04-21 12:15:00";"-54,3417166667";"-63,3323833333";"8,4";"109"
"TAI AN";"01530";"2025-04-21 12:26:00";"-54,3565166667";"-63,2926333333";"8,3";"124"
"TAI AN";"01530";"2025-04-21 12:30:00";"-54,36105";"-63,28155";"8,6";"118"
"TAI AN";"01530";"2025-04-21 12:41:00";"-54,3767333333";"-63,24275";"8,9";"127"
"TAI AN";"01530";"2025-04-21 12:45:00";"-54,3812166667";"-63,2317166667";"8,7";"125"
"TAI AN";"01530";"2025-04-21 12:56:00";"-54,3975";"-63,1919833333";"8,5";"124"
"TAI AN";"01530";"2025-04-21 13:00:00";"-54,4022166667";"-63,18105";"6,2";"131"
"TAI AN";"01530";"2025-04-21 13:11:00";"-54,40935";"-63,16885";"4,4";"185"
"TAI AN";"01530";"2025-04-21 13:15:00";"-54,4133833333";"-63,1698833333";"4,4";"188"
"TAI AN";"01530";"2025-04-21 13:26:00";"-54,4261333333";"-63,1736666667";"3,3";"193"
"TAI AN";"01530";"2025-04-21 13:30:00";"-54,4288833333";"-63,1752166667";"3,2";"200"
"TAI AN";"01530";"2025-04-21 13:41:00";"-54,4396";"-63,1768666667";"3,3";"179"
"TAI AN";"01530";"2025-04-21 13:45:00";"-54,44255";"-63,1773833333";"3,2";"188"
"TAI AN";"01530";"2025-04-21 13:56:00";"-54,4531333333";"-63,1789833333";"3,1";"181"
"TAI AN";"01530";"2025-04-21 14:00:00";"-54,4562166667";"-63,1792166667";"3,2";"179"
"TAI AN";"01530";"2025-04-21 14:11:00";"-54,4666166667";"-63,181";"2,8";"184"
"TAI AN";"01530";"2025-04-21 14:15:00";"-54,46955";"-63,18155";"3,5";"185"
"TAI AN";"01530";"2025-04-21 14:26:00";"-54,4801";"-63,1829333333";"3,1";"185"
"TAI AN";"01530";"2025-04-21 14:30:00";"-54,48305";"-63,1832166667";"3,3";"189"
"TAI AN";"01530";"2025-04-21 14:41:00";"-54,4936833333";"-63,1854166667";"3,1";"196"
"TAI AN";"01530";"2025-04-21 14:45:00";"-54,49655";"-63,1867166667";"3,1";"198"
"TAI AN";"01530";"2025-04-21 14:56:00";"-54,5075166667";"-63,1900666667";"3,5";"191"
"TAI AN";"01530";"2025-04-21 15:00:00";"-54,5108833333";"-63,19105";"3,2";"190"
"TAI AN";"01530";"2025-04-21 15:11:00";"-54,5225666667";"-63,1946833333";"4,3";"204"
"TAI AN";"01530";"2025-04-21 15:15:00";"-54,5263833333";"-63,1977166667";"3,8";"202"
"TAI AN";"01530";"2025-04-21 15:26:00";"-54,53685";"-63,2069666667";"3,6";"202"
"TAI AN";"01530";"2025-04-21 15:30:00";"-54,54005";"-63,20955";"3,6";"208"
"TAI AN";"01530";"2025-04-21 15:41:00";"-54,55015";"-63,2186833333";"3,5";"209"
"TAI AN";"01530";"2025-04-21 15:45:00";"-54,5532166667";"-63,22155";"3,9";"206"
"TAI AN";"01530";"2025-04-21 15:56:00";"-54,5634666667";"-63,2299833333";"3,9";"213"
"TAI AN";"01530";"2025-04-21 16:00:00";"-54,5667166667";"-63,23355";"3,6";"211"
"TAI AN";"01530";"2025-04-21 16:11:00";"-54,5765833333";"-63,2434833333";"3,3";"214"
"TAI AN";"01530";"2025-04-21 16:15:00";"-54,57955";"-63,2463833333";"3,8";"208"
"TAI AN";"01530";"2025-04-21 16:26:00";"-54,5895333333";"-63,2396166667";"4,1";"125"
"TAI AN";"01530";"2025-04-21 16:30:00";"-54,5918833333";"-63,23355";"3,7";"116"
"TAI AN";"01530";"2025-04-21 16:41:00";"-54,59795";"-63,21595";"4,1";"115"
"TAI AN";"01530";"2025-04-21 16:45:00";"-54,60005";"-63,2103833333";"3,7";"117"
"TAI AN";"01530";"2025-04-21 16:56:00";"-54,6048166667";"-63,19405";"3,0";"103"
"TAI AN";"01530";"2025-04-21 17:00:00";"-54,6052166667";"-63,18805";"3,3";"93"
"TAI AN";"01530";"2025-04-21 17:11:00";"-54,5958166667";"-63,1732833333";"6,6";"351"
"TAI AN";"01530";"2025-04-21 17:15:00";"-54,5903833333";"-63,1777166667";"7,1";"319"
"TAI AN";"01530";"2025-04-21 17:26:00";"-54,57815";"-63,19955";"4,6";"318"
"TAI AN";"01530";"2025-04-21 17:30:00";"-54,57555";"-63,20455";"4,5";"328"
"TAI AN";"01530";"2025-04-21 17:41:00";"-54,5662333333";"-63,2198833333";"4,2";"354"
"TAI AN";"01530";"2025-04-21 17:45:00";"-54,56255";"-63,2213833333";"4,5";"353"
"TAI AN";"01530";"2025-04-21 17:56:00";"-54,5502166667";"-63,20685";"4,8";"54"
"TAI AN";"01530";"2025-04-21 18:00:00";"-54,5477166667";"-63,20055";"3,4";"49"
"TAI AN";"01530";"2025-04-21 18:11:00";"-54,5407333333";"-63,1825";"3,9";"61"
"TAI AN";"01530";"2025-04-21 18:15:00";"-54,53855";"-63,1763833333";"4,3";"66"
"TAI AN";"01530";"2025-04-21 18:26:00";"-54,53225";"-63,15865";"3,8";"63"
"TAI AN";"01530";"2025-04-21 18:30:00";"-54,5303833333";"-63,1528833333";"4,0";"68"
"TAI AN";"01530";"2025-04-21 18:41:00";"-54,5239166667";"-63,1345";"3,7";"51"
"TAI AN";"01530";"2025-04-21 18:45:00";"-54,5217166667";"-63,1283833333";"4,0";"59"
"TAI AN";"01530";"2025-04-21 18:56:00";"-54,5146666667";"-63,1112333333";"4,2";"57"
"TAI AN";"01530";"2025-04-21 19:00:00";"-54,5133833333";"-63,10455";"4,0";"87"
"TAI AN";"01530";"2025-04-21 19:11:00";"-54,5191833333";"-63,0846166667";"4,6";"140"
"TAI AN";"01530";"2025-04-21 19:15:00";"-54,5237166667";"-63,0818833333";"4,8";"180"
"TAI AN";"01530";"2025-04-21 19:26:00";"-54,5368";"-63,0989333333";"4,5";"234"
"TAI AN";"01530";"2025-04-21 19:30:00";"-54,53905";"-63,1053833333";"4,4";"236"
"TAI AN";"01530";"2025-04-21 19:41:00";"-54,54335";"-63,1255333333";"4,1";"246"
"TAI AN";"01530";"2025-04-21 19:45:00";"-54,54505";"-63,1323833333";"4,0";"252"
"TAI AN";"01530";"2025-04-21 19:56:00";"-54,5496";"-63,1507166667";"4,0";"246"
"TAI AN";"01530";"2025-04-21 20:00:00";"-54,5512166667";"-63,15705";"3,9";"246"
"TAI AN";"01530";"2025-04-21 20:11:00";"-54,5551166667";"-63,1764166667";"3,8";"245"
"TAI AN";"01530";"2025-04-21 20:15:00";"-54,5563833333";"-63,18255";"3,9";"250"
"TAI AN";"01530";"2025-04-21 20:26:00";"-54,5614833333";"-63,2008166667";"3,6";"222"
"TAI AN";"01530";"2025-04-21 20:30:00";"-54,5648833333";"-63,20505";"4,4";"205"
"TAI AN";"01530";"2025-04-21 20:41:00";"-54,5768333333";"-63,21305";"3,9";"207"
"TAI AN";"01530";"2025-04-21 20:45:00";"-54,5807166667";"-63,21555";"3,9";"195"
"TAI AN";"01530";"2025-04-21 20:56:00";"-54,5927166667";"-63,2165166667";"3,9";"175"
"TAI AN";"01530";"2025-04-21 21:00:00";"-54,5967166667";"-63,2157166667";"3,2";"178"
"TAI AN";"01530";"2025-04-21 21:11:00";"-54,6071";"-63,21305";"3,3";"177"
"TAI AN";"01530";"2025-04-21 21:15:00";"-54,61105";"-63,2122166667";"3,8";"171"
"TAI AN";"01530";"2025-04-21 21:26:00";"-54,6203166667";"-63,2091";"3,7";"170"
"TAI AN";"01530";"2025-04-21 21:30:00";"-54,62455";"-63,2073833333";"4,0";"146"
"TAI AN";"01530";"2025-04-21 21:41:00";"-54,634";"-63,1919666667";"4,5";"127"
"TAI AN";"01530";"2025-04-21 21:45:00";"-54,6373833333";"-63,18555";"4,4";"126"
"TAI AN";"01530";"2025-04-21 21:56:00";"-54,6408666667";"-63,1719333333";"2,4";"76"
"TAI AN";"01530";"2025-04-21 22:00:00";"-54,64055";"-63,1667166667";"3,4";"78"
"TAI AN";"01530";"2025-04-21 22:11:00";"-54,6405166667";"-63,1485166667";"4,5";"106"
"TAI AN";"01530";"2025-04-21 22:15:00";"-54,6433833333";"-63,1402166667";"5,2";"132"
"TAI AN";"01530";"2025-04-21 22:26:00";"-54,65395";"-63,133";"3,5";"249"
"TAI AN";"01530";"2025-04-21 22:30:00";"-54,6533833333";"-63,14005";"5,2";"276"
"TAI AN";"01530";"2025-04-21 22:41:00";"-54,6455833333";"-63,1303666667";"7,7";"157"
"TAI AN";"01530";"2025-04-21 22:45:00";"-54,65055";"-63,1273833333";"6,5";"34"
"TAI AN";"01530";"2025-04-21 22:56:00";"-54,6450833333";"-63,1392";"7,5";"283"
"TAI AN";"01530";"2025-04-21 23:00:00";"-54,64205";"-63,15405";"7,8";"295"
"TAI AN";"01530";"2025-04-21 23:11:00";"-54,6485833333";"-63,1818833333";"7,7";"233"
"TAI AN";"01530";"2025-04-21 23:15:00";"-54,65405";"-63,19305";"7,8";"224"
"TAI AN";"01530";"2025-04-21 23:26:00";"-54,6415833333";"-63,2118";"12,3";"4"
"TAI AN";"01530";"2025-04-21 23:30:00";"-54,6283833333";"-63,2058833333";"12,7";"12"
"TAI AN";"01530";"2025-04-21 23:41:00";"-54,6215333333";"-63,1988833333";"2,9";"172"
"TAI AN";"01530";"2025-04-21 23:45:00";"-54,6258833333";"-63,1982166667";"3,9";"172"
"TAI AN";"01530";"2025-04-21 23:56:00";"-54,6370333333";"-63,19445";"3,7";"166"
"TAI AN";"01530";"2025-04-22 00:00:00";"-54,6412166667";"-63,19305";"3,8";"164"
"TAI AN";"01530";"2025-04-22 00:11:00";"-54,6514";"-63,1942666667";"3,6";"200"
"TAI AN";"01530";"2025-04-22 00:15:00";"-54,6547166667";"-63,1973833333";"3,0";"213"
"TAI AN";"01530";"2025-04-22 00:26:00";"-54,6620833333";"-63,20635";"3,2";"228"
"TAI AN";"01530";"2025-04-22 00:30:00";"-54,6642166667";"-63,21105";"3,1";"237"
"TAI AN";"01530";"2025-04-22 00:40:00";"-54,66885";"-63,2249666667";"3,0";"226"
"TAI AN";"01530";"2025-04-22 00:45:00";"-54,6703833333";"-63,23005";"2,8";"249"
"TAI AN";"01530";"2025-04-22 00:55:00";"-54,6767166667";"-63,2374666667";"3,3";"156"
"TAI AN";"01530";"2025-04-22 01:00:00";"-54,6798833333";"-63,23055";"5,9";"98"
"TAI AN";"01530";"2025-04-22 01:10:00";"-54,67435";"-63,2064";"5,1";"48"
"TAI AN";"01530";"2025-04-22 01:15:00";"-54,6703833333";"-63,1992166667";"4,8";"39"
"TAI AN";"01530";"2025-04-22 01:25:00";"-54,6593666667";"-63,1828666667";"4,8";"37"
"TAI AN";"01530";"2025-04-22 01:30:00";"-54,65455";"-63,1778833333";"4,4";"25"
"TAI AN";"01530";"2025-04-22 01:40:00";"-54,6395333333";"-63,17145";"5,5";"359"
"TAI AN";"01530";"2025-04-22 01:45:00";"-54,6333833333";"-63,17255";"5,0";"354"
"TAI AN";"01530";"2025-04-22 01:55:00";"-54,6238166667";"-63,17895";"5,8";"260"
"TAI AN";"01530";"2025-04-22 02:00:00";"-54,6273833333";"-63,1848833333";"4,3";"203"
"TAI AN";"01530";"2025-04-22 02:10:00";"-54,6370333333";"-63,1902166667";"2,8";"197"
"TAI AN";"01530";"2025-04-22 02:15:00";"-54,6402166667";"-63,19205";"2,8";"192"
"TAI AN";"01530";"2025-04-22 02:25:00";"-54,6481333333";"-63,1928333333";"3,0";"185"
"TAI AN";"01530";"2025-04-22 02:30:00";"-54,6512166667";"-63,1928833333";"2,6";"181"
"TAI AN";"01530";"2025-04-22 02:40:00";"-54,6591";"-63,19495";"2,7";"192"
"TAI AN";"01530";"2025-04-22 02:45:00";"-54,6623833333";"-63,1967166667";"3,5";"207"
"TAI AN";"01530";"2025-04-22 02:55:00";"-54,6689166667";"-63,2089166667";"3,3";"228"
"TAI AN";"01530";"2025-04-22 03:00:00";"-54,6712166667";"-63,2147166667";"3,4";"234"
"TAI AN";"01530";"2025-04-22 03:10:00";"-54,67335";"-63,2341166667";"4,0";"263"
"TAI AN";"01530";"2025-04-22 03:15:00";"-54,6728833333";"-63,2432166667";"4,2";"273"
"TAI AN";"01530";"2025-04-22 03:25:00";"-54,6776833333";"-63,25865";"3,4";"211"
"TAI AN";"01530";"2025-04-22 03:30:00";"-54,68105";"-63,2627166667";"3,3";"213"
"TAI AN";"01530";"2025-04-22 03:40:00";"-54,6876";"-63,27775";"4,1";"252"
"TAI AN";"01530";"2025-04-22 03:45:00";"-54,68905";"-63,2858833333";"4,4";"257"
"TAI AN";"01530";"2025-04-22 03:55:00";"-54,6893";"-63,2996833333";"2,7";"308"
"TAI AN";"01530";"2025-04-22 04:00:00";"-54,68705";"-63,3028833333";"3,3";"318"
"TAI AN";"01530";"2025-04-22 04:10:00";"-54,67915";"-63,3152833333";"5,8";"248"
"TAI AN";"01530";"2025-04-22 04:15:00";"-54,68105";"-63,3308833333";"8,2";"264"
"TAI AN";"01530";"2025-04-22 04:25:00";"-54,6829166667";"-63,3707833333";"5,1";"214"
"TAI AN";"01530";"2025-04-22 04:30:00";"-54,6898833333";"-63,37455";"6,9";"191"
"TAI AN";"01530";"2025-04-22 04:40:00";"-54,7059";"-63,3703833333";"6,9";"78"
"TAI AN";"01530";"2025-04-22 04:45:00";"-54,70305";"-63,35755";"5,0";"67"
"TAI AN";"01530";"2025-04-22 04:55:00";"-54,6962833333";"-63,3327";"3,8";"54"
"TAI AN";"01530";"2025-04-22 05:00:00";"-54,69355";"-63,3257166667";"4,0";"59"
"TAI AN";"01530";"2025-04-22 05:10:00";"-54,6872666667";"-63,3082333333";"3,9";"64"
"TAI AN";"01530";"2025-04-22 05:15:00";"-54,6848833333";"-63,3003833333";"4,2";"66"
"TAI AN";"01530";"2025-04-22 05:25:00";"-54,6797";"-63,2829166667";"3,9";"68"
"TAI AN";"01530";"2025-04-22 05:30:00";"-54,67805";"-63,2748833333";"3,9";"71"
"TAI AN";"01530";"2025-04-22 05:40:00";"-54,6743666667";"-63,2562";"3,9";"65"
"TAI AN";"01530";"2025-04-22 05:45:00";"-54,6723833333";"-63,24805";"3,6";"72"
"TAI AN";"01530";"2025-04-22 05:55:00";"-54,6679833333";"-63,2301333333";"4,0";"70"
"TAI AN";"01530";"2025-04-22 06:00:00";"-54,66605";"-63,22205";"4,0";"63"
"TAI AN";"01530";"2025-04-22 06:10:00";"-54,6618166667";"-63,2042166667";"3,9";"67"
"TAI AN";"01530";"2025-04-22 06:15:00";"-54,6598833333";"-63,19605";"4,0";"71"
"TAI AN";"01530";"2025-04-22 06:25:00";"-54,6541";"-63,1795";"4,3";"52"
"TAI AN";"01530";"2025-04-22 06:30:00";"-54,6493833333";"-63,1758833333";"4,6";"9"
"TAI AN";"01530";"2025-04-22 06:40:00";"-54,6376833333";"-63,1769";"3,9";"341"
"TAI AN";"01530";"2025-04-22 06:45:00";"-54,6333833333";"-63,1818833333";"4,8";"310"
"TAI AN";"01530";"2025-04-22 06:55:00";"-54,6268833333";"-63,1987166667";"3,5";"304"
"TAI AN";"01530";"2025-04-22 07:00:00";"-54,62405";"-63,2048833333";"3,7";"313"
"TAI AN";"01530";"2025-04-22 07:10:00";"-54,617";"-63,2184666667";"3,6";"324"
"TAI AN";"01530";"2025-04-22 07:15:00";"-54,6138833333";"-63,22455";"3,2";"317"
"TAI AN";"01530";"2025-04-22 07:25:00";"-54,6097666667";"-63,2412";"3,8";"300"
"TAI AN";"01530";"2025-04-22 07:30:00";"-54,6083833333";"-63,24905";"3,6";"296"
"TAI AN";"01530";"2025-04-22 07:40:00";"-54,60575";"-63,26475";"3,0";"285"
"TAI AN";"01530";"2025-04-22 07:45:00";"-54,6043833333";"-63,2712166667";"3,3";"295"
"TAI AN";"01530";"2025-04-22 07:55:00";"-54,60165";"-63,2857";"3,6";"254"
"TAI AN";"01530";"2025-04-22 08:00:00";"-54,6013833333";"-63,2928833333";"3,3";"272"
"TAI AN";"01530";"2025-04-22 08:10:00";"-54,5995666667";"-63,30835";"3,2";"311"
"TAI AN";"01530";"2025-04-22 08:15:00";"-54,5963833333";"-63,3138833333";"3,5";"317"
"TAI AN";"01530";"2025-04-22 08:25:00";"-54,59075";"-63,32725";"3,2";"299"
"TAI AN";"01530";"2025-04-22 08:30:00";"-54,5882166667";"-63,33405";"3,4";"306"
"TAI AN";"01530";"2025-04-22 08:40:00";"-54,58305";"-63,34815";"3,6";"301"
"TAI AN";"01530";"2025-04-22 08:45:00";"-54,5808833333";"-63,35505";"3,3";"304"
"TAI AN";"01530";"2025-04-22 08:55:00";"-54,5758833333";"-63,3706333333";"3,8";"299"
"TAI AN";"01530";"2025-04-22 09:00:00";"-54,5738833333";"-63,3778833333";"3,6";"296"
"TAI AN";"01530";"2025-04-22 09:10:00";"-54,5693833333";"-63,3936333333";"3,3";"295"
"TAI AN";"01530";"2025-04-22 09:15:00";"-54,5673833333";"-63,4008833333";"3,6";"328"
"TAI AN";"01530";"2025-04-22 09:25:00";"-54,5553666667";"-63,4008666667";"3,9";"13"
"TAI AN";"01530";"2025-04-22 09:30:00";"-54,5502166667";"-63,3987166667";"3,6";"17"
"TAI AN";"01530";"2025-04-22 09:40:00";"-54,5400666667";"-63,3954666667";"3,9";"0"
"TAI AN";"01530";"2025-04-22 09:45:00";"-54,5347166667";"-63,3908833333";"4,2";"45"
"TAI AN";"01530";"2025-04-22 09:55:00";"-54,5269";"-63,37765";"3,8";"41"
"TAI AN";"01530";"2025-04-22 10:10:00";"-54,5140166667";"-63,3610833333";"4,3";"36"
"TAI AN";"01530";"2025-04-22 10:15:00";"-54,50955";"-63,35555";"4,0";"39"
"TAI AN";"01530";"2025-04-22 10:25:00";"-54,50055";"-63,3448666667";"4,5";"45"
"TAI AN";"01530";"2025-04-22 10:30:00";"-54,4978833333";"-63,33505";"4,6";"67"
"TAI AN";"01530";"2025-04-22 10:40:00";"-54,4951166667";"-63,31475";"3,9";"74"
"TAI AN";"01530";"2025-04-22 10:45:00";"-54,49355";"-63,30505";"3,7";"80"
"TAI AN";"01530";"2025-04-22 10:55:00";"-54,4901833333";"-63,2871833333";"4,0";"73"
"TAI AN";"01530";"2025-04-22 11:00:00";"-54,4882166667";"-63,2783833333";"3,8";"73"
"TAI AN";"01530";"2025-04-22 11:10:00";"-54,48415";"-63,2618166667";"3,9";"68"
"TAI AN";"01530";"2025-04-22 11:15:00";"-54,4818833333";"-63,2532166667";"4,2";"62"
"TAI AN";"01530";"2025-04-22 11:25:00";"-54,4793166667";"-63,2448333333";"1,8";"72"
"TAI AN";"01530";"2025-04-22 11:30:00";"-54,47755";"-63,2397166667";"3,5";"50"
"TAI AN";"01530";"2025-04-22 11:40:00";"-54,4717666667";"-63,2238666667";"6,1";"64"
"TAI AN";"01530";"2025-04-22 11:45:00";"-54,4658833333";"-63,20705";"10,5";"57"
"TAI AN";"01530";"2025-04-22 11:55:00";"-54,4567333333";"-63,1574166667";"12,1";"79"
"TAI AN";"01530";"2025-04-22 12:00:00";"-54,4542166667";"-63,1277166667";"11,7";"79"
"TAI AN";"01530";"2025-04-22 12:10:00";"-54,4497333333";"-63,0722";"12,2";"83"
"TAI AN";"01530";"2025-04-22 12:15:00";"-54,44355";"-63,06405";"7,6";"264"
"TAI AN";"01530";"2025-04-22 12:25:00";"-54,4512";"-63,0782333333";"4,8";"220"
"TAI AN";"01530";"2025-04-22 12:30:00";"-54,45655";"-63,0847166667";"4,8";"216"
"TAI AN";"01530";"2025-04-22 12:40:00";"-54,4668";"-63,0969333333";"4,1";"207"
"TAI AN";"01530";"2025-04-22 12:45:00";"-54,47155";"-63,1007166667";"3,6";"205"
"TAI AN";"01530";"2025-04-22 12:55:00";"-54,4793166667";"-63,1106333333";"3,2";"217"
"TAI AN";"01530";"2025-04-22 13:00:00";"-54,4832166667";"-63,11605";"3,5";"221"
"TAI AN";"01530";"2025-04-22 13:10:00";"-54,4907166667";"-63,1273166667";"3,4";"220"
"TAI AN";"01530";"2025-04-22 13:15:00";"-54,49455";"-63,1327166667";"3,3";"218"
"TAI AN";"01530";"2025-04-22 13:25:00";"-54,5023";"-63,1433166667";"3,3";"212"
"TAI AN";"01530";"2025-04-22 13:30:00";"-54,5062166667";"-63,14855";"3,6";"216"
"TAI AN";"01530";"2025-04-22 13:40:00";"-54,5142666667";"-63,1590166667";"3,6";"212"
"TAI AN";"01530";"2025-04-22 13:45:00";"-54,5183833333";"-63,1638833333";"3,6";"210"
"TAI AN";"01530";"2025-04-22 13:55:00";"-54,5269666667";"-63,1733666667";"3,7";"217"
"TAI AN";"01530";"2025-04-22 14:00:00";"-54,5313833333";"-63,17805";"4,1";"211"
"TAI AN";"01530";"2025-04-22 14:09:00";"-54,5399333333";"-63,1876833333";"3,8";"212"
"TAI AN";"01530";"2025-04-22 14:15:00";"-54,54455";"-63,19255";"3,4";"221"
"TAI AN";"01530";"2025-04-22 14:24:00";"-54,5517333333";"-63,2028166667";"3,5";"224"
"TAI AN";"01530";"2025-04-22 14:30:00";"-54,55555";"-63,2083833333";"3,9";"222"
"TAI AN";"01530";"2025-04-22 14:39:00";"-54,56305";"-63,2193";"3,4";"213"
"TAI AN";"01530";"2025-04-22 14:45:00";"-54,56705";"-63,2252166667";"3,8";"223"
"TAI AN";"01530";"2025-04-22 14:54:00";"-54,5744166667";"-63,23685";"3,9";"222"
"TAI AN";"01530";"2025-04-22 15:00:00";"-54,5788833333";"-63,2412166667";"4,0";"182"
"TAI AN";"01530";"2025-04-22 15:09:00";"-54,5891166667";"-63,2347";"3,9";"166"
"TAI AN";"01530";"2025-04-22 15:15:00";"-54,5938833333";"-63,2297166667";"4,2";"121"
"TAI AN";"01530";"2025-04-22 15:24:00";"-54,5983";"-63,2135333333";"4,3";"92"
"TAI AN";"01530";"2025-04-22 15:30:00";"-54,5982166667";"-63,2017166667";"4,5";"85"
"TAI AN";"01530";"2025-04-22 15:39:00";"-54,6008833333";"-63,1856";"3,8";"112"
"TAI AN";"01530";"2025-04-22 15:45:00";"-54,6023833333";"-63,1768833333";"3,6";"78"
"TAI AN";"01530";"2025-04-22 15:54:00";"-54,5984833333";"-63,1614166667";"4,3";"54"
"TAI AN";"01530";"2025-04-22 16:00:00";"-54,5923833333";"-63,1557166667";"5,5";"14"
"TAI AN";"01530";"2025-04-22 16:09:00";"-54,5801666667";"-63,1523666667";"3,9";"8"
"TAI AN";"01530";"2025-04-22 16:15:00";"-54,5743833333";"-63,1518833333";"4,2";"4"
"TAI AN";"01530";"2025-04-22 16:24:00";"-54,5635666667";"-63,1542833333";"3,9";"353"
"TAI AN";"01530";"2025-04-22 16:30:00";"-54,55805";"-63,15605";"3,9";"349"
"TAI AN";"01530";"2025-04-22 16:39:00";"-54,5479166667";"-63,1530666667";"3,4";"12"
"TAI AN";"01530";"2025-04-22 16:45:00";"-54,5428833333";"-63,1508833333";"4,1";"15"
"TAI AN";"01530";"2025-04-22 16:54:00";"-54,5330166667";"-63,1466666667";"3,7";"12"
"TAI AN";"01530";"2025-04-22 17:00:00";"-54,5273833333";"-63,14405";"3,7";"16"
"TAI AN";"01530";"2025-04-22 17:09:00";"-54,5194166667";"-63,1328333333";"3,4";"48"
"TAI AN";"01530";"2025-04-22 17:15:00";"-54,51555";"-63,1252166667";"3,6";"47"
"TAI AN";"01530";"2025-04-22 17:24:00";"-54,5101333333";"-63,1095666667";"4,4";"66"
"TAI AN";"01530";"2025-04-22 17:39:00";"-54,5037";"-63,0843";"3,6";"84"
"TAI AN";"01530";"2025-04-22 17:45:00";"-54,5027166667";"-63,0747166667";"3,8";"83"
"TAI AN";"01530";"2025-04-22 17:54:00";"-54,5015333333";"-63,05825";"3,9";"76"
"TAI AN";"01530";"2025-04-22 18:00:00";"-54,5008833333";"-63,04855";"3,7";"89"
"TAI AN";"01530";"2025-04-22 18:09:00";"-54,5051333333";"-63,0334666667";"3,8";"142"
"TAI AN";"01530";"2025-04-22 18:15:00";"-54,5117166667";"-63,0308833333";"5,2";"190"
"TAI AN";"01530";"2025-04-22 18:24:00";"-54,5234";"-63,04105";"4,7";"221"
"TAI AN";"01530";"2025-04-22 18:30:00";"-54,5278833333";"-63,0498833333";"4,2";"237"
"TAI AN";"01530";"2025-04-22 18:39:00";"-54,5328833333";"-63,0672166667";"3,9";"245"
"TAI AN";"01530";"2025-04-22 18:45:00";"-54,5353833333";"-63,07655";"3,9";"248"
"TAI AN";"01530";"2025-04-22 18:54:00";"-54,5390166667";"-63,0934666667";"4,2";"250"
"TAI AN";"01530";"2025-04-22 19:00:00";"-54,54105";"-63,10305";"3,7";"248"
"TAI AN";"01530";"2025-04-22 19:09:00";"-54,54475";"-63,11925";"3,9";"244"
"TAI AN";"01530";"2025-04-22 19:15:00";"-54,5468833333";"-63,1287166667";"4,0";"250"
"TAI AN";"01530";"2025-04-22 19:24:00";"-54,5502";"-63,1447666667";"3,6";"252"
"TAI AN";"01530";"2025-04-22 19:30:00";"-54,55205";"-63,15455";"3,9";"258"
"TAI AN";"01530";"2025-04-22 19:39:00";"-54,5545833333";"-63,17115";"4,2";"239"
"TAI AN";"01530";"2025-04-22 19:45:00";"-54,55805";"-63,17955";"3,9";"229"
"TAI AN";"01530";"2025-04-22 19:54:00";"-54,5661833333";"-63,1904333333";"3,5";"215"
"TAI AN";"01530";"2025-04-22 20:00:00";"-54,5712166667";"-63,19605";"3,8";"214"
"TAI AN";"01530";"2025-04-22 20:09:00";"-54,5790666667";"-63,2038833333";"3,9";"206"
"TAI AN";"01530";"2025-04-22 20:15:00";"-54,58405";"-63,2082166667";"3,9";"203"
"TAI AN";"01530";"2025-04-22 20:24:00";"-54,5930833333";"-63,21105";"3,5";"181"
"TAI AN";"01530";"2025-04-22 20:30:00";"-54,5982166667";"-63,2098833333";"3,6";"167"
"TAI AN";"01530";"2025-04-22 20:39:00";"-54,6064333333";"-63,2073666667";"3,5";"171"
"TAI AN";"01530";"2025-04-22 20:45:00";"-54,6098833333";"-63,20605";"1,6";"147"
"TAI AN";"01530";"2025-04-22 20:54:00";"-54,6133166667";"-63,2031833333";"2,3";"157"
"TAI AN";"01530";"2025-04-22 21:00:00";"-54,6168833333";"-63,20005";"3,0";"154"
"TAI AN";"01530";"2025-04-22 21:09:00";"-54,6262833333";"-63,1914666667";"5,9";"145"
"TAI AN";"01530";"2025-04-22 21:15:00";"-54,6388833333";"-63,1833833333";"11,4";"175"
"TAI AN";"01530";"2025-04-22 21:24:00";"-54,66815";"-63,1824";"11,3";"182"
"TAI AN";"01530";"2025-04-22 21:30:00";"-54,6762166667";"-63,1942166667";"9,4";"283"
"TAI AN";"01530";"2025-04-22 21:39:00";"-54,6683833333";"-63,2346333333";"9,7";"283"
"TAI AN";"01530";"2025-04-22 21:45:00";"-54,65955";"-63,23305";"10,7";"60"
"TAI AN";"01530";"2025-04-22 21:54:00";"-54,6458333333";"-63,1923833333";"8,4";"8"
"TAI AN";"01530";"2025-04-22 22:00:00";"-54,6323833333";"-63,2008833333";"10,0";"333"
"TAI AN";"01530";"2025-04-22 22:09:00";"-54,6091833333";"-63,2196666667";"8,1";"25"
"TAI AN";"01530";"2025-04-22 22:15:00";"-54,61155";"-63,1928833333";"11,8";"122"
"TAI AN";"01530";"2025-04-22 22:24:00";"-54,6222666667";"-63,17745";"3,7";"253"
"TAI AN";"01530";"2025-04-22 22:30:00";"-54,6238833333";"-63,18555";"2,8";"249"
"TAI AN";"01530";"2025-04-22 22:39:00";"-54,6204666667";"-63,2022166667";"5,4";"313"
"TAI AN";"01530";"2025-04-22 22:45:00";"-54,61555";"-63,21055";"3,6";"306"
"TAI AN";"01530";"2025-04-22 22:54:00";"-54,611";"-63,2251333333";"3,9";"289"
"TAI AN";"01530";"2025-04-22 23:00:00";"-54,6093833333";"-63,23555";"4,1";"291"
"TAI AN";"01530";"2025-04-22 23:09:00";"-54,6059833333";"-63,25195";"4,2";"298"
"TAI AN";"01530";"2025-04-22 23:15:00";"-54,60355";"-63,2623833333";"3,9";"287"
"TAI AN";"01530";"2025-04-22 23:24:00";"-54,6003333333";"-63,2765166667";"3,4";"300"
"TAI AN";"01530";"2025-04-22 23:30:00";"-54,5982166667";"-63,2853833333";"3,7";"295"
"TAI AN";"01530";"2025-04-22 23:39:00";"-54,59415";"-63,2995666667";"3,6";"292"
"TAI AN";"01530";"2025-04-22 23:45:00";"-54,5922166667";"-63,3092166667";"3,9";"281"
"TAI AN";"01530";"2025-04-22 23:54:00";"-54,5877833333";"-63,3243833333";"3,9";"305"
"TAI AN";"01530";"2025-04-23 00:00:00";"-54,5842166667";"-63,33355";"4,1";"308"
"TAI AN";"01530";"2025-04-23 00:09:00";"-54,58145";"-63,3493666667";"3,6";"250"
"TAI AN";"01530";"2025-04-23 00:15:00";"-54,5872166667";"-63,3543833333";"5,2";"158"
"TAI AN";"01530";"2025-04-23 00:24:00";"-54,5946833333";"-63,3335166667";"5,7";"90"
"TAI AN";"01530";"2025-04-23 00:30:00";"-54,5957166667";"-63,3197166667";"4,2";"104"
"TAI AN";"01530";"2025-04-23 00:39:00";"-54,5998166667";"-63,303";"4,2";"113"
"TAI AN";"01530";"2025-04-23 00:45:00";"-54,60155";"-63,29055";"4,9";"91"
"TAI AN";"01530";"2025-04-23 00:54:00";"-54,6008833333";"-63,2706333333";"4,4";"85"
"TAI AN";"01530";"2025-04-23 01:00:00";"-54,6003833333";"-63,2572166667";"4,7";"90"
"TAI AN";"01530";"2025-04-23 01:09:00";"-54,6039833333";"-63,24235";"4,3";"176"
"TAI AN";"01530";"2025-04-23 01:15:00";"-54,6103833333";"-63,2487166667";"5,2";"251"
"TAI AN";"01530";"2025-04-23 01:24:00";"-54,60385";"-63,2703";"4,3";"313"
"TAI AN";"01530";"2025-04-23 01:30:00";"-54,5992166667";"-63,27805";"4,0";"324"
"TAI AN";"01530";"2025-04-23 01:39:00";"-54,5922333333";"-63,2888833333";"3,9";"325"
"TAI AN";"01530";"2025-04-23 01:45:00";"-54,5878833333";"-63,2962166667";"3,8";"314"
"TAI AN";"01530";"2025-04-23 01:54:00";"-54,5822333333";"-63,3092166667";"3,7";"300"
"TAI AN";"01530";"2025-04-23 02:00:00";"-54,5787166667";"-63,3188833333";"4,1";"300"
"TAI AN";"01530";"2025-04-23 02:09:00";"-54,5737";"-63,3330666667";"4,0";"301"
"TAI AN";"01530";"2025-04-23 02:15:00";"-54,5702166667";"-63,34255";"3,8";"300"
"TAI AN";"01530";"2025-04-23 02:24:00";"-54,56505";"-63,3563833333";"3,8";"302"
"TAI AN";"01530";"2025-04-23 02:30:00";"-54,56155";"-63,3658833333";"3,7";"301"
"TAI AN";"01530";"2025-04-23 02:39:00";"-54,55595";"-63,3799833333";"4,2";"318"
"TAI AN";"01530";"2025-04-23 02:45:00";"-54,5507166667";"-63,3868833333";"4,1";"341"
"TAI AN";"01530";"2025-04-23 02:54:00";"-54,5398833333";"-63,3873666667";"4,2";"8"
"TAI AN";"01530";"2025-04-23 03:00:00";"-54,5332166667";"-63,3852166667";"3,7";"2"
"TAI AN";"01530";"2025-04-23 03:09:00";"-54,52345";"-63,38475";"4,0";"358"
"TAI AN";"01530";"2025-04-23 03:15:00";"-54,51655";"-63,3853833333";"3,9";"358"
"TAI AN";"01530";"2025-04-23 03:23:00";"-54,5111333333";"-63,3854";"1,0";"19"
"TAI AN";"01530";"2025-04-23 03:30:00";"-54,5072166667";"-63,3848833333";"3,3";"355"
"TAI AN";"01530";"2025-04-23 03:38:00";"-54,5007666667";"-63,37965";"3,3";"44"
"TAI AN";"01530";"2025-04-23 03:45:00";"-54,4957166667";"-63,37155";"5,6";"29"
"TAI AN";"01530";"2025-04-23 03:53:00";"-54,4771833333";"-63,379";"10,5";"322"
"TAI AN";"01530";"2025-04-23 04:00:00";"-54,4633833333";"-63,3997166667";"10,9";"319"
"TAI AN";"01530";"2025-04-23 04:08:00";"-54,4522";"-63,4342166667";"10,1";"232"
"TAI AN";"01530";"2025-04-23 04:15:00";"-54,4682166667";"-63,4382166667";"10,2";"175"
"TAI AN";"01530";"2025-04-23 04:23:00";"-54,4933333333";"-63,4374833333";"9,7";"183"
"TAI AN";"01530";"2025-04-23 04:30:00";"-54,4913833333";"-63,42955";"4,0";"32"
"TAI AN";"01530";"2025-04-23 04:38:00";"-54,48055";"-63,4198666667";"6,5";"13"
"TAI AN";"01530";"2025-04-23 04:45:00";"-54,4727166667";"-63,4173833333";"4,1";"15"
"TAI AN";"01530";"2025-04-23 04:53:00";"-54,4631166667";"-63,4148";"4,0";"11"
"TAI AN";"01530";"2025-04-23 05:00:00";"-54,45655";"-63,41305";"3,7";"9"
"TAI AN";"01530";"2025-04-23 05:08:00";"-54,4471666667";"-63,4103166667";"3,7";"10"
"TAI AN";"01530";"2025-04-23 05:15:00";"-54,44055";"-63,4097166667";"3,9";"359"
"TAI AN";"01530";"2025-04-23 05:23:00";"-54,43075";"-63,4097";"4,3";"0"
"TAI AN";"01530";"2025-04-23 05:30:00";"-54,42355";"-63,4108833333";"4,0";"352"
"TAI AN";"01530";"2025-04-23 05:38:00";"-54,4140166667";"-63,4120833333";"4,2";"2"
"TAI AN";"01530";"2025-04-23 05:45:00";"-54,4073833333";"-63,41205";"4,3";"14"
"TAI AN";"01530";"2025-04-23 05:53:00";"-54,3985833333";"-63,4074";"4,0";"18"
"TAI AN";"01530";"2025-04-23 06:00:00";"-54,39255";"-63,4042166667";"4,0";"20"
"TAI AN";"01530";"2025-04-23 06:08:00";"-54,3841333333";"-63,4000166667";"3,5";"13"
"TAI AN";"01530";"2025-04-23 06:15:00";"-54,3783833333";"-63,39705";"3,4";"18"
"TAI AN";"01530";"2025-04-23 06:23:00";"-54,37015";"-63,3926166667";"3,7";"17"
"TAI AN";"01530";"2025-04-23 06:30:00";"-54,3643833333";"-63,3887166667";"3,9";"17"
"TAI AN";"01530";"2025-04-23 06:38:00";"-54,3562";"-63,3831";"3,6";"25"
"TAI AN";"01530";"2025-04-23 06:45:00";"-54,35005";"-63,3778833333";"4,0";"37"
"TAI AN";"01530";"2025-04-23 06:53:00";"-54,3419333333";"-63,3712";"3,5";"28"
"TAI AN";"01530";"2025-04-23 07:00:00";"-54,3353833333";"-63,3663833333";"4,0";"23"
"TAI AN";"01530";"2025-04-23 07:08:00";"-54,32615";"-63,3635333333";"4,1";"1"
"TAI AN";"01530";"2025-04-23 07:15:00";"-54,3193833333";"-63,3647166667";"3,7";"339"
"TAI AN";"01530";"2025-04-23 07:23:00";"-54,3104666667";"-63,3705";"3,5";"343"
"TAI AN";"01530";"2025-04-23 07:30:00";"-54,3042166667";"-63,37455";"3,8";"341"
"TAI AN";"01530";"2025-04-23 07:38:00";"-54,2954166667";"-63,3793666667";"3,6";"343"
"TAI AN";"01530";"2025-04-23 07:45:00";"-54,2887166667";"-63,3832166667";"3,0";"352"
"TAI AN";"01530";"2025-04-23 07:53:00";"-54,2807";"-63,3875";"4,4";"342"
"TAI AN";"01530";"2025-04-23 08:00:00";"-54,2752166667";"-63,39255";"3,3";"346"
"TAI AN";"01530";"2025-04-23 08:08:00";"-54,2675666667";"-63,39895";"4,1";"328"
"TAI AN";"01530";"2025-04-23 08:15:00";"-54,26305";"-63,4058833333";"3,6";"308"
"TAI AN";"01530";"2025-04-23 08:23:00";"-54,25825";"-63,4176833333";"3,7";"304"
"TAI AN";"01530";"2025-04-23 08:30:00";"-54,25505";"-63,42605";"3,8";"299"
"TAI AN";"01530";"2025-04-23 08:38:00";"-54,2502166667";"-63,4377666667";"3,5";"308"
"TAI AN";"01530";"2025-04-23 08:45:00";"-54,24705";"-63,44655";"3,1";"299"
"TAI AN";"01530";"2025-04-23 08:53:00";"-54,24265";"-63,4575333333";"3,4";"305"
"TAI AN";"01530";"2025-04-23 09:00:00";"-54,2393833333";"-63,46555";"3,2";"311"
"TAI AN";"01530";"2025-04-23 09:08:00";"-54,2344666667";"-63,4757333333";"3,3";"302"
"TAI AN";"01530";"2025-04-23 09:15:00";"-54,2307166667";"-63,4838833333";"3,1";"312"
"TAI AN";"01530";"2025-04-23 09:23:00";"-54,2258";"-63,4946333333";"3,2";"306"
"TAI AN";"01530";"2025-04-23 09:30:00";"-54,2207166667";"-63,50155";"3,1";"329"
"TAI AN";"01530";"2025-04-23 09:38:00";"-54,2135333333";"-63,5083166667";"3,2";"331"
"TAI AN";"01530";"2025-04-23 09:45:00";"-54,2072166667";"-63,5113833333";"3,5";"356"
"TAI AN";"01530";"2025-04-23 09:53:00";"-54,1986166667";"-63,5130833333";"3,0";"347"
"TAI AN";"01530";"2025-04-23 10:00:00";"-54,1918833333";"-63,51505";"4,1";"344"
"TAI AN";"01530";"2025-04-23 10:08:00";"-54,1835166667";"-63,5185333333";"3,8";"340"
"TAI AN";"01530";"2025-04-23 10:15:00";"-54,17755";"-63,5203833333";"3,7";"344"
"TAI AN";"01530";"2025-04-23 10:23:00";"-54,1697166667";"-63,52385";"2,9";"339"
"TAI AN";"01530";"2025-04-23 10:30:00";"-54,1632166667";"-63,5267166667";"4,1";"345"
"TAI AN";"01530";"2025-04-23 10:38:00";"-54,1552666667";"-63,5304";"4,6";"347"
"TAI AN";"01530";"2025-04-23 10:45:00";"-54,14905";"-63,5333833333";"4,2";"358"
"TAI AN";"01530";"2025-04-23 10:53:00";"-54,1410833333";"-63,5369";"4,0";"346"
"TAI AN";"01530";"2025-04-23 11:00:00";"-54,1348833333";"-63,5398833333";"3,4";"345"
"TAI AN";"01530";"2025-04-23 11:08:00";"-54,1260833333";"-63,5451333333";"3,8";"341"
"TAI AN";"01530";"2025-04-23 11:15:00";"-54,11905";"-63,5498833333";"4,2";"341"
"TAI AN";"01530";"2025-04-23 11:23:00";"-54,1106333333";"-63,5555833333";"5,3";"338"
"TAI AN";"01530";"2025-04-23 11:30:00";"-54,1038833333";"-63,5608833333";"4,0";"335"
"TAI AN";"01530";"2025-04-23 11:38:00";"-54,0951166667";"-63,5679";"3,2";"331"
"TAI AN";"01530";"2025-04-23 11:45:00";"-54,0897166667";"-63,5772166667";"3,7";"308"
"TAI AN";"01530";"2025-04-23 11:53:00";"-54,0851166667";"-63,5862666667";"0,7";"314"
"TAI AN";"01530";"2025-04-23 12:00:00";"-54,08305";"-63,5898833333";"2,2";"324"
"TAI AN";"01530";"2025-04-23 12:08:00";"-54,0782166667";"-63,5960333333";"3,2";"323"
"TAI AN";"01530";"2025-04-23 12:15:00";"-54,0683833333";"-63,59805";"9,8";"24"
"TAI AN";"01530";"2025-04-23 12:23:00";"-54,0521666667";"-63,5781";"8,8";"98"
"TAI AN";"01530";"2025-04-23 12:30:00";"-54,0542166667";"-63,5453833333";"10,4";"98"
"TAI AN";"01530";"2025-04-23 12:38:00";"-54,0574833333";"-63,5076166667";"10,0";"100"
"TAI AN";"01530";"2025-04-23 12:45:00";"-54,05605";"-63,51255";"4,7";"265"
"TAI AN";"01530";"2025-04-23 12:53:00";"-54,05635";"-63,5335833333";"5,0";"278"
"TAI AN";"01530";"2025-04-23 13:00:00";"-54,0547166667";"-63,5497166667";"3,4";"293"
"TAI AN";"01530";"2025-04-23 13:08:00";"-54,0500333333";"-63,5645166667";"3,3";"298"
"TAI AN";"01530";"2025-04-23 13:15:00";"-54,04605";"-63,5762166667";"4,6";"293"
"TAI AN";"01530";"2025-04-23 13:23:00";"-54,0413333333";"-63,5900833333";"3,9";"309"
"TAI AN";"01530";"2025-04-23 13:30:00";"-54,0373833333";"-63,6017166667";"3,8";"306"
"TAI AN";"01530";"2025-04-23 13:38:00";"-54,0300333333";"-63,61185";"4,0";"331"
"TAI AN";"01530";"2025-04-23 13:45:00";"-54,0227166667";"-63,6182166667";"4,8";"335"
"TAI AN";"01530";"2025-04-23 13:53:00";"-54,01415";"-63,6253666667";"3,9";"331"
"TAI AN";"01530";"2025-04-23 14:00:00";"-54,00705";"-63,6313833333";"4,4";"334"
"TAI AN";"01530";"2025-04-23 14:08:00";"-53,9987666667";"-63,6399333333";"3,7";"321"
"TAI AN";"01530";"2025-04-23 14:15:00";"-53,9922166667";"-63,6507166667";"4,4";"315"
"TAI AN";"01530";"2025-04-23 14:23:00";"-53,9859166667";"-63,6635666667";"5,1";"313"
"TAI AN";"01530";"2025-04-23 14:30:00";"-53,98105";"-63,6757166667";"5,0";"304"
"TAI AN";"01530";"2025-04-23 14:38:00";"-53,9739833333";"-63,6879833333";"4,8";"329"
"TAI AN";"01530";"2025-04-23 14:45:00";"-53,9652166667";"-63,6933833333";"4,3";"344"
"TAI AN";"01530";"2025-04-23 14:53:00";"-53,9554833333";"-63,6989333333";"4,2";"334"
"TAI AN";"01530";"2025-04-23 15:00:00";"-53,94805";"-63,70555";"4,7";"323"
"TAI AN";"01530";"2025-04-23 15:08:00";"-53,9395833333";"-63,7134";"3,7";"329"
"TAI AN";"01530";"2025-04-23 15:15:00";"-53,93205";"-63,7207166667";"4,3";"334"
"TAI AN";"01530";"2025-04-23 15:23:00";"-53,9232833333";"-63,72885";"5,3";"326"
"TAI AN";"01530";"2025-04-23 15:30:00";"-53,91605";"-63,7368833333";"4,4";"326"
"TAI AN";"01530";"2025-04-23 15:38:00";"-53,90825";"-63,7473166667";"4,5";"319"
"TAI AN";"01530";"2025-04-23 15:45:00";"-53,9022166667";"-63,75755";"4,8";"312"
"TAI AN";"01530";"2025-04-23 15:52:00";"-53,8956666667";"-63,7694";"3,5";"303"
"TAI AN";"01530";"2025-04-23 16:00:00";"-53,8908833333";"-63,78005";"4,4";"308"
"TAI AN";"01530";"2025-04-23 16:07:00";"-53,88545";"-63,7920333333";"4,2";"307"
"TAI AN";"01530";"2025-04-23 16:15:00";"-53,88055";"-63,8033833333";"5,0";"297"
"TAI AN";"01530";"2025-04-23 16:22:00";"-53,8750666667";"-63,81545";"4,2";"298"
"TAI AN";"01530";"2025-04-23 16:30:00";"-53,8718833333";"-63,8247166667";"4,0";"302"
"TAI AN";"01530";"2025-04-23 16:37:00";"-53,87955";"-63,8253333333";"5,0";"128"
"TAI AN";"01530";"2025-04-23 16:45:00";"-53,8848833333";"-63,8118833333";"3,6";"134"
"TAI AN";"01530";"2025-04-23 16:52:00";"-53,8896833333";"-63,8026166667";"3,4";"142"
"TAI AN";"01530";"2025-04-23 17:00:00";"-53,8943833333";"-63,7943833333";"3,5";"133"
"TAI AN";"01530";"2025-04-23 17:07:00";"-53,8986833333";"-63,7859833333";"3,4";"128"
"TAI AN";"01530";"2025-04-23 17:15:00";"-53,90305";"-63,7777166667";"3,3";"132"
"TAI AN";"01530";"2025-04-23 17:22:00";"-53,9073666667";"-63,7692";"3,1";"124"
"TAI AN";"01530";"2025-04-23 17:30:00";"-53,9122166667";"-63,7617166667";"3,2";"151"
"TAI AN";"01530";"2025-04-23 17:37:00";"-53,9175166667";"-63,7554666667";"2,9";"143"
"TAI AN";"01530";"2025-04-23 17:45:00";"-53,9222166667";"-63,7487166667";"2,9";"136"
"TAI AN";"01530";"2025-04-23 17:52:00";"-53,92705";"-63,7418333333";"2,9";"155"
"TAI AN";"01530";"2025-04-23 18:00:00";"-53,9333833333";"-63,73805";"3,0";"162"
"TAI AN";"01530";"2025-04-23 18:07:00";"-53,939";"-63,7335666667";"3,1";"139"
"TAI AN";"01530";"2025-04-23 18:15:00";"-53,94155";"-63,72355";"3,6";"94"
"TAI AN";"01530";"2025-04-23 18:22:00";"-53,9436166667";"-63,7134166667";"3,0";"112"
"TAI AN";"01530";"2025-04-23 18:30:00";"-53,94605";"-63,7037166667";"3,0";"111"
"TAI AN";"01530";"2025-04-23 18:37:00";"-53,9503333333";"-63,6955833333";"2,7";"145"
"TAI AN";"01530";"2025-04-23 18:45:00";"-53,95505";"-63,68805";"2,9";"135"
"TAI AN";"01530";"2025-04-23 18:52:00";"-53,9604";"-63,6839833333";"2,9";"176"
"TAI AN";"01530";"2025-04-23 19:00:00";"-53,9658833333";"-63,6803833333";"3,3";"172"
"TAI AN";"01530";"2025-04-23 19:07:00";"-53,9727833333";"-63,68615";"4,6";"234"
"TAI AN";"01530";"2025-04-23 19:15:00";"-53,9738833333";"-63,7048833333";"6,5";"295"
"TAI AN";"01530";"2025-04-23 19:22:00";"-53,9673833333";"-63,7217333333";"4,5";"312"
"TAI AN";"01530";"2025-04-23 19:30:00";"-53,9607166667";"-63,7333833333";"4,6";"318"
"TAI AN";"01530";"2025-04-23 19:37:00";"-53,9516666667";"-63,7417833333";"4,3";"329"
"TAI AN";"01530";"2025-04-23 19:45:00";"-53,94405";"-63,7512166667";"4,6";"316"
"TAI AN";"01530";"2025-04-23 19:52:00";"-53,9359833333";"-63,7603333333";"4,4";"337"
"TAI AN";"01530";"2025-04-23 20:00:00";"-53,9273833333";"-63,7668833333";"4,3";"335"
"TAI AN";"01530";"2025-04-23 20:07:00";"-53,9192333333";"-63,7762833333";"4,7";"312"
"TAI AN";"01530";"2025-04-23 20:15:00";"-53,9112166667";"-63,78555";"4,7";"342"
"TAI AN";"01530";"2025-04-23 20:22:00";"-53,9021";"-63,7889";"4,6";"349"
"TAI AN";"01530";"2025-04-23 20:30:00";"-53,8933833333";"-63,7922166667";"4,0";"349"
"TAI AN";"01530";"2025-04-23 20:37:00";"-53,884";"-63,7950666667";"4,3";"344"
"TAI AN";"01530";"2025-04-23 20:45:00";"-53,8752166667";"-63,7973833333";"3,9";"353"
"TAI AN";"01530";"2025-04-23 20:52:00";"-53,8702833333";"-63,8004666667";"1,3";"317"
"TAI AN";"01530";"2025-04-23 21:00:00";"-53,8678833333";"-63,8047166667";"1,7";"298"
"TAI AN";"01530";"2025-04-23 21:07:00";"-53,8663";"-63,8130333333";"3,6";"270"
"TAI AN";"01530";"2025-04-23 21:15:00";"-53,8638833333";"-63,8282166667";"5,0";"309"
"TAI AN";"01530";"2025-04-23 21:22:00";"-53,8614333333";"-63,85455";"9,9";"243"
"TAI AN";"01530";"2025-04-23 21:30:00";"-53,86855";"-63,8713833333";"5,8";"333"
"TAI AN";"01530";"2025-04-23 21:37:00";"-53,8623333333";"-63,88945";"4,5";"62"
"TAI AN";"01530";"2025-04-23 21:45:00";"-53,8467166667";"-63,90455";"10,3";"325"
"TAI AN";"01530";"2025-04-23 21:52:00";"-53,8360833333";"-63,9324833333";"10,6";"281"
"TAI AN";"01530";"2025-04-23 22:00:00";"-53,8293833333";"-63,9357166667";"10,5";"75"
"TAI AN";"01530";"2025-04-23 22:07:00";"-53,83255";"-63,9134333333";"4,0";"120"
"TAI AN";"01530";"2025-04-23 22:15:00";"-53,8408833333";"-63,8993833333";"5,8";"147"
"TAI AN";"01530";"2025-04-23 22:22:00";"-53,8490166667";"-63,8938166667";"3,7";"163"
"TAI AN";"01530";"2025-04-23 22:30:00";"-53,85655";"-63,8908833333";"3,6";"162"
"TAI AN";"01530";"2025-04-23 22:37:00";"-53,86355";"-63,8883833333";"3,7";"163"
"TAI AN";"01530";"2025-04-23 22:45:00";"-53,8713833333";"-63,8847166667";"3,8";"154"
"TAI AN";"01530";"2025-04-23 22:52:00";"-53,8779833333";"-63,87965";"3,5";"162"
"TAI AN";"01530";"2025-04-23 23:00:00";"-53,8848833333";"-63,87205";"3,8";"138"
"TAI AN";"01530";"2025-04-23 23:07:00";"-53,8903";"-63,8632833333";"3,8";"131"
"TAI AN";"01530";"2025-04-23 23:15:00";"-53,8963833333";"-63,8537166667";"4,0";"139"
"TAI AN";"01530";"2025-04-23 23:22:00";"-53,90115";"-63,8437666667";"4,1";"144"
"TAI AN";"01530";"2025-04-23 23:30:00";"-53,90855";"-63,8368833333";"3,6";"163"
"TAI AN";"01530";"2025-04-23 23:37:00";"-53,9157333333";"-63,83585";"3,7";"182"
"TAI AN";"01530";"2025-04-23 23:45:00";"-53,9232166667";"-63,8347166667";"3,5";"163"
"TAI AN";"01530";"2025-04-23 23:52:00";"-53,9300166667";"-63,8321";"3,1";"152"
"TAI AN";"01530";"2025-04-24 00:00:00";"-53,93555";"-63,8222166667";"4,1";"117"
"TAI AN";"01530";"2025-04-24 00:07:00";"-53,93845";"-63,8102666667";"3,7";"120"
"TAI AN";"01530";"2025-04-24 00:15:00";"-53,94155";"-63,7977166667";"3,5";"115"
"TAI AN";"01530";"2025-04-24 00:22:00";"-53,94495";"-63,7879";"3,3";"140"
"TAI AN";"01530";"2025-04-24 00:30:00";"-53,94855";"-63,7763833333";"3,6";"99"
"TAI AN";"01530";"2025-04-24 00:37:00";"-53,9529333333";"-63,7680333333";"4,0";"167"
"TAI AN";"01530";"2025-04-24 00:45:00";"-53,9613833333";"-63,76705";"3,8";"173"
"TAI AN";"01530";"2025-04-24 00:52:00";"-53,9678833333";"-63,7623166667";"3,7";"135"
"TAI AN";"01530";"2025-04-24 01:00:00";"-53,9718833333";"-63,7503833333";"3,9";"107"
"TAI AN";"01530";"2025-04-24 01:07:00";"-53,97345";"-63,7389666667";"3,8";"99"
"TAI AN";"01530";"2025-04-24 01:15:00";"-53,9752166667";"-63,7258833333";"3,3";"116"
"TAI AN";"01530";"2025-04-24 01:22:00";"-53,9798833333";"-63,7169333333";"4,1";"150"
"TAI AN";"01530";"2025-04-24 01:30:00";"-53,98855";"-63,71105";"3,5";"157"
"TAI AN";"01530";"2025-04-24 01:37:00";"-53,9960166667";"-63,7092333333";"4,3";"181"
"TAI AN";"01530";"2025-04-24 01:45:00";"-54,0043833333";"-63,7098833333";"4,0";"191"
"TAI AN";"01530";"2025-04-24 01:52:00";"-54,0116";"-63,7104833333";"3,3";"166"
"TAI AN";"01530";"2025-04-24 02:00:00";"-54,0193833333";"-63,7052166667";"4,2";"141"
"TAI AN";"01530";"2025-04-24 02:07:00";"-54,02475";"-63,6966333333";"3,2";"131"
"TAI AN";"01530";"2025-04-24 02:15:00";"-54,0298833333";"-63,68605";"3,8";"126"
"TAI AN";"01530";"2025-04-24 02:22:00";"-54,0338666667";"-63,6761333333";"3,8";"128"
"TAI AN";"01530";"2025-04-24 02:30:00";"-54,03955";"-63,6653833333";"4,1";"154"
"TAI AN";"01530";"2025-04-24 02:37:00";"-54,0465333333";"-63,6611333333";"3,8";"164"
"TAI AN";"01530";"2025-04-24 02:45:00";"-54,0547166667";"-63,6562166667";"4,0";"149"
"TAI AN";"01530";"2025-04-24 02:52:00";"-54,0604833333";"-63,6490666667";"3,8";"152"
"TAI AN";"01530";"2025-04-24 03:00:00";"-54,0673833333";"-63,63955";"3,9";"140"
"TAI AN";"01530";"2025-04-24 03:07:00";"-54,0727";"-63,6310333333";"3,9";"133"
"TAI AN";"01530";"2025-04-24 03:15:00";"-54,0793833333";"-63,6207166667";"4,1";"139"
"TAI AN";"01530";"2025-04-24 03:22:00";"-54,0827833333";"-63,6134666667";"1,6";"81"
"TAI AN";"01530";"2025-04-24 03:30:00";"-54,08255";"-63,60905";"1,9";"85"
"TAI AN";"01530";"2025-04-24 03:37:00";"-54,0835166667";"-63,6021166667";"2,5";"118"
"TAI AN";"01530";"2025-04-24 03:45:00";"-54,0847166667";"-63,58405";"7,9";"109"
"TAI AN";"01530";"2025-04-24 03:52:00";"-54,0923333333";"-63,5714833333";"6,5";"165"
"TAI AN";"01530";"2025-04-24 04:00:00";"-54,1032166667";"-63,56955";"3,4";"177"
"TAI AN";"01530";"2025-04-24 04:06:00";"-54,10895";"-63,5686833333";"4,1";"174"
"TAI AN";"01530";"2025-04-24 04:15:00";"-54,11605";"-63,5738833333";"4,5";"274"
"TAI AN";"01530";"2025-04-24 04:21:00";"-54,108";"-63,58965";"5,9";"327"
"TAI AN";"01530";"2025-04-24 04:30:00";"-54,0987166667";"-63,5968833333";"4,8";"337"
"TAI AN";"01530";"2025-04-24 04:36:00";"-54,0907333333";"-63,6020166667";"4,3";"343"
"TAI AN";"01530";"2025-04-24 04:45:00";"-54,0818833333";"-63,60755";"4,1";"340"
"TAI AN";"01530";"2025-04-24 04:51:00";"-54,0745166667";"-63,6126666667";"4,4";"332"
"TAI AN";"01530";"2025-04-24 05:00:00";"-54,0677166667";"-63,62505";"4,6";"308"
"TAI AN";"01530";"2025-04-24 05:06:00";"-54,0625666667";"-63,6362166667";"4,4";"304"
"TAI AN";"01530";"2025-04-24 05:15:00";"-54,05705";"-63,6488833333";"3,9";"311"
"TAI AN";"01530";"2025-04-24 05:21:00";"-54,0521833333";"-63,6598";"4,2";"309"
"TAI AN";"01530";"2025-04-24 05:30:00";"-54,0452166667";"-63,6697166667";"4,2";"331"
"TAI AN";"01530";"2025-04-24 05:36:00";"-54,0374";"-63,6732666667";"4,1";"340"
"TAI AN";"01530";"2025-04-24 05:45:00";"-54,0283833333";"-63,6788833333";"4,6";"332"
"TAI AN";"01530";"2025-04-24 05:51:00";"-54,0212666667";"-63,6866833333";"4,4";"329"
"TAI AN";"01530";"2025-04-24 06:00:00";"-54,0128833333";"-63,6967166667";"4,4";"321"
"TAI AN";"01530";"2025-04-24 06:06:00";"-54,0068333333";"-63,70555";"4,1";"322"
"TAI AN";"01530";"2025-04-24 06:15:00";"-53,99955";"-63,7168833333";"4,5";"320"
"TAI AN";"01530";"2025-04-24 06:21:00";"-53,9932833333";"-63,72585";"4,4";"315"
"TAI AN";"01530";"2025-04-24 06:30:00";"-53,98605";"-63,73705";"4,6";"321"
"TAI AN";"01530";"2025-04-24 06:36:00";"-53,9819166667";"-63,7493";"4,2";"299"
"TAI AN";"01530";"2025-04-24 06:45:00";"-53,9738833333";"-63,75855";"4,7";"353"
"TAI AN";"01530";"2025-04-24 06:51:00";"-53,9659333333";"-63,75965";"3,9";"351"
"TAI AN";"01530";"2025-04-24 07:00:00";"-53,95655";"-63,7632166667";"4,5";"341"
"TAI AN";"01530";"2025-04-24 07:06:00";"-53,9481666667";"-63,7674666667";"4,6";"344"
"TAI AN";"01530";"2025-04-24 07:15:00";"-53,9392166667";"-63,77355";"4,9";"328"
"TAI AN";"01530";"2025-04-24 07:21:00";"-53,93255";"-63,7824";"4,3";"314"
"TAI AN";"01530";"2025-04-24 07:30:00";"-53,92555";"-63,7942166667";"4,0";"308"
"TAI AN";"01530";"2025-04-24 07:36:00";"-53,9197666667";"-63,8032666667";"3,4";"313"
"TAI AN";"01530";"2025-04-24 07:45:00";"-53,9128833333";"-63,81455";"4,5";"319"
"TAI AN";"01530";"2025-04-24 07:51:00";"-53,9071333333";"-63,8232";"4,0";"310"
"TAI AN";"01530";"2025-04-24 08:00:00";"-53,9012166667";"-63,8358833333";"3,4";"310"
"TAI AN";"01530";"2025-04-24 08:06:00";"-53,8967166667";"-63,84565";"4,1";"303"
"TAI AN";"01530";"2025-04-24 08:15:00";"-53,8913833333";"-63,8583833333";"3,7";"304"
"TAI AN";"01530";"2025-04-24 08:21:00";"-53,887";"-63,8682";"3,9";"308"
"TAI AN";"01530";"2025-04-24 08:30:00";"-53,8807166667";"-63,8793833333";"4,2";"323"
"TAI AN";"01530";"2025-04-24 08:36:00";"-53,8749666667";"-63,8866";"4,2";"322"
"TAI AN";"01530";"2025-04-24 08:45:00";"-53,8658833333";"-63,8938833333";"4,6";"335"
"TAI AN";"01530";"2025-04-24 08:51:00";"-53,85895";"-63,8995166667";"3,9";"330"
"TAI AN";"01530";"2025-04-24 09:00:00";"-53,8503833333";"-63,90605";"4,5";"346"
"TAI AN";"01530";"2025-04-24 09:06:00";"-53,8430666667";"-63,9086333333";"4,0";"354"
"TAI AN";"01530";"2025-04-24 09:15:00";"-53,8337166667";"-63,9122166667";"3,4";"345"
"TAI AN";"01530";"2025-04-24 09:21:00";"-53,8268";"-63,91455";"4,0";"349"
"TAI AN";"01530";"2025-04-24 09:30:00";"-53,81705";"-63,9172166667";"5,1";"359"
"TAI AN";"01530";"2025-04-24 09:36:00";"-53,81025";"-63,9173666667";"3,9";"0"
"TAI AN";"01530";"2025-04-24 09:45:00";"-53,8012166667";"-63,91405";"4,1";"35"
"TAI AN";"01530";"2025-04-24 09:51:00";"-53,7961";"-63,9060666667";"3,6";"35"
"TAI AN";"01530";"2025-04-24 10:00:00";"-53,7928833333";"-63,8917166667";"4,2";"85"
"TAI AN";"01530";"2025-04-24 10:06:00";"-53,7950833333";"-63,8809666667";"3,9";"111"
"TAI AN";"01530";"2025-04-24 10:15:00";"-53,8037166667";"-63,87255";"4,0";"184"
"TAI AN";"01530";"2025-04-24 10:21:00";"-53,8114666667";"-63,8759833333";"3,7";"195"
"TAI AN";"01530";"2025-04-24 10:30:00";"-53,82005";"-63,8768833333";"3,7";"174"
"TAI AN";"01530";"2025-04-24 10:36:00";"-53,8265";"-63,8760833333";"3,8";"174"
"TAI AN";"01530";"2025-04-24 10:45:00";"-53,8353833333";"-63,8743833333";"3,6";"173"
"TAI AN";"01530";"2025-04-24 10:51:00";"-53,8417333333";"-63,8730666667";"3,5";"178"
"TAI AN";"01530";"2025-04-24 11:00:00";"-53,8502166667";"-63,8692166667";"4,0";"152"
"TAI AN";"01530";"2025-04-24 11:06:00";"-53,8559333333";"-63,8637166667";"3,8";"143"
"TAI AN";"01530";"2025-04-24 11:15:00";"-53,86405";"-63,8558833333";"3,8";"150"
"TAI AN";"01530";"2025-04-24 11:21:00";"-53,8695";"-63,85005";"3,7";"143"
"TAI AN";"01530";"2025-04-24 11:30:00";"-53,8773833333";"-63,8418833333";"4,1";"152"
"TAI AN";"01530";"2025-04-24 11:36:00";"-53,8830166667";"-63,83565";"4,2";"149"
"TAI AN";"01530";"2025-04-24 11:45:00";"-53,89105";"-63,82705";"3,4";"146"
"TAI AN";"01530";"2025-04-24 11:51:00";"-53,8966";"-63,8207333333";"4,0";"148"
"TAI AN";"01530";"2025-04-24 12:00:00";"-53,90455";"-63,8112166667";"4,2";"145"
"TAI AN";"01530";"2025-04-24 12:06:00";"-53,9101833333";"-63,8057";"3,7";"154"
"TAI AN";"01530";"2025-04-24 12:15:00";"-53,91855";"-63,7977166667";"3,6";"147"
"TAI AN";"01530";"2025-04-24 12:21:00";"-53,92425";"-63,7924";"3,9";"145"
"TAI AN";"01530";"2025-04-24 12:30:00";"-53,9323833333";"-63,78455";"3,7";"147"
"TAI AN";"01530";"2025-04-24 12:36:00";"-53,93395";"-63,7822833333";"1,4";"149"
"TAI AN";"01530";"2025-04-24 12:45:00";"-53,93755";"-63,7777166667";"2,4";"134"
"TAI AN";"01530";"2025-04-24 12:51:00";"-53,94095";"-63,7730166667";"3,4";"139"
"TAI AN";"01530";"2025-04-24 13:00:00";"-53,95205";"-63,7467166667";"10,9";"124"
"TAI AN";"01530";"2025-04-24 13:06:00";"-53,9642";"-63,7239166667";"11,0";"140"
"TAI AN";"01530";"2025-04-24 13:15:00";"-53,9832166667";"-63,6898833333";"11,5";"132"
"TAI AN";"01530";"2025-04-24 13:21:00";"-53,9957";"-63,66715";"10,7";"128"
"TAI AN";"01530";"2025-04-24 13:30:00";"-54,0148833333";"-63,6333833333";"11,6";"137"
"TAI AN";"01530";"2025-04-24 13:36:00";"-54,0273166667";"-63,6107166667";"10,7";"131"
"TAI AN";"01530";"2025-04-24 13:45:00";"-54,0463833333";"-63,57605";"11,2";"137"
"TAI AN";"01530";"2025-04-24 13:51:00";"-54,0603333333";"-63,5611833333";"7,6";"62"
"TAI AN";"01530";"2025-04-24 14:00:00";"-54,0503833333";"-63,5662166667";"3,9";"312"
"TAI AN";"01530";"2025-04-24 14:06:00";"-54,0452833333";"-63,5792166667";"4,7";"298"
"TAI AN";"01530";"2025-04-24 14:15:00";"-54,0388833333";"-63,5952166667";"4,8";"305"
"TAI AN";"01530";"2025-04-24 14:21:00";"-54,0349833333";"-63,6045666667";"3,6";"304"
"TAI AN";"01530";"2025-04-24 14:30:00";"-54,0287166667";"-63,61655";"4,4";"326"
"TAI AN";"01530";"2025-04-24 14:36:00";"-54,0229666667";"-63,6221333333";"3,0";"330"
"TAI AN";"01530";"2025-04-24 14:45:00";"-54,0143833333";"-63,62955";"3,8";"334"
"TAI AN";"01530";"2025-04-24 14:51:00";"-54,0086333333";"-63,6351666667";"4,4";"327"
"TAI AN";"01530";"2025-04-24 15:00:00";"-54,0007166667";"-63,64555";"3,8";"325"
"TAI AN";"01530";"2025-04-24 15:06:00";"-53,9959";"-63,65335";"3,9";"312"
"TAI AN";"01530";"2025-04-24 15:15:00";"-53,99055";"-63,66955";"4,8";"284"
"TAI AN";"01530";"2025-04-24 15:21:00";"-53,9866833333";"-63,6792333333";"4,3";"316"
"TAI AN";"01530";"2025-04-24 15:30:00";"-53,9767166667";"-63,68605";"5,0";"348"
"TAI AN";"01530";"2025-04-24 15:36:00";"-53,9695333333";"-63,6882166667";"4,4";"344"
"TAI AN";"01530";"2025-04-24 15:45:00";"-53,9593833333";"-63,69205";"3,9";"344"
"TAI AN";"01530";"2025-04-24 15:51:00";"-53,9520666667";"-63,6952666667";"4,6";"345"
"TAI AN";"01530";"2025-04-24 16:00:00";"-53,9418833333";"-63,70255";"4,8";"331"
"TAI AN";"01530";"2025-04-24 16:06:00";"-53,93545";"-63,7078166667";"4,0";"335"
"TAI AN";"01530";"2025-04-24 16:15:00";"-53,9262166667";"-63,71805";"4,0";"323"
"TAI AN";"01530";"2025-04-24 16:21:00";"-53,9203166667";"-63,72535";"4,5";"325"
"TAI AN";"01530";"2025-04-24 16:30:00";"-53,91055";"-63,7338833333";"3,9";"332"
"TAI AN";"01530";"2025-04-24 16:36:00";"-53,9044333333";"-63,7393833333";"4,0";"330"
"TAI AN";"01530";"2025-04-24 16:45:00";"-53,8948833333";"-63,7478833333";"4,6";"330"
"TAI AN";"01530";"2025-04-24 16:51:00";"-53,88845";"-63,75325";"4,5";"335"
"TAI AN";"01530";"2025-04-24 17:00:00";"-53,87955";"-63,7623833333";"3,9";"318"
"TAI AN";"01530";"2025-04-24 17:05:00";"-53,8733166667";"-63,7668166667";"4,8";"345"
"TAI AN";"01530";"2025-04-24 17:15:00";"-53,8627166667";"-63,76905";"4,6";"354"
"TAI AN";"01530";"2025-04-24 17:20:00";"-53,8560833333";"-63,7706833333";"4,1";"348"
"TAI AN";"01530";"2025-04-24 17:30:00";"-53,8457166667";"-63,77355";"4,0";"351"
"TAI AN";"01530";"2025-04-24 17:35:00";"-53,8384166667";"-63,7757166667";"4,5";"345"
"TAI AN";"01530";"2025-04-24 17:45:00";"-53,8278833333";"-63,78105";"4,3";"353"
"TAI AN";"01530";"2025-04-24 17:50:00";"-53,8213166667";"-63,7858833333";"3,9";"334"
"TAI AN";"01530";"2025-04-24 18:00:00";"-53,81205";"-63,7962166667";"4,3";"337"
"TAI AN";"01530";"2025-04-24 18:05:00";"-53,8051333333";"-63,7999";"4,0";"358"
"TAI AN";"01530";"2025-04-24 18:15:00";"-53,7943833333";"-63,8042166667";"3,3";"347"
"TAI AN";"01530";"2025-04-24 18:20:00";"-53,7886666667";"-63,8078";"2,5";"324"
"TAI AN";"01530";"2025-04-24 18:30:00";"-53,7853833333";"-63,8157166667";"2,2";"291"
"TAI AN";"01530";"2025-04-24 18:35:00";"-53,7837666667";"-63,8227";"3,2";"289"
"TAI AN";"01530";"2025-04-24 18:45:00";"-53,78205";"-63,8362166667";"4,8";"275"
"TAI AN";"01530";"2025-04-24 18:50:00";"-53,7812666667";"-63,8499";"4,8";"286"
"TAI AN";"01530";"2025-04-24 19:00:00";"-53,7843833333";"-63,8612166667";"5,7";"140"
"TAI AN";"01530";"2025-04-24 19:05:00";"-53,7875333333";"-63,8466333333";"6,7";"107"
"TAI AN";"01530";"2025-04-24 19:15:00";"-53,79405";"-63,8198833333";"6,5";"108"
"TAI AN";"01530";"2025-04-24 19:20:00";"-53,7875833333";"-63,8131";"10,1";"358"
"TAI AN";"01530";"2025-04-24 19:30:00";"-53,7608833333";"-63,8213833333";"10,8";"346"
"TAI AN";"01530";"2025-04-24 19:35:00";"-53,7597666667";"-63,8298833333";"5,0";"188"
"TAI AN";"01530";"2025-04-24 19:45:00";"-53,77105";"-63,8308833333";"4,6";"163"
"TAI AN";"01530";"2025-04-24 19:50:00";"-53,7781166667";"-63,8277333333";"4,9";"160"
"TAI AN";"01530";"2025-04-24 20:00:00";"-53,7868833333";"-63,8238833333";"3,8";"158"
"TAI AN";"01530";"2025-04-24 20:05:00";"-53,7915833333";"-63,8210833333";"3,2";"170"
"TAI AN";"01530";"2025-04-24 20:15:00";"-53,7998833333";"-63,8163833333";"3,7";"163"
"TAI AN";"01530";"2025-04-24 20:20:00";"-53,8044333333";"-63,8135833333";"3,5";"166"
"TAI AN";"01530";"2025-04-24 20:30:00";"-53,8132166667";"-63,8098833333";"3,4";"174"
"TAI AN";"01530";"2025-04-24 20:35:00";"-53,8182666667";"-63,8081166667";"3,5";"166"
"TAI AN";"01530";"2025-04-24 20:45:00";"-53,8272166667";"-63,8052166667";"3,3";"176"
"TAI AN";"01530";"2025-04-24 20:50:00";"-53,8324833333";"-63,8049333333";"3,1";"192"
"TAI AN";"01530";"2025-04-24 21:00:00";"-53,8408833333";"-63,80605";"2,9";"185"
"TAI AN";"01530";"2025-04-24 21:05:00";"-53,8456333333";"-63,80735";"3,0";"182"
"TAI AN";"01530";"2025-04-24 21:15:00";"-53,85405";"-63,8117166667";"3,6";"197"
"TAI AN";"01530";"2025-04-24 21:20:00";"-53,85925";"-63,8144";"3,7";"189"
"TAI AN";"01530";"2025-04-24 21:30:00";"-53,8678833333";"-63,8183833333";"3,6";"192"
"TAI AN";"01530";"2025-04-24 21:35:00";"-53,8732833333";"-63,8202166667";"3,7";"190"
"TAI AN";"01530";"2025-04-24 21:45:00";"-53,88205";"-63,82305";"3,4";"191"
"TAI AN";"01530";"2025-04-24 21:50:00";"-53,8874333333";"-63,8246166667";"3,7";"194"
"TAI AN";"01530";"2025-04-24 22:00:00";"-53,89705";"-63,82705";"3,5";"185"
"TAI AN";"01530";"2025-04-24 22:05:00";"-53,9026833333";"-63,8280833333";"3,3";"186"
"TAI AN";"01530";"2025-04-24 22:15:00";"-53,91205";"-63,8298833333";"3,4";"191"
"TAI AN";"01530";"2025-04-24 22:20:00";"-53,91725";"-63,8305833333";"3,5";"187"
"TAI AN";"01530";"2025-04-24 22:30:00";"-53,92655";"-63,83155";"4,0";"186"
"TAI AN";"01530";"2025-04-24 22:35:00";"-53,9318833333";"-63,8319";"3,5";"177"
"TAI AN";"01530";"2025-04-24 22:45:00";"-53,9422166667";"-63,8288833333";"4,2";"159"
"TAI AN";"01530";"2025-04-24 22:50:00";"-53,9473833333";"-63,8237166667";"4,2";"136"
"TAI AN";"01530";"2025-04-24 23:00:00";"-53,9533833333";"-63,8067166667";"4,9";"115"
"TAI AN";"01530";"2025-04-24 23:05:00";"-53,9558";"-63,7977333333";"3,8";"114"
"TAI AN";"01530";"2025-04-24 23:15:00";"-53,9583833333";"-63,7787166667";"4,3";"102"
"TAI AN";"01530";"2025-04-24 23:20:00";"-53,95965";"-63,7689166667";"4,4";"97"
"TAI AN";"01530";"2025-04-24 23:30:00";"-53,9617166667";"-63,7498833333";"4,6";"121"
"TAI AN";"01530";"2025-04-24 23:35:00";"-53,9663166667";"-63,7433333333";"5,1";"164"
"TAI AN";"01530";"2025-04-24 23:45:00";"-53,9733833333";"-63,7563833333";"5,8";"277"
"TAI AN";"01530";"2025-04-24 23:50:00";"-53,97135";"-63,7661333333";"2,8";"295"
"TAI AN";"01530";"2025-04-25 00:00:00";"-53,9633833333";"-63,7758833333";"3,0";"328"
"TAI AN";"01530";"2025-04-25 00:05:00";"-53,9586666667";"-63,7807666667";"4,1";"335"
"TAI AN";"01530";"2025-04-25 00:15:00";"-53,9507166667";"-63,79055";"3,1";"329"
"TAI AN";"01530";"2025-04-25 00:20:00";"-53,9463166667";"-63,7967833333";"3,7";"314"
"TAI AN";"01530";"2025-04-25 00:30:00";"-53,9393833333";"-63,80955";"3,3";"310"
"TAI AN";"01530";"2025-04-25 00:35:00";"-53,9356666667";"-63,8166166667";"3,7";"320"
"TAI AN";"01530";"2025-04-25 00:45:00";"-53,9287166667";"-63,8297166667";"3,7";"313"
"TAI AN";"01530";"2025-04-25 00:50:00";"-53,9245166667";"-63,8368666667";"3,9";"326"
"TAI AN";"01530";"2025-04-25 01:00:00";"-53,9173833333";"-63,8472166667";"3,4";"312"
"TAI AN";"01530";"2025-04-25 01:05:00";"-53,9127333333";"-63,8524666667";"3,2";"330"
"TAI AN";"01530";"2025-04-25 01:15:00";"-53,9043833333";"-63,8613833333";"4,1";"318"
"TAI AN";"01530";"2025-04-25 01:20:00";"-53,8997666667";"-63,8659666667";"3,9";"344"
"TAI AN";"01530";"2025-04-25 01:30:00";"-53,89305";"-63,8728833333";"2,1";"271"
"TAI AN";"01530";"2025-04-25 01:35:00";"-53,8933833333";"-63,8749333333";"0,4";"285"
"TAI AN";"01530";"2025-04-25 01:45:00";"-53,8958833333";"-63,88355";"1,5";"219"
"TAI AN";"01530";"2025-04-25 01:50:00";"-53,8980166667";"-63,8875166667";"3,6";"225"
"TAI AN";"01530";"2025-04-25 02:00:00";"-53,8987166667";"-63,9208833333";"11,1";"282"
"TAI AN";"01530";"2025-04-25 02:05:00";"-53,8926";"-63,9288833333";"8,6";"22"
"TAI AN";"01530";"2025-04-25 02:15:00";"-53,87205";"-63,9103833333";"7,8";"24"
"TAI AN";"01530";"2025-04-25 02:20:00";"-53,8623666667";"-63,90175";"8,9";"37"
"TAI AN";"01530";"2025-04-25 02:30:00";"-53,8432166667";"-63,8833833333";"8,1";"62"
"TAI AN";"01530";"2025-04-25 02:35:00";"-53,8384333333";"-63,8645333333";"10,2";"68"
"TAI AN";"01530";"2025-04-25 02:45:00";"-53,8297166667";"-63,82255";"9,8";"75"
"TAI AN";"01530";"2025-04-25 02:50:00";"-53,8282166667";"-63,80025";"10,2";"87"
"TAI AN";"01530";"2025-04-25 03:00:00";"-53,82505";"-63,7533833333";"9,9";"93"
"TAI AN";"01530";"2025-04-25 03:05:00";"-53,8294166667";"-63,7497166667";"8,3";"221"
"TAI AN";"01530";"2025-04-25 03:15:00";"-53,8497166667";"-63,77705";"9,6";"219"
"TAI AN";"01530";"2025-04-25 03:20:00";"-53,8596333333";"-63,7924666667";"9,5";"227"
"TAI AN";"01530";"2025-04-25 03:30:00";"-53,8798833333";"-63,8237166667";"9,7";"223"
"TAI AN";"01530";"2025-04-25 03:35:00";"-53,8893166667";"-63,8282166667";"7,7";"110"
"TAI AN";"01530";"2025-04-25 03:45:00";"-53,89505";"-63,7857166667";"9,4";"96"
"TAI AN";"01530";"2025-04-25 03:50:00";"-53,8962833333";"-63,7653";"9,5";"92"
"TAI AN";"01530";"2025-04-25 04:00:00";"-53,89855";"-63,7207166667";"9,8";"94"
"TAI AN";"01530";"2025-04-25 04:05:00";"-53,8999166667";"-63,6998666667";"9,1";"97"
"TAI AN";"01530";"2025-04-25 04:15:00";"-53,9078833333";"-63,6767166667";"9,5";"222"
"TAI AN";"01530";"2025-04-25 04:20:00";"-53,9178666667";"-63,6918";"9,3";"221"
"TAI AN";"01530";"2025-04-25 04:30:00";"-53,9393833333";"-63,7238833333";"10,5";"219"
"TAI AN";"01530";"2025-04-25 04:35:00";"-53,9494833333";"-63,7385";"10,0";"221"
"TAI AN";"01530";"2025-04-25 04:45:00";"-53,9693833333";"-63,7487166667";"8,5";"107"
"TAI AN";"01530";"2025-04-25 04:49:00";"-53,9740666667";"-63,7304666667";"9,2";"113"
"TAI AN";"01530";"2025-04-25 05:00:00";"-53,97705";"-63,6868833333";"9,5";"96"
"TAI AN";"01530";"2025-04-25 05:04:00";"-53,9772";"-63,66705";"8,9";"86"
"TAI AN";"01530";"2025-04-25 05:15:00";"-53,98305";"-63,6258833333";"9,1";"109"
"TAI AN";"01530";"2025-04-25 05:19:00";"-53,9872333333";"-63,60805";"9,2";"117"
"TAI AN";"01530";"2025-04-25 05:30:00";"-54,00005";"-63,5823833333";"8,8";"186"
"TAI AN";"01530";"2025-04-25 05:34:00";"-54,0117666667";"-63,5872166667";"9,0";"195"
"TAI AN";"01530";"2025-04-25 05:45:00";"-54,03755";"-63,5973833333";"8,9";"188"
"TAI AN";"01530";"2025-04-25 05:49:00";"-54,0492333333";"-63,6012666667";"9,1";"187"
"TAI AN";"01530";"2025-04-25 06:00:00";"-54,07555";"-63,6103833333";"9,6";"200"
"TAI AN";"01530";"2025-04-25 06:04:00";"-54,0864333333";"-63,6143666667";"8,3";"127"
"TAI AN";"01530";"2025-04-25 06:15:00";"-54,10605";"-63,58405";"9,6";"139"
"TAI AN";"01530";"2025-04-25 06:19:00";"-54,1147333333";"-63,5707666667";"8,9";"142"
"TAI AN";"01530";"2025-04-25 06:30:00";"-54,13405";"-63,5423833333";"9,1";"140"
"TAI AN";"01530";"2025-04-25 06:34:00";"-54,1427";"-63,5297666667";"8,9";"135"
"TAI AN";"01530";"2025-04-25 06:45:00";"-54,16205";"-63,5012166667";"9,0";"138"
"TAI AN";"01530";"2025-04-25 06:49:00";"-54,1704";"-63,4885833333";"8,7";"144"
"TAI AN";"01530";"2025-04-25 07:00:00";"-54,1898833333";"-63,4602166667";"8,5";"114"
"TAI AN";"01530";"2025-04-25 07:04:00";"-54,1821333333";"-63,4485166667";"10,3";"30"
"TAI AN";"01530";"2025-04-25 07:15:00";"-54,1588833333";"-63,4213833333";"10,8";"31"
"TAI AN";"01530";"2025-04-25 07:19:00";"-54,1481166667";"-63,4094833333";"10,1";"34"
"TAI AN";"01530";"2025-04-25 07:30:00";"-54,1243833333";"-63,38355";"9,8";"36"
"TAI AN";"01530";"2025-04-25 07:34:00";"-54,1198666667";"-63,3707166667";"7,5";"114"
"TAI AN";"01530";"2025-04-25 07:45:00";"-54,13205";"-63,3363833333";"8,0";"116"
"TAI AN";"01530";"2025-04-25 07:49:00";"-54,13695";"-63,3228";"7,2";"122"
"TAI AN";"01530";"2025-04-25 08:00:00";"-54,1487166667";"-63,2918833333";"6,9";"88"
"TAI AN";"01530";"2025-04-25 08:04:00";"-54,1465333333";"-63,2763";"7,9";"75"
"TAI AN";"01530";"2025-04-25 08:15:00";"-54,14155";"-63,2367166667";"8,8";"68"
"TAI AN";"01530";"2025-04-25 08:19:00";"-54,1393833333";"-63,2199666667";"8,0";"80"
"TAI AN";"01530";"2025-04-25 08:30:00";"-54,1353833333";"-63,1797166667";"7,9";"92"
"TAI AN";"01530";"2025-04-25 08:34:00";"-54,1337666667";"-63,1629833333";"8,8";"87"
"TAI AN";"01530";"2025-04-25 08:45:00";"-54,1303833333";"-63,1218833333";"8,7";"87"
"TAI AN";"01530";"2025-04-25 08:49:00";"-54,1290833333";"-63,1047";"8,1";"82"
"TAI AN";"01530";"2025-04-25 09:00:00";"-54,1252166667";"-63,0617166667";"8,2";"88"
"TAI AN";"01530";"2025-04-25 09:04:00";"-54,1240833333";"-63,0441";"9,0";"97"
"TAI AN";"01530";"2025-04-25 09:15:00";"-54,1093833333";"-63,0057166667";"9,7";"43"
"TAI AN";"01530";"2025-04-25 09:19:00";"-54,1012666667";"-62,9917833333";"9,8";"46"
"TAI AN";"01530";"2025-04-25 09:30:00";"-54,08055";"-62,9573833333";"9,2";"49"
"TAI AN";"01530";"2025-04-25 09:34:00";"-54,0727";"-62,9437166667";"9,3";"46"
"TAI AN";"01530";"2025-04-25 09:45:00";"-54,07755";"-62,9043833333";"10,1";"123"
"TAI AN";"01530";"2025-04-25 09:49:00";"-54,0841333333";"-62,8879166667";"9,9";"119"
"TAI AN";"01530";"2025-04-25 10:00:00";"-54,0968833333";"-62,8873833333";"10,5";"268"
"TAI AN";"01530";"2025-04-25 10:04:00";"-54,0982333333";"-62,9088166667";"10,7";"266"
"TAI AN";"01530";"2025-04-25 10:15:00";"-54,09955";"-62,9617166667";"10,3";"283"
"TAI AN";"01530";"2025-04-25 10:19:00";"-54,0978833333";"-62,9825333333";"10,3";"278"
"TAI AN";"01530";"2025-04-25 10:30:00";"-54,09455";"-63,0337166667";"9,6";"280"
"TAI AN";"01530";"2025-04-25 10:34:00";"-54,0928";"-63,0535";"10,2";"278"
"TAI AN";"01530";"2025-04-25 10:45:00";"-54,08905";"-63,1067166667";"11,2";"277"
"TAI AN";"01530";"2025-04-25 11:00:00";"-54,0833833333";"-63,18805";"12,0";"276"
"TAI AN";"01530";"2025-04-25 11:04:00";"-54,0821166667";"-63,2117166667";"12,0";"274"
"TAI AN";"01530";"2025-04-25 11:15:00";"-54,07805";"-63,2707166667";"11,8";"276"
"TAI AN";"01530";"2025-04-25 11:19:00";"-54,0765833333";"-63,2935833333";"11,2";"275"
"TAI AN";"01530";"2025-04-25 11:30:00";"-54,0733833333";"-63,3532166667";"11,9";"273"
"TAI AN";"01530";"2025-04-25 11:34:00";"-54,0721";"-63,3757833333";"11,1";"275"
"TAI AN";"01530";"2025-04-25 11:45:00";"-54,0682166667";"-63,43255";"10,2";"275"
"TAI AN";"01530";"2025-04-25 11:49:00";"-54,06625";"-63,4530166667";"10,5";"276"
"TAI AN";"01530";"2025-04-25 12:00:00";"-54,0633833333";"-63,4832166667";"5,4";"292"
"TAI AN";"01530";"2025-04-25 12:04:00";"-54,0614333333";"-63,4927";"4,9";"291"
"TAI AN";"01530";"2025-04-25 12:15:00";"-54,0583833333";"-63,5133833333";"4,8";"280"
"TAI AN";"01530";"2025-04-25 12:19:00";"-54,0569333333";"-63,5205";"3,2";"287"
"TAI AN";"01530";"2025-04-25 12:30:00";"-54,0518833333";"-63,5348833333";"3,5";"298"
"TAI AN";"01530";"2025-04-25 12:34:00";"-54,0498";"-63,5410333333";"4,2";"284"
"TAI AN";"01530";"2025-04-25 12:45:00";"-54,0448833333";"-63,5563833333";"3,7";"296"
"TAI AN";"01530";"2025-04-25 12:49:00";"-54,0427666667";"-63,5620166667";"4,3";"304"
"TAI AN";"01530";"2025-04-25 13:00:00";"-54,03755";"-63,5773833333";"3,8";"307"
"TAI AN";"01530";"2025-04-25 13:04:00";"-54,0353";"-63,5834";"3,6";"299"
"TAI AN";"01530";"2025-04-25 13:15:00";"-54,02805";"-63,5957166667";"3,7";"342"
"TAI AN";"01530";"2025-04-25 13:19:00";"-54,0241833333";"-63,5984833333";"3,8";"338"
"TAI AN";"01530";"2025-04-25 13:30:00";"-54,0147166667";"-63,6058833333";"2,9";"333"
"TAI AN";"01530";"2025-04-25 13:34:00";"-54,011";"-63,6087";"3,5";"340"
"TAI AN";"01530";"2025-04-25 13:45:00";"-54,0017166667";"-63,61555";"3,6";"339"
"TAI AN";"01530";"2025-04-25 13:49:00";"-53,9981333333";"-63,6183333333";"3,7";"327"
"TAI AN";"01530";"2025-04-25 14:00:00";"-53,98955";"-63,6283833333";"3,2";"326"
"TAI AN";"01530";"2025-04-25 14:04:00";"-53,9862166667";"-63,6328666667";"4,4";"315"
"TAI AN";"01530";"2025-04-25 14:15:00";"-53,9782166667";"-63,64655";"3,8";"315"
"TAI AN";"01530";"2025-04-25 14:19:00";"-53,9754166667";"-63,6517333333";"3,3";"307"
"TAI AN";"01530";"2025-04-25 14:30:00";"-53,96805";"-63,6648833333";"4,0";"317"
"TAI AN";"01530";"2025-04-25 14:34:00";"-53,9650166667";"-63,6703666667";"4,3";"309"
"TAI AN";"01530";"2025-04-25 14:45:00";"-53,9558833333";"-63,6812166667";"3,9";"330"
"TAI AN";"01530";"2025-04-25 14:49:00";"-53,9520833333";"-63,68495";"3,4";"338"
"TAI AN";"01530";"2025-04-25 15:00:00";"-53,9422166667";"-63,69405";"3,1";"343"
"TAI AN";"01530";"2025-04-25 15:04:00";"-53,9381";"-63,6967333333";"4,1";"332"
"TAI AN";"01530";"2025-04-25 15:15:00";"-53,9277166667";"-63,70405";"4,0";"337"
"TAI AN";"01530";"2025-04-25 15:19:00";"-53,9235666667";"-63,7070833333";"4,2";"326"
"TAI AN";"01530";"2025-04-25 15:30:00";"-53,9132166667";"-63,71505";"4,1";"341"
"TAI AN";"01530";"2025-04-25 15:34:00";"-53,9091833333";"-63,71835";"3,1";"334"
"TAI AN";"01530";"2025-04-25 15:45:00";"-53,8983833333";"-63,7267166667";"4,2";"337"
"TAI AN";"01530";"2025-04-25 15:49:00";"-53,89425";"-63,7297833333";"4,5";"343"
"TAI AN";"01530";"2025-04-25 16:00:00";"-53,8827166667";"-63,7382166667";"4,3";"329"
"TAI AN";"01530";"2025-04-25 16:04:00";"-53,8787333333";"-63,7408333333";"4,4";"337"
"TAI AN";"01530";"2025-04-25 16:15:00";"-53,86705";"-63,7482166667";"4,1";"341"
"TAI AN";"01530";"2025-04-25 16:19:00";"-53,8626833333";"-63,7508666667";"4,1";"343"
"TAI AN";"01530";"2025-04-25 16:30:00";"-53,8512166667";"-63,7583833333";"3,9";"337"
"TAI AN";"01530";"2025-04-25 16:34:00";"-53,8468";"-63,7611666667";"4,3";"337"
"TAI AN";"01530";"2025-04-25 16:45:00";"-53,8348833333";"-63,7682166667";"4,5";"349"
"TAI AN";"01530";"2025-04-25 16:49:00";"-53,8304333333";"-63,7703333333";"3,4";"348"
"TAI AN";"01530";"2025-04-25 17:00:00";"-53,81855";"-63,7768833333";"4,2";"343"
"TAI AN";"01530";"2025-04-25 17:04:00";"-53,8141833333";"-63,7791333333";"3,8";"338"
"TAI AN";"01530";"2025-04-25 17:15:00";"-53,8023833333";"-63,7872166667";"4,5";"336"
"TAI AN";"01530";"2025-04-25 17:19:00";"-53,7983833333";"-63,79075";"4,7";"328"
"TAI AN";"01530";"2025-04-25 17:30:00";"-53,7872166667";"-63,8008833333";"4,3";"331"
"TAI AN";"01530";"2025-04-25 17:34:00";"-53,7830666667";"-63,8043";"4,1";"331"
"TAI AN";"01530";"2025-04-25 17:45:00";"-53,7718833333";"-63,8138833333";"4,6";"334"
"TAI AN";"01530";"2025-04-25 17:49:00";"-53,7676666667";"-63,8173166667";"3,8";"332"
"TAI AN";"01530";"2025-04-25 18:00:00";"-53,7567166667";"-63,8273833333";"4,4";"334"
"TAI AN";"01530";"2025-04-25 18:03:00";"-53,7525";"-63,8305833333";"3,9";"336"
"TAI AN";"01530";"2025-04-25 18:15:00";"-53,7407166667";"-63,8408833333";"4,0";"329"
"TAI AN";"01530";"2025-04-25 18:18:00";"-53,7369333333";"-63,8440333333";"3,9";"328"
"TAI AN";"01530";"2025-04-25 18:30:00";"-53,7237166667";"-63,8512166667";"3,9";"343"
"TAI AN";"01530";"2025-04-25 18:33:00";"-53,7183833333";"-63,8529166667";"5,3";"357"
"TAI AN";"01530";"2025-04-25 18:45:00";"-53,7032166667";"-63,8533833333";"4,1";"357"
"TAI AN";"01530";"2025-04-25 18:48:00";"-53,6979833333";"-63,854";"4,5";"355"
"TAI AN";"01530";"2025-04-25 19:00:00";"-53,6828833333";"-63,8548833333";"5,2";"359"
"TAI AN";"01530";"2025-04-25 19:03:00";"-53,6780333333";"-63,85515";"4,6";"4"
"TAI AN";"01530";"2025-04-25 19:15:00";"-53,66305";"-63,85605";"4,9";"3"
"TAI AN";"01530";"2025-04-25 19:18:00";"-53,6577166667";"-63,8559666667";"5,2";"2"
"TAI AN";"01530";"2025-04-25 19:30:00";"-53,6427166667";"-63,85605";"4,3";"357"
"TAI AN";"01530";"2025-04-25 19:33:00";"-53,6374666667";"-63,8563833333";"4,6";"349"
"TAI AN";"01530";"2025-04-25 19:45:00";"-53,62205";"-63,8613833333";"5,4";"355"
"TAI AN";"01530";"2025-04-25 19:48:00";"-53,6169333333";"-63,8622333333";"4,8";"351"
"TAI AN";"01530";"2025-04-25 20:00:00";"-53,6017166667";"-63,8658833333";"5,3";"343"
"TAI AN";"01530";"2025-04-25 20:03:00";"-53,5967666667";"-63,8678833333";"4,5";"348"
"TAI AN";"01530";"2025-04-25 20:15:00";"-53,5823833333";"-63,8792166667";"4,8";"320"
"TAI AN";"01530";"2025-04-25 20:18:00";"-53,57995";"-63,8839333333";"3,4";"305"
"TAI AN";"01530";"2025-04-25 20:30:00";"-53,57505";"-63,89705";"3,2";"304"
"TAI AN";"01530";"2025-04-25 20:33:00";"-53,5726";"-63,9024666667";"3,9";"295"
"TAI AN";"01530";"2025-04-25 20:45:00";"-53,56505";"-63,9238833333";"7,4";"299"
"TAI AN";"01530";"2025-04-25 20:48:00";"-53,5614333333";"-63,9349666667";"8,4";"296"
"TAI AN";"01530";"2025-04-25 21:00:00";"-53,5487166667";"-63,98455";"13,8";"296"
"TAI AN";"01530";"2025-04-25 21:03:00";"-53,5427166667";"-64,0035833333";"13,7";"299"
"TAI AN";"01530";"2025-04-25 21:15:00";"-53,52105";"-64,06605";"13,7";"303"
"TAI AN";"01530";"2025-04-25 21:18:00";"-53,5132333333";"-64,0823666667";"12,5";"310"
"TAI AN";"01530";"2025-04-25 21:30:00";"-53,4897166667";"-64,12355";"9,2";"21"
"TAI AN";"01530";"2025-04-25 21:33:00";"-53,4815166667";"-64,1191166667";"9,7";"20"
"TAI AN";"01530";"2025-04-25 21:45:00";"-53,4627166667";"-64,09255";"7,7";"42"
"TAI AN";"01530";"2025-04-25 21:48:00";"-53,45875";"-64,0831333333";"7,7";"63"
"TAI AN";"01530";"2025-04-25 22:00:00";"-53,45055";"-64,0458833333";"7,3";"82"
"TAI AN";"01530";"2025-04-25 22:03:00";"-53,4497166667";"-64,0339166667";"7,3";"81"
"TAI AN";"01530";"2025-04-25 22:15:00";"-53,4482166667";"-63,99155";"8,8";"90"
"TAI AN";"01530";"2025-04-25 22:18:00";"-53,4481333333";"-63,9788333333";"7,8";"87"
"TAI AN";"01530";"2025-04-25 22:30:00";"-53,4482166667";"-63,93355";"8,3";"92"
"TAI AN";"01530";"2025-04-25 22:33:00";"-53,4482666667";"-63,9202333333";"8,3";"87"
"TAI AN";"01530";"2025-04-25 22:45:00";"-53,44905";"-63,8737166667";"8,4";"92"
"TAI AN";"01530";"2025-04-25 22:48:00";"-53,45165";"-63,8614";"8,0";"131"
"TAI AN";"01530";"2025-04-25 23:00:00";"-53,4753833333";"-63,83105";"10,2";"142"
"TAI AN";"01530";"2025-04-25 23:03:00";"-53,4819833333";"-63,8225333333";"9,2";"142"
"TAI AN";"01530";"2025-04-25 23:15:00";"-53,5072166667";"-63,7908833333";"10,0";"148"
"TAI AN";"01530";"2025-04-25 23:18:00";"-53,5144166667";"-63,7822";"9,9";"161"
"TAI AN";"01530";"2025-04-25 23:30:00";"-53,5447166667";"-63,7737166667";"9,9";"235"
"TAI AN";"01530";"2025-04-25 23:33:00";"-53,5498333333";"-63,7873166667";"11,0";"247"
"TAI AN";"01530";"2025-04-25 23:45:00";"-53,5628833333";"-63,8417166667";"10,3";"248"
"TAI AN";"01530";"2025-04-25 23:48:00";"-53,56625";"-63,8562666667";"10,3";"249"
"TAI AN";"01530";"2025-04-26 00:00:00";"-53,58555";"-63,86505";"10,5";"144"
"TAI AN";"01530";"2025-04-26 00:03:00";"-53,5925833333";"-63,85555";"10,4";"144"
"TAI AN";"01530";"2025-04-26 00:15:00";"-53,61105";"-63,80905";"10,6";"117"
"TAI AN";"01530";"2025-04-26 00:18:00";"-53,6143666667";"-63,7950166667";"10,0";"103"
"TAI AN";"01530";"2025-04-26 00:30:00";"-53,6217166667";"-63,7403833333";"10,2";"99"
"TAI AN";"01530";"2025-04-26 00:33:00";"-53,6231833333";"-63,72585";"10,2";"97"
"TAI AN";"01530";"2025-04-26 00:45:00";"-53,64355";"-63,7342166667";"10,8";"225"
"TAI AN";"01530";"2025-04-26 00:48:00";"-53,6499";"-63,7457333333";"10,7";"224"
"TAI AN";"01530";"2025-04-26 01:00:00";"-53,67205";"-63,79055";"10,6";"235"
"TAI AN";"01530";"2025-04-26 01:03:00";"-53,6774333333";"-63,8031166667";"10,8";"235"
"TAI AN";"01530";"2025-04-26 01:15:00";"-53,69505";"-63,8547166667";"10,1";"242"
"TAI AN";"01530";"2025-04-26 01:18:00";"-53,6988";"-63,8676333333";"9,6";"242"
"TAI AN";"01530";"2025-04-26 01:30:00";"-53,7118833333";"-63,9152166667";"9,5";"246"
"TAI AN";"01530";"2025-04-26 01:33:00";"-53,71495";"-63,9273666667";"9,2";"245"
"TAI AN";"01530";"2025-04-26 01:45:00";"-53,72755";"-63,9723833333";"7,4";"195"
"TAI AN";"01530";"2025-04-26 01:48:00";"-53,7327";"-63,9653833333";"8,6";"141"
"TAI AN";"01530";"2025-04-26 02:00:00";"-53,74805";"-63,92105";"9,3";"119"
"TAI AN";"01530";"2025-04-26 02:03:00";"-53,7511333333";"-63,9089166667";"8,9";"111"
"TAI AN";"01530";"2025-04-26 02:15:00";"-53,7597166667";"-63,8568833333";"9,0";"110"
"TAI AN";"01530";"2025-04-26 02:18:00";"-53,7615666667";"-63,8435833333";"10,3";"98"
"TAI AN";"01530";"2025-04-26 02:30:00";"-53,7663833333";"-63,7887166667";"10,1";"96"
"TAI AN";"01530";"2025-04-26 02:33:00";"-53,7677333333";"-63,7747166667";"10,2";"99"
"TAI AN";"01530";"2025-04-26 02:45:00";"-53,7842166667";"-63,7488833333";"9,1";"209"
"TAI AN";"01530";"2025-04-26 02:48:00";"-53,79095";"-63,7571833333";"9,2";"216"
"TAI AN";"01530";"2025-04-26 03:00:00";"-53,8153833333";"-63,7893833333";"8,9";"216"
"TAI AN";"01530";"2025-04-26 03:03:00";"-53,8204166667";"-63,7963333333";"8,3";"220"
"TAI AN";"01530";"2025-04-26 03:15:00";"-53,8387166667";"-63,8293833333";"7,8";"231"
"TAI AN";"01530";"2025-04-26 03:18:00";"-53,84255";"-63,83785";"7,3";"231"
"TAI AN";"01530";"2025-04-26 03:30:00";"-53,85855";"-63,8752166667";"8,2";"233"
"TAI AN";"01530";"2025-04-26 03:33:00";"-53,86245";"-63,8848333333";"8,3";"230"
"TAI AN";"01530";"2025-04-26 03:45:00";"-53,8807166667";"-63,9147166667";"6,7";"126"
"TAI AN";"01530";"2025-04-26 03:48:00";"-53,8844666667";"-63,9078166667";"7,2";"123"
"TAI AN";"01530";"2025-04-26 04:00:00";"-53,8938833333";"-63,86555";"8,4";"103"
"TAI AN";"01530";"2025-04-26 04:03:00";"-53,8961";"-63,8552666667";"8,5";"116"
"TAI AN";"01530";"2025-04-26 04:15:00";"-53,9027166667";"-63,80805";"8,8";"94"
"TAI AN";"01530";"2025-04-26 04:18:00";"-53,9037833333";"-63,7965833333";"8,4";"96"
"TAI AN";"01530";"2025-04-26 04:30:00";"-53,90805";"-63,7473833333";"9,2";"89"
"TAI AN";"01530";"2025-04-26 04:33:00";"-53,909";"-63,7359666667";"8,7";"93"
"TAI AN";"01530";"2025-04-26 04:45:00";"-53,9122166667";"-63,6882166667";"8,2";"101"
"TAI AN";"01530";"2025-04-26 04:48:00";"-53,9127833333";"-63,6775";"8,3";"95"
"TAI AN";"01530";"2025-04-26 05:00:00";"-53,9302166667";"-63,6893833333";"7,4";"208"
"TAI AN";"01530";"2025-04-26 05:03:00";"-53,93505";"-63,694";"7,4";"210"
"TAI AN";"01530";"2025-04-26 05:15:00";"-53,95405";"-63,7132166667";"6,8";"212"
"TAI AN";"01530";"2025-04-26 05:18:00";"-53,9589";"-63,7183666667";"6,3";"214"
"TAI AN";"01530";"2025-04-26 05:30:00";"-53,9768833333";"-63,7352166667";"5,8";"158"
"TAI AN";"01530";"2025-04-26 05:33:00";"-53,9813333333";"-63,73075";"6,5";"133"
"TAI AN";"01530";"2025-04-26 05:45:00";"-53,9982166667";"-63,70205";"7,2";"130"
"TAI AN";"01530";"2025-04-26 05:47:00";"-54,0017";"-63,6958";"6,9";"133"
"TAI AN";"01530";"2025-04-26 06:00:00";"-54,0192166667";"-63,6738833333";"7,0";"162"
"TAI AN";"01530";"2025-04-26 06:02:00";"-54,0238833333";"-63,6706";"6,6";"155"
"TAI AN";"01530";"2025-04-26 06:15:00";"-54,0452166667";"-63,6712166667";"6,0";"179"
"TAI AN";"01530";"2025-04-26 06:17:00";"-54,0497166667";"-63,6701666667";"6,2";"170"
"TAI AN";"01530";"2025-04-26 06:30:00";"-54,07255";"-63,6647166667";"6,9";"169"
"TAI AN";"01530";"2025-04-26 06:32:00";"-54,0771333333";"-63,6626833333";"6,9";"118"
"TAI AN";"01530";"2025-04-26 06:45:00";"-54,0867166667";"-63,6223833333";"8,2";"110"
"TAI AN";"01530";"2025-04-26 06:47:00";"-54,0886";"-63,61395";"7,5";"109"
"TAI AN";"01530";"2025-04-26 07:00:00";"-54,09655";"-63,57555";"7,6";"112"
"TAI AN";"01530";"2025-04-26 07:02:00";"-54,09825";"-63,5673333333";"7,1";"105"
"TAI AN";"01530";"2025-04-26 07:15:00";"-54,10505";"-63,5303833333";"6,8";"102"
"TAI AN";"01530";"2025-04-26 07:17:00";"-54,10645";"-63,5229";"6,5";"106"
"TAI AN";"01530";"2025-04-26 07:30:00";"-54,1153833333";"-63,50105";"4,8";"206"
"TAI AN";"01530";"2025-04-26 07:32:00";"-54,119";"-63,50285";"5,2";"209"
"TAI AN";"01530";"2025-04-26 07:45:00";"-54,13605";"-63,5123833333";"6,0";"234"
"TAI AN";"01530";"2025-04-26 07:47:00";"-54,1314333333";"-63,5192166667";"12,2";"346"
"TAI AN";"01530";"2025-04-26 08:00:00";"-54,0918833333";"-63,55605";"13,1";"327"
"TAI AN";"01530";"2025-04-26 08:02:00";"-54,0838166667";"-63,5634833333";"13,2";"331"
"TAI AN";"01530";"2025-04-26 08:15:00";"-54,0447166667";"-63,60055";"13,1";"330"
"TAI AN";"01530";"2025-04-26 08:17:00";"-54,0363";"-63,6087";"12,8";"325"
"TAI AN";"01530";"2025-04-26 08:30:00";"-54,0007166667";"-63,6558833333";"12,8";"317"
"TAI AN";"01530";"2025-04-26 08:32:00";"-53,9937833333";"-63,6651833333";"12,6";"329"
"TAI AN";"01530";"2025-04-26 08:45:00";"-53,95855";"-63,7123833333";"12,6";"321"
"TAI AN";"01530";"2025-04-26 08:47:00";"-53,9518833333";"-63,7211666667";"12,4";"321"
"TAI AN";"01530";"2025-04-26 09:00:00";"-53,91655";"-63,7683833333";"13,6";"322"
"TAI AN";"01530";"2025-04-26 09:02:00";"-53,9096333333";"-63,7773833333";"13,2";"316"
"TAI AN";"01530";"2025-04-26 09:15:00";"-53,8882166667";"-63,81805";"5,6";"205"
"TAI AN";"01530";"2025-04-26 09:17:00";"-53,8928166667";"-63,8210333333";"6,7";"197"
"TAI AN";"01530";"2025-04-26 09:30:00";"-53,87455";"-63,8058833333";"12,4";"357"
"TAI AN";"01530";"2025-04-26 09:32:00";"-53,8664";"-63,8074";"12,4";"357"
"TAI AN";"01530";"2025-04-26 09:45:00";"-53,82355";"-63,81655";"12,4";"355"
"TAI AN";"01530";"2025-04-26 09:47:00";"-53,8151333333";"-63,8181833333";"12,2";"351"
"TAI AN";"01530";"2025-04-26 10:00:00";"-53,7717166667";"-63,8282166667";"13,2";"353"
"TAI AN";"01530";"2025-04-26 10:02:00";"-53,7636";"-63,8301";"12,6";"350"
"TAI AN";"01530";"2025-04-26 10:15:00";"-53,7208833333";"-63,8402166667";"12,0";"6"
"TAI AN";"01530";"2025-04-26 10:17:00";"-53,713";"-63,8370166667";"11,8";"11"
"TAI AN";"01530";"2025-04-26 10:30:00";"-53,6742166667";"-63,8222166667";"11,7";"12"
"TAI AN";"01530";"2025-04-26 10:32:00";"-53,6671833333";"-63,8193166667";"10,5";"14"
"TAI AN";"01530";"2025-04-26 10:45:00";"-53,6307166667";"-63,8353833333";"11,9";"329"
"TAI AN";"01530";"2025-04-26 10:47:00";"-53,6248333333";"-63,8413833333";"12,3";"327"
"TAI AN";"01530";"2025-04-26 11:00:00";"-53,58805";"-63,87805";"12,1";"328"
"TAI AN";"01530";"2025-04-26 11:02:00";"-53,58165";"-63,8838";"10,8";"355"
"TAI AN";"01530";"2025-04-26 11:15:00";"-53,5483833333";"-63,86005";"9,7";"21"
"TAI AN";"01530";"2025-04-26 11:17:00";"-53,5422833333";"-63,8555333333";"10,3";"24"
"TAI AN";"01530";"2025-04-26 11:30:00";"-53,5452166667";"-63,8527166667";"3,9";"194"
"TAI AN";"01530";"2025-04-26 11:32:00";"-53,54715";"-63,85445";"3,7";"220"
"TAI AN";"01530";"2025-04-26 11:45:00";"-53,5622166667";"-63,85705";"5,5";"169"
"TAI AN";"01530";"2025-04-26 11:47:00";"-53,5646833333";"-63,8562833333";"4,8";"157"
"TAI AN";"01530";"2025-04-26 12:00:00";"-53,5778833333";"-63,8517166667";"4,5";"143"
"TAI AN";"01530";"2025-04-26 12:02:00";"-53,57995";"-63,85075";"4,6";"170"
"TAI AN";"01530";"2025-04-26 12:15:00";"-53,5922166667";"-63,84255";"4,2";"149"
"TAI AN";"01530";"2025-04-26 12:17:00";"-53,5943333333";"-63,8406333333";"3,2";"151"
"TAI AN";"01530";"2025-04-26 12:30:00";"-53,6062166667";"-63,83205";"3,8";"165"
"TAI AN";"01530";"2025-04-26 12:32:00";"-53,6085666667";"-63,8307166667";"3,3";"171"
"TAI AN";"01530";"2025-04-26 12:45:00";"-53,62055";"-63,82355";"4,3";"155"
"TAI AN";"01530";"2025-04-26 12:47:00";"-53,6225666667";"-63,8220833333";"3,8";"156"
"TAI AN";"01530";"2025-04-26 13:00:00";"-53,6348833333";"-63,8143833333";"3,6";"168"
"TAI AN";"01530";"2025-04-26 13:02:00";"-53,6372";"-63,8127833333";"4,0";"164"
"TAI AN";"01530";"2025-04-26 13:15:00";"-53,6498833333";"-63,8067166667";"4,6";"159"
"TAI AN";"01530";"2025-04-26 13:17:00";"-53,6521666667";"-63,8056833333";"4,3";"174"
"TAI AN";"01530";"2025-04-26 13:30:00";"-53,6652166667";"-63,7998833333";"5,1";"163"
"TAI AN";"01530";"2025-04-26 13:32:00";"-53,6676166667";"-63,7987166667";"4,7";"159"
"TAI AN";"01530";"2025-04-26 13:45:00";"-53,68055";"-63,79055";"4,6";"169"
"TAI AN";"01530";"2025-04-26 13:47:00";"-53,6825666667";"-63,7892833333";"3,8";"161"
"TAI AN";"01530";"2025-04-26 14:00:00";"-53,6958833333";"-63,78505";"4,6";"177"
"TAI AN";"01530";"2025-04-26 14:02:00";"-53,6978";"-63,7851333333";"3,9";"184"
"TAI AN";"01530";"2025-04-26 14:15:00";"-53,71055";"-63,7843833333";"4,1";"173"
"TAI AN";"01530";"2025-04-26 14:17:00";"-53,7124666667";"-63,7839666667";"3,7";"179"
"TAI AN";"01530";"2025-04-26 14:30:00";"-53,7252166667";"-63,7847166667";"4,0";"189"
"TAI AN";"01530";"2025-04-26 14:32:00";"-53,72765";"-63,7855333333";"4,7";"187"
"TAI AN";"01530";"2025-04-26 14:45:00";"-53,7403833333";"-63,78705";"3,7";"169"
"TAI AN";"01530";"2025-04-26 14:47:00";"-53,7421833333";"-63,7869666667";"4,0";"179"
"TAI AN";"01530";"2025-04-26 15:00:00";"-53,7547166667";"-63,7878833333";"3,2";"183"
"TAI AN";"01530";"2025-04-26 15:02:00";"-53,7570333333";"-63,7881";"4,0";"181"
"TAI AN";"01530";"2025-04-26 15:15:00";"-53,7688833333";"-63,78955";"4,4";"187"
"TAI AN";"01530";"2025-04-26 15:17:00";"-53,7706333333";"-63,78945";"0,9";"196"
"TAI AN";"01530";"2025-04-26 15:30:00";"-53,7823833333";"-63,7882166667";"4,4";"164"
"TAI AN";"01530";"2025-04-26 15:32:00";"-53,7840833333";"-63,7868166667";"3,2";"152"
"TAI AN";"01530";"2025-04-26 15:45:00";"-53,7957166667";"-63,7807166667";"2,9";"157"
"TAI AN";"01530";"2025-04-26 15:47:00";"-53,79755";"-63,7804333333";"2,9";"170"
"TAI AN";"01530";"2025-04-26 16:00:00";"-53,80805";"-63,77805";"2,5";"190"
"TAI AN";"01530";"2025-04-26 16:02:00";"-53,8095";"-63,77825";"3,1";"185"
"TAI AN";"01530";"2025-04-26 16:15:00";"-53,8192166667";"-63,7768833333";"1,4";"0"
"TAI AN";"01530";"2025-04-26 16:17:00";"-53,8204666667";"-63,7764333333";"2,7";"179"
"TAI AN";"01530";"2025-04-26 16:30:00";"-53,8297166667";"-63,7742166667";"2,9";"191"
"TAI AN";"01530";"2025-04-26 16:32:00";"-53,8309166667";"-63,7739";"1,7";"167"
"TAI AN";"01530";"2025-04-26 16:45:00";"-53,84205";"-63,77405";"3,1";"182"
"TAI AN";"01530";"2025-04-26 16:47:00";"-53,8434166667";"-63,7740666667";"1,5";"168"
"TAI AN";"01530";"2025-04-26 17:00:00";"-53,85105";"-63,77355";"3,2";"167"
"TAI AN";"01530";"2025-04-26 17:02:00";"-53,8522";"-63,77385";"2,5";"197"
"TAI AN";"01530";"2025-04-26 17:15:00";"-53,8613833333";"-63,7702166667";"2,2";"164"
"TAI AN";"01530";"2025-04-26 17:17:00";"-53,8626833333";"-63,7688333333";"3,6";"146"
"TAI AN";"01530";"2025-04-26 17:30:00";"-53,8722166667";"-63,7602166667";"3,6";"162"
"TAI AN";"01530";"2025-04-26 17:32:00";"-53,8741166667";"-63,7591333333";"3,4";"181"
"TAI AN";"01530";"2025-04-26 17:45:00";"-53,88455";"-63,7488833333";"3,8";"139"
"TAI AN";"01530";"2025-04-26 17:47:00";"-53,8858";"-63,7474666667";"4,7";"149"
"TAI AN";"01530";"2025-04-26 18:00:00";"-53,8953833333";"-63,7392166667";"3,4";"168"
"TAI AN";"01530";"2025-04-26 18:01:00";"-53,89685";"-63,7380833333";"3,9";"143"
"TAI AN";"01530";"2025-04-26 18:15:00";"-53,90705";"-63,73005";"4,6";"126"
"TAI AN";"01530";"2025-04-26 18:16:00";"-53,9083666667";"-63,7289";"3,2";"149"
"TAI AN";"01530";"2025-04-26 18:30:00";"-53,9173833333";"-63,7203833333";"2,8";"163"
"TAI AN";"01530";"2025-04-26 18:31:00";"-53,9186666667";"-63,7192833333";"3,3";"157"
"TAI AN";"01530";"2025-04-26 18:45:00";"-53,9278833333";"-63,7117166667";"2,1";"149"
"TAI AN";"01530";"2025-04-26 18:46:00";"-53,9290166667";"-63,7107";"3,1";"171"
"TAI AN";"01530";"2025-04-26 19:00:00";"-53,93855";"-63,70355";"2,1";"106"
"TAI AN";"01530";"2025-04-26 19:01:00";"-53,9391833333";"-63,7024333333";"2,8";"144"
"TAI AN";"01530";"2025-04-26 19:15:00";"-53,94855";"-63,6952166667";"3,9";"124"
"TAI AN";"01530";"2025-04-26 19:30:00";"-53,9592166667";"-63,6848833333";"2,4";"144"
"TAI AN";"01530";"2025-04-26 19:31:00";"-53,9601833333";"-63,6835666667";"1,8";"147"
"TAI AN";"01530";"2025-04-26 19:45:00";"-53,9682166667";"-63,67105";"3,3";"132"
"TAI AN";"01530";"2025-04-26 19:46:00";"-53,9692333333";"-63,6695166667";"2,6";"138"
"TAI AN";"01530";"2025-04-26 20:00:00";"-53,9772166667";"-63,6567166667";"3,0";"121"
"TAI AN";"01530";"2025-04-26 20:01:00";"-53,978";"-63,6557333333";"2,8";"151"
"TAI AN";"01530";"2025-04-26 20:15:00";"-53,98705";"-63,6457166667";"3,3";"135"
"TAI AN";"01530";"2025-04-26 20:16:00";"-53,988";"-63,6443666667";"3,0";"124"
"TAI AN";"01530";"2025-04-26 20:30:00";"-53,99605";"-63,6313833333";"3,7";"129"
"TAI AN";"01530";"2025-04-26 20:31:00";"-53,9969833333";"-63,62985";"4,8";"112"
"TAI AN";"01530";"2025-04-26 20:45:00";"-54,0048833333";"-63,6172166667";"3,3";"120"
"TAI AN";"01530";"2025-04-26 20:46:00";"-54,0059";"-63,6163";"1,9";"168"
"TAI AN";"01530";"2025-04-26 21:00:00";"-54,0147166667";"-63,61355";"2,2";"174"
"TAI AN";"01530";"2025-04-26 21:01:00";"-54,0156";"-63,6131833333";"2,1";"170"
"TAI AN";"01530";"2025-04-26 21:15:00";"-54,01005";"-63,6042166667";"4,5";"359"
"TAI AN";"01530";"2025-04-26 21:16:00";"-54,0083";"-63,6044";"3,3";"5"
"TAI AN";"01530";"2025-04-26 21:30:00";"-53,98755";"-63,6028833333";"7,3";"350"
"TAI AN";"01530";"2025-04-26 21:31:00";"-53,9845";"-63,6046166667";"6,8";"338"
"TAI AN";"01530";"2025-04-26 21:45:00";"-53,99155";"-63,63205";"5,1";"220"
"TAI AN";"01530";"2025-04-26 21:46:00";"-53,9934666667";"-63,6353";"6,1";"219"
"TAI AN";"01530";"2025-04-26 22:00:00";"-54,01055";"-63,65905";"5,1";"233"
"TAI AN";"01530";"2025-04-26 22:01:00";"-54,0122166667";"-63,6617166667";"7,2";"221"
"TAI AN";"01530";"2025-04-26 22:15:00";"-54,0303833333";"-63,6848833333";"6,5";"207"
"TAI AN";"01530";"2025-04-26 22:16:00";"-54,0324166667";"-63,6872833333";"5,0";"216"
"TAI AN";"01530";"2025-04-26 22:30:00";"-54,01955";"-63,7117166667";"11,5";"360"
"TAI AN";"01530";"2025-04-26 22:31:00";"-54,0155666667";"-63,7115333333";"11,4";"6"
"TAI AN";"01530";"2025-04-26 22:45:00";"-54,00005";"-63,7088833333";"3,3";"203"
"TAI AN";"01530";"2025-04-26 22:46:00";"-54,0012166667";"-63,7096";"3,0";"184"
"TAI AN";"01530";"2025-04-26 23:00:00";"-54,0163833333";"-63,7028833333";"2,3";"177"
"TAI AN";"01530";"2025-04-26 23:01:00";"-54,0173666667";"-63,70185";"3,1";"154"
"TAI AN";"01530";"2025-04-26 23:15:00";"-54,0288833333";"-63,6882166667";"4,2";"144"
"TAI AN";"01530";"2025-04-26 23:16:00";"-54,03";"-63,6871";"3,3";"148"
"TAI AN";"01530";"2025-04-26 23:30:00";"-54,0428833333";"-63,67355";"3,5";"153"
"TAI AN";"01530";"2025-04-26 23:31:00";"-54,04395";"-63,6724333333";"4,2";"136"
"TAI AN";"01530";"2025-04-26 23:45:00";"-54,05755";"-63,65855";"3,4";"153"
"TAI AN";"01530";"2025-04-26 23:46:00";"-54,0586833333";"-63,6574";"4,1";"166"
"TAI AN";"01530";"2025-04-27 00:00:00";"-54,0718833333";"-63,6417166667";"5,1";"117"
"TAI AN";"01530";"2025-04-27 00:01:00";"-54,07285";"-63,6402833333";"4,5";"159"
"TAI AN";"01530";"2025-04-27 00:15:00";"-54,0862166667";"-63,6237166667";"4,3";"157"
"TAI AN";"01530";"2025-04-27 00:16:00";"-54,0873666667";"-63,6226333333";"3,8";"147"
"TAI AN";"01530";"2025-04-27 00:30:00";"-54,1007166667";"-63,60555";"3,6";"146"
"TAI AN";"01530";"2025-04-27 00:31:00";"-54,1016833333";"-63,604";"3,7";"142"
"TAI AN";"01530";"2025-04-27 00:45:00";"-54,1148833333";"-63,5842166667";"5,3";"135"
"TAI AN";"01530";"2025-04-27 00:46:00";"-54,1159333333";"-63,58265";"4,6";"127"
"TAI AN";"01530";"2025-04-27 01:00:00";"-54,13005";"-63,56805";"2,5";"174"
"TAI AN";"01530";"2025-04-27 01:01:00";"-54,1314166667";"-63,56715";"4,3";"148"
"TAI AN";"01530";"2025-04-27 01:15:00";"-54,14655";"-63,5562166667";"4,6";"142"
"TAI AN";"01530";"2025-04-27 01:16:00";"-54,14755";"-63,5549333333";"4,3";"197"
"TAI AN";"01530";"2025-04-27 01:30:00";"-54,16205";"-63,5378833333";"3,8";"134"
"TAI AN";"01530";"2025-04-27 01:31:00";"-54,1628333333";"-63,5360833333";"5,7";"126"
"TAI AN";"01530";"2025-04-27 01:45:00";"-54,1728833333";"-63,5087166667";"4,9";"119"
"TAI AN";"01530";"2025-04-27 01:46:00";"-54,1733333333";"-63,50635";"5,3";"105"
"TAI AN";"01530";"2025-04-27 02:00:00";"-54,1802166667";"-63,4758833333";"4,7";"117"
"TAI AN";"01530";"2025-04-27 02:01:00";"-54,1806666667";"-63,4736333333";"5,0";"120"
"TAI AN";"01530";"2025-04-27 02:15:00";"-54,1873833333";"-63,4462166667";"4,7";"109"
"TAI AN";"01530";"2025-04-27 02:16:00";"-54,1878333333";"-63,4442666667";"5,4";"120"
"TAI AN";"01530";"2025-04-27 02:30:00";"-54,1958833333";"-63,4182166667";"3,6";"136"
"TAI AN";"01530";"2025-04-27 02:31:00";"-54,1965333333";"-63,4165";"4,2";"121"
"TAI AN";"01530";"2025-04-27 02:45:00";"-54,20705";"-63,39455";"6,2";"123"
"TAI AN";"01530";"2025-04-27 02:46:00";"-54,20785";"-63,3932333333";"3,8";"144"
"TAI AN";"01530";"2025-04-27 03:00:00";"-54,2198833333";"-63,3747166667";"4,4";"146"
"TAI AN";"01530";"2025-04-27 03:01:00";"-54,22085";"-63,3737";"3,7";"142"
"TAI AN";"01530";"2025-04-27 03:15:00";"-54,2333833333";"-63,3582166667";"4,8";"123"
"TAI AN";"01530";"2025-04-27 03:16:00";"-54,2341833333";"-63,3568666667";"4,5";"130"
"TAI AN";"01530";"2025-04-27 03:30:00";"-54,2392166667";"-63,3358833333";"2,2";"94"
"TAI AN";"01530";"2025-04-27 03:31:00";"-54,2389666667";"-63,3349333333";"2,6";"69"
"TAI AN";"01530";"2025-04-27 03:45:00";"-54,2418833333";"-63,3047166667";"5,1";"129"
"TAI AN";"01530";"2025-04-27 03:46:00";"-54,243";"-63,3036666667";"5,4";"163"
"TAI AN";"01530";"2025-04-27 04:00:00";"-54,2593833333";"-63,3247166667";"6,4";"236"
"TAI AN";"01530";"2025-04-27 04:01:00";"-54,2603833333";"-63,3273166667";"6,2";"249"
"TAI AN";"01530";"2025-04-27 04:15:00";"-54,2438833333";"-63,3492166667";"10,3";"351"
"TAI AN";"01530";"2025-04-27 04:16:00";"-54,24145";"-63,3494666667";"9,6";"7"
"TAI AN";"01530";"2025-04-27 04:30:00";"-54,2063833333";"-63,32205";"5,3";"135"
"TAI AN";"01530";"2025-04-27 04:31:00";"-54,20725";"-63,3209833333";"4,1";"162"
"TAI AN";"01530";"2025-04-27 04:45:00";"-54,21905";"-63,3313833333";"4,3";"207"
"TAI AN";"01530";"2025-04-27 04:46:00";"-54,2200666667";"-63,3323333333";"4,8";"205"
"TAI AN";"01530";"2025-04-27 05:00:00";"-54,2307166667";"-63,3382166667";"2,8";"205"
"TAI AN";"01530";"2025-04-27 05:15:00";"-54,24005";"-63,34605";"4,5";"163"
"TAI AN";"01530";"2025-04-27 05:16:00";"-54,2405166667";"-63,3462166667";"2,3";"204"
"TAI AN";"01530";"2025-04-27 05:30:00";"-54,2508833333";"-63,3473833333";"2,0";"199"
"TAI AN";"01530";"2025-04-27 05:31:00";"-54,2516333333";"-63,3475666667";"2,2";"185"
"TAI AN";"01530";"2025-04-27 05:45:00";"-54,26255";"-63,3502166667";"1,6";"186"
"TAI AN";"01530";"2025-04-27 05:46:00";"-54,2633166667";"-63,35045";"2,1";"191"
"TAI AN";"01530";"2025-04-27 06:00:00";"-54,2737166667";"-63,3533833333";"2,3";"195"
"TAI AN";"01530";"2025-04-27 06:01:00";"-54,2745";"-63,3535333333";"2,3";"163"
"TAI AN";"01530";"2025-04-27 06:15:00";"-54,2842166667";"-63,35255";"1,9";"143"
"TAI AN";"01530";"2025-04-27 06:16:00";"-54,2848166667";"-63,3521166667";"3,0";"149"
"TAI AN";"01530";"2025-04-27 06:30:00";"-54,2935";"-63,3448";"2,0";"128"
"TAI AN";"01530";"2025-04-27 06:30:00";"-54,2932166667";"-63,3452166667";"2,8";"126"
"TAI AN";"01530";"2025-04-27 06:45:00";"-54,3007166667";"-63,3383833333";"2,0";"177"
"TAI AN";"01530";"2025-04-27 06:45:00";"-54,3012";"-63,33815";"2,2";"165"
"TAI AN";"01530";"2025-04-27 07:00:00";"-54,3019833333";"-63,3198333333";"4,6";"49"
"TAI AN";"01530";"2025-04-27 07:00:00";"-54,30255";"-63,3208833333";"3,8";"55"
"TAI AN";"01530";"2025-04-27 07:15:00";"-54,28305";"-63,3042833333";"5,4";"7"
"TAI AN";"01530";"2025-04-27 07:15:00";"-54,28405";"-63,30455";"5,3";"5"
"TAI AN";"01530";"2025-04-27 07:30:00";"-54,2599833333";"-63,3047333333";"5,3";"353"
"TAI AN";"01530";"2025-04-27 07:30:00";"-54,2612166667";"-63,30455";"5,6";"354"
"TAI AN";"01530";"2025-04-27 07:45:00";"-54,2386";"-63,3087";"5,0";"345"
"TAI AN";"01530";"2025-04-27 07:45:00";"-54,2398833333";"-63,30855";"4,2";"354"
"TAI AN";"01530";"2025-04-27 08:00:00";"-54,2170833333";"-63,3198";"5,1";"344"
"TAI AN";"01530";"2025-04-27 08:00:00";"-54,2183833333";"-63,31905";"4,9";"346"
"TAI AN";"01530";"2025-04-27 08:15:00";"-54,1996";"-63,3443333333";"4,9";"316"
"TAI AN";"01530";"2025-04-27 08:15:00";"-54,20055";"-63,3428833333";"5,4";"311"
"TAI AN";"01530";"2025-04-27 08:30:00";"-54,1859833333";"-63,3715666667";"5,6";"314"
"TAI AN";"01530";"2025-04-27 08:30:00";"-54,1867166667";"-63,37005";"4,9";"311"
"TAI AN";"01530";"2025-04-27 08:45:00";"-54,1754333333";"-63,4006666667";"5,2";"294"
"TAI AN";"01530";"2025-04-27 08:45:00";"-54,1757166667";"-63,3997166667";"4,9";"295"
"TAI AN";"01530";"2025-04-27 09:00:00";"-54,16705";"-63,4312";"4,9";"296"
"TAI AN";"01530";"2025-04-27 09:00:00";"-54,16755";"-63,42955";"5,1";"285"
"TAI AN";"01530";"2025-04-27 09:15:00";"-54,1591833333";"-63,4618333333";"3,6";"295"
"TAI AN";"01530";"2025-04-27 09:15:00";"-54,15955";"-63,4603833333";"4,8";"296"
"TAI AN";"01530";"2025-04-27 09:30:00";"-54,1520666667";"-63,4949";"5,3";"286"
"TAI AN";"01530";"2025-04-27 09:45:00";"-54,1455";"-63,5252166667";"5,1";"301"
"TAI AN";"01530";"2025-04-27 09:45:00";"-54,14605";"-63,5238833333";"4,2";"299"
"TAI AN";"01530";"2025-04-27 10:00:00";"-54,13455";"-63,5518833333";"5,2";"310"
"TAI AN";"01530";"2025-04-27 10:00:00";"-54,13395";"-63,5532666667";"5,0";"313"
"TAI AN";"01530";"2025-04-27 10:15:00";"-54,12155";"-63,5778666667";"5,1";"309"
"TAI AN";"01530";"2025-04-27 10:30:00";"-54,10805";"-63,5968833333";"4,0";"323"
"TAI AN";"01530";"2025-04-27 10:30:00";"-54,1077";"-63,5971833333";"3,9";"332"
"TAI AN";"01530";"2025-04-27 10:45:00";"-54,0928833333";"-63,6132166667";"4,8";"347"
"TAI AN";"01530";"2025-04-27 10:45:00";"-54,0922333333";"-63,6136166667";"4,5";"340"
"TAI AN";"01530";"2025-04-27 11:00:00";"-54,0750166667";"-63,62545";"4,3";"333"
"TAI AN";"01530";"2025-04-27 11:00:00";"-54,0757166667";"-63,62505";"4,0";"341"
"TAI AN";"01530";"2025-04-27 11:15:00";"-54,0575833333";"-63,6333333333";"4,3";"355"
"TAI AN";"01530";"2025-04-27 11:15:00";"-54,0582166667";"-63,6332166667";"4,5";"347"
"TAI AN";"01530";"2025-04-27 11:30:00";"-54,0398666667";"-63,63955";"4,2";"346"
"TAI AN";"01530";"2025-04-27 11:30:00";"-54,04055";"-63,6393833333";"5,0";"351"
"TAI AN";"01530";"2025-04-27 11:45:00";"-54,0288833333";"-63,6467";"2,6";"330"
"TAI AN";"01530";"2025-04-27 11:45:00";"-54,0292166667";"-63,64655";"2,2";"329"
"TAI AN";"01530";"2025-04-27 12:00:00";"-54,01625";"-63,6522833333";"4,9";"1"
"TAI AN";"01530";"2025-04-27 12:00:00";"-54,01655";"-63,6523833333";"4,3";"4"
"TAI AN";"01530";"2025-04-27 12:15:00";"-54,0292166667";"-63,6063333333";"9,6";"116"
"TAI AN";"01530";"2025-04-27 12:15:00";"-54,02905";"-63,60705";"9,4";"122"
"TAI AN";"01530";"2025-04-27 12:30:00";"-54,0364166667";"-63,5731666667";"4,4";"321"
"TAI AN";"01530";"2025-04-27 12:30:00";"-54,03705";"-63,57255";"5,0";"330"
"TAI AN";"01530";"2025-04-27 12:45:00";"-54,0206333333";"-63,6020833333";"5,5";"306"
"TAI AN";"01530";"2025-04-27 12:45:00";"-54,0212166667";"-63,6012166667";"5,9";"311"
"TAI AN";"01530";"2025-04-27 13:00:00";"-54,00905";"-63,62005";"4,1";"321"
"TAI AN";"01530";"2025-04-27 13:15:00";"-53,9973833333";"-63,6353833333";"2,8";"323"
"TAI AN";"01530";"2025-04-27 13:15:00";"-53,9971166667";"-63,63575";"2,9";"316"
"TAI AN";"01530";"2025-04-27 13:30:00";"-53,9863666667";"-63,6509333333";"3,4";"310"
"TAI AN";"01530";"2025-04-27 13:30:00";"-53,98655";"-63,6507166667";"3,6";"318"
"TAI AN";"01530";"2025-04-27 13:45:00";"-53,9747666667";"-63,6674166667";"3,1";"323"
"TAI AN";"01530";"2025-04-27 13:45:00";"-53,97505";"-63,6672166667";"3,5";"327"
"TAI AN";"01530";"2025-04-27 14:00:00";"-53,9606";"-63,6799833333";"4,2";"335"
"TAI AN";"01530";"2025-04-27 14:00:00";"-53,96105";"-63,6797166667";"3,8";"344"
"TAI AN";"01530";"2025-04-27 14:15:00";"-53,9468333333";"-63,6912666667";"3,8";"337"
"TAI AN";"01530";"2025-04-27 14:15:00";"-53,9472166667";"-63,69105";"3,3";"333"
"TAI AN";"01530";"2025-04-27 14:30:00";"-53,93405";"-63,70255";"3,7";"330"
"TAI AN";"01530";"2025-04-27 14:30:00";"-53,9336666667";"-63,7028333333";"3,9";"329"
"TAI AN";"01530";"2025-04-27 14:45:00";"-53,9203833333";"-63,7158833333";"3,4";"329"
"TAI AN";"01530";"2025-04-27 15:00:00";"-53,9075833333";"-63,7288166667";"3,7";"328"
"TAI AN";"01530";"2025-04-27 15:00:00";"-53,9078833333";"-63,7287166667";"3,4";"336"
"TAI AN";"01530";"2025-04-27 15:15:00";"-53,8938";"-63,7399333333";"4,4";"339"
"TAI AN";"01530";"2025-04-27 15:15:00";"-53,89405";"-63,7398833333";"3,5";"344"
"TAI AN";"01530";"2025-04-27 15:30:00";"-53,8780666667";"-63,74755";"4,4";"343"
"TAI AN";"01530";"2025-04-27 15:30:00";"-53,87805";"-63,7477166667";"4,3";"342"
"TAI AN";"01530";"2025-04-27 15:45:00";"-53,8617666667";"-63,75565";"4,2";"350"
"TAI AN";"01530";"2025-04-27 15:45:00";"-53,86205";"-63,75555";"4,0";"342"
"TAI AN";"01530";"2025-04-27 16:00:00";"-53,8452166667";"-63,7623333333";"4,1";"359"
"TAI AN";"01530";"2025-04-27 16:00:00";"-53,8453833333";"-63,7623833333";"3,7";"352"
"TAI AN";"01530";"2025-04-27 16:15:00";"-53,8293833333";"-63,7658833333";"3,9";"350"
"TAI AN";"01530";"2025-04-27 16:15:00";"-53,82915";"-63,76585";"3,8";"359"
"TAI AN";"01530";"2025-04-27 16:30:00";"-53,81355";"-63,7703833333";"3,8";"353"
"TAI AN";"01530";"2025-04-27 16:30:00";"-53,8133333333";"-63,7703666667";"3,9";"342"
"TAI AN";"01530";"2025-04-27 16:45:00";"-53,7977166667";"-63,77405";"4,0";"353"
"TAI AN";"01530";"2025-04-27 16:45:00";"-53,7975666667";"-63,7740166667";"3,8";"348"
"TAI AN";"01530";"2025-04-27 17:00:00";"-53,78225";"-63,78265";"3,9";"321"
"TAI AN";"01530";"2025-04-27 17:00:00";"-53,7823833333";"-63,7827166667";"4,1";"326"
"TAI AN";"01530";"2025-04-27 17:15:00";"-53,7689333333";"-63,7997666667";"4,0";"334"
"TAI AN";"01530";"2025-04-27 17:15:00";"-53,7692166667";"-63,7998833333";"4,0";"329"
"TAI AN";"01530";"2025-04-27 17:30:00";"-53,7537166667";"-63,81355";"4,3";"351"
"TAI AN";"01530";"2025-04-27 17:30:00";"-53,7538";"-63,81345";"4,1";"358"
"TAI AN";"01530";"2025-04-27 17:45:00";"-53,7368666667";"-63,8203666667";"4,4";"350"
"TAI AN";"01530";"2025-04-27 17:45:00";"-53,7367166667";"-63,82055";"4,5";"345"
"TAI AN";"01530";"2025-04-27 18:00:00";"-53,7194";"-63,8275666667";"3,6";"349"
"TAI AN";"01530";"2025-04-27 18:00:00";"-53,71905";"-63,8277166667";"4,3";"350"
"TAI AN";"01530";"2025-04-27 18:14:00";"-53,7022166667";"-63,8318166667";"4,3";"348"
"TAI AN";"01530";"2025-04-27 18:15:00";"-53,7022166667";"-63,8318833333";"4,5";"349"
"TAI AN";"01530";"2025-04-27 18:29:00";"-53,6842";"-63,8354666667";"4,0";"359"
"TAI AN";"01530";"2025-04-27 18:30:00";"-53,6842166667";"-63,83555";"4,7";"3"
"TAI AN";"01530";"2025-04-27 18:44:00";"-53,66555";"-63,8343166667";"4,3";"5"
"TAI AN";"01530";"2025-04-27 18:45:00";"-53,66555";"-63,8343833333";"4,7";"12"
"TAI AN";"01530";"2025-04-27 18:59:00";"-53,6476666667";"-63,8292333333";"4,2";"16"
"TAI AN";"01530";"2025-04-27 19:00:00";"-53,6477166667";"-63,8293833333";"4,2";"8"
"TAI AN";"01530";"2025-04-27 19:14:00";"-53,6300166667";"-63,8227";"4,1";"15"
"TAI AN";"01530";"2025-04-27 19:15:00";"-53,6297166667";"-63,8227166667";"4,2";"12"
"TAI AN";"01530";"2025-04-27 19:29:00";"-53,6129666667";"-63,8146333333";"4,1";"10"
"TAI AN";"01530";"2025-04-27 19:30:00";"-53,6128833333";"-63,8147166667";"5,4";"15"
"TAI AN";"01530";"2025-04-27 19:44:00";"-53,5961833333";"-63,8077333333";"3,6";"12"
"TAI AN";"01530";"2025-04-27 19:45:00";"-53,5957166667";"-63,80755";"3,7";"16"
"TAI AN";"01530";"2025-04-27 19:59:00";"-53,5793833333";"-63,8024833333";"3,9";"6"
"TAI AN";"01530";"2025-04-27 20:00:00";"-53,5793833333";"-63,80255";"3,9";"9"
"TAI AN";"01530";"2025-04-27 20:14:00";"-53,56305";"-63,7988833333";"4,1";"4"
"TAI AN";"01530";"2025-04-27 20:15:00";"-53,5627166667";"-63,7988833333";"3,8";"8"
"TAI AN";"01530";"2025-04-27 20:29:00";"-53,5462";"-63,7965";"3,9";"4"
"TAI AN";"01530";"2025-04-27 20:30:00";"-53,54605";"-63,79655";"4,4";"6"
"TAI AN";"01530";"2025-04-27 20:44:00";"-53,5297";"-63,7937166667";"3,9";"6"
"TAI AN";"01530";"2025-04-27 20:45:00";"-53,52955";"-63,7937166667";"4,1";"5"
"TAI AN";"01530";"2025-04-27 20:59:00";"-53,5143166667";"-63,79035";"4,0";"4"
"TAI AN";"01530";"2025-04-27 21:00:00";"-53,5142166667";"-63,7903833333";"3,5";"5"
"TAI AN";"01530";"2025-04-27 21:14:00";"-53,5048833333";"-63,79445";"2,0";"345"
"TAI AN";"01530";"2025-04-27 21:15:00";"-53,5047166667";"-63,7947166667";"2,3";"339"
"TAI AN";"01530";"2025-04-27 21:29:00";"-53,4898";"-63,7956166667";"5,8";"4"
"TAI AN";"01530";"2025-04-27 21:30:00";"-53,4893833333";"-63,7957166667";"6,3";"7"
"TAI AN";"01530";"2025-04-27 21:44:00";"-53,4947333333";"-63,7734166667";"7,0";"153"
"TAI AN";"01530";"2025-04-27 21:45:00";"-53,4958833333";"-63,77255";"7,2";"152"
"TAI AN";"01530";"2025-04-27 21:59:00";"-53,5213166667";"-63,7539";"7,0";"172"
"TAI AN";"01530";"2025-04-27 22:00:00";"-53,52205";"-63,7542166667";"7,4";"204"
"TAI AN";"01530";"2025-04-27 22:14:00";"-53,5431833333";"-63,8027";"9,2";"231"
"TAI AN";"01530";"2025-04-27 22:15:00";"-53,5438833333";"-63,8038833333";"8,6";"226"
"TAI AN";"01530";"2025-04-27 22:29:00";"-53,5705666667";"-63,8452666667";"9,2";"214"
"TAI AN";"01530";"2025-04-27 22:30:00";"-53,5713833333";"-63,8462166667";"8,4";"212"
"TAI AN";"01530";"2025-04-27 22:44:00";"-53,59495";"-63,8315666667";"7,7";"133"
"TAI AN";"01530";"2025-04-27 22:45:00";"-53,59605";"-63,8298833333";"7,5";"135"
"TAI AN";"01530";"2025-04-27 22:59:00";"-53,6190666667";"-63,7955166667";"7,9";"172"
"TAI AN";"01530";"2025-04-27 23:00:00";"-53,6207166667";"-63,79505";"8,1";"166"
"TAI AN";"01530";"2025-04-27 23:14:00";"-53,6537166667";"-63,8121166667";"8,5";"202"
"TAI AN";"01530";"2025-04-27 23:15:00";"-53,6548833333";"-63,8128833333";"8,7";"200"
"TAI AN";"01530";"2025-04-27 23:29:00";"-53,6891166667";"-63,8331833333";"9,1";"196"
"TAI AN";"01530";"2025-04-27 23:30:00";"-53,6903833333";"-63,8338833333";"9,1";"196"
"TAI AN";"01530";"2025-04-27 23:44:00";"-53,7255833333";"-63,8512833333";"9,1";"195"
"TAI AN";"01530";"2025-04-27 23:45:00";"-53,72705";"-63,8518833333";"9,3";"198"
"TAI AN";"01530";"2025-04-27 23:59:00";"-53,76295";"-63,8653833333";"9,3";"189"
"TAI AN";"01530";"2025-04-28 00:00:00";"-53,7642166667";"-63,8658833333";"9,7";"194"
"TAI AN";"01530";"2025-04-28 00:14:00";"-53,80145";"-63,8785333333";"9,3";"191"
"TAI AN";"01530";"2025-04-28 00:15:00";"-53,8028833333";"-63,87905";"9,5";"192"
"TAI AN";"01530";"2025-04-28 00:29:00";"-53,8413";"-63,8924166667";"9,9";"188"
"TAI AN";"01530";"2025-04-28 00:30:00";"-53,8427166667";"-63,8928833333";"10,3";"194"
"TAI AN";"01530";"2025-04-28 00:44:00";"-53,8826666667";"-63,9057166667";"10,1";"189"
"TAI AN";"01530";"2025-04-28 00:45:00";"-53,88455";"-63,9062166667";"10,8";"190"
"TAI AN";"01530";"2025-04-28 01:00:00";"-53,9078833333";"-63,8522166667";"11,0";"111"
"TAI AN";"01530";"2025-04-28 01:14:00";"-53,9226166667";"-63,7878166667";"9,9";"110"
"TAI AN";"01530";"2025-04-28 01:15:00";"-53,92355";"-63,7837166667";"10,4";"114"
"TAI AN";"01530";"2025-04-28 01:29:00";"-53,9599833333";"-63,7808166667";"9,7";"181"
"TAI AN";"01530";"2025-04-28 01:30:00";"-53,9617166667";"-63,7808833333";"10,2";"186"
"TAI AN";"01530";"2025-04-28 01:44:00";"-53,9886833333";"-63,7457166667";"10,2";"116"
"TAI AN";"01530";"2025-04-28 01:45:00";"-53,9898833333";"-63,7418833333";"10,6";"116"
"TAI AN";"01530";"2025-04-28 01:59:00";"-54,0093";"-63,6832";"10,1";"120"
"TAI AN";"01530";"2025-04-28 02:00:00";"-54,0108833333";"-63,67905";"10,6";"122"
"TAI AN";"01530";"2025-04-28 02:14:00";"-54,0505333333";"-63,6800666667";"10,5";"180"
"TAI AN";"01530";"2025-04-28 02:15:00";"-54,0527166667";"-63,6802166667";"10,6";"186"
"TAI AN";"01530";"2025-04-28 02:29:00";"-54,07465";"-63,6243833333";"10,8";"109"
"TAI AN";"01530";"2025-04-28 02:30:00";"-54,0757166667";"-63,61955";"10,8";"107"
"TAI AN";"01530";"2025-04-28 02:44:00";"-54,0545";"-63,6147";"9,8";"329"
"TAI AN";"01530";"2025-04-28 02:45:00";"-54,0528833333";"-63,6167166667";"10,1";"325"
"TAI AN";"01530";"2025-04-28 02:59:00";"-54,0631666667";"-63,62535";"5,2";"176"
"TAI AN";"01530";"2025-04-28 03:00:00";"-54,0643833333";"-63,62505";"5,5";"168"
"TAI AN";"01530";"2025-04-28 03:14:00";"-54,0792666667";"-63,6115";"4,0";"133"
"TAI AN";"01530";"2025-04-28 03:15:00";"-54,08005";"-63,61055";"4,0";"141"
"TAI AN";"01530";"2025-04-28 03:29:00";"-54,08885";"-63,5889833333";"3,6";"116"
"TAI AN";"01530";"2025-04-28 03:30:00";"-54,0893833333";"-63,5873833333";"3,8";"122"
"TAI AN";"01530";"2025-04-28 03:44:00";"-54,0964";"-63,5657833333";"3,6";"119"
"TAI AN";"01530";"2025-04-28 03:45:00";"-54,09705";"-63,5642166667";"3,3";"114"
"TAI AN";"01530";"2025-04-28 03:59:00";"-54,1049666667";"-63,5453166667";"3,2";"135"
"TAI AN";"01530";"2025-04-28 04:00:00";"-54,1057166667";"-63,5438833333";"3,7";"129"
"TAI AN";"01530";"2025-04-28 04:14:00";"-54,1148166667";"-63,5271";"3,3";"127"
"TAI AN";"01530";"2025-04-28 04:15:00";"-54,11555";"-63,5257166667";"3,6";"129"
"TAI AN";"01530";"2025-04-28 04:29:00";"-54,1242";"-63,5082166667";"3,8";"123"
"TAI AN";"01530";"2025-04-28 04:30:00";"-54,12505";"-63,5067166667";"3,8";"133"
"TAI AN";"01530";"2025-04-28 04:44:00";"-54,1345166667";"-63,48915";"3,4";"133"
"TAI AN";"01530";"2025-04-28 04:45:00";"-54,1353833333";"-63,4877166667";"3,7";"128"
"TAI AN";"01530";"2025-04-28 04:59:00";"-54,145";"-63,4705";"3,7";"134"
"TAI AN";"01530";"2025-04-28 05:00:00";"-54,1458833333";"-63,46905";"3,7";"130"
"TAI AN";"01530";"2025-04-28 05:14:00";"-54,1551333333";"-63,4515666667";"3,3";"136"
"TAI AN";"01530";"2025-04-28 05:15:00";"-54,15605";"-63,4498833333";"3,8";"121"
"TAI AN";"01530";"2025-04-28 05:29:00";"-54,16365";"-63,43145";"3,3";"127"
"TAI AN";"01530";"2025-04-28 05:30:00";"-54,1643833333";"-63,4298833333";"3,1";"129"
"TAI AN";"01530";"2025-04-28 05:44:00";"-54,1714166667";"-63,4122833333";"3,2";"124"
"TAI AN";"01530";"2025-04-28 05:45:00";"-54,1722166667";"-63,4107166667";"3,2";"129"
"TAI AN";"01530";"2025-04-28 05:58:00";"-54,1807666667";"-63,3962833333";"3,0";"142"
"TAI AN";"01530";"2025-04-28 06:00:00";"-54,1817166667";"-63,39505";"3,2";"135"
"TAI AN";"01530";"2025-04-28 06:13:00";"-54,1910166667";"-63,3848166667";"2,3";"150"
"TAI AN";"01530";"2025-04-28 06:15:00";"-54,1918833333";"-63,3838833333";"2,7";"139"
"TAI AN";"01530";"2025-04-28 06:28:00";"-54,20025";"-63,37645";"2,6";"161"
"TAI AN";"01530";"2025-04-28 06:30:00";"-54,2012166667";"-63,3758833333";"2,5";"155"
"TAI AN";"01530";"2025-04-28 06:43:00";"-54,2094666667";"-63,3699333333";"2,2";"157"
"TAI AN";"01530";"2025-04-28 06:45:00";"-54,2102166667";"-63,36955";"2,2";"157"
"TAI AN";"01530";"2025-04-28 06:58:00";"-54,2175166667";"-63,3648";"2,0";"165"
"TAI AN";"01530";"2025-04-28 07:00:00";"-54,21805";"-63,3643833333";"1,9";"160"
"TAI AN";"01530";"2025-04-28 07:13:00";"-54,2252166667";"-63,3596666667";"1,4";"159"
"TAI AN";"01530";"2025-04-28 07:15:00";"-54,2258833333";"-63,3592166667";"1,8";"154"
"TAI AN";"01530";"2025-04-28 07:28:00";"-54,2331166667";"-63,3537166667";"2,2";"157"
"TAI AN";"01530";"2025-04-28 07:30:00";"-54,2338833333";"-63,3533833333";"2,6";"170"
"TAI AN";"01530";"2025-04-28 07:43:00";"-54,2422666667";"-63,3486666667";"2,3";"154"
"TAI AN";"01530";"2025-04-28 07:45:00";"-54,2428833333";"-63,3483833333";"2,2";"151"
"TAI AN";"01530";"2025-04-28 07:58:00";"-54,2504833333";"-63,34315";"1,8";"160"
"TAI AN";"01530";"2025-04-28 08:00:00";"-54,2512166667";"-63,3428833333";"1,9";"154"
"TAI AN";"01530";"2025-04-28 08:13:00";"-54,25885";"-63,3419666667";"2,2";"193"
"TAI AN";"01530";"2025-04-28 08:15:00";"-54,25955";"-63,3422166667";"1,9";"198"
"TAI AN";"01530";"2025-04-28 08:28:00";"-54,26695";"-63,3447166667";"2,1";"190"
"TAI AN";"01530";"2025-04-28 08:30:00";"-54,2677166667";"-63,34505";"2,2";"199"
"TAI AN";"01530";"2025-04-28 08:43:00";"-54,2737";"-63,34765";"2,1";"202"
"TAI AN";"01530";"2025-04-28 08:45:00";"-54,2743833333";"-63,3478833333";"2,3";"204"
"TAI AN";"01530";"2025-04-28 08:58:00";"-54,2816833333";"-63,3505666667";"2,2";"187"
"TAI AN";"01530";"2025-04-28 09:00:00";"-54,2823833333";"-63,35055";"2,1";"167"
"TAI AN";"01530";"2025-04-28 09:13:00";"-54,2899";"-63,35185";"2,2";"202"
"TAI AN";"01530";"2025-04-28 09:15:00";"-54,2907166667";"-63,35255";"2,4";"208"
"TAI AN";"01530";"2025-04-28 09:28:00";"-54,2992";"-63,3582333333";"2,3";"182"
"TAI AN";"01530";"2025-04-28 09:30:00";"-54,30005";"-63,3582166667";"1,8";"172"
"TAI AN";"01530";"2025-04-28 09:43:00";"-54,3079833333";"-63,3584833333";"2,4";"177"
"TAI AN";"01530";"2025-04-28 09:45:00";"-54,3088833333";"-63,3582166667";"2,4";"183"
"TAI AN";"01530";"2025-04-28 09:58:00";"-54,3068";"-63,36895";"2,2";"279"
"TAI AN";"01530";"2025-04-28 10:00:00";"-54,3067166667";"-63,37055";"3,3";"266"
"TAI AN";"01530";"2025-04-28 10:13:00";"-54,30235";"-63,3807";"4,9";"285"
"TAI AN";"01530";"2025-04-28 10:15:00";"-54,3027166667";"-63,3822166667";"1,1";"82"
"TAI AN";"01530";"2025-04-28 10:28:00";"-54,3104666667";"-63,3731833333";"7,5";"131"
"TAI AN";"01530";"2025-04-28 10:30:00";"-54,3128833333";"-63,3692166667";"7,0";"135"
"TAI AN";"01530";"2025-04-28 10:43:00";"-54,3326";"-63,3351166667";"8,5";"139"
"TAI AN";"01530";"2025-04-28 10:45:00";"-54,3352166667";"-63,33055";"8,2";"123"
"TAI AN";"01530";"2025-04-28 10:58:00";"-54,35475";"-63,2950333333";"7,5";"135"
"TAI AN";"01530";"2025-04-28 11:00:00";"-54,35705";"-63,2908833333";"7,3";"141"
"TAI AN";"01530";"2025-04-28 11:13:00";"-54,37665";"-63,25695";"7,7";"139"
"TAI AN";"01530";"2025-04-28 11:15:00";"-54,3793833333";"-63,25255";"7,8";"149"
"TAI AN";"01530";"2025-04-28 11:28:00";"-54,3813";"-63,2876833333";"3,8";"248"
"TAI AN";"01530";"2025-04-28 11:30:00";"-54,38255";"-63,2893833333";"4,0";"196"
"TAI AN";"01530";"2025-04-28 11:43:00";"-54,3918";"-63,2707166667";"4,3";"129"
"TAI AN";"01530";"2025-04-28 11:45:00";"-54,39305";"-63,2678833333";"4,2";"143"
"TAI AN";"01530";"2025-04-28 11:58:00";"-54,4030166667";"-63,24955";"4,2";"144"
"TAI AN";"01530";"2025-04-28 12:00:00";"-54,4043833333";"-63,2472166667";"4,6";"150"
"TAI AN";"01530";"2025-04-28 12:13:00";"-54,41525";"-63,2306";"4,4";"138"
"TAI AN";"01530";"2025-04-28 12:15:00";"-54,41705";"-63,2288833333";"4,6";"152"
"TAI AN";"01530";"2025-04-28 12:28:00";"-54,4300333333";"-63,2149166667";"3,5";"134"
"TAI AN";"01530";"2025-04-28 12:30:00";"-54,4317166667";"-63,21305";"3,4";"139"
"TAI AN";"01530";"2025-04-28 12:43:00";"-54,4430833333";"-63,2016333333";"3,5";"177"
"TAI AN";"01530";"2025-04-28 12:45:00";"-54,44455";"-63,2003833333";"3,2";"162"
"TAI AN";"01530";"2025-04-28 12:58:00";"-54,45645";"-63,1904333333";"3,9";"157"
"TAI AN";"01530";"2025-04-28 13:13:00";"-54,4708333333";"-63,1777";"4,0";"142"
"TAI AN";"01530";"2025-04-28 13:15:00";"-54,47255";"-63,1762166667";"4,7";"144"
"TAI AN";"01530";"2025-04-28 13:28:00";"-54,48735";"-63,1682833333";"4,3";"180"
"TAI AN";"01530";"2025-04-28 13:30:00";"-54,4893833333";"-63,1673833333";"4,8";"152"
"TAI AN";"01530";"2025-04-28 13:43:00";"-54,5051166667";"-63,1598166667";"4,3";"175"
"TAI AN";"01530";"2025-04-28 13:45:00";"-54,5072166667";"-63,1593833333";"5,1";"165"
"TAI AN";"01530";"2025-04-28 13:58:00";"-54,5238";"-63,1537333333";"5,9";"160"
"TAI AN";"01530";"2025-04-28 14:00:00";"-54,5263833333";"-63,1528833333";"4,6";"169"
"TAI AN";"01530";"2025-04-28 14:13:00";"-54,54285";"-63,14835";"4,3";"179"
"TAI AN";"01530";"2025-04-28 14:15:00";"-54,5453833333";"-63,14805";"5,1";"177"
"TAI AN";"01530";"2025-04-28 14:28:00";"-54,5607666667";"-63,1577";"5,4";"221"
"TAI AN";"01530";"2025-04-28 14:30:00";"-54,5623833333";"-63,16005";"4,0";"223"
"TAI AN";"01530";"2025-04-28 14:43:00";"-54,57335";"-63,1769166667";"4,2";"221"
"TAI AN";"01530";"2025-04-28 14:45:00";"-54,5747166667";"-63,1788833333";"3,9";"218"
"TAI AN";"01530";"2025-04-28 14:58:00";"-54,5819";"-63,1953333333";"3,1";"244"
"TAI AN";"01530";"2025-04-28 15:00:00";"-54,5827166667";"-63,1978833333";"2,8";"259"
"TAI AN";"01530";"2025-04-28 15:13:00";"-54,5890166667";"-63,2136";"3,2";"221"
"TAI AN";"01530";"2025-04-28 15:15:00";"-54,5898833333";"-63,2157166667";"3,5";"249"
"TAI AN";"01530";"2025-04-28 15:28:00";"-54,5959833333";"-63,2313333333";"1,8";"231"
"TAI AN";"01530";"2025-04-28 15:30:00";"-54,5963833333";"-63,2338833333";"2,1";"285"
"TAI AN";"01530";"2025-04-28 15:43:00";"-54,5923";"-63,2510166667";"3,0";"288"
"TAI AN";"01530";"2025-04-28 15:45:00";"-54,5917166667";"-63,2532166667";"3,1";"298"
"TAI AN";"01530";"2025-04-28 15:58:00";"-54,5854333333";"-63,2691";"4,8";"336"
"TAI AN";"01530";"2025-04-28 16:00:00";"-54,58355";"-63,2707166667";"4,6";"350"
"TAI AN";"01530";"2025-04-28 16:13:00";"-54,56585";"-63,2609666667";"5,3";"44"
"TAI AN";"01530";"2025-04-28 16:15:00";"-54,56355";"-63,25755";"5,3";"39"
"TAI AN";"01530";"2025-04-28 16:28:00";"-54,5499833333";"-63,2383166667";"5,1";"30"
"TAI AN";"01530";"2025-04-28 16:30:00";"-54,5478833333";"-63,2353833333";"4,9";"42"
"TAI AN";"01530";"2025-04-28 16:43:00";"-54,5337";"-63,2169";"5,0";"36"
"TAI AN";"01530";"2025-04-28 16:45:00";"-54,5317166667";"-63,2143833333";"4,9";"36"
"TAI AN";"01530";"2025-04-28 17:00:00";"-54,51455";"-63,1943833333";"4,5";"34"
"TAI AN";"01530";"2025-04-28 17:13:00";"-54,5028666667";"-63,1701666667";"5,3";"64"
"TAI AN";"01530";"2025-04-28 17:15:00";"-54,5018833333";"-63,16505";"5,1";"75"
"TAI AN";"01530";"2025-04-28 17:28:00";"-54,4965666667";"-63,1364166667";"4,7";"75"
"TAI AN";"01530";"2025-04-28 17:30:00";"-54,4958833333";"-63,13155";"5,4";"72"
"TAI AN";"01530";"2025-04-28 17:43:00";"-54,4925666667";"-63,104";"5,1";"73"
"TAI AN";"01530";"2025-04-28 17:45:00";"-54,49255";"-63,09905";"4,6";"92"
"TAI AN";"01530";"2025-04-28 17:58:00";"-54,5004666667";"-63,0782";"3,6";"175"
"TAI AN";"01530";"2025-04-28 18:00:00";"-54,5028833333";"-63,0777166667";"4,3";"176"
"TAI AN";"01530";"2025-04-28 18:13:00";"-54,51555";"-63,0876333333";"4,6";"243"
"TAI AN";"01530";"2025-04-28 18:15:00";"-54,5157166667";"-63,0918833333";"4,5";"264"
"TAI AN";"01530";"2025-04-28 18:28:00";"-54,5197166667";"-63,1122333333";"3,8";"249"
"TAI AN";"01530";"2025-04-28 18:30:00";"-54,52055";"-63,1148833333";"2,7";"243"
"TAI AN";"01530";"2025-04-28 18:42:00";"-54,5258833333";"-63,1325";"3,5";"249"
"TAI AN";"01530";"2025-04-28 18:45:00";"-54,5267166667";"-63,1353833333";"2,5";"229"
"TAI AN";"01530";"2025-04-28 18:57:00";"-54,5321";"-63,1508333333";"3,2";"236"
"TAI AN";"01530";"2025-04-28 19:00:00";"-54,53305";"-63,1532166667";"3,0";"226"
"TAI AN";"01530";"2025-04-28 19:12:00";"-54,53975";"-63,1694166667";"3,1";"225"
"TAI AN";"01530";"2025-04-28 19:15:00";"-54,5408833333";"-63,1718833333";"2,7";"235"
"TAI AN";"01530";"2025-04-28 19:27:00";"-54,54805";"-63,18625";"3,0";"226"
"TAI AN";"01530";"2025-04-28 19:30:00";"-54,5493833333";"-63,18855";"2,3";"215"
"TAI AN";"01530";"2025-04-28 19:42:00";"-54,5570666667";"-63,2025333333";"3,0";"235"
"TAI AN";"01530";"2025-04-28 19:45:00";"-54,5582166667";"-63,2048833333";"2,7";"232"
"TAI AN";"01530";"2025-04-28 19:57:00";"-54,5644833333";"-63,2189333333";"2,9";"222"
"TAI AN";"01530";"2025-04-28 20:00:00";"-54,56605";"-63,2222166667";"3,4";"238"
"TAI AN";"01530";"2025-04-28 20:12:00";"-54,5726";"-63,2329333333";"3,1";"223"
"TAI AN";"01530";"2025-04-28 20:15:00";"-54,5742166667";"-63,2343833333";"2,6";"207"
"TAI AN";"01530";"2025-04-28 20:27:00";"-54,58225";"-63,2412666667";"2,6";"209"
"TAI AN";"01530";"2025-04-28 20:30:00";"-54,58355";"-63,2422166667";"1,9";"220"
"TAI AN";"01530";"2025-04-28 20:42:00";"-54,5843166667";"-63,2456333333";"2,0";"305"
"TAI AN";"01530";"2025-04-28 20:45:00";"-54,5833833333";"-63,24655";"1,7";"342"
"TAI AN";"01530";"2025-04-28 20:57:00";"-54,5808833333";"-63,2498";"0,4";"217"
"TAI AN";"01530";"2025-04-28 21:00:00";"-54,5808833333";"-63,2503833333";"1,4";"278"
"TAI AN";"01530";"2025-04-28 21:12:00";"-54,594";"-63,245";"7,1";"180"
"TAI AN";"01530";"2025-04-28 21:15:00";"-54,59855";"-63,2452166667";"7,4";"182"
"TAI AN";"01530";"2025-04-28 21:27:00";"-54,6145666667";"-63,2603166667";"11,7";"304"
"TAI AN";"01530";"2025-04-28 21:30:00";"-54,6102166667";"-63,27255";"12,0";"301"
"TAI AN";"01530";"2025-04-28 21:42:00";"-54,5760333333";"-63,3155";"12,3";"342"
"TAI AN";"01530";"2025-04-28 21:45:00";"-54,57455";"-63,32555";"10,0";"250"
"TAI AN";"01530";"2025-04-28 21:57:00";"-54,5964166667";"-63,32975";"3,0";"128"
"TAI AN";"01530";"2025-04-28 22:00:00";"-54,5977166667";"-63,3282166667";"2,4";"137"
"TAI AN";"01530";"2025-04-28 22:12:00";"-54,5910666667";"-63,3168666667";"7,8";"324"
"TAI AN";"01530";"2025-04-28 22:15:00";"-54,5873833333";"-63,3228833333";"7,0";"316"
"TAI AN";"01530";"2025-04-28 22:27:00";"-54,5771166667";"-63,3474333333";"4,7";"293"
"TAI AN";"01530";"2025-04-28 22:30:00";"-54,5752166667";"-63,35255";"4,7";"301"
"TAI AN";"01530";"2025-04-28 22:42:00";"-54,5644";"-63,3719333333";"4,3";"296"
"TAI AN";"01530";"2025-04-28 22:45:00";"-54,5637166667";"-63,3772166667";"5,0";"275"
"TAI AN";"01530";"2025-04-28 22:57:00";"-54,5762666667";"-63,3906166667";"4,4";"170"
"TAI AN";"01530";"2025-04-28 23:00:00";"-54,5792166667";"-63,3888833333";"3,8";"151"
"TAI AN";"01530";"2025-04-28 23:12:00";"-54,5864";"-63,3711833333";"4,0";"101"
"TAI AN";"01530";"2025-04-28 23:15:00";"-54,5868833333";"-63,36605";"3,9";"104"
"TAI AN";"01530";"2025-04-28 23:27:00";"-54,5922";"-63,34635";"3,8";"126"
"TAI AN";"01530";"2025-04-28 23:30:00";"-54,5932166667";"-63,3417166667";"4,2";"104"
"TAI AN";"01530";"2025-04-28 23:42:00";"-54,5911333333";"-63,3205166667";"5,2";"14"
"TAI AN";"01530";"2025-04-28 23:45:00";"-54,5872166667";"-63,32155";"6,4";"349"
"TAI AN";"01530";"2025-04-28 23:57:00";"-54,5814666667";"-63,3500333333";"4,3";"273"
"TAI AN";"01530";"2025-04-29 00:00:00";"-54,58155";"-63,35505";"4,2";"268"
"TAI AN";"01530";"2025-04-29 00:12:00";"-54,5806833333";"-63,3787833333";"3,9";"279"
"TAI AN";"01530";"2025-04-29 00:15:00";"-54,5802166667";"-63,3833833333";"3,7";"292"
"TAI AN";"01530";"2025-04-29 00:27:00";"-54,5759166667";"-63,4050833333";"3,5";"309"
"TAI AN";"01530";"2025-04-29 00:30:00";"-54,5742166667";"-63,40855";"4,0";"315"
"TAI AN";"01530";"2025-04-29 00:42:00";"-54,5636833333";"-63,4207166667";"3,7";"338"
"TAI AN";"01530";"2025-04-29 00:45:00";"-54,5613833333";"-63,4222166667";"3,1";"360"
"TAI AN";"01530";"2025-04-29 00:57:00";"-54,5480666667";"-63,4174833333";"3,8";"28"
"TAI AN";"01530";"2025-04-29 01:00:00";"-54,5453833333";"-63,4158833333";"4,0";"20"
"TAI AN";"01530";"2025-04-29 01:12:00";"-54,5340833333";"-63,4011166667";"4,1";"42"
"TAI AN";"01530";"2025-04-29 01:15:00";"-54,5317166667";"-63,39705";"4,9";"52"
"TAI AN";"01530";"2025-04-29 01:27:00";"-54,5237666667";"-63,3769666667";"4,3";"61"
"TAI AN";"01530";"2025-04-29 01:30:00";"-54,5218833333";"-63,3727166667";"4,2";"48"
"TAI AN";"01530";"2025-04-29 01:42:00";"-54,5090666667";"-63,36785";"3,6";"6"
"TAI AN";"01530";"2025-04-29 01:45:00";"-54,5063833333";"-63,36855";"3,3";"348"
"TAI AN";"01530";"2025-04-29 01:57:00";"-54,4937166667";"-63,3699";"3,3";"354"
"TAI AN";"01530";"2025-04-29 02:00:00";"-54,49105";"-63,3702166667";"3,2";"359"
"TAI AN";"01530";"2025-04-29 02:12:00";"-54,47885";"-63,3683";"3,2";"7"
"TAI AN";"01530";"2025-04-29 02:15:00";"-54,4762166667";"-63,3668833333";"3,9";"21"
"TAI AN";"01530";"2025-04-29 02:27:00";"-54,4639333333";"-63,3616666667";"3,6";"359"
"TAI AN";"01530";"2025-04-29 02:30:00";"-54,4612166667";"-63,3627166667";"3,5";"344"
"TAI AN";"01530";"2025-04-29 02:42:00";"-54,4498666667";"-63,37";"3,9";"327"
"TAI AN";"01530";"2025-04-29 02:45:00";"-54,44755";"-63,37255";"3,9";"315"
"TAI AN";"01530";"2025-04-29 02:57:00";"-54,4367";"-63,3805";"3,4";"355"
"TAI AN";"01530";"2025-04-29 03:00:00";"-54,4337166667";"-63,37955";"4,2";"19"
"TAI AN";"01530";"2025-04-29 03:12:00";"-54,4207666667";"-63,3726833333";"3,9";"29"
"TAI AN";"01530";"2025-04-29 03:15:00";"-54,4177166667";"-63,3713833333";"4,2";"13"
"TAI AN";"01530";"2025-04-29 03:27:00";"-54,4049";"-63,3659666667";"3,8";"7"
"TAI AN";"01530";"2025-04-29 03:30:00";"-54,40205";"-63,36455";"4,1";"21"
"TAI AN";"01530";"2025-04-29 03:42:00";"-54,3892166667";"-63,3542833333";"3,9";"26"
"TAI AN";"01530";"2025-04-29 03:45:00";"-54,38605";"-63,3517166667";"4,5";"20"
"TAI AN";"01530";"2025-04-29 03:57:00";"-54,373";"-63,3420666667";"4,1";"4"
"TAI AN";"01530";"2025-04-29 04:00:00";"-54,3693833333";"-63,3407166667";"4,5";"18"
"TAI AN";"01530";"2025-04-29 04:12:00";"-54,356";"-63,3407333333";"3,6";"346"
"TAI AN";"01530";"2025-04-29 04:15:00";"-54,35305";"-63,3418833333";"3,9";"351"
"TAI AN";"01530";"2025-04-29 04:27:00";"-54,3400166667";"-63,3467333333";"3,5";"350"
"TAI AN";"01530";"2025-04-29 04:30:00";"-54,33705";"-63,3477166667";"4,0";"353"
"TAI AN";"01530";"2025-04-29 04:42:00";"-54,32315";"-63,3489666667";"3,9";"357"
"TAI AN";"01530";"2025-04-29 04:45:00";"-54,3197166667";"-63,3487166667";"4,4";"359"
"TAI AN";"01530";"2025-04-29 04:57:00";"-54,3123833333";"-63,3431666667";"2,3";"79"
"TAI AN";"01530";"2025-04-29 05:00:00";"-54,31155";"-63,3392166667";"3,3";"73"
"TAI AN";"01530";"2025-04-29 05:12:00";"-54,3076833333";"-63,3172833333";"4,8";"42"
"TAI AN";"01530";"2025-04-29 05:15:00";"-54,3043833333";"-63,3137166667";"6,3";"28"
"TAI AN";"01530";"2025-04-29 05:27:00";"-54,2808";"-63,2651333333";"11,9";"52"
"TAI AN";"01530";"2025-04-29 05:30:00";"-54,27455";"-63,25155";"11,7";"59"
"TAI AN";"01530";"2025-04-29 05:42:00";"-54,2535833333";"-63,2012333333";"10,8";"59"
"TAI AN";"01530";"2025-04-29 05:45:00";"-54,24805";"-63,1877166667";"10,8";"50"
"TAI AN";"01530";"2025-04-29 05:57:00";"-54,2289666667";"-63,1392333333";"10,5";"52"
"TAI AN";"01530";"2025-04-29 06:12:00";"-54,20385";"-63,0781";"10,7";"56"
"TAI AN";"01530";"2025-04-29 06:15:00";"-54,19805";"-63,06505";"10,5";"50"
"TAI AN";"01530";"2025-04-29 06:27:00";"-54,1714166667";"-63,0302666667";"10,7";"41"
"TAI AN";"01530";"2025-04-29 06:30:00";"-54,16505";"-63,0187166667";"10,4";"53"
"TAI AN";"01530";"2025-04-29 06:41:00";"-54,1438333333";"-62,9733333333";"11,0";"52"
"TAI AN";"01530";"2025-04-29 06:45:00";"-54,1377166667";"-62,9602166667";"11,1";"51"
"TAI AN";"01530";"2025-04-29 06:56:00";"-54,1150666667";"-62,9130166667";"11,2";"49"
"TAI AN";"01530";"2025-04-29 07:00:00";"-54,1082166667";"-62,8997166667";"10,9";"54"
"TAI AN";"01530";"2025-04-29 07:11:00";"-54,0869666667";"-62,85265";"9,5";"120"
"TAI AN";"01530";"2025-04-29 07:15:00";"-54,0902166667";"-62,83755";"10,2";"121"
"TAI AN";"01530";"2025-04-29 07:26:00";"-54,0894";"-62,7865333333";"10,6";"63"
"TAI AN";"01530";"2025-04-29 07:30:00";"-54,0847166667";"-62,77155";"10,8";"61"
"TAI AN";"01530";"2025-04-29 07:41:00";"-54,0691";"-62,7191833333";"10,9";"63"
"TAI AN";"01530";"2025-04-29 07:45:00";"-54,06505";"-62,7037166667";"11,0";"67"
"TAI AN";"01530";"2025-04-29 08:00:00";"-54,0477166667";"-62,6352166667";"10,7";"65"
"TAI AN";"01530";"2025-04-29 08:15:00";"-54,0303833333";"-62,5642166667";"11,3";"70"
"TAI AN";"01530";"2025-04-29 08:26:00";"-54,01595";"-62,5104833333";"11,3";"61"
"TAI AN";"01530";"2025-04-29 08:30:00";"-54,0117166667";"-62,4937166667";"11,0";"70"
"TAI AN";"01530";"2025-04-29 08:41:00";"-53,9979833333";"-62,4384166667";"11,2";"65"
"TAI AN";"01530";"2025-04-29 08:45:00";"-53,9937166667";"-62,42155";"10,8";"68"
"TAI AN";"01530";"2025-04-29 09:00:00";"-53,97505";"-62,35055";"10,7";"64"
"TAI AN";"01530";"2025-04-29 09:11:00";"-53,9544";"-62,3662666667";"10,4";"41"
"TAI AN";"01530";"2025-04-29 09:15:00";"-53,9467166667";"-62,3543833333";"10,8";"40"
"TAI AN";"01530";"2025-04-29 09:26:00";"-53,9216333333";"-62,316";"10,1";"43"
"TAI AN";"01530";"2025-04-29 09:30:00";"-53,9137166667";"-62,30455";"10,7";"41"
"TAI AN";"01530";"2025-04-29 09:41:00";"-53,8925333333";"-62,2638";"10,1";"61"
"TAI AN";"01530";"2025-04-29 09:45:00";"-53,88805";"-62,2488833333";"9,7";"63"
"TAI AN";"01530";"2025-04-29 09:56:00";"-53,8726833333";"-62,2003666667";"10,4";"59"
"TAI AN";"01530";"2025-04-29 10:00:00";"-53,8677166667";"-62,1848833333";"10,8";"64"
"TAI AN";"01530";"2025-04-29 10:11:00";"-53,8671666667";"-62,1307166667";"10,5";"91"
"TAI AN";"01530";"2025-04-29 10:15:00";"-53,8672166667";"-62,1132166667";"10,3";"90"
"TAI AN";"01530";"2025-04-29 10:26:00";"-53,86705";"-62,0572";"10,7";"89"
"TAI AN";"01530";"2025-04-29 10:30:00";"-53,86705";"-62,0393833333";"10,0";"89"
"TAI AN";"01530";"2025-04-29 10:41:00";"-53,86675";"-61,9847";"10,3";"89"
"TAI AN";"01530";"2025-04-29 10:45:00";"-53,8668833333";"-61,96705";"10,5";"90"
"TAI AN";"01530";"2025-04-29 10:56:00";"-53,8673166667";"-61,9138333333";"9,9";"96"
"TAI AN";"01530";"2025-04-29 11:00:00";"-53,86755";"-61,89655";"10,1";"94"
"TAI AN";"01530";"2025-04-29 11:11:00";"-53,8547333333";"-61,8487666667";"10,1";"62"
"TAI AN";"01530";"2025-04-29 11:15:00";"-53,8498833333";"-61,83355";"10,2";"63"
"TAI AN";"01530";"2025-04-29 11:26:00";"-53,8243333333";"-61,80495";"10,9";"20"
"TAI AN";"01530";"2025-04-29 11:30:00";"-53,81405";"-61,7992166667";"10,7";"19"
"TAI AN";"01530";"2025-04-29 11:41:00";"-53,7824833333";"-61,7810666667";"10,7";"19"
"TAI AN";"01530";"2025-04-29 11:45:00";"-53,7723833333";"-61,7747166667";"11,0";"21"
"TAI AN";"01530";"2025-04-29 11:56:00";"-53,7561166667";"-61,72895";"10,3";"65"
"TAI AN";"01530";"2025-04-29 12:00:00";"-53,7517166667";"-61,71255";"10,3";"63"
"TAI AN";"01530";"2025-04-29 12:11:00";"-53,74255";"-61,6620833333";"9,4";"79"
"TAI AN";"01530";"2025-04-29 12:15:00";"-53,74055";"-61,6447166667";"10,0";"94"
"TAI AN";"01530";"2025-04-29 12:26:00";"-53,7439166667";"-61,5912666667";"10,5";"102"
"TAI AN";"01530";"2025-04-29 12:30:00";"-53,7433833333";"-61,57455";"10,1";"74"
"TAI AN";"01530";"2025-04-29 12:41:00";"-53,7295";"-61,5305";"9,6";"59"
"TAI AN";"01530";"2025-04-29 12:45:00";"-53,7262166667";"-61,53755";"11,4";"271"
"TAI AN";"01530";"2025-04-29 12:56:00";"-53,7305666667";"-61,5984";"11,2";"257"
"TAI AN";"01530";"2025-04-29 13:00:00";"-53,7323833333";"-61,6192166667";"11,4";"262"
"TAI AN";"01530";"2025-04-29 13:11:00";"-53,7378";"-61,6694166667";"9,3";"255"
"TAI AN";"01530";"2025-04-29 13:15:00";"-53,74005";"-61,6862166667";"9,2";"256"
"TAI AN";"01530";"2025-04-29 13:26:00";"-53,7494166667";"-61,72475";"7,8";"164"
"TAI AN";"01530";"2025-04-29 13:30:00";"-53,75605";"-61,7183833333";"8,2";"116"
"TAI AN";"01530";"2025-04-29 13:41:00";"-53,7578333333";"-61,6790166667";"8,0";"81"
"TAI AN";"01530";"2025-04-29 13:45:00";"-53,7563833333";"-61,66455";"8,3";"77"
"TAI AN";"01530";"2025-04-29 13:56:00";"-53,7492";"-61,6215666667";"10,6";"68"
"TAI AN";"01530";"2025-04-29 14:00:00";"-53,7453833333";"-61,6047166667";"9,6";"70"
"TAI AN";"01530";"2025-04-29 14:11:00";"-53,7325166667";"-61,58335";"4,3";"41"
"TAI AN";"01530";"2025-04-29 14:15:00";"-53,72855";"-61,57655";"5,4";"49"
"TAI AN";"01530";"2025-04-29 14:26:00";"-53,725";"-61,5525166667";"3,6";"78"
"TAI AN";"01530";"2025-04-29 14:30:00";"-53,7243833333";"-61,5468833333";"3,2";"79"
"TAI AN";"01530";"2025-04-29 14:41:00";"-53,7187166667";"-61,5317833333";"3,5";"67"
"TAI AN";"01530";"2025-04-29 14:45:00";"-53,71705";"-61,5262166667";"3,2";"66"
"TAI AN";"01530";"2025-04-29 14:56:00";"-53,71285";"-61,5101666667";"3,3";"75"
"TAI AN";"01530";"2025-04-29 15:00:00";"-53,71155";"-61,5042166667";"3,9";"77"
"TAI AN";"01530";"2025-04-29 15:11:00";"-53,70745";"-61,48805";"2,9";"67"
"TAI AN";"01530";"2025-04-29 15:15:00";"-53,7058833333";"-61,48205";"3,6";"79"
"TAI AN";"01530";"2025-04-29 15:26:00";"-53,7015666667";"-61,4648166667";"3,6";"66"
"TAI AN";"01530";"2025-04-29 15:30:00";"-53,7002166667";"-61,4587166667";"3,6";"63"
"TAI AN";"01530";"2025-04-29 15:41:00";"-53,6960333333";"-61,4419166667";"3,6";"66"
"TAI AN";"01530";"2025-04-29 15:45:00";"-53,69455";"-61,4358833333";"3,5";"64"
"TAI AN";"01530";"2025-04-29 15:56:00";"-53,69025";"-61,41925";"3,6";"61"
"TAI AN";"01530";"2025-04-29 16:00:00";"-53,6887166667";"-61,41305";"3,6";"67"
"TAI AN";"01530";"2025-04-29 16:11:00";"-53,6845333333";"-61,39625";"3,5";"70"
"TAI AN";"01530";"2025-04-29 16:15:00";"-53,6832166667";"-61,3897166667";"3,6";"69"
"TAI AN";"01530";"2025-04-29 16:26:00";"-53,6791166667";"-61,3723";"3,5";"65"
"TAI AN";"01530";"2025-04-29 16:30:00";"-53,6777166667";"-61,3658833333";"4,2";"66"
"TAI AN";"01530";"2025-04-29 16:41:00";"-53,67335";"-61,3486";"3,6";"63"
"TAI AN";"01530";"2025-04-29 16:45:00";"-53,6717166667";"-61,3418833333";"3,8";"64"
"TAI AN";"01530";"2025-04-29 16:56:00";"-53,66995";"-61,3215";"4,0";"83"
"TAI AN";"01530";"2025-04-29 17:00:00";"-53,6697166667";"-61,31355";"4,2";"80"
"TAI AN";"01530";"2025-04-29 17:15:00";"-53,6682166667";"-61,2847166667";"3,9";"86"
"TAI AN";"01530";"2025-04-29 17:26:00";"-53,6666166667";"-61,26375";"4,2";"85"
"TAI AN";"01530";"2025-04-29 17:30:00";"-53,6662166667";"-61,2557166667";"4,4";"83"
"TAI AN";"01530";"2025-04-29 17:41:00";"-53,66545";"-61,23475";"4,3";"91"
"TAI AN";"01530";"2025-04-29 17:45:00";"-53,6657166667";"-61,22705";"3,6";"94"
"TAI AN";"01530";"2025-04-29 17:56:00";"-53,6658333333";"-61,2063333333";"4,2";"89"
"TAI AN";"01530";"2025-04-29 18:00:00";"-53,6658833333";"-61,19805";"4,5";"89"
"TAI AN";"01530";"2025-04-29 18:11:00";"-53,6661833333";"-61,1775166667";"4,0";"80"
"TAI AN";"01530";"2025-04-29 18:15:00";"-53,6663833333";"-61,1697166667";"3,8";"94"
"TAI AN";"01530";"2025-04-29 18:26:00";"-53,6663333333";"-61,1497333333";"3,8";"91"
"TAI AN";"01530";"2025-04-29 18:30:00";"-53,6672166667";"-61,1417166667";"4,5";"97"
"TAI AN";"01530";"2025-04-29 18:41:00";"-53,6704166667";"-61,1220833333";"4,1";"100"
"TAI AN";"01530";"2025-04-29 18:45:00";"-53,6717166667";"-61,1143833333";"4,3";"84"
"TAI AN";"01530";"2025-04-29 18:55:00";"-53,67445";"-61,0943833333";"4,2";"105"
"TAI AN";"01530";"2025-04-29 19:00:00";"-53,6757166667";"-61,0862166667";"4,2";"95"
"TAI AN";"01530";"2025-04-29 19:10:00";"-53,67955";"-61,0667666667";"3,9";"116"
"TAI AN";"01530";"2025-04-29 19:15:00";"-53,6812166667";"-61,0592166667";"4,1";"118"
"TAI AN";"01530";"2025-04-29 19:25:00";"-53,6848333333";"-61,0406833333";"4,5";"121"
"TAI AN";"01530";"2025-04-29 19:30:00";"-53,68605";"-61,0327166667";"3,9";"110"
"TAI AN";"01530";"2025-04-29 19:40:00";"-53,68825";"-61,0131333333";"3,9";"104"
"TAI AN";"01530";"2025-04-29 19:45:00";"-53,6892166667";"-61,0052166667";"3,5";"96"
"TAI AN";"01530";"2025-04-29 19:55:00";"-53,6991333333";"-60,9973333333";"5,5";"207"
"TAI AN";"01530";"2025-04-29 20:00:00";"-53,7022166667";"-61,00705";"6,3";"268"
"TAI AN";"01530";"2025-04-29 20:10:00";"-53,6995166667";"-61,0326333333";"4,6";"269"
"TAI AN";"01530";"2025-04-29 20:15:00";"-53,6972166667";"-61,0397166667";"4,8";"329"
"TAI AN";"01530";"2025-04-29 20:25:00";"-53,6897333333";"-61,0562666667";"4,1";"314"
"TAI AN";"01530";"2025-04-29 20:30:00";"-53,6868833333";"-61,0628833333";"4,3";"321"
"TAI AN";"01530";"2025-04-29 20:40:00";"-53,6793333333";"-61,0805833333";"4,3";"310"
"TAI AN";"01530";"2025-04-29 20:45:00";"-53,6767166667";"-61,08755";"4,2";"285"
"TAI AN";"01530";"2025-04-29 20:55:00";"-53,6719333333";"-61,1065333333";"4,1";"277"
"TAI AN";"01530";"2025-04-29 21:00:00";"-53,67255";"-61,11505";"4,4";"261"
"TAI AN";"01530";"2025-04-29 21:10:00";"-53,6741833333";"-61,1281166667";"1,0";"241"
"TAI AN";"01530";"2025-04-29 21:15:00";"-53,6747166667";"-61,1303833333";"1,4";"247"
"TAI AN";"01530";"2025-04-29 21:25:00";"-53,6775333333";"-61,1389333333";"1,5";"236"
"TAI AN";"01530";"2025-04-29 21:30:00";"-53,67955";"-61,1448833333";"4,9";"255"
"TAI AN";"01530";"2025-04-29 21:40:00";"-53,6962666667";"-61,1845166667";"10,1";"216"
"TAI AN";"01530";"2025-04-29 21:45:00";"-53,7073833333";"-61,1978833333";"10,7";"214"
"TAI AN";"01530";"2025-04-29 21:55:00";"-53,7315166667";"-61,22925";"9,7";"267"
"TAI AN";"01530";"2025-04-29 22:00:00";"-53,7307166667";"-61,2518833333";"10,9";"275"
"TAI AN";"01530";"2025-04-29 22:10:00";"-53,7427666667";"-61,2975";"11,0";"234"
"TAI AN";"01530";"2025-04-29 22:15:00";"-53,7498833333";"-61,3147166667";"10,2";"238"
"TAI AN";"01530";"2025-04-29 22:25:00";"-53,7535833333";"-61,36495";"11,1";"281"
"TAI AN";"01530";"2025-04-29 22:30:00";"-53,7513833333";"-61,38905";"11,4";"282"
"TAI AN";"01530";"2025-04-29 22:40:00";"-53,7457833333";"-61,4434333333";"11,4";"273"
"TAI AN";"01530";"2025-04-29 22:45:00";"-53,74555";"-61,4682166667";"11,0";"270"
"TAI AN";"01530";"2025-04-29 22:55:00";"-53,7477166667";"-61,52275";"11,2";"265"
"TAI AN";"01530";"2025-04-29 23:00:00";"-53,74855";"-61,54805";"11,0";"263"
"TAI AN";"01530";"2025-04-29 23:10:00";"-53,7586666667";"-61,5980166667";"10,1";"253"
"TAI AN";"01530";"2025-04-29 23:15:00";"-53,7628833333";"-61,6202166667";"10,7";"250"
"TAI AN";"01530";"2025-04-29 23:25:00";"-53,77395";"-61,6681833333";"11,0";"242"
"TAI AN";"01530";"2025-04-29 23:30:00";"-53,7802166667";"-61,6898833333";"10,9";"242"
"TAI AN";"01530";"2025-04-29 23:40:00";"-53,7936833333";"-61,7376833333";"11,2";"250"
"TAI AN";"01530";"2025-04-29 23:45:00";"-53,7997166667";"-61,76055";"11,2";"245"
"TAI AN";"01530";"2025-04-29 23:55:00";"-53,8128666667";"-61,8097166667";"11,0";"240"
"TAI AN";"01530";"2025-04-30 00:00:00";"-53,8192166667";"-61,83205";"10,8";"247"
"TAI AN";"01530";"2025-04-30 00:10:00";"-53,8324833333";"-61,8793666667";"11,1";"240"
"TAI AN";"01530";"2025-04-30 00:15:00";"-53,8387166667";"-61,90205";"11,0";"244"
"TAI AN";"01530";"2025-04-30 00:25:00";"-53,8521333333";"-61,9501333333";"11,4";"244"
"TAI AN";"01530";"2025-04-30 00:30:00";"-53,8587166667";"-61,9732166667";"11,0";"246"
"TAI AN";"01530";"2025-04-30 00:40:00";"-53,87195";"-62,0221";"11,3";"243"
"TAI AN";"01530";"2025-04-30 00:45:00";"-53,8783833333";"-62,0457166667";"11,8";"245"
"TAI AN";"01530";"2025-04-30 00:55:00";"-53,8914166667";"-62,0954666667";"11,3";"244"
"TAI AN";"01530";"2025-04-30 01:00:00";"-53,89755";"-62,11955";"11,8";"245"
"TAI AN";"01530";"2025-04-30 01:10:00";"-53,9115";"-62,17095";"11,2";"241"
"TAI AN";"01530";"2025-04-30 01:15:00";"-53,9187166667";"-62,1962166667";"12,1";"246"
"TAI AN";"01530";"2025-04-30 01:25:00";"-53,9326833333";"-62,2453166667";"11,8";"244"
"TAI AN";"01530";"2025-04-30 01:30:00";"-53,93955";"-62,2697166667";"11,9";"241"
"TAI AN";"01530";"2025-04-30 01:40:00";"-53,95395";"-62,3191666667";"11,4";"243"
"TAI AN";"01530";"2025-04-30 01:45:00";"-53,9612166667";"-62,3433833333";"11,4";"240"
"TAI AN";"01530";"2025-04-30 01:55:00";"-53,9754666667";"-62,3934666667";"11,8";"247"
"TAI AN";"01530";"2025-04-30 02:00:00";"-53,9823833333";"-62,41805";"11,5";"246"
"TAI AN";"01530";"2025-04-30 02:10:00";"-53,9967666667";"-62,46955";"12,1";"245"
"TAI AN";"01530";"2025-04-30 02:15:00";"-54,00405";"-62,4942166667";"11,7";"243"
"TAI AN";"01530";"2025-04-30 02:25:00";"-54,0196333333";"-62,5432666667";"12,0";"241"
"TAI AN";"01530";"2025-04-30 02:30:00";"-54,02755";"-62,5673833333";"12,1";"241"
"TAI AN";"01530";"2025-04-30 02:40:00";"-54,0435333333";"-62,6160333333";"11,7";"243"
"TAI AN";"01530";"2025-04-30 02:45:00";"-54,0517166667";"-62,6402166667";"11,6";"241"
"TAI AN";"01530";"2025-04-30 02:55:00";"-54,0678";"-62,6886666667";"12,0";"238"
"TAI AN";"01530";"2025-04-30 03:00:00";"-54,0763833333";"-62,7133833333";"11,8";"242"
"TAI AN";"01530";"2025-04-30 03:10:00";"-54,0933666667";"-62,7608833333";"11,5";"237"
"TAI AN";"01530";"2025-04-30 03:15:00";"-54,10205";"-62,7843833333";"11,9";"242"
"TAI AN";"01530";"2025-04-30 03:25:00";"-54,1190666667";"-62,83065";"11,4";"235"
"TAI AN";"01530";"2025-04-30 03:30:00";"-54,12755";"-62,8532166667";"10,7";"237"
"TAI AN";"01530";"2025-04-30 03:40:00";"-54,1455";"-62,8959333333";"11,5";"234"
"TAI AN";"01530";"2025-04-30 03:45:00";"-54,1557166667";"-62,9177166667";"11,5";"232"
"TAI AN";"01530";"2025-04-30 03:55:00";"-54,1752666667";"-62,9606166667";"11,9";"241"
"TAI AN";"01530";"2025-04-30 04:00:00";"-54,1847166667";"-62,98505";"12,3";"237"
"TAI AN";"01530";"2025-04-30 04:10:00";"-54,2022666667";"-63,03405";"12,3";"241"
"TAI AN";"01530";"2025-04-30 04:15:00";"-54,2113833333";"-63,0592166667";"12,2";"239"
"TAI AN";"01530";"2025-04-30 04:30:00";"-54,2293833333";"-63,1333833333";"11,0";"256"
"TAI AN";"01530";"2025-04-30 04:40:00";"-54,2364166667";"-63,1845";"11,4";"253"
"TAI AN";"01530";"2025-04-30 04:45:00";"-54,24105";"-63,2113833333";"11,3";"255"
"TAI AN";"01530";"2025-04-30 04:55:00";"-54,24905";"-63,2613666667";"10,2";"258"
"TAI AN";"01530";"2025-04-30 05:00:00";"-54,25205";"-63,28555";"9,8";"256"
"TAI AN";"01530";"2025-04-30 05:10:00";"-54,2571666667";"-63,3315";"10,2";"261"
"TAI AN";"01530";"2025-04-30 05:15:00";"-54,2602166667";"-63,35705";"10,7";"254"
"TAI AN";"01530";"2025-04-30 05:25:00";"-54,2546166667";"-63,3846833333";"10,8";"20"
"TAI AN";"01530";"2025-04-30 05:30:00";"-54,2397166667";"-63,3748833333";"11,0";"19"
"TAI AN";"01530";"2025-04-30 05:40:00";"-54,2276";"-63,3547";"10,5";"164"
"TAI AN";"01530";"2025-04-30 05:45:00";"-54,24305";"-63,35055";"11,3";"172"
"TAI AN";"01530";"2025-04-30 05:55:00";"-54,2524666667";"-63,3460333333";"4,9";"323"
"TAI AN";"01530";"2025-04-30 06:00:00";"-54,2462166667";"-63,35155";"5,9";"335"
"TAI AN";"01530";"2025-04-30 06:10:00";"-54,2336333333";"-63,3592333333";"4,4";"349"
"TAI AN";"01530";"2025-04-30 06:15:00";"-54,2273833333";"-63,3602166667";"4,6";"2"
"TAI AN";"01530";"2025-04-30 06:25:00";"-54,2162833333";"-63,3638833333";"4,4";"327"
"TAI AN";"01530";"2025-04-30 06:30:00";"-54,21155";"-63,3702166667";"4,0";"312"
"TAI AN";"01530";"2025-04-30 06:40:00";"-54,2048";"-63,38465";"4,0";"301"
"TAI AN";"01530";"2025-04-30 06:45:00";"-54,20205";"-63,39355";"4,0";"293"
"TAI AN";"01530";"2025-04-30 06:54:00";"-54,1971833333";"-63,4092833333";"3,8";"300"
"TAI AN";"01530";"2025-04-30 07:00:00";"-54,1947166667";"-63,4177166667";"4,3";"300"
"TAI AN";"01530";"2025-04-30 07:09:00";"-54,18935";"-63,4348";"4,0";"297"
"TAI AN";"01530";"2025-04-30 07:15:00";"-54,1868833333";"-63,4438833333";"4,3";"287"
"TAI AN";"01530";"2025-04-30 07:30:00";"-54,1792166667";"-63,47155";"4,3";"298"
"TAI AN";"01530";"2025-04-30 07:39:00";"-54,1741166667";"-63,4897166667";"3,8";"295"
"TAI AN";"01530";"2025-04-30 07:45:00";"-54,1713833333";"-63,49955";"4,9";"302"
"TAI AN";"01530";"2025-04-30 07:54:00";"-54,16285";"-63,5156833333";"4,9";"314"
"TAI AN";"01530";"2025-04-30 08:00:00";"-54,15855";"-63,52405";"4,5";"315"
"TAI AN";"01530";"2025-04-30 08:09:00";"-54,1504333333";"-63,54035";"4,5";"316"
"TAI AN";"01530";"2025-04-30 08:15:00";"-54,14555";"-63,5477166667";"4,7";"332"
"TAI AN";"01530";"2025-04-30 08:24:00";"-54,1334666667";"-63,5556166667";"4,7";"346"
"TAI AN";"01530";"2025-04-30 08:30:00";"-54,1272166667";"-63,5593833333";"4,7";"344"
"TAI AN";"01530";"2025-04-30 08:39:00";"-54,1150833333";"-63,5662166667";"4,7";"342"
"TAI AN";"01530";"2025-04-30 08:45:00";"-54,10905";"-63,5707166667";"5,0";"338"
"TAI AN";"01530";"2025-04-30 08:54:00";"-54,0973833333";"-63,5815";"4,4";"336"
"TAI AN";"01530";"2025-04-30 09:00:00";"-54,09155";"-63,58705";"4,3";"326"
"TAI AN";"01530";"2025-04-30 09:09:00";"-54,0812";"-63,5991333333";"4,6";"330"
"TAI AN";"01530";"2025-04-30 09:15:00";"-54,0752166667";"-63,6063833333";"4,7";"321"
"TAI AN";"01530";"2025-04-30 09:24:00";"-54,0657";"-63,6211333333";"4,8";"314"
"TAI AN";"01530";"2025-04-30 09:30:00";"-54,0608833333";"-63,6292166667";"4,5";"314"
"TAI AN";"01530";"2025-04-30 09:39:00";"-54,05165";"-63,645";"4,6";"311"
"TAI AN";"01530";"2025-04-30 09:45:00";"-54,0467166667";"-63,6533833333";"4,7";"310"
"TAI AN";"01530";"2025-04-30 09:54:00";"-54,0375166667";"-63,6694666667";"4,9";"313"
"TAI AN";"01530";"2025-04-30 10:09:00";"-54,0235833333";"-63,6947";"4,8";"313"
"TAI AN";"01530";"2025-04-30 10:15:00";"-54,0183833333";"-63,70355";"4,8";"321"
"TAI AN";"01530";"2025-04-30 10:24:00";"-54,0070666667";"-63,7137";"4,9";"333"
"TAI AN";"01530";"2025-04-30 10:30:00";"-54,0003833333";"-63,71755";"4,7";"342"
"TAI AN";"01530";"2025-04-30 10:39:00";"-53,9879333333";"-63,72505";"4,8";"338"
"TAI AN";"01530";"2025-04-30 10:45:00";"-53,98105";"-63,72955";"5,3";"334"
"TAI AN";"01530";"2025-04-30 10:54:00";"-53,9690166667";"-63,73865";"5,1";"333"
"TAI AN";"01530";"2025-04-30 11:00:00";"-53,9627166667";"-63,7457166667";"4,9";"322"
"TAI AN";"01530";"2025-04-30 11:09:00";"-53,9520833333";"-63,7598166667";"5,0";"323"
"TAI AN";"01530";"2025-04-30 11:15:00";"-53,94805";"-63,76655";"3,1";"308"
"TAI AN";"01530";"2025-04-30 11:24:00";"-53,94155";"-63,77905";"4,8";"316"
"TAI AN";"01530";"2025-04-30 11:30:00";"-53,9352166667";"-63,7892166667";"6,6";"325"
"TAI AN";"01530";"2025-04-30 11:39:00";"-53,9411166667";"-63,77165";"8,9";"135"
"TAI AN";"01530";"2025-04-30 11:54:00";"-53,9643";"-63,7311";"2,3";"130"
"TAI AN";"01530";"2025-04-30 12:00:00";"-53,9678833333";"-63,7248833333";"3,8";"135"
"TAI AN";"01530";"2025-04-30 12:09:00";"-53,9747333333";"-63,7128666667";"3,2";"138"
"TAI AN";"01530";"2025-04-30 12:15:00";"-53,97805";"-63,70755";"3,3";"137"
"TAI AN";"01530";"2025-04-30 12:24:00";"-53,9836";"-63,6974";"3,3";"129"
"TAI AN";"01530";"2025-04-30 12:30:00";"-53,98705";"-63,6907166667";"3,9";"133"
"TAI AN";"01530";"2025-04-30 12:39:00";"-53,9931333333";"-63,68015";"3,0";"136"
"TAI AN";"01530";"2025-04-30 12:45:00";"-53,9962166667";"-63,6743833333";"3,0";"128"
"TAI AN";"01530";"2025-04-30 12:54:00";"-54,0017833333";"-63,66365";"3,4";"129"
"TAI AN";"01530";"2025-04-30 13:00:00";"-54,0053833333";"-63,65655";"3,2";"126"
"TAI AN";"01530";"2025-04-30 13:09:00";"-54,0111666667";"-63,6451333333";"3,6";"127"
"TAI AN";"01530";"2025-04-30 13:15:00";"-54,0147166667";"-63,6382166667";"3,5";"130"
"TAI AN";"01530";"2025-04-30 13:24:00";"-54,0204";"-63,6268666667";"3,6";"131"
"TAI AN";"01530";"2025-04-30 13:39:00";"-54,0297166667";"-63,6086833333";"3,5";"131"
"TAI AN";"01530";"2025-04-30 13:45:00";"-54,03355";"-63,6013833333";"3,5";"127"
"TAI AN";"01530";"2025-04-30 13:54:00";"-54,0308166667";"-63,5838833333";"5,0";"42"
"TAI AN";"01530";"2025-04-30 14:00:00";"-54,02355";"-63,5767166667";"5,0";"26"
"TAI AN";"01530";"2025-04-30 14:09:00";"-54,01005";"-63,5760333333";"6,2";"339"
"TAI AN";"01530";"2025-04-30 14:15:00";"-54,00255";"-63,5863833333";"6,0";"305"
"TAI AN";"01530";"2025-04-30 14:24:00";"-53,9966833333";"-63,6063666667";"4,7";"292"
"TAI AN";"01530";"2025-04-30 14:30:00";"-53,9943833333";"-63,6183833333";"4,6";"288"
"TAI AN";"01530";"2025-04-30 14:39:00";"-53,9902333333";"-63,63675";"4,1";"294"
"TAI AN";"01530";"2025-04-30 14:45:00";"-53,9872166667";"-63,64655";"3,9";"298"
"TAI AN";"01530";"2025-04-30 14:54:00";"-53,9831";"-63,6598666667";"2,8";"289"
"TAI AN";"01530";"2025-04-30 15:00:00";"-53,9812166667";"-63,6668833333";"2,8";"297"
"TAI AN";"01530";"2025-04-30 15:09:00";"-53,9765666667";"-63,6796166667";"3,5";"308"
"TAI AN";"01530";"2025-04-30 15:15:00";"-53,9737166667";"-63,6873833333";"3,5";"303"
"TAI AN";"01530";"2025-04-30 15:24:00";"-53,9688833333";"-63,6999666667";"3,3";"305"
"TAI AN";"01530";"2025-04-30 15:30:00";"-53,96605";"-63,70755";"3,3";"301"
"TAI AN";"01530";"2025-04-30 15:39:00";"-53,9595333333";"-63,7182666667";"4,2";"334"
"TAI AN";"01530";"2025-04-30 15:45:00";"-53,95255";"-63,72055";"4,8";"14"
"TAI AN";"01530";"2025-04-30 15:54:00";"-53,9408666667";"-63,7165666667";"4,3";"10"
"TAI AN";"01530";"2025-04-30 16:00:00";"-53,9338833333";"-63,7153833333";"4,6";"3"
"TAI AN";"01530";"2025-04-30 16:09:00";"-53,9231166667";"-63,7173";"4,0";"343"
"TAI AN";"01530";"2025-04-30 16:15:00";"-53,9167166667";"-63,7198833333";"4,0";"349"
"TAI AN";"01530";"2025-04-30 16:24:00";"-53,9070333333";"-63,7242166667";"3,5";"349"
"TAI AN";"01530";"2025-04-30 16:30:00";"-53,90105";"-63,7272166667";"4,0";"344"
"TAI AN";"01530";"2025-04-30 16:39:00";"-53,89115";"-63,7324333333";"3,8";"340"
"TAI AN";"01530";"2025-04-30 16:45:00";"-53,8853833333";"-63,73805";"4,2";"328"
"TAI AN";"01530";"2025-04-30 16:54:00";"-53,8768166667";"-63,7460666667";"3,7";"334"
"TAI AN";"01530";"2025-04-30 17:00:00";"-53,8713833333";"-63,7508833333";"4,0";"337"
"TAI AN";"01530";"2025-04-30 17:09:00";"-53,8641166667";"-63,7615166667";"4,1";"297"
"TAI AN";"01530";"2025-04-30 17:15:00";"-53,8628833333";"-63,77255";"4,1";"260"
"TAI AN";"01530";"2025-04-30 17:24:00";"-53,8668833333";"-63,7859166667";"3,4";"226"
"TAI AN";"01530";"2025-04-30 17:30:00";"-53,8708833333";"-63,79255";"2,8";"227"
"TAI AN";"01530";"2025-04-30 17:39:00";"-53,8766166667";"-63,7995666667";"2,5";"211"
"TAI AN";"01530";"2025-04-30 17:45:00";"-53,88055";"-63,8032166667";"2,7";"203"
"TAI AN";"01530";"2025-04-30 17:54:00";"-53,8882166667";"-63,7994";"4,1";"133"
"TAI AN";"01530";"2025-04-30 18:00:00";"-53,89305";"-63,7908833333";"3,4";"130"
"TAI AN";"01530";"2025-04-30 18:09:00";"-53,8981833333";"-63,7789";"3,8";"125"
"TAI AN";"01530";"2025-04-30 18:15:00";"-53,9012166667";"-63,76905";"3,8";"114"
"TAI AN";"01530";"2025-04-30 18:24:00";"-53,9050166667";"-63,7554";"3,6";"125"
"TAI AN";"01530";"2025-04-30 18:30:00";"-53,9092166667";"-63,74755";"3,4";"138"
"TAI AN";"01530";"2025-04-30 18:38:00";"-53,91465";"-63,7382";"3,0";"136"
"TAI AN";"01530";"2025-04-30 18:45:00";"-53,9187166667";"-63,7312166667";"3,5";"133"
"TAI AN";"01530";"2025-04-30 18:53:00";"-53,9246833333";"-63,7217333333";"3,3";"138"
"TAI AN";"01530";"2025-04-30 19:00:00";"-53,9293833333";"-63,7153833333";"3,5";"145"
"TAI AN";"01530";"2025-04-30 19:08:00";"-53,9356";"-63,70675";"3,3";"141"
"TAI AN";"01530";"2025-04-30 19:15:00";"-53,94005";"-63,7002166667";"3,4";"134"
"TAI AN";"01530";"2025-04-30 19:23:00";"-53,9463";"-63,6928333333";"3,2";"148"
"TAI AN";"01530";"2025-04-30 19:30:00";"-53,95105";"-63,6878833333";"3,1";"148"
"TAI AN";"01530";"2025-04-30 19:38:00";"-53,9571";"-63,6810666667";"3,0";"152"
"TAI AN";"01530";"2025-04-30 19:45:00";"-53,9613833333";"-63,67555";"2,9";"141"
"TAI AN";"01530";"2025-04-30 19:53:00";"-53,9684833333";"-63,6712166667";"3,8";"174"
"TAI AN";"01530";"2025-04-30 20:00:00";"-53,9747166667";"-63,6697166667";"3,4";"174"
"TAI AN";"01530";"2025-04-30 20:08:00";"-53,9828666667";"-63,6700666667";"3,3";"182"
"TAI AN";"01530";"2025-04-30 20:15:00";"-53,98855";"-63,67055";"3,6";"181"
"TAI AN";"01530";"2025-04-30 20:23:00";"-53,9967833333";"-63,6717333333";"3,7";"182"
"TAI AN";"01530";"2025-04-30 20:30:00";"-54,00305";"-63,67305";"3,6";"185"
"TAI AN";"01530";"2025-04-30 20:38:00";"-54,0121333333";"-63,67545";"4,3";"196"
"TAI AN";"01530";"2025-04-30 20:45:00";"-54,01855";"-63,6778833333";"3,6";"186"
"TAI AN";"01530";"2025-04-30 20:53:00";"-54,02175";"-63,6796";"0,1";"212"
"TAI AN";"01530";"2025-04-30 21:00:00";"-54,02305";"-63,6798833333";"1,6";"172"
"TAI AN";"01530";"2025-04-30 21:08:00";"-54,02885";"-63,6785833333";"4,4";"157"
"TAI AN";"01530";"2025-04-30 21:15:00";"-54,0337166667";"-63,6962166667";"10,1";"261"
"TAI AN";"01530";"2025-04-30 21:23:00";"-54,0281333333";"-63,7172333333";"9,0";"25"
"TAI AN";"01530";"2025-04-30 21:30:00";"-54,01405";"-63,70155";"10,4";"38"
"TAI AN";"01530";"2025-04-30 21:38:00";"-54,01005";"-63,6625833333";"7,8";"134"
"TAI AN";"01530";"2025-04-30 21:45:00";"-54,02555";"-63,65955";"9,3";"182"
"TAI AN";"01530";"2025-04-30 21:53:00";"-54,0469";"-63,6644166667";"9,7";"199"
"TAI AN";"01530";"2025-04-30 22:00:00";"-54,0632166667";"-63,67505";"10,2";"203"
"TAI AN";"01530";"2025-04-30 22:08:00";"-54,0776333333";"-63,6592166667";"9,7";"97"
"TAI AN";"01530";"2025-04-30 22:15:00";"-54,08005";"-63,6288833333";"10,4";"92"
"TAI AN";"01530";"2025-04-30 22:30:00";"-54,07805";"-63,55855";"6,1";"170"
"TAI AN";"01530";"2025-04-30 22:38:00";"-54,0966";"-63,5684166667";"9,0";"199"
"TAI AN";"01530";"2025-04-30 22:45:00";"-54,11155";"-63,5802166667";"9,8";"204"
"TAI AN";"01530";"2025-04-30 22:53:00";"-54,1314833333";"-63,59695";"7,5";"129"
"TAI AN";"01530";"2025-04-30 23:00:00";"-54,1372166667";"-63,5697166667";"9,5";"104"
"TAI AN";"01530";"2025-04-30 23:08:00";"-54,14075";"-63,5321666667";"10,1";"99"
"TAI AN";"01530";"2025-04-30 23:15:00";"-54,1427166667";"-63,5008833333";"9,9";"94"
"TAI AN";"01530";"2025-04-30 23:23:00";"-54,1537333333";"-63,4845666667";"8,4";"179"
"TAI AN";"01530";"2025-04-30 23:30:00";"-54,16955";"-63,4847166667";"8,9";"181"
"TAI AN";"01530";"2025-04-30 23:38:00";"-54,1873666667";"-63,4784";"8,5";"92"
"TAI AN";"01530";"2025-04-30 23:45:00";"-54,19005";"-63,44905";"9,6";"98"
"TAI AN";"01530";"2025-04-30 23:53:00";"-54,1921333333";"-63,4133333333";"9,1";"95"
"TAI AN";"01530";"2025-05-01 00:00:00";"-54,19605";"-63,39455";"3,0";"130"
"TAI AN";"01530";"2025-05-01 00:08:00";"-54,20045";"-63,3879";"3,0";"134"
"TAI AN";"01530";"2025-05-01 00:15:00";"-54,2043833333";"-63,38205";"2,6";"142"
"TAI AN";"01530";"2025-05-01 00:23:00";"-54,20905";"-63,3757166667";"2,6";"144"
"TAI AN";"01530";"2025-05-01 00:30:00";"-54,2132166667";"-63,3703833333";"2,5";"138"
"TAI AN";"01530";"2025-05-01 00:38:00";"-54,2180166667";"-63,3637333333";"2,9";"137"
"TAI AN";"01530";"2025-05-01 00:45:00";"-54,2223833333";"-63,3592166667";"2,8";"151"
"TAI AN";"01530";"2025-05-01 00:53:00";"-54,2281833333";"-63,3534166667";"3,2";"147"
"TAI AN";"01530";"2025-05-01 01:00:00";"-54,23355";"-63,3487166667";"3,4";"149"
"TAI AN";"01530";"2025-05-01 01:08:00";"-54,2406333333";"-63,3459833333";"2,5";"176"
"TAI AN";"01530";"2025-05-01 01:15:00";"-54,2463833333";"-63,3463833333";"2,7";"181"
"TAI AN";"01530";"2025-05-01 01:23:00";"-54,2535666667";"-63,34525";"3,1";"175"
"TAI AN";"01530";"2025-05-01 01:30:00";"-54,25955";"-63,3448833333";"3,1";"179"
"TAI AN";"01530";"2025-05-01 01:38:00";"-54,2669666667";"-63,3443333333";"3,2";"187"
"TAI AN";"01530";"2025-05-01 01:45:00";"-54,2728833333";"-63,3447166667";"3,5";"179"
"TAI AN";"01530";"2025-05-01 01:53:00";"-54,2805333333";"-63,3446833333";"3,2";"183"
"TAI AN";"01530";"2025-05-01 02:00:00";"-54,28705";"-63,3447166667";"3,8";"185"
"TAI AN";"01530";"2025-05-01 02:08:00";"-54,2946333333";"-63,3455333333";"3,7";"184"
"TAI AN";"01530";"2025-05-01 02:15:00";"-54,3012166667";"-63,3457166667";"3,5";"172"
"TAI AN";"01530";"2025-05-01 02:23:00";"-54,3091666667";"-63,3448166667";"3,6";"166"
"TAI AN";"01530";"2025-05-01 02:30:00";"-54,31555";"-63,3448833333";"3,2";"189"
"TAI AN";"01530";"2025-05-01 02:38:00";"-54,3223666667";"-63,3470166667";"2,7";"193"
"TAI AN";"01530";"2025-05-01 02:45:00";"-54,32855";"-63,3487166667";"3,2";"186"
"TAI AN";"01530";"2025-05-01 02:53:00";"-54,3353833333";"-63,3510666667";"3,1";"186"
"TAI AN";"01530";"2025-05-01 03:00:00";"-54,3408833333";"-63,35305";"3,1";"187"
"TAI AN";"01530";"2025-05-01 03:08:00";"-54,3483";"-63,3553833333";"3,1";"187"
"TAI AN";"01530";"2025-05-01 03:15:00";"-54,35455";"-63,3577166667";"3,2";"189"
"TAI AN";"01530";"2025-05-01 03:23:00";"-54,3618666667";"-63,3599";"3,3";"192"
"TAI AN";"01530";"2025-05-01 03:30:00";"-54,3682166667";"-63,3617166667";"3,1";"192"
"TAI AN";"01530";"2025-05-01 03:38:00";"-54,3759166667";"-63,3634333333";"3,7";"188"
"TAI AN";"01530";"2025-05-01 03:45:00";"-54,3828833333";"-63,3637166667";"3,5";"170"
"TAI AN";"01530";"2025-05-01 03:53:00";"-54,3917";"-63,3614166667";"3,7";"167"
"TAI AN";"01530";"2025-05-01 04:00:00";"-54,3993833333";"-63,35905";"3,7";"165"
"TAI AN";"01530";"2025-05-01 04:08:00";"-54,40715";"-63,35655";"3,7";"173"
"TAI AN";"01530";"2025-05-01 04:15:00";"-54,4143833333";"-63,3587166667";"3,4";"205"
"TAI AN";"01530";"2025-05-01 04:23:00";"-54,4221833333";"-63,36335";"3,9";"193"
"TAI AN";"01530";"2025-05-01 04:30:00";"-54,4292166667";"-63,36655";"4,0";"197"
"TAI AN";"01530";"2025-05-01 04:38:00";"-54,4376833333";"-63,3695666667";"4,3";"185"
"TAI AN";"01530";"2025-05-01 04:45:00";"-54,44505";"-63,3717166667";"4,4";"184"
"TAI AN";"01530";"2025-05-01 04:53:00";"-54,4539833333";"-63,3729";"4,3";"184"
"TAI AN";"01530";"2025-05-01 05:00:00";"-54,4613833333";"-63,37205";"3,1";"128"
"TAI AN";"01530";"2025-05-01 05:08:00";"-54,4661";"-63,3641166667";"4,1";"136"
"TAI AN";"01530";"2025-05-01 05:15:00";"-54,4717166667";"-63,35455";"4,3";"143"
"TAI AN";"01530";"2025-05-01 05:23:00";"-54,4761333333";"-63,3350666667";"10,0";"78"
"TAI AN";"01530";"2025-05-01 05:30:00";"-54,4662166667";"-63,3013833333";"11,5";"57"
"TAI AN";"01530";"2025-05-01 05:38:00";"-54,45195";"-63,2674166667";"11,3";"53"
"TAI AN";"01530";"2025-05-01 05:45:00";"-54,43855";"-63,23655";"11,0";"52"
"TAI AN";"01530";"2025-05-01 05:52:00";"-54,4242833333";"-63,20385";"10,8";"54"
"TAI AN";"01530";"2025-05-01 06:00:00";"-54,41105";"-63,17355";"11,1";"52"
"TAI AN";"01530";"2025-05-01 06:07:00";"-54,39685";"-63,14055";"10,5";"54"
"TAI AN";"01530";"2025-05-01 06:15:00";"-54,38555";"-63,11005";"10,3";"56"
"TAI AN";"01530";"2025-05-01 06:22:00";"-54,37455";"-63,0798666667";"10,0";"60"
"TAI AN";"01530";"2025-05-01 06:30:00";"-54,36355";"-63,0527166667";"9,4";"48"
"TAI AN";"01530";"2025-05-01 06:37:00";"-54,3509833333";"-63,0259166667";"9,6";"51"
"TAI AN";"01530";"2025-05-01 06:45:00";"-54,3387166667";"-62,9998833333";"10,6";"55"
"TAI AN";"01530";"2025-05-01 06:52:00";"-54,32555";"-62,97125";"10,1";"47"
"TAI AN";"01530";"2025-05-01 07:00:00";"-54,31355";"-62,9442166667";"9,0";"55"
"TAI AN";"01530";"2025-05-01 07:07:00";"-54,3018166667";"-62,9172833333";"9,1";"52"
"TAI AN";"01530";"2025-05-01 07:15:00";"-54,2908833333";"-62,8917166667";"9,3";"51"
"TAI AN";"01530";"2025-05-01 07:22:00";"-54,27845";"-62,86245";"9,6";"52"
"TAI AN";"01530";"2025-05-01 07:30:00";"-54,26605";"-62,8343833333";"9,1";"51"
"TAI AN";"01530";"2025-05-01 07:37:00";"-54,2529666667";"-62,80635";"10,2";"50"
"TAI AN";"01530";"2025-05-01 07:45:00";"-54,2397166667";"-62,7788833333";"10,4";"51"
"TAI AN";"01530";"2025-05-01 07:52:00";"-54,2259333333";"-62,7506666667";"10,1";"49"
"TAI AN";"01530";"2025-05-01 08:00:00";"-54,2123833333";"-62,7228833333";"11,1";"49"
"TAI AN";"01530";"2025-05-01 08:07:00";"-54,1988666667";"-62,6930166667";"10,8";"51"
"TAI AN";"01530";"2025-05-01 08:15:00";"-54,1848833333";"-62,6642166667";"9,6";"48"
"TAI AN";"01530";"2025-05-01 08:22:00";"-54,1713";"-62,6360166667";"10,0";"54"
"TAI AN";"01530";"2025-05-01 08:30:00";"-54,1568833333";"-62,60705";"11,2";"51"
"TAI AN";"01530";"2025-05-01 08:37:00";"-54,14215";"-62,5777";"10,7";"46"
"TAI AN";"01530";"2025-05-01 08:45:00";"-54,1278833333";"-62,5487166667";"10,7";"54"
"TAI AN";"01530";"2025-05-01 08:52:00";"-54,1147666667";"-62,5204666667";"10,1";"50"
"TAI AN";"01530";"2025-05-01 09:00:00";"-54,10205";"-62,4917166667";"10,0";"51"
"TAI AN";"01530";"2025-05-01 09:07:00";"-54,0891666667";"-62,4639";"9,9";"55"
"TAI AN";"01530";"2025-05-01 09:15:00";"-54,0753833333";"-62,4342166667";"10,8";"53"
"TAI AN";"01530";"2025-05-01 09:22:00";"-54,0628833333";"-62,4051333333";"10,9";"55"
"TAI AN";"01530";"2025-05-01 09:30:00";"-54,05105";"-62,3743833333";"10,4";"61"
"TAI AN";"01530";"2025-05-01 09:37:00";"-54,03955";"-62,3448166667";"10,1";"58"
"TAI AN";"01530";"2025-05-01 09:45:00";"-54,0268833333";"-62,3132166667";"10,3";"56"
"TAI AN";"01530";"2025-05-01 09:52:00";"-54,0147";"-62,2836666667";"10,9";"55"
"TAI AN";"01530";"2025-05-01 10:00:00";"-54,0028833333";"-62,2548833333";"10,5";"55"
"TAI AN";"01530";"2025-05-01 10:07:00";"-53,9901166667";"-62,22685";"8,9";"55"
"TAI AN";"01530";"2025-05-01 10:15:00";"-53,97705";"-62,1982166667";"10,9";"50"
"TAI AN";"01530";"2025-05-01 10:22:00";"-53,9638166667";"-62,1712";"10,1";"53"
"TAI AN";"01530";"2025-05-01 10:30:00";"-53,95005";"-62,14255";"10,3";"48"
"TAI AN";"01530";"2025-05-01 10:37:00";"-53,93655";"-62,1142166667";"9,9";"51"
"TAI AN";"01530";"2025-05-01 10:45:00";"-53,92305";"-62,0838833333";"9,4";"59"
"TAI AN";"01530";"2025-05-01 10:52:00";"-53,9104666667";"-62,0537333333";"12,0";"60"
"TAI AN";"01530";"2025-05-01 11:00:00";"-53,8977166667";"-62,0223833333";"10,7";"55"
"TAI AN";"01530";"2025-05-01 11:07:00";"-53,8856";"-61,9926166667";"10,8";"55"
"TAI AN";"01530";"2025-05-01 11:15:00";"-53,8727166667";"-61,9613833333";"10,2";"53"
"TAI AN";"01530";"2025-05-01 11:22:00";"-53,8612166667";"-61,9331666667";"10,1";"51"
"TAI AN";"01530";"2025-05-01 11:30:00";"-53,8487166667";"-61,9043833333";"9,8";"49"
"TAI AN";"01530";"2025-05-01 11:37:00";"-53,8369333333";"-61,8786333333";"9,2";"51"
"TAI AN";"01530";"2025-05-01 11:45:00";"-53,8238833333";"-61,8513833333";"10,1";"52"
"TAI AN";"01530";"2025-05-01 11:52:00";"-53,8114333333";"-61,8262833333";"10,5";"50"
"TAI AN";"01530";"2025-05-01 12:00:00";"-53,7978833333";"-61,79905";"10,0";"54"
"TAI AN";"01530";"2025-05-01 12:07:00";"-53,7865666667";"-61,7706";"10,4";"55"
"TAI AN";"01530";"2025-05-01 12:15:00";"-53,77505";"-61,74005";"9,5";"66"
"TAI AN";"01530";"2025-05-01 12:22:00";"-53,7648833333";"-61,7120833333";"10,0";"61"
"TAI AN";"01530";"2025-05-01 12:30:00";"-53,7532166667";"-61,6808833333";"10,7";"58"
"TAI AN";"01530";"2025-05-01 12:37:00";"-53,74305";"-61,65305";"7,1";"58"
"TAI AN";"01530";"2025-05-01 12:45:00";"-53,73955";"-61,6392166667";"3,2";"64"
"TAI AN";"01530";"2025-05-01 12:52:00";"-53,73605";"-61,6255166667";"5,2";"72"
"TAI AN";"01530";"2025-05-01 13:00:00";"-53,73105";"-61,60955";"4,9";"62"
"TAI AN";"01530";"2025-05-01 13:07:00";"-53,7269166667";"-61,59575";"4,0";"66"
"TAI AN";"01530";"2025-05-01 13:15:00";"-53,7252166667";"-61,5838833333";"2,3";"76"
"TAI AN";"01530";"2025-05-01 13:22:00";"-53,7242";"-61,5738833333";"3,3";"67"
"TAI AN";"01530";"2025-05-01 13:30:00";"-53,7218833333";"-61,5618833333";"3,4";"73"
"TAI AN";"01530";"2025-05-01 13:37:00";"-53,71975";"-61,5520166667";"3,4";"59"
"TAI AN";"01530";"2025-05-01 13:45:00";"-53,71655";"-61,54155";"3,8";"61"
"TAI AN";"01530";"2025-05-01 13:52:00";"-53,7140333333";"-61,53225";"3,4";"62"
"TAI AN";"01530";"2025-05-01 14:00:00";"-53,7107166667";"-61,52155";"3,8";"59"
"TAI AN";"01530";"2025-05-01 14:07:00";"-53,7077833333";"-61,5121666667";"2,6";"64"
"TAI AN";"01530";"2025-05-01 14:15:00";"-53,7043833333";"-61,50155";"3,0";"56"
"TAI AN";"01530";"2025-05-01 14:22:00";"-53,7014166667";"-61,4920666667";"3,6";"53"
"TAI AN";"01530";"2025-05-01 14:30:00";"-53,69805";"-61,48155";"3,3";"53"
"TAI AN";"01530";"2025-05-01 14:37:00";"-53,6953333333";"-61,4728166667";"3,3";"60"
"TAI AN";"01530";"2025-05-01 14:45:00";"-53,6928833333";"-61,46105";"2,9";"78"
"TAI AN";"01530";"2025-05-01 14:52:00";"-53,6906";"-61,4503333333";"3,2";"66"
"TAI AN";"01530";"2025-05-01 15:00:00";"-53,68755";"-61,4377166667";"4,0";"50"
"TAI AN";"01530";"2025-05-01 15:07:00";"-53,6843166667";"-61,4265";"4,0";"65"
"TAI AN";"01530";"2025-05-01 15:15:00";"-53,6808833333";"-61,4138833333";"3,8";"71"
"TAI AN";"01530";"2025-05-01 15:22:00";"-53,6781";"-61,4031166667";"3,2";"54"
"TAI AN";"01530";"2025-05-01 15:30:00";"-53,6747166667";"-61,39105";"4,4";"51"
"TAI AN";"01530";"2025-05-01 15:37:00";"-53,6717";"-61,3799833333";"3,1";"78"
"TAI AN";"01530";"2025-05-01 15:45:00";"-53,6698833333";"-61,3663833333";"3,6";"61"
"TAI AN";"01530";"2025-05-01 16:00:00";"-53,66805";"-61,34255";"3,9";"79"
"TAI AN";"01530";"2025-05-01 16:07:00";"-53,6688833333";"-61,3295666667";"3,9";"94"
"TAI AN";"01530";"2025-05-01 16:15:00";"-53,67055";"-61,3147166667";"3,7";"101"
"TAI AN";"01530";"2025-05-01 16:22:00";"-53,6716833333";"-61,30235";"4,2";"89"
"TAI AN";"01530";"2025-05-01 16:30:00";"-53,67355";"-61,2872166667";"3,9";"97"
"TAI AN";"01530";"2025-05-01 16:37:00";"-53,67485";"-61,2750666667";"3,9";"94"
"TAI AN";"01530";"2025-05-01 16:45:00";"-53,67605";"-61,2603833333";"4,1";"81"
"TAI AN";"01530";"2025-05-01 16:52:00";"-53,6748333333";"-61,2487333333";"3,6";"88"
"TAI AN";"01530";"2025-05-01 17:00:00";"-53,6733833333";"-61,23455";"3,8";"81"
"TAI AN";"01530";"2025-05-01 17:06:00";"-53,6721666667";"-61,2229";"4,0";"89"
"TAI AN";"01530";"2025-05-01 17:15:00";"-53,66905";"-61,2092166667";"4,1";"69"
"TAI AN";"01530";"2025-05-01 17:21:00";"-53,6677666667";"-61,1968";"4,0";"91"
"TAI AN";"01530";"2025-05-01 17:30:00";"-53,6677166667";"-61,1807166667";"4,5";"79"
"TAI AN";"01530";"2025-05-01 17:36:00";"-53,66685";"-61,1682833333";"3,4";"86"
"TAI AN";"01530";"2025-05-01 17:45:00";"-53,66605";"-61,15305";"4,3";"89"
"TAI AN";"01530";"2025-05-01 17:51:00";"-53,6669333333";"-61,1404666667";"4,1";"97"
"TAI AN";"01530";"2025-05-01 18:00:00";"-53,66855";"-61,1243833333";"4,0";"108"
"TAI AN";"01530";"2025-05-01 18:06:00";"-53,6700833333";"-61,1116";"4,0";"106"
"TAI AN";"01530";"2025-05-01 18:15:00";"-53,6728833333";"-61,0958833333";"4,1";"101"
"TAI AN";"01530";"2025-05-01 18:21:00";"-53,6747166667";"-61,0833166667";"4,5";"96"
"TAI AN";"01530";"2025-05-01 18:30:00";"-53,6767166667";"-61,0673833333";"3,8";"94"
"TAI AN";"01530";"2025-05-01 18:36:00";"-53,6781166667";"-61,0549666667";"4,9";"99"
"TAI AN";"01530";"2025-05-01 18:45:00";"-53,68005";"-61,0383833333";"3,7";"97"
"TAI AN";"01530";"2025-05-01 18:51:00";"-53,68165";"-61,0314833333";"1,6";"134"
"TAI AN";"01530";"2025-05-01 19:00:00";"-53,67555";"-61,0278833333";"6,3";"334"
"TAI AN";"01530";"2025-05-01 19:06:00";"-53,6672333333";"-61,0401833333";"5,3";"295"
"TAI AN";"01530";"2025-05-01 19:15:00";"-53,66505";"-61,0567166667";"4,2";"284"
"TAI AN";"01530";"2025-05-01 19:21:00";"-53,66465";"-61,0677";"4,2";"254"
"TAI AN";"01530";"2025-05-01 19:30:00";"-53,66505";"-61,0823833333";"3,3";"278"
"TAI AN";"01530";"2025-05-01 19:36:00";"-53,6652166667";"-61,0937333333";"4,0";"262"
"TAI AN";"01530";"2025-05-01 19:45:00";"-53,6658833333";"-61,10705";"4,3";"260"
"TAI AN";"01530";"2025-05-01 19:51:00";"-53,6660666667";"-61,1192";"4,1";"266"
"TAI AN";"01530";"2025-05-01 20:00:00";"-53,66705";"-61,13305";"3,5";"271"
"TAI AN";"01530";"2025-05-01 20:06:00";"-53,6683333333";"-61,1436666667";"3,2";"254"
"TAI AN";"01530";"2025-05-01 20:15:00";"-53,6707166667";"-61,1558833333";"3,0";"268"
"TAI AN";"01530";"2025-05-01 20:21:00";"-53,66965";"-61,1658166667";"3,3";"286"
"TAI AN";"01530";"2025-05-01 20:30:00";"-53,6673833333";"-61,17855";"3,7";"275"
"TAI AN";"01530";"2025-05-01 20:36:00";"-53,6648166667";"-61,1877833333";"3,3";"302"
"TAI AN";"01530";"2025-05-01 20:45:00";"-53,66105";"-61,1988833333";"3,7";"299"
"TAI AN";"01530";"2025-05-01 20:51:00";"-53,6587166667";"-61,2077666667";"2,4";"279"
"TAI AN";"01530";"2025-05-01 21:00:00";"-53,6613833333";"-61,21355";"1,7";"209"
"TAI AN";"01530";"2025-05-01 21:06:00";"-53,6642666667";"-61,21675";"1,5";"198"
"TAI AN";"01530";"2025-05-01 21:15:00";"-53,6697166667";"-61,22255";"3,0";"204"
"TAI AN";"01530";"2025-05-01 21:21:00";"-53,6768333333";"-61,2284";"7,6";"214"
"TAI AN";"01530";"2025-05-01 21:30:00";"-53,68855";"-61,2648833333";"11,0";"245"
"TAI AN";"01530";"2025-05-01 21:36:00";"-53,6965666667";"-61,2945166667";"11,1";"248"
"TAI AN";"01530";"2025-05-01 21:45:00";"-53,7077166667";"-61,3352166667";"10,8";"247"
"TAI AN";"01530";"2025-05-01 21:51:00";"-53,7157333333";"-61,3650666667";"11,2";"244"
"TAI AN";"01530";"2025-05-01 22:00:00";"-53,7267166667";"-61,4072166667";"11,1";"241"
"TAI AN";"01530";"2025-05-01 22:06:00";"-53,7340333333";"-61,4373166667";"11,3";"251"
"TAI AN";"01530";"2025-05-01 22:15:00";"-53,74555";"-61,47955";"11,6";"248"
"TAI AN";"01530";"2025-05-01 22:21:00";"-53,7539333333";"-61,5104666667";"11,4";"246"
"TAI AN";"01530";"2025-05-01 22:30:00";"-53,76505";"-61,55405";"11,7";"250"
"TAI AN";"01530";"2025-05-01 22:36:00";"-53,7732333333";"-61,5855333333";"11,8";"247"
"TAI AN";"01530";"2025-05-01 22:45:00";"-53,78405";"-61,6282166667";"11,8";"250"
"TAI AN";"01530";"2025-05-01 22:51:00";"-53,7912666667";"-61,6599833333";"11,1";"247"
"TAI AN";"01530";"2025-05-01 23:00:00";"-53,8008833333";"-61,7037166667";"11,3";"249"
"TAI AN";"01530";"2025-05-01 23:06:00";"-53,8073666667";"-61,7343";"11,5";"250"
"TAI AN";"01530";"2025-05-01 23:15:00";"-53,81655";"-61,7783833333";"11,1";"252"
"TAI AN";"01530";"2025-05-01 23:21:00";"-53,8234166667";"-61,8093";"11,6";"251"
"TAI AN";"01530";"2025-05-01 23:30:00";"-53,83355";"-61,85405";"12,0";"246"
"TAI AN";"01530";"2025-05-01 23:36:00";"-53,8403333333";"-61,88485";"11,1";"247"
"TAI AN";"01530";"2025-05-01 23:45:00";"-53,8508833333";"-61,9293833333";"11,5";"249"
"TAI AN";"01530";"2025-05-01 23:51:00";"-53,8582";"-61,9594333333";"10,8";"245"
"TAI AN";"01530";"2025-05-02 00:00:00";"-53,86855";"-62,00155";"10,8";"245"
"TAI AN";"01530";"2025-05-02 00:06:00";"-53,8751333333";"-62,0294";"10,2";"244"
"TAI AN";"01530";"2025-05-02 00:15:00";"-53,8842166667";"-62,0693833333";"10,6";"244"
"TAI AN";"01530";"2025-05-02 00:21:00";"-53,89165";"-62,0968666667";"10,7";"242"
"TAI AN";"01530";"2025-05-02 00:30:00";"-53,9033833333";"-62,1388833333";"11,1";"244"
"TAI AN";"01530";"2025-05-02 00:31:00";"-53,90525";"-62,1454";"11,1";"242"
"TAI AN";"01530";"2025-05-02 00:35:00";"-53,9100666667";"-62,1617833333";"0,0";"244"
"TAI AN";"01530";"2025-05-02 00:36:00";"-53,9116";"-62,1672";"11,2";"244"
"TAI AN";"01530";"2025-05-02 00:45:00";"-53,92405";"-62,2092166667";"10,4";"245"
"TAI AN";"01530";"2025-05-02 00:51:00";"-53,9324333333";"-62,2371333333";"11,4";"243"
"TAI AN";"01530";"2025-05-02 01:00:00";"-53,9458833333";"-62,27955";"11,7";"238"
"TAI AN";"01530";"2025-05-02 01:06:00";"-53,95495";"-62,3079833333";"11,4";"241"
"TAI AN";"01530";"2025-05-02 01:15:00";"-53,96805";"-62,34955";"11,5";"245"
"TAI AN";"01530";"2025-05-02 01:21:00";"-53,9765166667";"-62,3762833333";"10,7";"239"
"TAI AN";"01530";"2025-05-02 01:30:00";"-53,98855";"-62,4152166667";"10,5";"243"
"TAI AN";"01530";"2025-05-02 01:36:00";"-53,9965";"-62,4428333333";"10,9";"243"
"TAI AN";"01530";"2025-05-02 01:45:00";"-54,0077166667";"-62,4847166667";"11,0";"245"
"TAI AN";"01530";"2025-05-02 01:51:00";"-54,01575";"-62,5118833333";"11,2";"244"
"TAI AN";"01530";"2025-05-02 02:00:00";"-54,0288833333";"-62,55455";"11,2";"240"
"TAI AN";"01530";"2025-05-02 02:06:00";"-54,0371";"-62,5827";"11,6";"244"
"TAI AN";"01530";"2025-05-02 02:15:00";"-54,0497166667";"-62,6272166667";"11,6";"245"
"TAI AN";"01530";"2025-05-02 02:21:00";"-54,0579166667";"-62,6560666667";"11,4";"241"
"TAI AN";"01530";"2025-05-02 02:30:00";"-54,0712166667";"-62,6993833333";"11,4";"242"
"TAI AN";"01530";"2025-05-02 02:36:00";"-54,0804";"-62,7268333333";"11,7";"240"
"TAI AN";"01530";"2025-05-02 02:45:00";"-54,09505";"-62,7703833333";"11,5";"238"
"TAI AN";"01530";"2025-05-02 02:51:00";"-54,1047";"-62,7971333333";"11,3";"239"
"TAI AN";"01530";"2025-05-02 03:00:00";"-54,11905";"-62,84055";"11,7";"246"
"TAI AN";"01530";"2025-05-02 03:06:00";"-54,1279666667";"-62,8690166667";"12,0";"241"
"TAI AN";"01530";"2025-05-02 03:15:00";"-54,14155";"-62,9148833333";"11,7";"244"
"TAI AN";"01530";"2025-05-02 03:21:00";"-54,1493333333";"-62,9444333333";"11,9";"243"
"TAI AN";"01530";"2025-05-02 03:30:00";"-54,1622166667";"-62,99255";"12,3";"245"
"TAI AN";"01530";"2025-05-02 03:36:00";"-54,1709666667";"-63,0248333333";"12,6";"244"
"TAI AN";"01530";"2025-05-02 03:45:00";"-54,18505";"-63,0737166667";"12,8";"241"
"TAI AN";"01530";"2025-05-02 03:51:00";"-54,1947833333";"-63,1053833333";"12,4";"237"
"TAI AN";"01530";"2025-05-02 04:00:00";"-54,2093833333";"-63,15255";"11,9";"245"
"TAI AN";"01530";"2025-05-02 04:06:00";"-54,2166";"-63,1815333333";"11,4";"248"
"TAI AN";"01530";"2025-05-02 04:15:00";"-54,22855";"-63,2272166667";"12,0";"244"
"TAI AN";"01530";"2025-05-02 04:20:00";"-54,2361833333";"-63,2560166667";"11,7";"246"
"TAI AN";"01530";"2025-05-02 04:30:00";"-54,2488833333";"-63,30455";"11,9";"248"
"TAI AN";"01530";"2025-05-02 04:35:00";"-54,2565166667";"-63,3341333333";"12,2";"245"
"TAI AN";"01530";"2025-05-02 04:45:00";"-54,2667166667";"-63,3842166667";"11,9";"255"
"TAI AN";"01530";"2025-05-02 04:50:00";"-54,2758333333";"-63,4043333333";"10,2";"225"
"TAI AN";"01530";"2025-05-02 05:00:00";"-54,2952166667";"-63,4117166667";"5,9";"175"
"TAI AN";"01530";"2025-05-02 05:05:00";"-54,3048";"-63,4081333333";"5,4";"158"
"TAI AN";"01530";"2025-05-02 05:15:00";"-54,31555";"-63,4018833333";"4,6";"161"
"TAI AN";"01530";"2025-05-02 05:20:00";"-54,3212833333";"-63,3973166667";"4,0";"158"
"TAI AN";"01530";"2025-05-02 05:30:00";"-54,3312166667";"-63,3882166667";"4,5";"149"
"TAI AN";"01530";"2025-05-02 05:35:00";"-54,3366";"-63,3832333333";"3,1";"163"
"TAI AN";"01530";"2025-05-02 05:45:00";"-54,3437166667";"-63,37455";"5,3";"110"
"TAI AN";"01530";"2025-05-02 05:50:00";"-54,3404666667";"-63,3647166667";"5,5";"16"
"TAI AN";"01530";"2025-05-02 06:00:00";"-54,3283833333";"-63,3667166667";"4,2";"349"
"TAI AN";"01530";"2025-05-02 06:05:00";"-54,3224833333";"-63,3695";"3,5";"348"
"TAI AN";"01530";"2025-05-02 06:15:00";"-54,31305";"-63,3727166667";"4,0";"354"
"TAI AN";"01530";"2025-05-02 06:20:00";"-54,3068833333";"-63,3745";"3,9";"355"
"TAI AN";"01530";"2025-05-02 06:30:00";"-54,2973833333";"-63,3752166667";"4,3";"344"
"TAI AN";"01530";"2025-05-02 06:35:00";"-54,2911833333";"-63,3761";"3,5";"354"
"TAI AN";"01530";"2025-05-02 06:45:00";"-54,28155";"-63,37755";"4,5";"2"
"TAI AN";"01530";"2025-05-02 06:50:00";"-54,2756166667";"-63,3779833333";"3,5";"1"
"TAI AN";"01530";"2025-05-02 07:00:00";"-54,2658833333";"-63,3818833333";"4,3";"343"
"TAI AN";"01530";"2025-05-02 07:05:00";"-54,2602";"-63,38435";"3,7";"342"
"TAI AN";"01530";"2025-05-02 07:15:00";"-54,25105";"-63,3912166667";"3,7";"326"
"TAI AN";"01530";"2025-05-02 07:20:00";"-54,2453";"-63,3954666667";"3,7";"334"
"TAI AN";"01530";"2025-05-02 07:30:00";"-54,2357166667";"-63,40205";"4,2";"340"
"TAI AN";"01530";"2025-05-02 07:35:00";"-54,2300166667";"-63,4064333333";"3,7";"330"
"TAI AN";"01530";"2025-05-02 07:45:00";"-54,2213833333";"-63,4133833333";"3,9";"341"
"TAI AN";"01530";"2025-05-02 07:50:00";"-54,2158666667";"-63,4176333333";"4,6";"342"
"TAI AN";"01530";"2025-05-02 08:00:00";"-54,2068833333";"-63,4242166667";"3,9";"338"
"TAI AN";"01530";"2025-05-02 08:05:00";"-54,2012833333";"-63,428";"3,7";"334"
"TAI AN";"01530";"2025-05-02 08:15:00";"-54,19255";"-63,43555";"4,1";"334"
"TAI AN";"01530";"2025-05-02 08:20:00";"-54,1870666667";"-63,44055";"3,8";"333"
"TAI AN";"01530";"2025-05-02 08:30:00";"-54,1832166667";"-63,45655";"4,0";"277"
"TAI AN";"01530";"2025-05-02 08:35:00";"-54,18385";"-63,4670833333";"4,0";"256"
"TAI AN";"01530";"2025-05-02 08:45:00";"-54,1862166667";"-63,47655";"1,3";"228"
"TAI AN";"01530";"2025-05-02 08:50:00";"-54,1870833333";"-63,47815";"1,1";"224"
"TAI AN";"01530";"2025-05-02 09:00:00";"-54,1917166667";"-63,4863833333";"3,8";"159"
"TAI AN";"01530";"2025-05-02 09:05:00";"-54,1940166667";"-63,4777166667";"5,9";"284"
"TAI AN";"01530";"2025-05-02 09:15:00";"-54,1943833333";"-63,4648833333";"10,6";"129"
"TAI AN";"01530";"2025-05-02 09:20:00";"-54,2044333333";"-63,44365";"11,5";"131"
"TAI AN";"01530";"2025-05-02 09:30:00";"-54,2232166667";"-63,40305";"10,0";"132"
"TAI AN";"01530";"2025-05-02 09:35:00";"-54,2316";"-63,38255";"6,3";"121"
"TAI AN";"01530";"2025-05-02 09:45:00";"-54,23555";"-63,36155";"4,1";"141"
"TAI AN";"01530";"2025-05-02 09:50:00";"-54,2397666667";"-63,3571333333";"3,2";"156"
"TAI AN";"01530";"2025-05-02 10:00:00";"-54,24705";"-63,3513833333";"3,0";"162"
"TAI AN";"01530";"2025-05-02 10:05:00";"-54,25105";"-63,34855";"3,0";"159"
"TAI AN";"01530";"2025-05-02 10:15:00";"-54,25805";"-63,3443833333";"2,7";"147"
"TAI AN";"01530";"2025-05-02 10:20:00";"-54,26175";"-63,3427833333";"2,9";"185"
"TAI AN";"01530";"2025-05-02 10:30:00";"-54,2693833333";"-63,34205";"3,1";"178"
"TAI AN";"01530";"2025-05-02 10:35:00";"-54,2734333333";"-63,34155";"2,9";"175"
"TAI AN";"01530";"2025-05-02 10:45:00";"-54,2778833333";"-63,3307166667";"4,4";"83"
"TAI AN";"01530";"2025-05-02 10:50:00";"-54,2772833333";"-63,3222333333";"3,2";"65"
"TAI AN";"01530";"2025-05-02 11:00:00";"-54,26855";"-63,3077166667";"4,0";"41"
"TAI AN";"01530";"2025-05-02 11:05:00";"-54,2614";"-63,30435";"5,2";"11"
"TAI AN";"01530";"2025-05-02 11:15:00";"-54,24705";"-63,3073833333";"5,6";"338"
"TAI AN";"01530";"2025-05-02 11:20:00";"-54,23955";"-63,3119333333";"5,7";"335"
"TAI AN";"01530";"2025-05-02 11:30:00";"-54,2263833333";"-63,32055";"5,4";"333"
"TAI AN";"01530";"2025-05-02 11:35:00";"-54,2188666667";"-63,3250666667";"5,4";"349"
"TAI AN";"01530";"2025-05-02 11:45:00";"-54,2053833333";"-63,3337166667";"5,3";"336"
"TAI AN";"01530";"2025-05-02 11:50:00";"-54,19835";"-63,33895";"5,5";"328"
"TAI AN";"01530";"2025-05-02 12:00:00";"-54,1852166667";"-63,3493833333";"5,3";"348"
"TAI AN";"01530";"2025-05-02 12:05:00";"-54,1782166667";"-63,3552333333";"5,4";"331"
"TAI AN";"01530";"2025-05-02 12:15:00";"-54,1652166667";"-63,3673833333";"5,7";"323"
"TAI AN";"01530";"2025-05-02 12:20:00";"-54,1586333333";"-63,3757";"5,9";"313"
"TAI AN";"01530";"2025-05-02 12:30:00";"-54,14805";"-63,3913833333";"5,1";"316"
"TAI AN";"01530";"2025-05-02 12:35:00";"-54,1422166667";"-63,3990833333";"4,9";"320"
"TAI AN";"01530";"2025-05-02 12:45:00";"-54,13205";"-63,41405";"5,2";"318"
"TAI AN";"01530";"2025-05-02 12:50:00";"-54,1269";"-63,4235666667";"4,7";"310"
"TAI AN";"01530";"2025-05-02 13:00:00";"-54,1177166667";"-63,44105";"5,0";"308"
"TAI AN";"01530";"2025-05-02 13:15:00";"-54,10405";"-63,4673833333";"4,8";"306"
"TAI AN";"01530";"2025-05-02 13:20:00";"-54,1004833333";"-63,47695";"4,5";"307"
"TAI AN";"01530";"2025-05-02 13:30:00";"-54,0943833333";"-63,4963833333";"4,3";"298"
"TAI AN";"01530";"2025-05-02 13:35:00";"-54,0912166667";"-63,5056666667";"4,3";"302"
"TAI AN";"01530";"2025-05-02 13:45:00";"-54,0853833333";"-63,5237166667";"4,3";"301"
"TAI AN";"01530";"2025-05-02 13:50:00";"-54,0824833333";"-63,5330833333";"4,6";"296"
"TAI AN";"01530";"2025-05-02 14:00:00";"-54,0772166667";"-63,55155";"4,5";"295"
"TAI AN";"01530";"2025-05-02 14:05:00";"-54,0745833333";"-63,56075";"4,7";"297"
"TAI AN";"01530";"2025-05-02 14:15:00";"-54,0698833333";"-63,5797166667";"4,3";"296"
"TAI AN";"01530";"2025-05-02 14:20:00";"-54,0676833333";"-63,5885833333";"4,1";"291"
"TAI AN";"01530";"2025-05-02 14:30:00";"-54,0637166667";"-63,6068833333";"4,4";"301"
"TAI AN";"01530";"2025-05-02 14:35:00";"-54,0596333333";"-63,6148";"4,5";"323"
"TAI AN";"01530";"2025-05-02 14:45:00";"-54,0482166667";"-63,62405";"4,8";"343"
"TAI AN";"01530";"2025-05-02 14:50:00";"-54,04185";"-63,62595";"4,7";"344"
"TAI AN";"01530";"2025-05-02 15:00:00";"-54,0297166667";"-63,63005";"4,7";"343"
"TAI AN";"01530";"2025-05-02 15:05:00";"-54,0236";"-63,632";"4,1";"357"
"TAI AN";"01530";"2025-05-02 15:15:00";"-54,01055";"-63,63605";"5,0";"345"
"TAI AN";"01530";"2025-05-02 15:20:00";"-54,0042666667";"-63,63825";"4,4";"354"
"TAI AN";"01530";"2025-05-02 15:30:00";"-53,9908833333";"-63,64505";"4,8";"331"
"TAI AN";"01530";"2025-05-02 15:35:00";"-53,9849";"-63,6506";"4,2";"332"
"TAI AN";"01530";"2025-05-02 15:45:00";"-53,9743833333";"-63,6623833333";"4,3";"325"
"TAI AN";"01530";"2025-05-02 15:49:00";"-53,9693166667";"-63,6671833333";"4,7";"333"
"TAI AN";"01530";"2025-05-02 16:00:00";"-53,9588833333";"-63,6778833333";"4,5";"334"
"TAI AN";"01530";"2025-05-02 16:04:00";"-53,9534333333";"-63,6829";"4,6";"339"
"TAI AN";"01530";"2025-05-02 16:15:00";"-53,94255";"-63,6937166667";"4,5";"328"
"TAI AN";"01530";"2025-05-02 16:19:00";"-53,9373833333";"-63,6988166667";"4,4";"328"
"TAI AN";"01530";"2025-05-02 16:30:00";"-53,9272166667";"-63,7088833333";"3,7";"333"
"TAI AN";"01530";"2025-05-02 16:34:00";"-53,9222";"-63,7138666667";"4,0";"336"
"TAI AN";"01530";"2025-05-02 16:45:00";"-53,9122166667";"-63,7237166667";"4,1";"337"
"TAI AN";"01530";"2025-05-02 16:49:00";"-53,9095";"-63,7278";"1,7";"297"
"TAI AN";"01530";"2025-05-02 17:00:00";"-53,9092166667";"-63,73705";"2,6";"265"
"TAI AN";"01530";"2025-05-02 17:04:00";"-53,9095666667";"-63,7436333333";"2,6";"267"
"TAI AN";"01530";"2025-05-02 17:15:00";"-53,9163833333";"-63,7708833333";"8,7";"203"
"TAI AN";"01530";"2025-05-02 17:19:00";"-53,9267166667";"-63,7683666667";"9,3";"131"
"TAI AN";"01530";"2025-05-02 17:30:00";"-53,9393833333";"-63,7342166667";"7,6";"100"
"TAI AN";"01530";"2025-05-02 17:34:00";"-53,9379666667";"-63,7188166667";"6,5";"81"
"TAI AN";"01530";"2025-05-02 17:45:00";"-53,94755";"-63,7063833333";"4,6";"129"
"TAI AN";"01530";"2025-05-02 17:49:00";"-53,9520833333";"-63,6993166667";"4,7";"137"
"TAI AN";"01530";"2025-05-02 18:00:00";"-53,9613833333";"-63,6858833333";"3,6";"151"
"TAI AN";"01530";"2025-05-02 18:04:00";"-53,9645833333";"-63,6818833333";"3,4";"140"
"TAI AN";"01530";"2025-05-02 18:15:00";"-53,9712166667";"-63,67105";"3,3";"136"
"TAI AN";"01530";"2025-05-02 18:19:00";"-53,9744666667";"-63,6663666667";"3,4";"131"
"TAI AN";"01530";"2025-05-02 18:30:00";"-53,98205";"-63,6568833333";"3,2";"146"
"TAI AN";"01530";"2025-05-02 18:34:00";"-53,9853666667";"-63,6530833333";"3,1";"148"
"TAI AN";"01530";"2025-05-02 18:45:00";"-53,99305";"-63,6437166667";"4,0";"143"
"TAI AN";"01530";"2025-05-02 18:49:00";"-53,9964666667";"-63,6388333333";"3,6";"140"
"TAI AN";"01530";"2025-05-02 19:00:00";"-54,0047166667";"-63,6247166667";"3,8";"127"
"TAI AN";"01530";"2025-05-02 19:04:00";"-54,0072";"-63,6179833333";"4,0";"124"
"TAI AN";"01530";"2025-05-02 19:15:00";"-54,0123833333";"-63,6033833333";"3,0";"131"
"TAI AN";"01530";"2025-05-02 19:19:00";"-54,015";"-63,5983333333";"3,3";"141"
"TAI AN";"01530";"2025-05-02 19:30:00";"-54,0242166667";"-63,5938833333";"3,6";"182"
"TAI AN";"01530";"2025-05-02 19:34:00";"-54,02865";"-63,59435";"3,6";"182"
"TAI AN";"01530";"2025-05-02 19:45:00";"-54,03905";"-63,5942166667";"3,7";"179"
"TAI AN";"01530";"2025-05-02 19:49:00";"-54,0437833333";"-63,5942";"3,9";"175"
"TAI AN";"01530";"2025-05-02 20:00:00";"-54,0552166667";"-63,59405";"3,8";"183"
"TAI AN";"01530";"2025-05-02 20:04:00";"-54,0592833333";"-63,5940666667";"3,5";"180"
"TAI AN";"01530";"2025-05-02 20:15:00";"-54,0703833333";"-63,5957166667";"3,4";"179"
"TAI AN";"01530";"2025-05-02 20:19:00";"-54,0745";"-63,5955666667";"3,7";"181"
"TAI AN";"01530";"2025-05-02 20:30:00";"-54,0842166667";"-63,5937166667";"3,5";"169"
"TAI AN";"01530";"2025-05-02 20:34:00";"-54,0883";"-63,59165";"3,6";"162"
"TAI AN";"01530";"2025-05-02 20:45:00";"-54,0943833333";"-63,5783833333";"3,7";"96"
"TAI AN";"01530";"2025-05-02 20:49:00";"-54,0947833333";"-63,5711166667";"3,6";"88"
"TAI AN";"01530";"2025-05-02 21:00:00";"-54,0957166667";"-63,5538833333";"2,7";"107"
"TAI AN";"01530";"2025-05-02 21:04:00";"-54,0974";"-63,5481";"3,1";"147"
"TAI AN";"01530";"2025-05-02 21:15:00";"-54,1068833333";"-63,5397166667";"3,5";"147"
"TAI AN";"01530";"2025-05-02 21:19:00";"-54,1102166667";"-63,5365833333";"3,3";"145"
"TAI AN";"01530";"2025-05-02 21:30:00";"-54,1177166667";"-63,5272166667";"2,8";"144"
"TAI AN";"01530";"2025-05-02 21:34:00";"-54,1204333333";"-63,5232666667";"3,0";"141"
"TAI AN";"01530";"2025-05-02 21:45:00";"-54,1278833333";"-63,5133833333";"2,8";"140"
"TAI AN";"01530";"2025-05-02 21:49:00";"-54,1308";"-63,5096666667";"3,1";"154"
"TAI AN";"01530";"2025-05-02 22:00:00";"-54,1393833333";"-63,5023833333";"2,8";"154"
"TAI AN";"01530";"2025-05-02 22:04:00";"-54,1424833333";"-63,4995833333";"2,9";"152"
"TAI AN";"01530";"2025-05-02 22:15:00";"-54,1502166667";"-63,4927166667";"2,7";"161"
"TAI AN";"01530";"2025-05-02 22:19:00";"-54,15315";"-63,4898";"3,3";"147"
"TAI AN";"01530";"2025-05-02 22:30:00";"-54,15855";"-63,4772166667";"3,3";"116"
"TAI AN";"01530";"2025-05-02 22:34:00";"-54,1599166667";"-63,4719";"2,3";"121"
"TAI AN";"01530";"2025-05-02 22:45:00";"-54,16555";"-63,4602166667";"3,5";"146"
"TAI AN";"01530";"2025-05-02 22:49:00";"-54,1685333333";"-63,4572333333";"3,0";"149"
"TAI AN";"01530";"2025-05-02 23:00:00";"-54,17355";"-63,45255";"0,5";"218"
"TAI AN";"01530";"2025-05-02 23:04:00";"-54,1738666667";"-63,45285";"0,5";"124"
"TAI AN";"01530";"2025-05-02 23:15:00";"-54,1748833333";"-63,4587166667";"1,6";"271"
"TAI AN";"01530";"2025-05-02 23:19:00";"-54,1766";"-63,4612166667";"1,9";"181"
"TAI AN";"01530";"2025-05-02 23:30:00";"-54,1982166667";"-63,4672166667";"8,7";"168"
"TAI AN";"01530";"2025-05-02 23:34:00";"-54,20805";"-63,4673166667";"8,3";"184"
"TAI AN";"01530";"2025-05-02 23:45:00";"-54,2208833333";"-63,43505";"8,5";"139"
"TAI AN";"01530";"2025-05-02 23:49:00";"-54,2287166667";"-63,4281166667";"8,1";"146"
"TAI AN";"01530";"2025-05-03 00:00:00";"-54,25155";"-63,41255";"7,8";"150"
"TAI AN";"01530";"2025-05-03 00:04:00";"-54,2589833333";"-63,4106833333";"9,1";"255"
"TAI AN";"01530";"2025-05-03 00:15:00";"-54,2772166667";"-63,4258833333";"8,3";"123"
"TAI AN";"01530";"2025-05-03 00:19:00";"-54,2792166667";"-63,40995";"8,6";"88"
"TAI AN";"01530";"2025-05-03 00:30:00";"-54,2757166667";"-63,3633833333";"8,9";"71"
"TAI AN";"01530";"2025-05-03 00:45:00";"-54,25005";"-63,3158833333";"12,7";"327"
"TAI AN";"01530";"2025-05-03 00:49:00";"-54,24015";"-63,3338833333";"13,4";"308"
"TAI AN";"01530";"2025-05-03 01:00:00";"-54,2163833333";"-63,3913833333";"12,0";"339"
"TAI AN";"01530";"2025-05-03 01:04:00";"-54,2041833333";"-63,3893166667";"11,5";"7"
"TAI AN";"01530";"2025-05-03 01:15:00";"-54,16805";"-63,39205";"10,5";"303"
"TAI AN";"01530";"2025-05-03 01:19:00";"-54,1665166667";"-63,4137";"12,4";"269"
"TAI AN";"01530";"2025-05-03 01:30:00";"-54,16455";"-63,48105";"13,2";"272"
"TAI AN";"01530";"2025-05-03 01:34:00";"-54,1637166667";"-63,5046833333";"12,0";"276"
"TAI AN";"01530";"2025-05-03 01:45:00";"-54,1623833333";"-63,56705";"11,5";"270"
"TAI AN";"01530";"2025-05-03 01:49:00";"-54,1618666667";"-63,5879166667";"11,5";"312"
"TAI AN";"01530";"2025-05-03 02:00:00";"-54,1377166667";"-63,56405";"8,6";"86"
"TAI AN";"01530";"2025-05-03 02:04:00";"-54,1391666667";"-63,54985";"7,6";"107"
"TAI AN";"01530";"2025-05-03 02:15:00";"-54,1463833333";"-63,5348833333";"2,5";"141"
"TAI AN";"01530";"2025-05-03 02:19:00";"-54,1494";"-63,53715";"4,6";"231"
"TAI AN";"01530";"2025-05-03 02:30:00";"-54,15205";"-63,56555";"5,5";"296"
"TAI AN";"01530";"2025-05-03 02:34:00";"-54,1487333333";"-63,5740666667";"6,2";"304"
"TAI AN";"01530";"2025-05-03 02:45:00";"-54,1358833333";"-63,5917166667";"5,2";"323"
"TAI AN";"01530";"2025-05-03 02:49:00";"-54,13095";"-63,5975";"5,6";"320"
"TAI AN";"01530";"2025-05-03 03:00:00";"-54,11805";"-63,6127166667";"5,0";"328"
"TAI AN";"01530";"2025-05-03 03:04:00";"-54,1133833333";"-63,6181166667";"5,8";"322"
"TAI AN";"01530";"2025-05-03 03:15:00";"-54,10005";"-63,6278833333";"4,2";"343"
"TAI AN";"01530";"2025-05-03 03:19:00";"-54,0947";"-63,62955";"5,2";"348"
"TAI AN";"01530";"2025-05-03 03:30:00";"-54,0812166667";"-63,6398833333";"4,9";"329"
"TAI AN";"01530";"2025-05-03 03:33:00";"-54,0772666667";"-63,6462666667";"4,6";"316"
"TAI AN";"01530";"2025-05-03 03:45:00";"-54,06855";"-63,6652166667";"4,2";"316"
"TAI AN";"01530";"2025-05-03 03:48:00";"-54,0650333333";"-63,67085";"3,2";"309"
"TAI AN";"01530";"2025-05-03 04:00:00";"-54,0622166667";"-63,68305";"3,6";"290"
"TAI AN";"01530";"2025-05-03 04:03:00";"-54,0608666667";"-63,6899666667";"3,7";"293"
"TAI AN";"01530";"2025-05-03 04:15:00";"-54,05205";"-63,7153833333";"4,5";"221"
"TAI AN";"01530";"2025-05-03 04:18:00";"-54,0538333333";"-63,7082666667";"7,4";"106"
"TAI AN";"01530";"2025-05-03 04:30:00";"-54,0608833333";"-63,6717166667";"6,8";"117"
"TAI AN";"01530";"2025-05-03 04:33:00";"-54,0636833333";"-63,6618333333";"6,6";"112"
"TAI AN";"01530";"2025-05-03 04:45:00";"-54,0697166667";"-63,64505";"0,4";"156"
"TAI AN";"01530";"2025-05-03 04:48:00";"-54,07125";"-63,64155";"4,0";"120"
"TAI AN";"01530";"2025-05-03 05:00:00";"-54,0773833333";"-63,62055";"3,3";"123"
"TAI AN";"01530";"2025-05-03 05:03:00";"-54,0795333333";"-63,6157166667";"3,6";"130"
"TAI AN";"01530";"2025-05-03 05:15:00";"-54,0888833333";"-63,60305";"3,7";"147"
"TAI AN";"01530";"2025-05-03 05:18:00";"-54,0922";"-63,5988833333";"4,1";"152"
"TAI AN";"01530";"2025-05-03 05:30:00";"-54,1017166667";"-63,5872166667";"3,4";"133"
"TAI AN";"01530";"2025-05-03 05:33:00";"-54,1046666667";"-63,5829666667";"3,8";"142"
"TAI AN";"01530";"2025-05-03 05:45:00";"-54,11455";"-63,57105";"3,7";"150"
"TAI AN";"01530";"2025-05-03 05:48:00";"-54,1179833333";"-63,5666333333";"4,4";"142"
"TAI AN";"01530";"2025-05-03 06:00:00";"-54,12805";"-63,55505";"3,9";"133"
"TAI AN";"01530";"2025-05-03 06:03:00";"-54,13115";"-63,5499666667";"4,1";"135"
"TAI AN";"01530";"2025-05-03 06:15:00";"-54,1402166667";"-63,5343833333";"4,4";"137"
"TAI AN";"01530";"2025-05-03 06:18:00";"-54,1431666667";"-63,52865";"4,4";"135"
"TAI AN";"01530";"2025-05-03 06:30:00";"-54,1518833333";"-63,5122166667";"4,4";"128"
"TAI AN";"01530";"2025-05-03 06:33:00";"-54,1543833333";"-63,5062333333";"4,0";"127"
"TAI AN";"01530";"2025-05-03 06:45:00";"-54,1613833333";"-63,48705";"4,5";"115"
"TAI AN";"01530";"2025-05-03 06:48:00";"-54,1634833333";"-63,4804";"4,1";"118"
"TAI AN";"01530";"2025-05-03 07:00:00";"-54,17005";"-63,4598833333";"3,7";"112"
"TAI AN";"01530";"2025-05-03 07:03:00";"-54,1719333333";"-63,4534333333";"4,1";"114"
"TAI AN";"01530";"2025-05-03 07:15:00";"-54,17805";"-63,4318833333";"3,9";"109"
"TAI AN";"01530";"2025-05-03 07:18:00";"-54,1794833333";"-63,4260166667";"4,1";"121"
"TAI AN";"01530";"2025-05-03 07:30:00";"-54,1887166667";"-63,4108833333";"3,6";"147"
"TAI AN";"01530";"2025-05-03 07:33:00";"-54,1913833333";"-63,4077666667";"3,4";"137"
"TAI AN";"01530";"2025-05-03 07:45:00";"-54,2007166667";"-63,3968833333";"3,2";"148"
"TAI AN";"01530";"2025-05-03 07:48:00";"-54,2032666667";"-63,3934166667";"3,5";"155"
"TAI AN";"01530";"2025-05-03 08:00:00";"-54,2133833333";"-63,3847166667";"3,7";"145"
"TAI AN";"01530";"2025-05-03 08:03:00";"-54,2167";"-63,3822";"3,7";"165"
"TAI AN";"01530";"2025-05-03 08:15:00";"-54,22755";"-63,3752166667";"3,6";"167"
"TAI AN";"01530";"2025-05-03 08:18:00";"-54,231";"-63,3742333333";"3,8";"164"
"TAI AN";"01530";"2025-05-03 08:30:00";"-54,2422166667";"-63,3707166667";"3,3";"173"
"TAI AN";"01530";"2025-05-03 08:33:00";"-54,2453333333";"-63,3699";"2,6";"183"
"TAI AN";"01530";"2025-05-03 08:45:00";"-54,2553833333";"-63,3673833333";"3,0";"178"
"TAI AN";"01530";"2025-05-03 08:48:00";"-54,2584";"-63,36655";"3,8";"160"
"TAI AN";"01530";"2025-05-03 09:00:00";"-54,2683833333";"-63,3642166667";"3,1";"166"
"TAI AN";"01530";"2025-05-03 09:03:00";"-54,2714166667";"-63,3638166667";"3,4";"159"
"TAI AN";"01530";"2025-05-03 09:15:00";"-54,2813833333";"-63,3638833333";"3,7";"218"
"TAI AN";"01530";"2025-05-03 09:18:00";"-54,2836666667";"-63,3679166667";"3,8";"228"
"TAI AN";"01530";"2025-05-03 09:30:00";"-54,2922166667";"-63,3792166667";"3,2";"217"
"TAI AN";"01530";"2025-05-03 09:33:00";"-54,2947";"-63,3823833333";"3,1";"210"
"TAI AN";"01530";"2025-05-03 09:45:00";"-54,3018833333";"-63,3952166667";"3,6";"255"
"TAI AN";"01530";"2025-05-03 09:48:00";"-54,301";"-63,4019";"4,7";"287"
"TAI AN";"01530";"2025-05-03 10:00:00";"-54,2923833333";"-63,4197166667";"5,7";"344"
"TAI AN";"01530";"2025-05-03 10:03:00";"-54,2877666667";"-63,4209166667";"4,7";"359"
"TAI AN";"01530";"2025-05-03 10:15:00";"-54,2728833333";"-63,4188833333";"4,5";"4"
"TAI AN";"01530";"2025-05-03 10:18:00";"-54,2689";"-63,41835";"4,4";"8"
"TAI AN";"01530";"2025-05-03 10:30:00";"-54,25455";"-63,4157166667";"4,6";"5"
"TAI AN";"01530";"2025-05-03 10:33:00";"-54,2509";"-63,4157166667";"4,4";"358"
"TAI AN";"01530";"2025-05-03 10:45:00";"-54,2368833333";"-63,4177166667";"4,7";"8"
"TAI AN";"01530";"2025-05-03 10:48:00";"-54,2327333333";"-63,4181333333";"4,7";"351"
"TAI AN";"01530";"2025-05-03 11:00:00";"-54,21805";"-63,41955";"4,5";"351"
"TAI AN";"01530";"2025-05-03 11:03:00";"-54,21395";"-63,41995";"4,6";"355"
"TAI AN";"01530";"2025-05-03 11:15:00";"-54,1993833333";"-63,42155";"5,4";"356"
"TAI AN";"01530";"2025-05-03 11:18:00";"-54,1952";"-63,4220166667";"4,9";"357"
"TAI AN";"01530";"2025-05-03 11:30:00";"-54,18205";"-63,4198833333";"2,1";"40"
"TAI AN";"01530";"2025-05-03 11:33:00";"-54,1805";"-63,4180833333";"2,0";"23"
"TAI AN";"01530";"2025-05-03 11:45:00";"-54,16855";"-63,4072166667";"3,8";"24"
"TAI AN";"01530";"2025-05-03 11:48:00";"-54,1653833333";"-63,4041833333";"4,6";"37"
"TAI AN";"01530";"2025-05-03 12:00:00";"-54,1492166667";"-63,3928833333";"12,0";"359"
"TAI AN";"01530";"2025-05-03 12:03:00";"-54,1390166667";"-63,3923666667";"12,6";"359"
"TAI AN";"01530";"2025-05-03 12:15:00";"-54,0948833333";"-63,4053833333";"13,6";"343"
"TAI AN";"01530";"2025-05-03 12:18:00";"-54,08605";"-63,40375";"7,4";"80"
"TAI AN";"01530";"2025-05-03 12:30:00";"-54,0827166667";"-63,3847166667";"6,6";"314"
"TAI AN";"01530";"2025-05-03 12:33:00";"-54,07925";"-63,3913333333";"6,2";"311"
"TAI AN";"01530";"2025-05-03 12:45:00";"-54,06905";"-63,4268833333";"6,7";"289"
"TAI AN";"01530";"2025-05-03 12:48:00";"-54,0670166667";"-63,4355666667";"6,2";"292"
"TAI AN";"01530";"2025-05-03 13:00:00";"-54,0637166667";"-63,46155";"4,5";"269"
"TAI AN";"01530";"2025-05-03 13:03:00";"-54,0633333333";"-63,4682833333";"4,7";"278"
"TAI AN";"01530";"2025-05-03 13:15:00";"-54,05955";"-63,4948833333";"5,2";"291"
"TAI AN";"01530";"2025-05-03 13:18:00";"-54,05835";"-63,5009666667";"5,3";"283"
"TAI AN";"01530";"2025-05-03 13:30:00";"-54,0533833333";"-63,5272166667";"5,0";"288"
"TAI AN";"01530";"2025-05-03 13:33:00";"-54,0521166667";"-63,533";"4,7";"288"
"TAI AN";"01530";"2025-05-03 13:45:00";"-54,0468833333";"-63,55855";"4,6";"290"
"TAI AN";"01530";"2025-05-03 13:48:00";"-54,0452333333";"-63,56435";"4,9";"296"
"TAI AN";"01530";"2025-05-03 14:00:00";"-54,0383833333";"-63,5893833333";"5,1";"302"
"TAI AN";"01530";"2025-05-03 14:03:00";"-54,0365666667";"-63,5953833333";"4,8";"298"
"TAI AN";"01530";"2025-05-03 14:15:00";"-54,02755";"-63,6178833333";"5,1";"322"
"TAI AN";"01530";"2025-05-03 14:17:00";"-54,0242333333";"-63,6223166667";"5,3";"324"
"TAI AN";"01530";"2025-05-03 14:30:00";"-54,01005";"-63,6373833333";"5,6";"318"
"TAI AN";"01530";"2025-05-03 14:32:00";"-54,0064833333";"-63,6406333333";"5,2";"325"
"TAI AN";"01530";"2025-05-03 14:45:00";"-53,9923833333";"-63,65305";"4,9";"327"
"TAI AN";"01530";"2025-05-03 14:47:00";"-53,9887";"-63,65605";"5,0";"331"
"TAI AN";"01530";"2025-05-03 15:00:00";"-53,97405";"-63,6697166667";"4,5";"334"
"TAI AN";"01530";"2025-05-03 15:02:00";"-53,9705666667";"-63,673";"4,7";"333"
"TAI AN";"01530";"2025-05-03 15:15:00";"-53,95655";"-63,6867166667";"4,6";"333"
"TAI AN";"01530";"2025-05-03 15:17:00";"-53,9530833333";"-63,6896";"5,0";"328"
"TAI AN";"01530";"2025-05-03 15:30:00";"-53,9383833333";"-63,7023833333";"4,6";"328"
"TAI AN";"01530";"2025-05-03 15:32:00";"-53,9351166667";"-63,7056166667";"5,0";"326"
"TAI AN";"01530";"2025-05-03 15:45:00";"-53,9218833333";"-63,7208833333";"4,3";"343"
"TAI AN";"01530";"2025-05-03 15:47:00";"-53,9187833333";"-63,72445";"5,0";"327"
"TAI AN";"01530";"2025-05-03 16:00:00";"-53,9057166667";"-63,74055";"4,9";"323"
"TAI AN";"01530";"2025-05-03 16:02:00";"-53,9030333333";"-63,7435833333";"4,0";"326"
"TAI AN";"01530";"2025-05-03 16:15:00";"-53,8888833333";"-63,75755";"4,9";"344"
"TAI AN";"01530";"2025-05-03 16:17:00";"-53,8848";"-63,75895";"5,3";"0"
"TAI AN";"01530";"2025-05-03 16:30:00";"-53,86755";"-63,75155";"5,2";"16"
"TAI AN";"01530";"2025-05-03 16:32:00";"-53,8644";"-63,74975";"4,1";"24"
"TAI AN";"01530";"2025-05-03 16:45:00";"-53,8502166667";"-63,74005";"4,8";"20"
"TAI AN";"01530";"2025-05-03 16:47:00";"-53,8474666667";"-63,7376666667";"4,3";"29"
"TAI AN";"01530";"2025-05-03 17:00:00";"-53,8317166667";"-63,7363833333";"4,7";"357"
"TAI AN";"01530";"2025-05-03 17:02:00";"-53,8283";"-63,73755";"4,5";"340"
"TAI AN";"01530";"2025-05-03 17:15:00";"-53,81505";"-63,7538833333";"4,6";"303"
"TAI AN";"01530";"2025-05-03 17:17:00";"-53,8129166667";"-63,7581";"5,0";"316"
"TAI AN";"01530";"2025-05-03 17:30:00";"-53,80205";"-63,7743833333";"4,4";"304"
"TAI AN";"01530";"2025-05-03 17:32:00";"-53,8004833333";"-63,7787666667";"3,9";"287"
"TAI AN";"01530";"2025-05-03 17:45:00";"-53,8058833333";"-63,7977166667";"4,5";"187"
"TAI AN";"01530";"2025-05-03 17:47:00";"-53,80885";"-63,7982833333";"4,0";"194"
"TAI AN";"01530";"2025-05-03 18:00:00";"-53,8197166667";"-63,79555";"3,0";"164"
"TAI AN";"01530";"2025-05-03 18:02:00";"-53,8217";"-63,7939666667";"2,8";"154"
"TAI AN";"01530";"2025-05-03 18:15:00";"-53,8312166667";"-63,7847166667";"3,6";"148"
"TAI AN";"01530";"2025-05-03 18:17:00";"-53,8332";"-63,7827666667";"2,9";"154"
"TAI AN";"01530";"2025-05-03 18:30:00";"-53,8433833333";"-63,77555";"2,6";"166"
"TAI AN";"01530";"2025-05-03 18:32:00";"-53,8453";"-63,7739833333";"3,3";"160"
"TAI AN";"01530";"2025-05-03 18:45:00";"-53,85555";"-63,7688833333";"2,9";"163"
"TAI AN";"01530";"2025-05-03 18:47:00";"-53,8575166667";"-63,76755";"2,5";"152"
"TAI AN";"01530";"2025-05-03 19:00:00";"-53,8683833333";"-63,76055";"3,3";"169"
"TAI AN";"01530";"2025-05-03 19:02:00";"-53,8706166667";"-63,759";"3,2";"162"
"TAI AN";"01530";"2025-05-03 19:15:00";"-53,8817166667";"-63,7513833333";"3,4";"155"
"TAI AN";"01530";"2025-05-03 19:17:00";"-53,88345";"-63,7499166667";"2,8";"167"
"TAI AN";"01530";"2025-05-03 19:30:00";"-53,8933833333";"-63,7408833333";"3,2";"162"
"TAI AN";"01530";"2025-05-03 19:32:00";"-53,895";"-63,7395333333";"3,5";"152"
"TAI AN";"01530";"2025-05-03 19:45:00";"-53,9058833333";"-63,7327166667";"2,6";"168"
"TAI AN";"01530";"2025-05-03 19:47:00";"-53,90775";"-63,7324166667";"3,1";"179"
"TAI AN";"01530";"2025-05-03 20:00:00";"-53,9192166667";"-63,73205";"3,4";"161"
"TAI AN";"01530";"2025-05-03 20:02:00";"-53,92125";"-63,7311666667";"3,4";"153"
"TAI AN";"01530";"2025-05-03 20:15:00";"-53,9308833333";"-63,71555";"3,7";"112"
"TAI AN";"01530";"2025-05-03 20:17:00";"-53,9325166667";"-63,7123166667";"3,3";"134"
"TAI AN";"01530";"2025-05-03 20:30:00";"-53,9342166667";"-63,7038833333";"1,8";"77"
"TAI AN";"01530";"2025-05-03 20:32:00";"-53,9340833333";"-63,7025";"1,4";"85"
"TAI AN";"01530";"2025-05-03 20:45:00";"-53,9348833333";"-63,6908833333";"3,3";"113"
"TAI AN";"01530";"2025-05-03 20:47:00";"-53,9358333333";"-63,68755";"3,3";"129"
"TAI AN";"01530";"2025-05-03 21:00:00";"-53,94355";"-63,72605";"10,3";"261"
"TAI AN";"01530";"2025-05-03 21:02:00";"-53,9448166667";"-63,7366833333";"9,8";"259"
"TAI AN";"01530";"2025-05-03 21:15:00";"-53,95855";"-63,79455";"10,6";"247"
"TAI AN";"01530";"2025-05-03 21:17:00";"-53,96095";"-63,803";"10,1";"249"
"TAI AN";"01530";"2025-05-03 21:30:00";"-53,9753833333";"-63,7648833333";"9,4";"102"
"TAI AN";"01530";"2025-05-03 21:32:00";"-53,9765833333";"-63,7557833333";"9,4";"98"
"TAI AN";"01530";"2025-05-03 21:45:00";"-53,9813833333";"-63,6963833333";"10,3";"93"
"TAI AN";"01530";"2025-05-03 21:47:00";"-53,9819666667";"-63,6872";"9,1";"107"
"TAI AN";"01530";"2025-05-03 22:00:00";"-54,0003833333";"-63,6742166667";"9,1";"225"
"TAI AN";"01530";"2025-05-03 22:02:00";"-54,0045166667";"-63,6803833333";"10,1";"228"
"TAI AN";"01530";"2025-05-03 22:15:00";"-54,02905";"-63,7217166667";"8,6";"195"
"TAI AN";"01530";"2025-05-03 22:17:00";"-54,0328833333";"-63,71735";"8,6";"146"
"TAI AN";"01530";"2025-05-03 22:30:00";"-54,0423833333";"-63,6617166667";"9,4";"44"
"TAI AN";"01530";"2025-05-03 22:32:00";"-54,0375166667";"-63,65895";"9,7";"28"
"TAI AN";"01530";"2025-05-03 22:45:00";"-54,0102166667";"-63,6777166667";"4,8";"192"
"TAI AN";"01530";"2025-05-03 22:47:00";"-54,0125333333";"-63,6788666667";"3,2";"201"
"TAI AN";"01530";"2025-05-03 23:00:00";"-54,0272166667";"-63,6827166667";"3,1";"181"
"TAI AN";"01530";"2025-05-03 23:02:00";"-54,029";"-63,68165";"2,6";"161"
"TAI AN";"01530";"2025-05-03 23:15:00";"-54,0398833333";"-63,67055";"3,8";"146"
"TAI AN";"01530";"2025-05-03 23:17:00";"-54,0414166667";"-63,66885";"3,5";"148"
"TAI AN";"01530";"2025-05-03 23:30:00";"-54,0527166667";"-63,6578833333";"3,2";"170"
"TAI AN";"01530";"2025-05-03 23:32:00";"-54,0543833333";"-63,6568833333";"3,8";"149"
"TAI AN";"01530";"2025-05-03 23:45:00";"-54,0632166667";"-63,64155";"3,5";"120"
"TAI AN";"01530";"2025-05-03 23:47:00";"-54,0639666667";"-63,6388666667";"3,3";"124"
"TAI AN";"01530";"2025-05-04 00:00:00";"-54,0757166667";"-63,6308833333";"3,3";"173"
"TAI AN";"01530";"2025-05-04 00:02:00";"-54,0774833333";"-63,63";"3,5";"161"
"TAI AN";"01530";"2025-05-04 00:15:00";"-54,0887166667";"-63,6242166667";"2,6";"153"
"TAI AN";"01530";"2025-05-04 00:17:00";"-54,09015";"-63,6232833333";"2,9";"150"
"TAI AN";"01530";"2025-05-04 00:30:00";"-54,1012166667";"-63,6173833333";"3,1";"168"
"TAI AN";"01530";"2025-05-04 00:32:00";"-54,1027";"-63,6160333333";"3,2";"150"
"TAI AN";"01530";"2025-05-04 00:45:00";"-54,11305";"-63,6078833333";"3,2";"151"
"TAI AN";"01530";"2025-05-04 00:46:00";"-54,1144833333";"-63,6070833333";"3,4";"181"
"TAI AN";"01530";"2025-05-04 01:00:00";"-54,12705";"-63,60655";"3,4";"189"
"TAI AN";"01530";"2025-05-04 01:01:00";"-54,1288";"-63,6060833333";"3,6";"143"
"TAI AN";"01530";"2025-05-04 01:15:00";"-54,1348833333";"-63,5868833333";"2,8";"106"
"TAI AN";"01530";"2025-05-04 01:16:00";"-54,1353333333";"-63,5846333333";"2,9";"127"
"TAI AN";"01530";"2025-05-04 01:30:00";"-54,14555";"-63,5718833333";"3,6";"145"
"TAI AN";"01530";"2025-05-04 01:31:00";"-54,1468";"-63,57035";"3,5";"139"
"TAI AN";"01530";"2025-05-04 01:45:00";"-54,15705";"-63,5583833333";"3,4";"132"
"TAI AN";"01530";"2025-05-04 01:46:00";"-54,1581166667";"-63,5565666667";"3,3";"145"
"TAI AN";"01530";"2025-05-04 02:00:00";"-54,1667166667";"-63,5417166667";"3,3";"152"
"TAI AN";"01530";"2025-05-04 02:01:00";"-54,16745";"-63,5402333333";"2,3";"142"
"TAI AN";"01530";"2025-05-04 02:15:00";"-54,17355";"-63,55955";"6,5";"293"
"TAI AN";"01530";"2025-05-04 02:16:00";"-54,1714333333";"-63,5639166667";"7,2";"327"
"TAI AN";"01530";"2025-05-04 02:30:00";"-54,15005";"-63,5682166667";"5,0";"2"
"TAI AN";"01530";"2025-05-04 02:31:00";"-54,1474333333";"-63,5680666667";"5,0";"6"
"TAI AN";"01530";"2025-05-04 02:45:00";"-54,13005";"-63,5702166667";"4,8";"352"
"TAI AN";"01530";"2025-05-04 02:46:00";"-54,1277666667";"-63,57135";"4,3";"345"
"TAI AN";"01530";"2025-05-04 03:00:00";"-54,11305";"-63,5863833333";"4,8";"320"
"TAI AN";"01530";"2025-05-04 03:01:00";"-54,1113";"-63,58895";"4,7";"314"
"TAI AN";"01530";"2025-05-04 03:15:00";"-54,0993833333";"-63,6113833333";"4,9";"317"
"TAI AN";"01530";"2025-05-04 03:16:00";"-54,0977";"-63,6137166667";"4,8";"311"
"TAI AN";"01530";"2025-05-04 03:30:00";"-54,08505";"-63,6327166667";"4,3";"315"
"TAI AN";"01530";"2025-05-04 03:31:00";"-54,0833333333";"-63,6351166667";"4,7";"320"
"TAI AN";"01530";"2025-05-04 03:45:00";"-54,06955";"-63,6527166667";"5,1";"322"
"TAI AN";"01530";"2025-05-04 03:46:00";"-54,0678833333";"-63,6546666667";"4,7";"323"
"TAI AN";"01530";"2025-05-04 04:00:00";"-54,05805";"-63,6642166667";"3,4";"355"
"TAI AN";"01530";"2025-05-04 04:01:00";"-54,0565666667";"-63,6646333333";"3,9";"352"
"TAI AN";"01530";"2025-05-04 04:15:00";"-54,0388833333";"-63,6728833333";"6,8";"307"
"TAI AN";"01530";"2025-05-04 04:16:00";"-54,0367833333";"-63,67555";"6,6";"355"
"TAI AN";"01530";"2025-05-04 04:30:00";"-54,0412166667";"-63,69805";"5,9";"69"
"TAI AN";"01530";"2025-05-04 04:31:00";"-54,03995";"-63,6948";"6,9";"27"
"TAI AN";"01530";"2025-05-04 04:45:00";"-54,0152166667";"-63,70755";"3,2";"202"
"TAI AN";"01530";"2025-05-04 04:46:00";"-54,0161666667";"-63,7079666667";"2,9";"193"
"TAI AN";"01530";"2025-05-04 05:00:00";"-54,0307166667";"-63,70655";"3,3";"157"
"TAI AN";"01530";"2025-05-04 05:01:00";"-54,03175";"-63,70585";"3,0";"156"
"TAI AN";"01530";"2025-05-04 05:15:00";"-54,0432166667";"-63,69705";"3,8";"146"
"TAI AN";"01530";"2025-05-04 05:16:00";"-54,0442";"-63,6957";"3,6";"147"
"TAI AN";"01530";"2025-05-04 05:30:00";"-54,0543833333";"-63,6802166667";"3,9";"122"
"TAI AN";"01530";"2025-05-04 05:31:00";"-54,05495";"-63,678";"3,8";"114"
"TAI AN";"01530";"2025-05-04 05:45:00";"-54,06205";"-63,6562166667";"3,6";"124"
"TAI AN";"01530";"2025-05-04 05:46:00";"-54,0628333333";"-63,65465";"3,4";"129"
"TAI AN";"01530";"2025-05-04 06:00:00";"-54,07055";"-63,6338833333";"3,9";"117"
"TAI AN";"01530";"2025-05-04 06:01:00";"-54,0711666667";"-63,6320833333";"3,7";"121"
"TAI AN";"01530";"2025-05-04 06:15:00";"-54,08105";"-63,6152166667";"3,5";"150"
"TAI AN";"01530";"2025-05-04 06:16:00";"-54,0821166667";"-63,6141833333";"3,7";"151"
"TAI AN";"01530";"2025-05-04 06:30:00";"-54,0943833333";"-63,6037166667";"2,6";"158"
"TAI AN";"01530";"2025-05-04 06:31:00";"-54,0953166667";"-63,6029";"3,2";"148"
"TAI AN";"01530";"2025-05-04 06:45:00";"-54,1052166667";"-63,5872166667";"3,6";"116"
"TAI AN";"01530";"2025-05-04 06:46:00";"-54,1056666667";"-63,58545";"3,7";"99"
"TAI AN";"01530";"2025-05-04 07:00:00";"-54,1108833333";"-63,5603833333";"3,2";"118"
"TAI AN";"01530";"2025-05-04 07:01:00";"-54,1117166667";"-63,55905";"4,2";"147"
"TAI AN";"01530";"2025-05-04 07:15:00";"-54,1262166667";"-63,5617166667";"4,1";"209"
"TAI AN";"01530";"2025-05-04 07:16:00";"-54,1274";"-63,5624333333";"3,6";"193"
"TAI AN";"01530";"2025-05-04 07:30:00";"-54,1397166667";"-63,5658833333";"4,1";"189"
"TAI AN";"01530";"2025-05-04 07:31:00";"-54,141";"-63,5662666667";"3,1";"192"
"TAI AN";"01530";"2025-05-04 07:45:00";"-54,1538833333";"-63,56105";"4,6";"132"
"TAI AN";"01530";"2025-05-04 07:46:00";"-54,1547";"-63,5594";"4,2";"133"
"TAI AN";"01530";"2025-05-04 08:00:00";"-54,1622166667";"-63,53105";"4,6";"114"
"TAI AN";"01530";"2025-05-04 08:01:00";"-54,1628333333";"-63,5290666667";"4,9";"113"
"TAI AN";"01530";"2025-05-04 08:15:00";"-54,1703833333";"-63,5013833333";"4,7";"111"
"TAI AN";"01530";"2025-05-04 08:16:00";"-54,1707666667";"-63,4993666667";"4,6";"109"
"TAI AN";"01530";"2025-05-04 08:30:00";"-54,17755";"-63,47105";"4,3";"112"
"TAI AN";"01530";"2025-05-04 08:31:00";"-54,1777166667";"-63,469";"4,6";"95"
"TAI AN";"01530";"2025-05-04 08:45:00";"-54,1782166667";"-63,4403833333";"4,1";"92"
"TAI AN";"01530";"2025-05-04 08:46:00";"-54,1782166667";"-63,4385666667";"4,2";"93"
"TAI AN";"01530";"2025-05-04 09:00:00";"-54,1817166667";"-63,4118833333";"4,8";"111"
"TAI AN";"01530";"2025-05-04 09:01:00";"-54,1818833333";"-63,4099";"4,1";"118"
"TAI AN";"01530";"2025-05-04 09:15:00";"-54,18505";"-63,3832166667";"4,7";"82"
"TAI AN";"01530";"2025-05-04 09:30:00";"-54,17705";"-63,3577166667";"5,2";"17"
"TAI AN";"01530";"2025-05-04 09:31:00";"-54,1756";"-63,3570166667";"4,5";"14"
"TAI AN";"01530";"2025-05-04 09:45:00";"-54,16155";"-63,3597166667";"4,1";"316"
"TAI AN";"01530";"2025-05-04 09:46:00";"-54,1607833333";"-63,3612166667";"4,5";"303"
"TAI AN";"01530";"2025-05-04 10:00:00";"-54,15355";"-63,3828833333";"3,7";"297"
"TAI AN";"01530";"2025-05-04 10:01:00";"-54,153";"-63,3839666667";"3,5";"312"
"TAI AN";"01530";"2025-05-04 10:15:00";"-54,1493833333";"-63,4057166667";"3,7";"285"
"TAI AN";"01530";"2025-05-04 10:16:00";"-54,1489666667";"-63,4072333333";"2,6";"293"
"TAI AN";"01530";"2025-05-04 10:30:00";"-54,14505";"-63,42905";"3,4";"294"
"TAI AN";"01530";"2025-05-04 10:31:00";"-54,1447166667";"-63,4309";"4,0";"284"
"TAI AN";"01530";"2025-05-04 10:45:00";"-54,1428833333";"-63,4543833333";"3,3";"290"
"TAI AN";"01530";"2025-05-04 10:46:00";"-54,1427833333";"-63,4559";"4,4";"278"
"TAI AN";"01530";"2025-05-04 11:00:00";"-54,1397166667";"-63,4792166667";"4,2";"282"
"TAI AN";"01530";"2025-05-04 11:01:00";"-54,1394166667";"-63,4808833333";"4,3";"282"
"TAI AN";"01530";"2025-05-04 11:15:00";"-54,1348833333";"-63,50405";"4,6";"291"
"TAI AN";"01530";"2025-05-04 11:16:00";"-54,1344833333";"-63,50555";"4,1";"291"
"TAI AN";"01530";"2025-05-04 11:30:00";"-54,12805";"-63,5243833333";"1,6";"28"
"TAI AN";"01530";"2025-05-04 11:31:00";"-54,1274666667";"-63,5239333333";"3,0";"24"
"TAI AN";"01530";"2025-05-04 11:45:00";"-54,1168833333";"-63,5068833333";"5,8";"34"
"TAI AN";"01530";"2025-05-04 11:46:00";"-54,1158666667";"-63,5055";"6,0";"37"
"TAI AN";"01530";"2025-05-04 12:00:00";"-54,08455";"-63,4518833333";"13,2";"43"
"TAI AN";"01530";"2025-05-04 12:00:00";"-54,083";"-63,4491";"12,3";"40"
"TAI AN";"01530";"2025-05-04 12:15:00";"-54,0537166667";"-63,4029333333";"5,8";"271"
"TAI AN";"01530";"2025-05-04 12:15:00";"-54,0542166667";"-63,40055";"5,6";"320"
"TAI AN";"01530";"2025-05-04 12:30:00";"-54,05255";"-63,4332166667";"6,1";"265"
"TAI AN";"01530";"2025-05-04 12:30:00";"-54,0527333333";"-63,4355333333";"4,0";"254"
"TAI AN";"01530";"2025-05-04 12:45:00";"-54,05675";"-63,46465";"4,4";"265"
"TAI AN";"01530";"2025-05-04 12:45:00";"-54,0567166667";"-63,46305";"3,8";"263"
"TAI AN";"01530";"2025-05-04 13:00:00";"-54,0584333333";"-63,4924666667";"4,8";"259"
"TAI AN";"01530";"2025-05-04 13:00:00";"-54,0583833333";"-63,4908833333";"4,7";"256"
"TAI AN";"01530";"2025-05-04 13:15:00";"-54,05825";"-63,5216666667";"3,7";"287"
"TAI AN";"01530";"2025-05-04 13:15:00";"-54,05855";"-63,52005";"4,5";"281"
"TAI AN";"01530";"2025-05-04 13:30:00";"-54,0518333333";"-63,55095";"5,1";"306"
"TAI AN";"01530";"2025-05-04 13:45:00";"-54,0415666667";"-63,5799166667";"5,3";"282"
"TAI AN";"01530";"2025-05-04 13:45:00";"-54,04205";"-63,5783833333";"5,4";"303"
"TAI AN";"01530";"2025-05-04 14:00:00";"-54,0317166667";"-63,6077166667";"5,1";"321"
"TAI AN";"01530";"2025-05-04 14:00:00";"-54,0310666667";"-63,6084333333";"5,7";"323"
"TAI AN";"01530";"2025-05-04 14:15:00";"-54,01555";"-63,6233166667";"4,6";"329"
"TAI AN";"01530";"2025-05-04 14:15:00";"-54,0163833333";"-63,6227166667";"4,2";"335"
"TAI AN";"01530";"2025-05-04 14:30:00";"-54,00155";"-63,64205";"4,6";"322"
"TAI AN";"01530";"2025-05-04 14:30:00";"-54,0008666667";"-63,6433833333";"4,8";"325"
"TAI AN";"01530";"2025-05-04 14:45:00";"-53,9841666667";"-63,6599166667";"5,4";"328"
"TAI AN";"01530";"2025-05-04 14:45:00";"-53,9847166667";"-63,65955";"5,6";"324"
"TAI AN";"01530";"2025-05-04 15:00:00";"-53,96805";"-63,6763833333";"4,5";"324"
"TAI AN";"01530";"2025-05-04 15:00:00";"-53,9672";"-63,6771666667";"4,2";"327"
"TAI AN";"01530";"2025-05-04 15:15:00";"-53,9517666667";"-63,697";"4,4";"321"
"TAI AN";"01530";"2025-05-04 15:30:00";"-53,9344833333";"-63,7128333333";"4,8";"327"
"TAI AN";"01530";"2025-05-04 15:30:00";"-53,9352166667";"-63,7122166667";"4,3";"338"
"TAI AN";"01530";"2025-05-04 15:45:00";"-53,9173666667";"-63,7291833333";"4,4";"332"
"TAI AN";"01530";"2025-05-04 15:45:00";"-53,9182166667";"-63,7283833333";"4,9";"329"
"TAI AN";"01530";"2025-05-04 16:00:00";"-53,89985";"-63,74695";"5,0";"334"
"TAI AN";"01530";"2025-05-04 16:00:00";"-53,90055";"-63,7463833333";"4,3";"336"
"TAI AN";"01530";"2025-05-04 16:15:00";"-53,88075";"-63,7609833333";"6,0";"331"
"TAI AN";"01530";"2025-05-04 16:15:00";"-53,88155";"-63,76055";"4,8";"344"
"TAI AN";"01530";"2025-05-04 16:30:00";"-53,8607333333";"-63,7711";"5,4";"347"
"TAI AN";"01530";"2025-05-04 16:30:00";"-53,86155";"-63,7707166667";"5,8";"338"
"TAI AN";"01530";"2025-05-04 16:45:00";"-53,8413833333";"-63,7802166667";"6,5";"359"
"TAI AN";"01530";"2025-05-04 16:45:00";"-53,8406833333";"-63,7804166667";"5,0";"338"
"TAI AN";"01530";"2025-05-04 17:00:00";"-53,8217166667";"-63,7882166667";"4,7";"338"
"TAI AN";"01530";"2025-05-04 17:00:00";"-53,8209833333";"-63,7883333333";"4,0";"343"
"TAI AN";"01530";"2025-05-04 17:15:00";"-53,8017166667";"-63,79505";"5,6";"344"
"TAI AN";"01530";"2025-05-04 17:30:00";"-53,7828833333";"-63,8047166667";"4,8";"355"
"TAI AN";"01530";"2025-05-04 17:30:00";"-53,7827";"-63,8047833333";"4,9";"346"
"TAI AN";"01530";"2025-05-04 17:45:00";"-53,7644";"-63,8139666667";"4,3";"343"
"TAI AN";"01530";"2025-05-04 17:45:00";"-53,76505";"-63,8138833333";"4,1";"355"
"TAI AN";"01530";"2025-05-04 18:00:00";"-53,7463833333";"-63,82205";"4,6";"344"
"TAI AN";"01530";"2025-05-04 18:00:00";"-53,7457333333";"-63,8222333333";"4,3";"334"
"TAI AN";"01530";"2025-05-04 18:15:00";"-53,7293833333";"-63,83205";"4,7";"343"
"TAI AN";"01530";"2025-05-04 18:15:00";"-53,7290333333";"-63,83225";"4,4";"325"
"TAI AN";"01530";"2025-05-04 18:30:00";"-53,7184833333";"-63,8526333333";"4,0";"286"
"TAI AN";"01530";"2025-05-04 18:30:00";"-53,7187166667";"-63,85205";"2,7";"293"
"TAI AN";"01530";"2025-05-04 18:45:00";"-53,7069166667";"-63,87235";"5,2";"343"
"TAI AN";"01530";"2025-05-04 18:45:00";"-53,70755";"-63,8722166667";"4,5";"349"
"TAI AN";"01530";"2025-05-04 19:00:00";"-53,6898833333";"-63,87705";"5,5";"27"
"TAI AN";"01530";"2025-05-04 19:00:00";"-53,6894";"-63,8768833333";"4,3";"2"
"TAI AN";"01530";"2025-05-04 19:15:00";"-53,6708833333";"-63,8747166667";"4,6";"12"
"TAI AN";"01530";"2025-05-04 19:15:00";"-53,6708666667";"-63,8746833333";"5,3";"6"
"TAI AN";"01530";"2025-05-04 19:30:00";"-53,65655";"-63,8692166667";"4,8";"314"
"TAI AN";"01530";"2025-05-04 19:30:00";"-53,6563166667";"-63,8694";"5,8";"309"
"TAI AN";"01530";"2025-05-04 19:45:00";"-53,6645833333";"-63,8883333333";"4,8";"159"
"TAI AN";"01530";"2025-05-04 20:00:00";"-53,6795333333";"-63,8747666667";"4,2";"144"
"TAI AN";"01530";"2025-05-04 20:00:00";"-53,6797166667";"-63,8747166667";"3,4";"140"
"TAI AN";"01530";"2025-05-04 20:15:00";"-53,6917833333";"-63,8609333333";"2,9";"156"
"TAI AN";"01530";"2025-05-04 20:15:00";"-53,6918833333";"-63,86105";"3,6";"165"
"TAI AN";"01530";"2025-05-04 20:30:00";"-53,7049";"-63,8551166667";"3,2";"191"
"TAI AN";"01530";"2025-05-04 20:30:00";"-53,7047166667";"-63,8552166667";"3,4";"178"
"TAI AN";"01530";"2025-05-04 20:45:00";"-53,7177666667";"-63,8598";"3,0";"165"
"TAI AN";"01530";"2025-05-04 20:45:00";"-53,7177166667";"-63,8598833333";"2,7";"164"
"TAI AN";"01530";"2025-05-04 21:00:00";"-53,7178833333";"-63,8462166667";"3,4";"87"
"TAI AN";"01530";"2025-05-04 21:00:00";"-53,7178333333";"-63,8464";"2,8";"96"
"TAI AN";"01530";"2025-05-04 21:15:00";"-53,7230333333";"-63,8320333333";"4,2";"255"
"TAI AN";"01530";"2025-05-04 21:15:00";"-53,72305";"-63,8318833333";"4,8";"256"
"TAI AN";"01530";"2025-05-04 21:30:00";"-53,7174333333";"-63,86375";"7,7";"271"
"TAI AN";"01530";"2025-05-04 21:30:00";"-53,71755";"-63,8633833333";"8,3";"269"
"TAI AN";"01530";"2025-05-04 21:45:00";"-53,7319333333";"-63,8994833333";"7,6";"218"
"TAI AN";"01530";"2025-05-04 21:45:00";"-53,7323833333";"-63,9002166667";"7,6";"221"
"TAI AN";"01530";"2025-05-04 22:00:00";"-53,7550333333";"-63,93085";"4,8";"282"
"TAI AN";"01530";"2025-05-04 22:00:00";"-53,75505";"-63,9308833333";"5,1";"283"
"TAI AN";"01530";"2025-05-04 22:15:00";"-53,7160166667";"-63,9111";"9,0";"5"
"TAI AN";"01530";"2025-05-04 22:15:00";"-53,7158833333";"-63,9112166667";"8,2";"355"
"TAI AN";"01530";"2025-05-04 22:29:00";"-53,7165833333";"-63,9331333333";"4,0";"224"
"TAI AN";"01530";"2025-05-04 22:30:00";"-53,7167166667";"-63,9332166667";"5,0";"223"
"TAI AN";"01530";"2025-05-04 22:44:00";"-53,7338833333";"-63,92595";"3,5";"175"
"TAI AN";"01530";"2025-05-04 22:45:00";"-53,73405";"-63,92605";"3,4";"200"
"TAI AN";"01530";"2025-05-04 22:59:00";"-53,7493666667";"-63,9226333333";"2,9";"180"
"TAI AN";"01530";"2025-05-04 23:00:00";"-53,74955";"-63,9227166667";"5,2";"152"
"TAI AN";"01530";"2025-05-04 23:14:00";"-53,76395";"-63,9181333333";"4,0";"175"
"TAI AN";"01530";"2025-05-04 23:15:00";"-53,7642166667";"-63,91805";"4,1";"152"
"TAI AN";"01530";"2025-05-04 23:29:00";"-53,7743666667";"-63,91445";"4,0";"235"
"TAI AN";"01530";"2025-05-04 23:30:00";"-53,7747166667";"-63,9152166667";"4,2";"244"
"TAI AN";"01530";"2025-05-04 23:44:00";"-53,7599333333";"-63,93115";"5,1";"347"
"TAI AN";"01530";"2025-05-04 23:45:00";"-53,7593833333";"-63,9312166667";"5,3";"8"
"TAI AN";"01530";"2025-05-04 23:59:00";"-53,7416333333";"-63,9207166667";"4,3";"19"
"TAI AN";"01530";"2025-05-05 00:00:00";"-53,7412166667";"-63,9203833333";"5,1";"24"
"TAI AN";"01530";"2025-05-05 00:14:00";"-53,7254666667";"-63,9159333333";"4,0";"352"
"TAI AN";"01530";"2025-05-05 00:15:00";"-53,7253833333";"-63,91605";"4,0";"356"
"TAI AN";"01530";"2025-05-05 00:29:00";"-53,7107666667";"-63,9272666667";"3,3";"329"
"TAI AN";"01530";"2025-05-05 00:30:00";"-53,7107166667";"-63,92755";"3,8";"326"
"TAI AN";"01530";"2025-05-05 00:44:00";"-53,6955";"-63,9353833333";"4,6";"4"
"TAI AN";"01530";"2025-05-05 00:45:00";"-53,6952166667";"-63,9353833333";"4,6";"7"
"TAI AN";"01530";"2025-05-05 00:59:00";"-53,67785";"-63,9316166667";"5,0";"2"
"TAI AN";"01530";"2025-05-05 01:00:00";"-53,6777166667";"-63,9317166667";"4,3";"9"
"TAI AN";"01530";"2025-05-05 01:14:00";"-53,6602";"-63,93055";"3,9";"359"
"TAI AN";"01530";"2025-05-05 01:15:00";"-53,6598833333";"-63,93055";"4,8";"11"
"TAI AN";"01530";"2025-05-05 01:29:00";"-53,64685";"-63,9266833333";"1,8";"68"
"TAI AN";"01530";"2025-05-05 01:30:00";"-53,6467166667";"-63,9263833333";"2,3";"27"
"TAI AN";"01530";"2025-05-05 01:44:00";"-53,6383666667";"-63,9435666667";"4,8";"246"
"TAI AN";"01530";"2025-05-05 01:45:00";"-53,63855";"-63,94405";"3,2";"251"
"TAI AN";"01530";"2025-05-05 01:59:00";"-53,6532666667";"-63,9443666667";"4,3";"152"
"TAI AN";"01530";"2025-05-05 02:00:00";"-53,6537166667";"-63,94405";"4,1";"144"
"TAI AN";"01530";"2025-05-05 02:14:00";"-53,66675";"-63,9328";"3,2";"160"
"TAI AN";"01530";"2025-05-05 02:15:00";"-53,6672166667";"-63,9327166667";"3,4";"168"
"TAI AN";"01530";"2025-05-05 02:29:00";"-53,6809166667";"-63,9311666667";"3,8";"199"
"TAI AN";"01530";"2025-05-05 02:30:00";"-53,6813833333";"-63,9313833333";"4,1";"170"
"TAI AN";"01530";"2025-05-05 02:44:00";"-53,6879";"-63,9401166667";"5,5";"306"
"TAI AN";"01530";"2025-05-05 02:45:00";"-53,68755";"-63,9408833333";"6,5";"310"
"TAI AN";"01530";"2025-05-05 02:59:00";"-53,66585";"-63,9406";"3,9";"9"
"TAI AN";"01530";"2025-05-05 03:00:00";"-53,66505";"-63,94055";"4,6";"359"
"TAI AN";"01530";"2025-05-05 03:14:00";"-53,64905";"-63,9444166667";"4,6";"341"
"TAI AN";"01530";"2025-05-05 03:15:00";"-53,6487166667";"-63,9447166667";"3,5";"344"
"TAI AN";"01530";"2025-05-05 03:29:00";"-53,6328666667";"-63,95265";"2,8";"339"
"TAI AN";"01530";"2025-05-05 03:30:00";"-53,6323833333";"-63,9528833333";"3,8";"350"
"TAI AN";"01530";"2025-05-05 03:44:00";"-53,6164666667";"-63,9601166667";"4,1";"2"
"TAI AN";"01530";"2025-05-05 03:45:00";"-53,61605";"-63,9603833333";"4,0";"350"
"TAI AN";"01530";"2025-05-05 03:59:00";"-53,59935";"-63,9654333333";"4,3";"332"
"TAI AN";"01530";"2025-05-05 04:00:00";"-53,5987166667";"-63,9657166667";"4,0";"346"
"TAI AN";"01530";"2025-05-05 04:14:00";"-53,5825666667";"-63,9747666667";"4,1";"331"
"TAI AN";"01530";"2025-05-05 04:15:00";"-53,58205";"-63,9752166667";"3,6";"338"
"TAI AN";"01530";"2025-05-05 04:29:00";"-53,57025";"-63,9789333333";"2,3";"3"
"TAI AN";"01530";"2025-05-05 04:30:00";"-53,57005";"-63,9787166667";"2,8";"40"
"TAI AN";"01530";"2025-05-05 04:44:00";"-53,5579833333";"-63,9682166667";"5,8";"10"
"TAI AN";"01530";"2025-05-05 04:45:00";"-53,55705";"-63,96805";"5,5";"12"
"TAI AN";"01530";"2025-05-05 04:59:00";"-53,5596";"-63,9512666667";"5,7";"148"
"TAI AN";"01530";"2025-05-05 05:00:00";"-53,56005";"-63,94905";"6,5";"82"
"TAI AN";"01530";"2025-05-05 05:14:00";"-53,5445333333";"-63,90425";"8,4";"49"
"TAI AN";"01530";"2025-05-05 05:15:00";"-53,5438833333";"-63,9013833333";"5,6";"102"
"TAI AN";"01530";"2025-05-05 05:29:00";"-53,5611166667";"-63,9081166667";"4,7";"300"
"TAI AN";"01530";"2025-05-05 05:30:00";"-53,5608833333";"-63,9093833333";"4,6";"296"
"TAI AN";"01530";"2025-05-05 05:44:00";"-53,5665";"-63,9372333333";"4,5";"219"
"TAI AN";"01530";"2025-05-05 05:45:00";"-53,5673833333";"-63,9383833333";"3,5";"215"
"TAI AN";"01530";"2025-05-05 05:59:00";"-53,58105";"-63,9412166667";"3,1";"175"
"TAI AN";"01530";"2025-05-05 06:00:00";"-53,5818833333";"-63,9412166667";"3,5";"175"
"TAI AN";"01530";"2025-05-05 06:14:00";"-53,5915333333";"-63,9579833333";"3,3";"192"
"TAI AN";"01530";"2025-05-05 06:15:00";"-53,5923833333";"-63,9583833333";"2,9";"185"
"TAI AN";"01530";"2025-05-05 06:29:00";"-53,5955333333";"-63,95925";"1,6";"174"
"TAI AN";"01530";"2025-05-05 06:30:00";"-53,5958833333";"-63,9592166667";"1,3";"156"
"TAI AN";"01530";"2025-05-05 06:44:00";"-53,5955";"-63,96845";"3,4";"331"
"TAI AN";"01530";"2025-05-05 06:45:00";"-53,5947166667";"-63,96905";"3,9";"342"
"TAI AN";"01530";"2025-05-05 06:59:00";"-53,60895";"-63,9963666667";"9,5";"210"
"TAI AN";"01530";"2025-05-05 07:00:00";"-53,6107166667";"-63,9973833333";"8,6";"178"
"TAI AN";"01530";"2025-05-05 07:14:00";"-53,6115166667";"-63,9369666667";"9,9";"88"
"TAI AN";"01530";"2025-05-05 07:15:00";"-53,61155";"-63,93205";"9,8";"86"
"TAI AN";"01530";"2025-05-05 07:29:00";"-53,61355";"-63,92445";"5,3";"219"
"TAI AN";"01530";"2025-05-05 07:30:00";"-53,61455";"-63,9257166667";"4,5";"216"
"TAI AN";"01530";"2025-05-05 07:44:00";"-53,6272666667";"-63,9414166667";"3,0";"223"
"TAI AN";"01530";"2025-05-05 07:45:00";"-53,62805";"-63,9422166667";"3,4";"221"
"TAI AN";"01530";"2025-05-05 07:59:00";"-53,6392666667";"-63,95435";"3,8";"210"
"TAI AN";"01530";"2025-05-05 08:00:00";"-53,64005";"-63,95505";"3,8";"212"
"TAI AN";"01530";"2025-05-05 08:14:00";"-53,6530833333";"-63,9516166667";"4,5";"125"
"TAI AN";"01530";"2025-05-05 08:15:00";"-53,65405";"-63,94955";"4,9";"126"
"TAI AN";"01530";"2025-05-05 08:29:00";"-53,6623333333";"-63,9280333333";"3,4";"133"
"TAI AN";"01530";"2025-05-05 08:30:00";"-53,6632166667";"-63,9263833333";"3,7";"122"
"TAI AN";"01530";"2025-05-05 08:44:00";"-53,6721333333";"-63,90905";"4,0";"133"
"TAI AN";"01530";"2025-05-05 08:45:00";"-53,6732166667";"-63,90755";"3,8";"144"
"TAI AN";"01530";"2025-05-05 08:59:00";"-53,6850666667";"-63,8983833333";"3,0";"176"
"TAI AN";"01530";"2025-05-05 09:00:00";"-53,6858833333";"-63,89855";"3,6";"178"
"TAI AN";"01530";"2025-05-05 09:13:00";"-53,6990833333";"-63,9011833333";"3,7";"189"
"TAI AN";"01530";"2025-05-05 09:15:00";"-53,7002166667";"-63,9013833333";"3,5";"184"
"TAI AN";"01530";"2025-05-05 09:28:00";"-53,7144333333";"-63,90375";"4,2";"188"
"TAI AN";"01530";"2025-05-05 09:30:00";"-53,71555";"-63,9038833333";"3,6";"191"
"TAI AN";"01530";"2025-05-05 09:43:00";"-53,7304";"-63,9061166667";"3,8";"175"
"TAI AN";"01530";"2025-05-05 09:45:00";"-53,73155";"-63,9062166667";"3,9";"180"
"TAI AN";"01530";"2025-05-05 09:58:00";"-53,7461833333";"-63,8999166667";"4,4";"145"
"TAI AN";"01530";"2025-05-05 10:00:00";"-53,7472166667";"-63,8983833333";"4,4";"136"
"TAI AN";"01530";"2025-05-05 10:13:00";"-53,7485166667";"-63,87";"3,8";"74"
"TAI AN";"01530";"2025-05-05 10:15:00";"-53,7482166667";"-63,86755";"4,0";"72"
"TAI AN";"01530";"2025-05-05 10:28:00";"-53,73505";"-63,8531833333";"4,0";"15"
"TAI AN";"01530";"2025-05-05 10:30:00";"-53,73355";"-63,8527166667";"4,1";"9"
"TAI AN";"01530";"2025-05-05 10:43:00";"-53,7186333333";"-63,85995";"4,3";"318"
"TAI AN";"01530";"2025-05-05 10:45:00";"-53,71755";"-63,8617166667";"4,1";"319"
"TAI AN";"01530";"2025-05-05 10:58:00";"-53,7064333333";"-63,8739166667";"3,7";"336"
"TAI AN";"01530";"2025-05-05 11:00:00";"-53,7053833333";"-63,87455";"3,5";"336"
"TAI AN";"01530";"2025-05-05 11:13:00";"-53,6907166667";"-63,8795666667";"3,5";"349"
"TAI AN";"01530";"2025-05-05 11:15:00";"-53,6893833333";"-63,8798833333";"4,0";"345"
"TAI AN";"01530";"2025-05-05 11:28:00";"-53,6742333333";"-63,8836";"4,1";"350"
"TAI AN";"01530";"2025-05-05 11:30:00";"-53,6728833333";"-63,88405";"4,1";"353"
"TAI AN";"01530";"2025-05-05 11:43:00";"-53,6572833333";"-63,8870333333";"4,2";"8"
"TAI AN";"01530";"2025-05-05 11:45:00";"-53,65555";"-63,8863833333";"4,1";"20"
"TAI AN";"01530";"2025-05-05 11:58:00";"-53,6414166667";"-63,87635";"4,4";"16"
"TAI AN";"01530";"2025-05-05 12:00:00";"-53,6398833333";"-63,8752166667";"4,2";"26"
"TAI AN";"01530";"2025-05-05 12:13:00";"-53,6335833333";"-63,8692666667";"1,9";"27"
"TAI AN";"01530";"2025-05-05 12:15:00";"-53,6328833333";"-63,86855";"2,7";"30"
"TAI AN";"01530";"2025-05-05 12:28:00";"-53,6151";"-63,8610166667";"11,9";"352"
"TAI AN";"01530";"2025-05-05 12:30:00";"-53,61005";"-63,8627166667";"12,2";"351"
"TAI AN";"01530";"2025-05-05 12:43:00";"-53,5656";"-63,8778333333";"12,5";"346"
"TAI AN";"01530";"2025-05-05 12:45:00";"-53,56005";"-63,87955";"12,3";"347"
"TAI AN";"01530";"2025-05-05 12:58:00";"-53,5623833333";"-63,8859166667";"5,4";"177"
"TAI AN";"01530";"2025-05-05 13:13:00";"-53,5625";"-63,8714166667";"7,8";"13"
"TAI AN";"01530";"2025-05-05 13:15:00";"-53,56005";"-63,8702166667";"5,7";"16"
"TAI AN";"01530";"2025-05-05 13:28:00";"-53,5433166667";"-63,8709666667";"4,2";"352"
"TAI AN";"01530";"2025-05-05 13:30:00";"-53,5417166667";"-63,8717166667";"4,2";"346"
"TAI AN";"01530";"2025-05-05 13:43:00";"-53,52595";"-63,8773333333";"4,0";"352"
"TAI AN";"01530";"2025-05-05 13:45:00";"-53,5243833333";"-63,8778833333";"4,2";"346"
"TAI AN";"01530";"2025-05-05 13:58:00";"-53,50875";"-63,8836";"3,9";"341"
"TAI AN";"01530";"2025-05-05 14:00:00";"-53,5072166667";"-63,88455";"4,3";"340"
"TAI AN";"01530";"2025-05-05 14:13:00";"-53,4918833333";"-63,8933833333";"4,1";"340"
"TAI AN";"01530";"2025-05-05 14:15:00";"-53,4903833333";"-63,89455";"3,3";"335"
"TAI AN";"01530";"2025-05-05 14:28:00";"-53,4837833333";"-63,9130666667";"5,9";"263"
"TAI AN";"01530";"2025-05-05 14:30:00";"-53,4847166667";"-63,9172166667";"4,6";"242"
"TAI AN";"01530";"2025-05-05 14:43:00";"-53,5014333333";"-63,91345";"4,4";"144"
"TAI AN";"01530";"2025-05-05 14:45:00";"-53,5033833333";"-63,9117166667";"4,0";"146"
"TAI AN";"01530";"2025-05-05 14:58:00";"-53,5131333333";"-63,9000333333";"3,3";"148"
"TAI AN";"01530";"2025-05-05 15:00:00";"-53,5148833333";"-63,8983833333";"3,7";"147"
"TAI AN";"01530";"2025-05-05 15:13:00";"-53,5251166667";"-63,88675";"3,4";"147"
"TAI AN";"01530";"2025-05-05 15:15:00";"-53,52655";"-63,8852166667";"3,1";"145"
"TAI AN";"01530";"2025-05-05 15:28:00";"-53,53675";"-63,8744833333";"3,5";"146"
"TAI AN";"01530";"2025-05-05 15:30:00";"-53,5383833333";"-63,87305";"3,3";"150"
"TAI AN";"01530";"2025-05-05 15:43:00";"-53,5487833333";"-63,8636166667";"3,3";"151"
"TAI AN";"01530";"2025-05-05 15:45:00";"-53,55005";"-63,86255";"3,2";"155"
"TAI AN";"01530";"2025-05-05 15:58:00";"-53,5604";"-63,8539666667";"2,8";"153"
"TAI AN";"01530";"2025-05-05 16:00:00";"-53,5617166667";"-63,8527166667";"2,9";"148"
"TAI AN";"01530";"2025-05-05 16:13:00";"-53,5721666667";"-63,84535";"2,9";"160"
"TAI AN";"01530";"2025-05-05 16:15:00";"-53,5737166667";"-63,84455";"3,3";"159"
"TAI AN";"01530";"2025-05-05 16:28:00";"-53,5850333333";"-63,8411";"2,8";"173"
"TAI AN";"01530";"2025-05-05 16:30:00";"-53,5867166667";"-63,84105";"2,9";"177"
"TAI AN";"01530";"2025-05-05 16:43:00";"-53,5971666667";"-63,8381";"2,9";"170"
"TAI AN";"01530";"2025-05-05 16:45:00";"-53,59905";"-63,8372166667";"2,9";"164"
"TAI AN";"01530";"2025-05-05 16:58:00";"-53,6095";"-63,8365666667";"3,0";"188"
"TAI AN";"01530";"2025-05-05 17:00:00";"-53,61105";"-63,83705";"3,1";"184"
"TAI AN";"01530";"2025-05-05 17:13:00";"-53,6217333333";"-63,84025";"2,8";"192"
"TAI AN";"01530";"2025-05-05 17:15:00";"-53,6232166667";"-63,8407166667";"3,0";"191"
"TAI AN";"01530";"2025-05-05 17:28:00";"-53,6337833333";"-63,8441666667";"3,3";"189"
"TAI AN";"01530";"2025-05-05 17:30:00";"-53,6353833333";"-63,8447166667";"3,0";"188"
"TAI AN";"01530";"2025-05-05 17:43:00";"-53,6464666667";"-63,8442166667";"3,1";"173"
"TAI AN";"01530";"2025-05-05 17:45:00";"-53,6482166667";"-63,8442166667";"3,3";"177"
"TAI AN";"01530";"2025-05-05 17:58:00";"-53,6592333333";"-63,8442666667";"2,9";"184"
"TAI AN";"01530";"2025-05-05 18:00:00";"-53,6608833333";"-63,8443833333";"2,9";"184"
"TAI AN";"01530";"2025-05-05 18:13:00";"-53,67005";"-63,8366166667";"3,4";"144"
"TAI AN";"01530";"2025-05-05 18:15:00";"-53,6713833333";"-63,83455";"3,3";"118"
"TAI AN";"01530";"2025-05-05 18:28:00";"-53,66825";"-63,8099666667";"5,3";"48"
"TAI AN";"01530";"2025-05-05 18:30:00";"-53,66605";"-63,8063833333";"5,3";"41"
"TAI AN";"01530";"2025-05-05 18:43:00";"-53,64695";"-63,7989";"5,4";"358"
"TAI AN";"01530";"2025-05-05 18:45:00";"-53,6442166667";"-63,7992166667";"5,2";"354"
"TAI AN";"01530";"2025-05-05 18:58:00";"-53,6264833333";"-63,80695";"4,9";"338"
"TAI AN";"01530";"2025-05-05 19:00:00";"-53,62405";"-63,8088833333";"4,9";"334"
"TAI AN";"01530";"2025-05-05 19:13:00";"-53,6080666667";"-63,8207166667";"4,7";"330"
"TAI AN";"01530";"2025-05-05 19:15:00";"-53,6057166667";"-63,82305";"4,8";"331"
"TAI AN";"01530";"2025-05-05 19:27:00";"-53,5913666667";"-63,8374833333";"4,6";"332"
"TAI AN";"01530";"2025-05-05 19:30:00";"-53,5888833333";"-63,84005";"4,7";"336"
"TAI AN";"01530";"2025-05-05 19:42:00";"-53,5726666667";"-63,8473166667";"5,0";"357"
"TAI AN";"01530";"2025-05-05 19:45:00";"-53,5698833333";"-63,84755";"4,8";"357"
"TAI AN";"01530";"2025-05-05 19:57:00";"-53,55285";"-63,8486333333";"4,5";"0"
"TAI AN";"01530";"2025-05-05 20:00:00";"-53,5502166667";"-63,8487166667";"4,6";"352"
"TAI AN";"01530";"2025-05-05 20:12:00";"-53,5336";"-63,8493333333";"4,6";"358"
"TAI AN";"01530";"2025-05-05 20:15:00";"-53,5308833333";"-63,84905";"4,6";"6"
"TAI AN";"01530";"2025-05-05 20:27:00";"-53,5148833333";"-63,8433333333";"4,6";"13"
"TAI AN";"01530";"2025-05-05 20:30:00";"-53,51205";"-63,8423833333";"4,4";"11"
"TAI AN";"01530";"2025-05-05 20:42:00";"-53,4968166667";"-63,8364666667";"4,2";"12"
"TAI AN";"01530";"2025-05-05 20:45:00";"-53,4942166667";"-63,83555";"4,2";"12"
"TAI AN";"01530";"2025-05-05 20:57:00";"-53,4816166667";"-63,8307";"2,3";"10"
"TAI AN";"01530";"2025-05-05 21:00:00";"-53,4803833333";"-63,83055";"1,9";"4"
"TAI AN";"01530";"2025-05-05 21:12:00";"-53,4736333333";"-63,8305166667";"2,4";"356"
"TAI AN";"01530";"2025-05-05 21:15:00";"-53,4718833333";"-63,8308833333";"2,2";"356"
"TAI AN";"01530";"2025-05-05 21:27:00";"-53,4578666667";"-63,8252833333";"5,5";"40"
"TAI AN";"01530";"2025-05-05 21:30:00";"-53,4557166667";"-63,8207166667";"5,1";"70"
"TAI AN";"01530";"2025-05-05 21:42:00";"-53,4658666667";"-63,80835";"4,8";"177"
"TAI AN";"01530";"2025-05-05 21:45:00";"-53,4687166667";"-63,8087166667";"4,8";"187"
"TAI AN";"01530";"2025-05-05 21:57:00";"-53,4855333333";"-63,8094166667";"4,8";"177"
"TAI AN";"01530";"2025-05-05 22:00:00";"-53,48905";"-63,80955";"4,8";"183"
"TAI AN";"01530";"2025-05-05 22:12:00";"-53,5008333333";"-63,8118166667";"6,0";"98"
"TAI AN";"01530";"2025-05-05 22:15:00";"-53,5027166667";"-63,81355";"6,3";"312"
"TAI AN";"01530";"2025-05-05 22:27:00";"-53,5139166667";"-63,7724166667";"9,9";"120"
"TAI AN";"01530";"2025-05-05 22:30:00";"-53,5177166667";"-63,7623833333";"9,5";"123"
"TAI AN";"01530";"2025-05-05 22:42:00";"-53,5278";"-63,7819";"6,0";"117"
"TAI AN";"01530";"2025-05-05 22:45:00";"-53,5308833333";"-63,7748833333";"7,6";"132"
"TAI AN";"01530";"2025-05-05 22:57:00";"-53,5393833333";"-63,7314";"8,6";"94"
"TAI AN";"01530";"2025-05-05 23:00:00";"-53,54005";"-63,72055";"8,9";"94"
"TAI AN";"01530";"2025-05-05 23:12:00";"-53,5424666667";"-63,6746333333";"6,8";"208"
"TAI AN";"01530";"2025-05-05 23:15:00";"-53,5458833333";"-63,6823833333";"8,9";"231"
"TAI AN";"01530";"2025-05-05 23:27:00";"-53,5574166667";"-63,7315833333";"9,5";"254"
"TAI AN";"01530";"2025-05-05 23:30:00";"-53,5582166667";"-63,7437166667";"9,4";"263"
"TAI AN";"01530";"2025-05-05 23:42:00";"-53,55715";"-63,7989166667";"9,6";"271"
"TAI AN";"01530";"2025-05-05 23:45:00";"-53,55655";"-63,8112166667";"9,9";"275"
"TAI AN";"01530";"2025-05-05 23:57:00";"-53,55525";"-63,8656166667";"9,5";"269"
"TAI AN";"01530";"2025-05-06 00:00:00";"-53,55555";"-63,8763833333";"9,5";"268"
"TAI AN";"01530";"2025-05-06 00:12:00";"-53,5522833333";"-63,9314";"9,7";"276"
"TAI AN";"01530";"2025-05-06 00:15:00";"-53,55155";"-63,94405";"9,4";"276"
"TAI AN";"01530";"2025-05-06 00:27:00";"-53,5478666667";"-63,99635";"8,8";"251"
"TAI AN";"01530";"2025-05-06 00:30:00";"-53,55105";"-64,0058833333";"8,8";"228"
"TAI AN";"01530";"2025-05-06 00:42:00";"-53,5721666667";"-64,0272166667";"7,9";"136"
"TAI AN";"01530";"2025-05-06 00:45:00";"-53,5768833333";"-64,0193833333";"8,7";"134"
"TAI AN";"01530";"2025-05-06 00:57:00";"-53,5942666667";"-63,9783166667";"8,9";"122"
"TAI AN";"01530";"2025-05-06 01:00:00";"-53,5973833333";"-63,9678833333";"9,1";"110"
"TAI AN";"01530";"2025-05-06 01:12:00";"-53,6031666667";"-63,9245833333";"5,6";"301"
"TAI AN";"01530";"2025-05-06 01:15:00";"-53,6042166667";"-63,92455";"5,6";"59"
"TAI AN";"01530";"2025-05-06 01:27:00";"-53,6103333333";"-63,89955";"8,8";"107"
"TAI AN";"01530";"2025-05-06 01:30:00";"-53,61205";"-63,8878833333";"9,1";"101"
"TAI AN";"01530";"2025-05-06 01:42:00";"-53,6171";"-63,8395666667";"9,2";"95"
"TAI AN";"01530";"2025-05-06 01:45:00";"-53,6178833333";"-63,82705";"9,2";"96"
"TAI AN";"01530";"2025-05-06 01:57:00";"-53,62355";"-63,7895333333";"8,2";"242"
"TAI AN";"01530";"2025-05-06 02:00:00";"-53,6277166667";"-63,7993833333";"9,5";"235"
"TAI AN";"01530";"2025-05-06 02:12:00";"-53,6450666667";"-63,8424166667";"9,3";"238"
"TAI AN";"01530";"2025-05-06 02:15:00";"-53,6493833333";"-63,85305";"9,1";"237"
"TAI AN";"01530";"2025-05-06 02:27:00";"-53,6666833333";"-63,89535";"8,9";"234"
"TAI AN";"01530";"2025-05-06 02:30:00";"-53,67105";"-63,9057166667";"9,1";"233"
"TAI AN";"01530";"2025-05-06 02:42:00";"-53,6852333333";"-63,95205";"9,5";"241"
"TAI AN";"01530";"2025-05-06 02:45:00";"-53,6888833333";"-63,9642166667";"9,6";"242"
"TAI AN";"01530";"2025-05-06 02:57:00";"-53,7073666667";"-63,9437833333";"9,0";"125"
"TAI AN";"01530";"2025-05-06 03:00:00";"-53,7118833333";"-63,9333833333";"9,4";"123"
"TAI AN";"01530";"2025-05-06 03:12:00";"-53,7269666667";"-63,8887";"9,3";"112"
"TAI AN";"01530";"2025-05-06 03:15:00";"-53,7297166667";"-63,87655";"8,9";"112"
"TAI AN";"01530";"2025-05-06 03:27:00";"-53,7488833333";"-63,89965";"8,9";"224"
"TAI AN";"01530";"2025-05-06 03:30:00";"-53,7538833333";"-63,90805";"8,6";"224"
"TAI AN";"01530";"2025-05-06 03:42:00";"-53,7758833333";"-63,94495";"9,3";"226"
"TAI AN";"01530";"2025-05-06 03:45:00";"-53,7813833333";"-63,9538833333";"9,2";"226"
"TAI AN";"01530";"2025-05-06 03:57:00";"-53,7974";"-63,9205333333";"8,5";"114"
"TAI AN";"01530";"2025-05-06 04:00:00";"-53,80005";"-63,9092166667";"8,2";"98"
"TAI AN";"01530";"2025-05-06 04:12:00";"-53,8049166667";"-63,8655";"7,6";"98"
"TAI AN";"01530";"2025-05-06 04:15:00";"-53,8077166667";"-63,8597166667";"7,3";"231"
"TAI AN";"01530";"2025-05-06 04:27:00";"-53,8337166667";"-63,8779166667";"9,2";"201"
"TAI AN";"01530";"2025-05-06 04:30:00";"-53,84055";"-63,88205";"8,9";"198"
"TAI AN";"01530";"2025-05-06 04:42:00";"-53,8698333333";"-63,8997666667";"9,5";"198"
"TAI AN";"01530";"2025-05-06 04:45:00";"-53,87705";"-63,9043833333";"9,2";"201"
"TAI AN";"01530";"2025-05-06 04:57:00";"-53,8954333333";"-63,87945";"7,9";"115"
"TAI AN";"01530";"2025-05-06 05:00:00";"-53,8987166667";"-63,8683833333";"8,2";"121"
"TAI AN";"01530";"2025-05-06 05:12:00";"-53,8842666667";"-63,8592666667";"11,9";"336"
"TAI AN";"01530";"2025-05-06 05:15:00";"-53,8743833333";"-63,8657166667";"11,8";"340"
"TAI AN";"01530";"2025-05-06 05:27:00";"-53,88115";"-63,8664666667";"4,6";"181"
"TAI AN";"01530";"2025-05-06 05:30:00";"-53,8852166667";"-63,8663833333";"4,7";"171"
"TAI AN";"01530";"2025-05-06 05:41:00";"-53,8950833333";"-63,8594333333";"3,3";"134"
"TAI AN";"01530";"2025-05-06 05:45:00";"-53,8972166667";"-63,85605";"3,1";"139"
"TAI AN";"01530";"2025-05-06 05:56:00";"-53,9044833333";"-63,8442";"3,1";"138"
"TAI AN";"01530";"2025-05-06 06:00:00";"-53,9067166667";"-63,8412166667";"3,0";"146"
"TAI AN";"01530";"2025-05-06 06:11:00";"-53,9152";"-63,8322";"3,2";"149"
"TAI AN";"01530";"2025-05-06 06:15:00";"-53,91755";"-63,8298833333";"3,1";"147"
"TAI AN";"01530";"2025-05-06 06:26:00";"-53,9256833333";"-63,8207833333";"2,7";"144"
"TAI AN";"01530";"2025-05-06 06:30:00";"-53,92755";"-63,81755";"3,0";"126"
"TAI AN";"01530";"2025-05-06 06:41:00";"-53,9331333333";"-63,8041";"3,2";"128"
"TAI AN";"01530";"2025-05-06 06:45:00";"-53,93505";"-63,8007166667";"2,9";"133"
"TAI AN";"01530";"2025-05-06 06:56:00";"-53,9413333333";"-63,78965";"2,8";"134"
"TAI AN";"01530";"2025-05-06 07:00:00";"-53,9432166667";"-63,7862166667";"2,8";"141"
"TAI AN";"01530";"2025-05-06 07:11:00";"-53,9490666667";"-63,7741";"2,8";"123"
"TAI AN";"01530";"2025-05-06 07:15:00";"-53,9508833333";"-63,7707166667";"2,5";"126"
"TAI AN";"01530";"2025-05-06 07:26:00";"-53,9571";"-63,7606666667";"2,5";"158"
"TAI AN";"01530";"2025-05-06 07:30:00";"-53,95955";"-63,75905";"3,1";"165"
"TAI AN";"01530";"2025-05-06 07:41:00";"-53,9679166667";"-63,7551166667";"2,8";"167"
"TAI AN";"01530";"2025-05-06 07:45:00";"-53,9703833333";"-63,75405";"3,1";"168"
"TAI AN";"01530";"2025-05-06 07:56:00";"-53,9787833333";"-63,7487833333";"3,1";"110"
"TAI AN";"01530";"2025-05-06 08:00:00";"-53,9802166667";"-63,7438833333";"3,4";"127"
"TAI AN";"01530";"2025-05-06 08:11:00";"-53,9841166667";"-63,7282";"3,4";"94"
"TAI AN";"01530";"2025-05-06 08:15:00";"-53,9847166667";"-63,72255";"3,3";"97"
"TAI AN";"01530";"2025-05-06 08:26:00";"-53,9905666667";"-63,7081166667";"3,6";"137"
"TAI AN";"01530";"2025-05-06 08:30:00";"-53,99355";"-63,7047166667";"3,8";"139"
"TAI AN";"01530";"2025-05-06 08:41:00";"-54,0018333333";"-63,6927666667";"3,7";"140"
"TAI AN";"01530";"2025-05-06 08:45:00";"-54,0043833333";"-63,68855";"3,8";"136"
"TAI AN";"01530";"2025-05-06 08:56:00";"-54,0129166667";"-63,6783";"2,3";"117"
"TAI AN";"01530";"2025-05-06 09:00:00";"-54,0137166667";"-63,6752166667";"2,9";"128"
"TAI AN";"01530";"2025-05-06 09:11:00";"-53,99825";"-63,6734833333";"6,7";"313"
"TAI AN";"01530";"2025-05-06 09:15:00";"-53,99455";"-63,6808833333";"5,3";"306"
"TAI AN";"01530";"2025-05-06 09:26:00";"-53,9858";"-63,7002166667";"4,2";"305"
"TAI AN";"01530";"2025-05-06 09:30:00";"-53,9837166667";"-63,70505";"3,9";"308"
"TAI AN";"01530";"2025-05-06 09:41:00";"-53,9761166667";"-63,7218166667";"4,0";"303"
"TAI AN";"01530";"2025-05-06 09:45:00";"-53,97405";"-63,72705";"4,0";"304"
"TAI AN";"01530";"2025-05-06 09:56:00";"-53,9683166667";"-63,7448666667";"3,5";"326"
"TAI AN";"01530";"2025-05-06 10:00:00";"-53,9648833333";"-63,7483833333";"4,7";"335"
"TAI AN";"01530";"2025-05-06 10:11:00";"-53,9506";"-63,7560666667";"4,6";"320"
"TAI AN";"01530";"2025-05-06 10:15:00";"-53,9473833333";"-63,7607166667";"4,5";"317"
"TAI AN";"01530";"2025-05-06 10:26:00";"-53,9373";"-63,77575";"4,3";"320"
"TAI AN";"01530";"2025-05-06 10:30:00";"-53,93455";"-63,78055";"3,9";"321"
"TAI AN";"01530";"2025-05-06 10:41:00";"-53,9236666667";"-63,79315";"4,5";"333"
"TAI AN";"01530";"2025-05-06 10:45:00";"-53,91955";"-63,7953833333";"4,6";"342"
"TAI AN";"01530";"2025-05-06 10:56:00";"-53,9119833333";"-63,8019333333";"2,0";"307"
"TAI AN";"01530";"2025-05-06 11:00:00";"-53,9103833333";"-63,8052166667";"2,3";"304"
"TAI AN";"01530";"2025-05-06 11:11:00";"-53,9039666667";"-63,8216833333";"5,7";"299"
"TAI AN";"01530";"2025-05-06 11:15:00";"-53,89855";"-63,8277166667";"6,9";"349"
"TAI AN";"01530";"2025-05-06 11:26:00";"-53,9084166667";"-63,7919";"9,5";"116"
"TAI AN";"01530";"2025-05-06 11:30:00";"-53,91405";"-63,77755";"9,6";"117"
"TAI AN";"01530";"2025-05-06 11:41:00";"-53,9350333333";"-63,7441833333";"9,4";"145"
"TAI AN";"01530";"2025-05-06 11:45:00";"-53,9398833333";"-63,7378833333";"2,7";"133"
"TAI AN";"01530";"2025-05-06 11:56:00";"-53,94925";"-63,7257666667";"3,3";"143"
"TAI AN";"01530";"2025-05-06 12:00:00";"-53,9467166667";"-63,7197166667";"6,6";"43"
"TAI AN";"01530";"2025-05-06 12:11:00";"-53,9280833333";"-63,7227833333";"4,3";"337"
"TAI AN";"01530";"2025-05-06 12:15:00";"-53,92355";"-63,7258833333";"5,1";"338"
"TAI AN";"01530";"2025-05-06 12:26:00";"-53,9109333333";"-63,7339166667";"4,2";"342"
"TAI AN";"01530";"2025-05-06 12:30:00";"-53,9068833333";"-63,73605";"4,1";"346"
"TAI AN";"01530";"2025-05-06 12:41:00";"-53,8940166667";"-63,74175";"4,0";"342"
"TAI AN";"01530";"2025-05-06 12:45:00";"-53,8897166667";"-63,7433833333";"4,1";"348"
"TAI AN";"01530";"2025-05-06 12:56:00";"-53,8763166667";"-63,7480666667";"4,5";"352"
"TAI AN";"01530";"2025-05-06 13:00:00";"-53,8718833333";"-63,7497166667";"4,1";"344"
"TAI AN";"01530";"2025-05-06 13:11:00";"-53,8584833333";"-63,7547666667";"4,2";"350"
"TAI AN";"01530";"2025-05-06 13:15:00";"-53,85405";"-63,75705";"4,8";"349"
"TAI AN";"01530";"2025-05-06 13:26:00";"-53,8407166667";"-63,76325";"4,1";"341"
"TAI AN";"01530";"2025-05-06 13:30:00";"-53,8362166667";"-63,76555";"4,4";"342"
"TAI AN";"01530";"2025-05-06 13:41:00";"-53,8233166667";"-63,7729833333";"4,4";"336"
"TAI AN";"01530";"2025-05-06 13:45:00";"-53,8188833333";"-63,77605";"4,8";"341"
"TAI AN";"01530";"2025-05-06 13:56:00";"-53,8058833333";"-63,7856333333";"4,6";"340"
"TAI AN";"01530";"2025-05-06 14:00:00";"-53,80155";"-63,7888833333";"4,3";"333"
"TAI AN";"01530";"2025-05-06 14:11:00";"-53,7883833333";"-63,7979833333";"4,5";"339"
"TAI AN";"01530";"2025-05-06 14:15:00";"-53,7838833333";"-63,8013833333";"4,2";"335"
"TAI AN";"01530";"2025-05-06 14:26:00";"-53,7705833333";"-63,81055";"4,4";"332"
"TAI AN";"01530";"2025-05-06 14:30:00";"-53,76555";"-63,8132166667";"4,4";"347"
"TAI AN";"01530";"2025-05-06 14:41:00";"-53,7519";"-63,81645";"4,8";"358"
"TAI AN";"01530";"2025-05-06 14:45:00";"-53,7472166667";"-63,81755";"4,5";"351"
"TAI AN";"01530";"2025-05-06 14:56:00";"-53,73325";"-63,8208833333";"4,5";"359"
"TAI AN";"01530";"2025-05-06 15:00:00";"-53,7283833333";"-63,8218833333";"4,1";"352"
"TAI AN";"01530";"2025-05-06 15:11:00";"-53,7146166667";"-63,8233666667";"4,4";"356"
"TAI AN";"01530";"2025-05-06 15:15:00";"-53,71005";"-63,8242166667";"4,2";"355"
"TAI AN";"01530";"2025-05-06 15:26:00";"-53,6961333333";"-63,8255";"4,3";"353"
"TAI AN";"01530";"2025-05-06 15:30:00";"-53,6908833333";"-63,82605";"3,9";"358"
"TAI AN";"01530";"2025-05-06 15:41:00";"-53,67715";"-63,8274666667";"4,5";"2"
"TAI AN";"01530";"2025-05-06 15:45:00";"-53,67205";"-63,8278833333";"4,7";"360"
"TAI AN";"01530";"2025-05-06 15:55:00";"-53,658";"-63,8284666667";"4,5";"356"
"TAI AN";"01530";"2025-05-06 16:00:00";"-53,6528833333";"-63,8288833333";"4,7";"355"
"TAI AN";"01530";"2025-05-06 16:10:00";"-53,6387166667";"-63,8300666667";"4,3";"2"
"TAI AN";"01530";"2025-05-06 16:15:00";"-53,63305";"-63,8303833333";"4,8";"356"
"TAI AN";"01530";"2025-05-06 16:25:00";"-53,6191";"-63,8309833333";"4,9";"354"
"TAI AN";"01530";"2025-05-06 16:30:00";"-53,61355";"-63,8312166667";"4,8";"358"
"TAI AN";"01530";"2025-05-06 16:40:00";"-53,59875";"-63,8308333333";"4,2";"358"
"TAI AN";"01530";"2025-05-06 16:45:00";"-53,59355";"-63,83105";"5,1";"359"
"TAI AN";"01530";"2025-05-06 16:55:00";"-53,5792333333";"-63,83065";"4,5";"3"
"TAI AN";"01530";"2025-05-06 17:00:00";"-53,5738833333";"-63,83055";"4,8";"356"
"TAI AN";"01530";"2025-05-06 17:10:00";"-53,5593333333";"-63,8327833333";"5,1";"348"
"TAI AN";"01530";"2025-05-06 17:15:00";"-53,5538833333";"-63,83505";"5,3";"344"
"TAI AN";"01530";"2025-05-06 17:25:00";"-53,5396833333";"-63,8426333333";"4,4";"346"
"TAI AN";"01530";"2025-05-06 17:30:00";"-53,53455";"-63,8457166667";"5,1";"342"
"TAI AN";"01530";"2025-05-06 17:40:00";"-53,5202666667";"-63,8533666667";"4,7";"350"
"TAI AN";"01530";"2025-05-06 17:45:00";"-53,51455";"-63,85505";"4,8";"347"
"TAI AN";"01530";"2025-05-06 17:55:00";"-53,4994666667";"-63,8555166667";"5,2";"6"
"TAI AN";"01530";"2025-05-06 18:00:00";"-53,4942166667";"-63,8538833333";"4,4";"18"
"TAI AN";"01530";"2025-05-06 18:10:00";"-53,4830333333";"-63,8416166667";"3,8";"57"
"TAI AN";"01530";"2025-05-06 18:15:00";"-53,4793833333";"-63,8348833333";"3,9";"54"
"TAI AN";"01530";"2025-05-06 18:25:00";"-53,477";"-63,8161";"3,6";"104"
"TAI AN";"01530";"2025-05-06 18:30:00";"-53,4788833333";"-63,8087166667";"3,2";"123"
"TAI AN";"01530";"2025-05-06 18:40:00";"-53,4893";"-63,8032333333";"3,9";"186"
"TAI AN";"01530";"2025-05-06 18:45:00";"-53,49405";"-63,80555";"3,4";"209"
"TAI AN";"01530";"2025-05-06 18:55:00";"-53,50215";"-63,8173";"3,2";"231"
"TAI AN";"01530";"2025-05-06 19:00:00";"-53,5047166667";"-63,8227166667";"3,7";"235"
"TAI AN";"01530";"2025-05-06 19:10:00";"-53,5111833333";"-63,8353333333";"3,4";"222"
"TAI AN";"01530";"2025-05-06 19:15:00";"-53,5142166667";"-63,8407166667";"3,2";"227"
"TAI AN";"01530";"2025-05-06 19:25:00";"-53,5212666667";"-63,8533333333";"2,9";"227"
"TAI AN";"01530";"2025-05-06 19:30:00";"-53,52455";"-63,85705";"3,0";"194"
"TAI AN";"01530";"2025-05-06 19:40:00";"-53,5339";"-63,8606833333";"3,4";"194"
"TAI AN";"01530";"2025-05-06 19:45:00";"-53,5373833333";"-63,86305";"3,1";"206"
"TAI AN";"01530";"2025-05-06 19:55:00";"-53,5459";"-63,86595";"2,8";"185"
"TAI AN";"01530";"2025-05-06 20:00:00";"-53,54955";"-63,86605";"3,5";"165"
"TAI AN";"01530";"2025-05-06 20:10:00";"-53,5583833333";"-63,8645166667";"2,9";"174"
"TAI AN";"01530";"2025-05-06 20:15:00";"-53,5618833333";"-63,86405";"2,8";"172"
"TAI AN";"01530";"2025-05-06 20:25:00";"-53,5707";"-63,8620833333";"3,0";"171"
"TAI AN";"01530";"2025-05-06 20:30:00";"-53,57455";"-63,86155";"3,0";"182"
"TAI AN";"01530";"2025-05-06 20:40:00";"-53,5836166667";"-63,8604333333";"3,4";"168"
"TAI AN";"01530";"2025-05-06 20:45:00";"-53,5877166667";"-63,8597166667";"2,7";"164"
"TAI AN";"01530";"2025-05-06 20:55:00";"-53,5953333333";"-63,8626";"2,4";"258"
"TAI AN";"01530";"2025-05-06 21:00:00";"-53,59555";"-63,8667166667";"1,4";"260"
"TAI AN";"01530";"2025-05-06 21:10:00";"-53,5945";"-63,8767833333";"2,7";"290"
"TAI AN";"01530";"2025-05-06 21:15:00";"-53,5943833333";"-63,8827166667";"3,6";"300"
"TAI AN";"01530";"2025-05-06 21:25:00";"-53,5999";"-63,8927333333";"2,5";"174"
"TAI AN";"01530";"2025-05-06 21:30:00";"-53,60355";"-63,89455";"3,2";"202"
"TAI AN";"01530";"2025-05-06 21:40:00";"-53,61555";"-63,8991666667";"7,7";"214"
"TAI AN";"01530";"2025-05-06 21:45:00";"-53,60905";"-63,89805";"9,3";"56"
"TAI AN";"01530";"2025-05-06 21:55:00";"-53,6153666667";"-63,9003333333";"9,5";"205"
"TAI AN";"01530";"2025-05-06 22:00:00";"-53,6267166667";"-63,90855";"10,0";"201"
"TAI AN";"01530";"2025-05-06 22:10:00";"-53,6520666667";"-63,9267833333";"9,3";"205"
"TAI AN";"01530";"2025-05-06 22:15:00";"-53,6592166667";"-63,93805";"7,5";"295"
"TAI AN";"01530";"2025-05-06 22:25:00";"-53,6756833333";"-63,9481333333";"8,0";"183"
"TAI AN";"01530";"2025-05-06 22:30:00";"-53,6838833333";"-63,9567166667";"8,1";"228"
"TAI AN";"01530";"2025-05-06 22:40:00";"-53,6850666667";"-63,9899333333";"9,5";"325"
"TAI AN";"01530";"2025-05-06 22:45:00";"-53,6728833333";"-63,9887166667";"9,0";"8"
"TAI AN";"01530";"2025-05-06 22:55:00";"-53,6514166667";"-63,9694333333";"9,3";"30"
"TAI AN";"01530";"2025-05-06 23:00:00";"-53,64205";"-63,9577166667";"7,4";"58"
"TAI AN";"01530";"2025-05-06 23:10:00";"-53,646";"-63,9270166667";"8,4";"134"
"TAI AN";"01530";"2025-05-06 23:15:00";"-53,6567166667";"-63,9193833333";"8,3";"160"
"TAI AN";"01530";"2025-05-06 23:25:00";"-53,67835";"-63,9115666667";"8,7";"194"
"TAI AN";"01530";"2025-05-06 23:30:00";"-53,6893833333";"-63,91905";"9,1";"206"
"TAI AN";"01530";"2025-05-06 23:40:00";"-53,7130333333";"-63,9362166667";"9,0";"205"
"TAI AN";"01530";"2025-05-06 23:45:00";"-53,7238833333";"-63,9438833333";"8,7";"207"
"TAI AN";"01530";"2025-05-06 23:55:00";"-53,7468";"-63,95725";"6,5";"134"
"TAI AN";"01530";"2025-05-07 00:00:00";"-53,7513833333";"-63,9398833333";"8,6";"112"
"TAI AN";"01530";"2025-05-07 00:10:00";"-53,74125";"-63,9112";"11,3";"358"
"TAI AN";"01530";"2025-05-07 00:15:00";"-53,7283833333";"-63,92205";"10,9";"312"
"TAI AN";"01530";"2025-05-07 00:25:00";"-53,7265333333";"-63,9333166667";"2,5";"185"
"TAI AN";"01530";"2025-05-07 00:30:00";"-53,7318833333";"-63,9332166667";"5,1";"188"
"TAI AN";"01530";"2025-05-07 00:40:00";"-53,74285";"-63,93715";"3,3";"189"
"TAI AN";"01530";"2025-05-07 00:45:00";"-53,7477166667";"-63,9363833333";"3,7";"158"
"TAI AN";"01530";"2025-05-07 00:55:00";"-53,7568";"-63,9330333333";"3,2";"172"
"TAI AN";"01530";"2025-05-07 01:00:00";"-53,7608833333";"-63,9317166667";"2,5";"173"
"TAI AN";"01530";"2025-05-07 01:10:00";"-53,7690833333";"-63,9290333333";"3,0";"173"
"TAI AN";"01530";"2025-05-07 01:15:00";"-53,7733833333";"-63,9298833333";"3,0";"194"
"TAI AN";"01530";"2025-05-07 01:25:00";"-53,7813666667";"-63,9260666667";"3,1";"147"
"TAI AN";"01530";"2025-05-07 01:30:00";"-53,78505";"-63,9208833333";"3,2";"128"
"TAI AN";"01530";"2025-05-07 01:40:00";"-53,79165";"-63,9125666667";"3,6";"137"
"TAI AN";"01530";"2025-05-07 01:45:00";"-53,79505";"-63,9082166667";"3,3";"151"
"TAI AN";"01530";"2025-05-07 01:55:00";"-53,8023833333";"-63,9049";"3,0";"179"
"TAI AN";"01530";"2025-05-07 02:00:00";"-53,8062166667";"-63,90605";"2,5";"190"
"TAI AN";"01530";"2025-05-07 02:10:00";"-53,8137";"-63,9071666667";"3,3";"172"
"TAI AN";"01530";"2025-05-07 02:15:00";"-53,8177166667";"-63,9067166667";"3,1";"188"
"TAI AN";"01530";"2025-05-07 02:24:00";"-53,8248166667";"-63,9075833333";"2,3";"167"
"TAI AN";"01530";"2025-05-07 02:30:00";"-53,82855";"-63,90755";"2,1";"187"
"TAI AN";"01530";"2025-05-07 02:39:00";"-53,8355666667";"-63,9072333333";"2,3";"203"
"TAI AN";"01530";"2025-05-07 02:45:00";"-53,83905";"-63,9067166667";"3,4";"172"
"TAI AN";"01530";"2025-05-07 02:54:00";"-53,8455";"-63,9015166667";"2,6";"154"
"TAI AN";"01530";"2025-05-07 03:00:00";"-53,84855";"-63,89855";"2,4";"146"
"TAI AN";"01530";"2025-05-07 03:09:00";"-53,8541166667";"-63,8921";"2,7";"147"
"TAI AN";"01530";"2025-05-07 03:15:00";"-53,8572166667";"-63,8892166667";"3,2";"172"
"TAI AN";"01530";"2025-05-07 03:24:00";"-53,8627";"-63,8837166667";"2,1";"147"
"TAI AN";"01530";"2025-05-07 03:30:00";"-53,8658833333";"-63,88055";"2,5";"136"
"TAI AN";"01530";"2025-05-07 03:39:00";"-53,8715833333";"-63,8746833333";"2,7";"166"
"TAI AN";"01530";"2025-05-07 03:45:00";"-53,87605";"-63,8743833333";"2,8";"184"
"TAI AN";"01530";"2025-05-07 03:54:00";"-53,8840333333";"-63,8744666667";"3,7";"173"
"TAI AN";"01530";"2025-05-07 04:00:00";"-53,88855";"-63,8722166667";"3,1";"156"
"TAI AN";"01530";"2025-05-07 04:09:00";"-53,89615";"-63,8698833333";"2,3";"181"
"TAI AN";"01530";"2025-05-07 04:15:00";"-53,90055";"-63,86855";"2,9";"165"
"TAI AN";"01530";"2025-05-07 04:24:00";"-53,9092333333";"-63,8671333333";"3,4";"170"
"TAI AN";"01530";"2025-05-07 04:30:00";"-53,9133833333";"-63,8642166667";"3,2";"132"
"TAI AN";"01530";"2025-05-07 04:39:00";"-53,91805";"-63,8536666667";"2,6";"113"
"TAI AN";"01530";"2025-05-07 04:45:00";"-53,9202166667";"-63,8477166667";"3,4";"122"
"TAI AN";"01530";"2025-05-07 04:54:00";"-53,9235833333";"-63,8372833333";"2,4";"123"
"TAI AN";"01530";"2025-05-07 05:00:00";"-53,9257166667";"-63,83155";"3,0";"122"
"TAI AN";"01530";"2025-05-07 05:09:00";"-53,93065";"-63,8230333333";"3,0";"139"
"TAI AN";"01530";"2025-05-07 05:15:00";"-53,9337166667";"-63,81805";"3,4";"146"
"TAI AN";"01530";"2025-05-07 05:24:00";"-53,9387333333";"-63,8098666667";"2,1";"127"
"TAI AN";"01530";"2025-05-07 05:30:00";"-53,9417166667";"-63,8048833333";"2,9";"141"
"TAI AN";"01530";"2025-05-07 05:39:00";"-53,94665";"-63,7961333333";"2,6";"139"
"TAI AN";"01530";"2025-05-07 05:45:00";"-53,9497166667";"-63,7908833333";"2,8";"135"
"TAI AN";"01530";"2025-05-07 05:54:00";"-53,9546";"-63,7818166667";"2,9";"146"
"TAI AN";"01530";"2025-05-07 06:00:00";"-53,95755";"-63,7763833333";"3,1";"127"
"TAI AN";"01530";"2025-05-07 06:09:00";"-53,9623833333";"-63,7674333333";"2,2";"126"
"TAI AN";"01530";"2025-05-07 06:15:00";"-53,9652166667";"-63,7623833333";"3,1";"141"
"TAI AN";"01530";"2025-05-07 06:24:00";"-53,97145";"-63,7554";"2,9";"164"
"TAI AN";"01530";"2025-05-07 06:30:00";"-53,9753833333";"-63,7518833333";"2,7";"147"
"TAI AN";"01530";"2025-05-07 06:39:00";"-53,9817";"-63,7461";"2,6";"145"
"TAI AN";"01530";"2025-05-07 06:45:00";"-53,98555";"-63,74205";"2,8";"126"
"TAI AN";"01530";"2025-05-07 06:54:00";"-53,9900333333";"-63,7330333333";"3,0";"141"
"TAI AN";"01530";"2025-05-07 07:00:00";"-53,9928833333";"-63,7273833333";"2,6";"144"
"TAI AN";"01530";"2025-05-07 07:09:00";"-53,9978333333";"-63,7192166667";"3,2";"160"
"TAI AN";"01530";"2025-05-07 07:15:00";"-54,00205";"-63,71605";"2,5";"152"
"TAI AN";"01530";"2025-05-07 07:24:00";"-54,0083333333";"-63,71145";"3,1";"153"
"TAI AN";"01530";"2025-05-07 07:30:00";"-54,0123833333";"-63,70855";"2,7";"163"
"TAI AN";"01530";"2025-05-07 07:39:00";"-54,0187166667";"-63,7040666667";"2,3";"162"
"TAI AN";"01530";"2025-05-07 07:45:00";"-54,0227166667";"-63,70105";"1,9";"134"
"TAI AN";"01530";"2025-05-07 07:54:00";"-54,0277333333";"-63,6933333333";"3,1";"136"
"TAI AN";"01530";"2025-05-07 08:00:00";"-54,0307166667";"-63,6878833333";"1,6";"128"
"TAI AN";"01530";"2025-05-07 08:09:00";"-54,0353666667";"-63,6803833333";"3,4";"137"
"TAI AN";"01530";"2025-05-07 08:15:00";"-54,0383833333";"-63,67555";"3,3";"131"
"TAI AN";"01530";"2025-05-07 08:24:00";"-54,0431833333";"-63,66635";"3,1";"112"
"TAI AN";"01530";"2025-05-07 08:30:00";"-54,0458833333";"-63,65855";"3,3";"118"
"TAI AN";"01530";"2025-05-07 08:39:00";"-54,0520166667";"-63,6515166667";"3,1";"150"
"TAI AN";"01530";"2025-05-07 08:45:00";"-54,05605";"-63,6472166667";"4,2";"141"
"TAI AN";"01530";"2025-05-07 08:54:00";"-54,0627666667";"-63,6404666667";"3,4";"140"
"TAI AN";"01530";"2025-05-07 09:00:00";"-54,06705";"-63,6363833333";"4,0";"150"
"TAI AN";"01530";"2025-05-07 09:09:00";"-54,0732666667";"-63,6295833333";"2,7";"155"
"TAI AN";"01530";"2025-05-07 09:15:00";"-54,0767166667";"-63,6227166667";"2,6";"129"
"TAI AN";"01530";"2025-05-07 09:24:00";"-54,0817666667";"-63,6121166667";"4,1";"132"
"TAI AN";"01530";"2025-05-07 09:30:00";"-54,0848833333";"-63,60555";"3,6";"115"
"TAI AN";"01530";"2025-05-07 09:39:00";"-54,0901333333";"-63,5937166667";"3,5";"120"
"TAI AN";"01530";"2025-05-07 09:45:00";"-54,09405";"-63,5863833333";"3,4";"140"
"TAI AN";"01530";"2025-05-07 09:54:00";"-54,0991";"-63,5751166667";"3,8";"135"
"TAI AN";"01530";"2025-05-07 10:00:00";"-54,10255";"-63,56705";"3,7";"129"
"TAI AN";"01530";"2025-05-07 10:09:00";"-54,1076833333";"-63,55495";"3,8";"112"
"TAI AN";"01530";"2025-05-07 10:15:00";"-54,1113833333";"-63,54655";"4,5";"120"
"TAI AN";"01530";"2025-05-07 10:24:00";"-54,1158";"-63,53615";"0,9";"27"
"TAI AN";"01530";"2025-05-07 10:30:00";"-54,1148833333";"-63,5353833333";"1,5";"21"
"TAI AN";"01530";"2025-05-07 10:39:00";"-54,11075";"-63,53245";"1,7";"357"
"TAI AN";"01530";"2025-05-07 10:45:00";"-54,1062166667";"-63,5292166667";"3,4";"38"
"TAI AN";"01530";"2025-05-07 10:54:00";"-54,0834666667";"-63,5423166667";"12,2";"340"
"TAI AN";"01530";"2025-05-07 11:00:00";"-54,06305";"-63,5548833333";"13,5";"339"
"TAI AN";"01530";"2025-05-07 11:09:00";"-54,04595";"-63,5953666667";"12,9";"288"
"TAI AN";"01530";"2025-05-07 11:15:00";"-54,0353833333";"-63,61505";"5,7";"87"
"TAI AN";"01530";"2025-05-07 11:24:00";"-54,04215";"-63,6049";"1,9";"124"
"TAI AN";"01530";"2025-05-07 11:30:00";"-54,04605";"-63,5983833333";"4,3";"119"
"TAI AN";"01530";"2025-05-07 11:39:00";"-54,0524";"-63,5853166667";"4,1";"128"
"TAI AN";"01530";"2025-05-07 11:45:00";"-54,05705";"-63,5787166667";"2,9";"152"
"TAI AN";"01530";"2025-05-07 11:54:00";"-54,0655833333";"-63,5740666667";"4,0";"163"
"TAI AN";"01530";"2025-05-07 12:00:00";"-54,07005";"-63,5677166667";"4,2";"92"
"TAI AN";"01530";"2025-05-07 12:09:00";"-54,0701666667";"-63,5512333333";"3,0";"80"
"TAI AN";"01530";"2025-05-07 12:15:00";"-54,06905";"-63,54005";"4,5";"63"
"TAI AN";"01530";"2025-05-07 12:23:00";"-54,0592";"-63,5333833333";"5,8";"338"
"TAI AN";"01530";"2025-05-07 12:30:00";"-54,05105";"-63,5382166667";"4,5";"333"
"TAI AN";"01530";"2025-05-07 12:38:00";"-54,0433";"-63,5524166667";"4,7";"307"
"TAI AN";"01530";"2025-05-07 12:45:00";"-54,03905";"-63,5633833333";"4,2";"305"
"TAI AN";"01530";"2025-05-07 12:53:00";"-54,0326166667";"-63,57775";"4,8";"310"
"TAI AN";"01530";"2025-05-07 13:00:00";"-54,0282166667";"-63,5872166667";"4,2";"306"
"TAI AN";"01530";"2025-05-07 13:08:00";"-54,0213833333";"-63,60085";"4,1";"308"
"TAI AN";"01530";"2025-05-07 13:15:00";"-54,0163833333";"-63,6097166667";"4,0";"312"
"TAI AN";"01530";"2025-05-07 13:23:00";"-54,0086666667";"-63,6215166667";"4,0";"314"
"TAI AN";"01530";"2025-05-07 13:30:00";"-54,0032166667";"-63,62855";"3,9";"323"
"TAI AN";"01530";"2025-05-07 13:38:00";"-53,99535";"-63,6375";"3,9";"325"
"TAI AN";"01530";"2025-05-07 13:45:00";"-53,98955";"-63,6448833333";"4,5";"320"
"TAI AN";"01530";"2025-05-07 13:53:00";"-53,98095";"-63,6560666667";"4,4";"324"
"TAI AN";"01530";"2025-05-07 14:00:00";"-53,97505";"-63,6642166667";"4,4";"325"
"TAI AN";"01530";"2025-05-07 14:08:00";"-53,9670166667";"-63,6738833333";"3,9";"326"
"TAI AN";"01530";"2025-05-07 14:15:00";"-53,9608833333";"-63,68005";"4,1";"332"
"TAI AN";"01530";"2025-05-07 14:23:00";"-53,9519666667";"-63,6885833333";"4,3";"326"
"TAI AN";"01530";"2025-05-07 14:30:00";"-53,9457166667";"-63,69555";"4,4";"328"
"TAI AN";"01530";"2025-05-07 14:38:00";"-53,9367333333";"-63,7045166667";"4,3";"337"
"TAI AN";"01530";"2025-05-07 14:45:00";"-53,9298833333";"-63,7102166667";"3,8";"331"
"TAI AN";"01530";"2025-05-07 14:53:00";"-53,9206333333";"-63,7173666667";"4,3";"334"
"TAI AN";"01530";"2025-05-07 15:00:00";"-53,9142166667";"-63,7237166667";"3,8";"325"
"TAI AN";"01530";"2025-05-07 15:08:00";"-53,9051";"-63,73325";"4,5";"325"
"TAI AN";"01530";"2025-05-07 15:15:00";"-53,89855";"-63,7407166667";"4,6";"324"
"TAI AN";"01530";"2025-05-07 15:23:00";"-53,8896666667";"-63,7513833333";"4,8";"320"
"TAI AN";"01530";"2025-05-07 15:30:00";"-53,8833833333";"-63,7597166667";"3,9";"319"
"TAI AN";"01530";"2025-05-07 15:38:00";"-53,8737833333";"-63,76815";"5,3";"328"
"TAI AN";"01530";"2025-05-07 15:45:00";"-53,86605";"-63,7718833333";"4,5";"351"
"TAI AN";"01530";"2025-05-07 15:53:00";"-53,8551833333";"-63,7752";"5,0";"344"
"TAI AN";"01530";"2025-05-07 16:00:00";"-53,8473833333";"-63,77705";"4,5";"0"
"TAI AN";"01530";"2025-05-07 16:08:00";"-53,8368666667";"-63,7795166667";"4,0";"357"
"TAI AN";"01530";"2025-05-07 16:15:00";"-53,82905";"-63,78055";"3,9";"6"
"TAI AN";"01530";"2025-05-07 16:23:00";"-53,8187333333";"-63,7823";"4,3";"355"
"TAI AN";"01530";"2025-05-07 16:30:00";"-53,8107166667";"-63,78455";"5,0";"342"
"TAI AN";"01530";"2025-05-07 16:38:00";"-53,8006";"-63,7882";"4,9";"349"
"TAI AN";"01530";"2025-05-07 16:45:00";"-53,7923833333";"-63,7912166667";"4,4";"349"
"TAI AN";"01530";"2025-05-07 16:53:00";"-53,7818833333";"-63,7965833333";"4,7";"328"
"TAI AN";"01530";"2025-05-07 17:00:00";"-53,7742166667";"-63,8007166667";"4,9";"341"
"TAI AN";"01530";"2025-05-07 17:08:00";"-53,76375";"-63,8059833333";"4,4";"342"
"TAI AN";"01530";"2025-05-07 17:15:00";"-53,7557166667";"-63,8098833333";"5,0";"349"
"TAI AN";"01530";"2025-05-07 17:23:00";"-53,74475";"-63,8144333333";"4,3";"347"
"TAI AN";"01530";"2025-05-07 17:30:00";"-53,73655";"-63,8178833333";"4,9";"357"
"TAI AN";"01530";"2025-05-07 17:38:00";"-53,7260166667";"-63,82075";"4,5";"353"
"TAI AN";"01530";"2025-05-07 17:45:00";"-53,7173833333";"-63,8227166667";"4,4";"357"
"TAI AN";"01530";"2025-05-07 17:53:00";"-53,7069666667";"-63,8242666667";"4,1";"2"
"TAI AN";"01530";"2025-05-07 18:00:00";"-53,6987166667";"-63,82455";"4,2";"3"
"TAI AN";"01530";"2025-05-07 18:08:00";"-53,68845";"-63,8240666667";"4,9";"352"
"TAI AN";"01530";"2025-05-07 18:15:00";"-53,68055";"-63,8238833333";"4,6";"3"
"TAI AN";"01530";"2025-05-07 18:23:00";"-53,6703166667";"-63,82335";"4,0";"8"
"TAI AN";"01530";"2025-05-07 18:30:00";"-53,66205";"-63,8228833333";"4,5";"355"
"TAI AN";"01530";"2025-05-07 18:38:00";"-53,6523166667";"-63,8237";"4,6";"357"
"TAI AN";"01530";"2025-05-07 18:45:00";"-53,6442166667";"-63,82505";"4,3";"9"
"TAI AN";"01530";"2025-05-07 18:53:00";"-53,63405";"-63,8265";"4,3";"354"
"TAI AN";"01530";"2025-05-07 19:00:00";"-53,6258833333";"-63,82805";"4,3";"354"
"TAI AN";"01530";"2025-05-07 19:08:00";"-53,616";"-63,8302833333";"4,1";"352"
"TAI AN";"01530";"2025-05-07 19:15:00";"-53,6078833333";"-63,8322166667";"4,1";"352"
"TAI AN";"01530";"2025-05-07 19:23:00";"-53,5984";"-63,83435";"4,4";"345"
"TAI AN";"01530";"2025-05-07 19:30:00";"-53,5903833333";"-63,83655";"4,4";"359"
"TAI AN";"01530";"2025-05-07 19:38:00";"-53,5805333333";"-63,8391";"4,2";"353"
"TAI AN";"01530";"2025-05-07 19:45:00";"-53,57255";"-63,84255";"4,7";"343"
"TAI AN";"01530";"2025-05-07 19:53:00";"-53,5627333333";"-63,8472833333";"4,5";"347"
"TAI AN";"01530";"2025-05-07 20:00:00";"-53,5548833333";"-63,8508833333";"4,5";"351"
"TAI AN";"01530";"2025-05-07 20:08:00";"-53,5449333333";"-63,8536833333";"4,2";"356"
"TAI AN";"01530";"2025-05-07 20:15:00";"-53,53655";"-63,85505";"5,0";"340"
"TAI AN";"01530";"2025-05-07 20:23:00";"-53,527";"-63,8556166667";"4,7";"354"
"TAI AN";"01530";"2025-05-07 20:30:00";"-53,51905";"-63,85605";"3,6";"2"
"TAI AN";"01530";"2025-05-07 20:38:00";"-53,5127833333";"-63,85935";"2,3";"321"
"TAI AN";"01530";"2025-05-07 20:45:00";"-53,5087166667";"-63,86355";"3,3";"327"
"TAI AN";"01530";"2025-05-07 20:53:00";"-53,50325";"-63,8695833333";"3,3";"326"
"TAI AN";"01530";"2025-05-07 21:00:00";"-53,49905";"-63,8803833333";"5,4";"285"
"TAI AN";"01530";"2025-05-07 21:08:00";"-53,5005";"-63,89575";"3,4";"256"
"TAI AN";"01530";"2025-05-07 21:15:00";"-53,5037166667";"-63,9058833333";"3,5";"220"
"TAI AN";"01530";"2025-05-07 21:23:00";"-53,5103833333";"-63,9197333333";"7,0";"203"
"TAI AN";"01530";"2025-05-07 21:30:00";"-53,5117166667";"-63,9257166667";"5,9";"271"
"TAI AN";"01530";"2025-05-07 21:38:00";"-53,5142666667";"-63,9114166667";"8,1";"120"
"TAI AN";"01530";"2025-05-07 21:45:00";"-53,52705";"-63,9093833333";"9,8";"206"
"TAI AN";"01530";"2025-05-07 21:53:00";"-53,5447666667";"-63,9227333333";"8,6";"206"
"TAI AN";"01530";"2025-05-07 22:00:00";"-53,5613833333";"-63,9348833333";"9,6";"204"
"TAI AN";"01530";"2025-05-07 22:08:00";"-53,5797833333";"-63,9485666667";"9,6";"201"
"TAI AN";"01530";"2025-05-07 22:15:00";"-53,5962166667";"-63,9608833333";"9,7";"204"
"TAI AN";"01530";"2025-05-07 22:23:00";"-53,6152333333";"-63,97465";"9,1";"202"
"TAI AN";"01530";"2025-05-07 22:30:00";"-53,6318833333";"-63,9862166667";"10,0";"204"
"TAI AN";"01530";"2025-05-07 22:37:00";"-53,6511666667";"-63,9991";"8,9";"199"
"TAI AN";"01530";"2025-05-07 22:45:00";"-53,66605";"-63,9883833333";"7,9";"144"
"TAI AN";"01530";"2025-05-07 22:52:00";"-53,6816833333";"-63,9711166667";"8,7";"142"
"TAI AN";"01530";"2025-05-07 23:00:00";"-53,6967166667";"-63,95455";"9,0";"146"
"TAI AN";"01530";"2025-05-07 23:07:00";"-53,7125166667";"-63,9360833333";"9,2";"144"
"TAI AN";"01530";"2025-05-07 23:15:00";"-53,7278833333";"-63,9183833333";"9,6";"145"
"TAI AN";"01530";"2025-05-07 23:22:00";"-53,7438666667";"-63,90385";"8,9";"200"
"TAI AN";"01530";"2025-05-07 23:30:00";"-53,7613833333";"-63,91605";"9,8";"205"
"TAI AN";"01530";"2025-05-07 23:37:00";"-53,7808166667";"-63,9270333333";"9,9";"195"
"TAI AN";"01530";"2025-05-07 23:45:00";"-53,79955";"-63,9343833333";"9,7";"193"
"TAI AN";"01530";"2025-05-07 23:52:00";"-53,8177666667";"-63,9282833333";"7,8";"141"
"TAI AN";"01530";"2025-05-08 00:00:00";"-53,8318833333";"-63,9062166667";"9,5";"139"
"TAI AN";"01530";"2025-05-08 00:07:00";"-53,8439333333";"-63,8798666667";"8,9";"121"
"TAI AN";"01530";"2025-05-08 00:15:00";"-53,8583833333";"-63,87105";"5,2";"88"
"TAI AN";"01530";"2025-05-08 00:22:00";"-53,8553666667";"-63,8727333333";"4,8";"181"
"TAI AN";"01530";"2025-05-08 00:30:00";"-53,8717166667";"-63,87655";"9,7";"183"
"TAI AN";"01530";"2025-05-08 00:37:00";"-53,8919666667";"-63,87905";"9,2";"183"
"TAI AN";"01530";"2025-05-08 00:45:00";"-53,9102166667";"-63,87705";"8,8";"136"
"TAI AN";"01530";"2025-05-08 00:52:00";"-53,9164";"-63,8477";"9,3";"98"
"TAI AN";"01530";"2025-05-08 01:00:00";"-53,9202166667";"-63,8142166667";"9,6";"107"
"TAI AN";"01530";"2025-05-08 01:07:00";"-53,9330833333";"-63,7988";"9,0";"170"
"TAI AN";"01530";"2025-05-08 01:15:00";"-53,9522166667";"-63,7957166667";"9,5";"180"
"TAI AN";"01530";"2025-05-08 01:22:00";"-53,97035";"-63,7912";"9,0";"114"
"TAI AN";"01530";"2025-05-08 01:30:00";"-53,9767166667";"-63,7612166667";"9,9";"107"
"TAI AN";"01530";"2025-05-08 01:37:00";"-53,9714833333";"-63,7295";"10,2";"59"
"TAI AN";"01530";"2025-05-08 01:45:00";"-53,9812166667";"-63,71555";"8,7";"185"
"TAI AN";"01530";"2025-05-08 01:52:00";"-54,001";"-63,71575";"9,4";"177"
"TAI AN";"01530";"2025-05-08 02:00:00";"-54,0203833333";"-63,7158833333";"9,6";"184"
"TAI AN";"01530";"2025-05-08 02:07:00";"-54,0348833333";"-63,7066333333";"8,8";"105"
"TAI AN";"01530";"2025-05-08 02:15:00";"-54,03855";"-63,67305";"9,1";"93"
"TAI AN";"01530";"2025-05-08 02:22:00";"-54,0394833333";"-63,6398333333";"9,6";"92"
"TAI AN";"01530";"2025-05-08 02:30:00";"-54,0553833333";"-63,63605";"9,7";"182"
"TAI AN";"01530";"2025-05-08 02:37:00";"-54,0741166667";"-63,6406833333";"8,9";"190"
"TAI AN";"01530";"2025-05-08 02:45:00";"-54,0932166667";"-63,64705";"7,3";"156"
"TAI AN";"01530";"2025-05-08 02:52:00";"-54,09835";"-63,6174333333";"9,2";"98"
"TAI AN";"01530";"2025-05-08 03:00:00";"-54,1007166667";"-63,5823833333";"9,6";"97"
"TAI AN";"01530";"2025-05-08 03:07:00";"-54,1022333333";"-63,5497833333";"9,1";"94"
"TAI AN";"01530";"2025-05-08 03:15:00";"-54,1062166667";"-63,52005";"7,8";"184"
"TAI AN";"01530";"2025-05-08 03:22:00";"-54,1237166667";"-63,5250166667";"8,9";"200"
"TAI AN";"01530";"2025-05-08 03:30:00";"-54,1402166667";"-63,54105";"8,8";"222"
"TAI AN";"01530";"2025-05-08 03:37:00";"-54,1519166667";"-63,5666333333";"9,3";"233"
"TAI AN";"01530";"2025-05-08 03:45:00";"-54,1647166667";"-63,5727166667";"8,9";"129"
"TAI AN";"01530";"2025-05-08 03:52:00";"-54,1747";"-63,5452666667";"9,6";"117"
"TAI AN";"01530";"2025-05-08 04:00:00";"-54,1783833333";"-63,51105";"8,0";"97"
"TAI AN";"01530";"2025-05-08 04:07:00";"-54,1803833333";"-63,4787666667";"10,0";"96"
"TAI AN";"01530";"2025-05-08 04:15:00";"-54,18105";"-63,4437166667";"8,1";"118"
"TAI AN";"01530";"2025-05-08 04:22:00";"-54,1887166667";"-63,41865";"9,0";"117"
"TAI AN";"01530";"2025-05-08 04:30:00";"-54,1963833333";"-63,3887166667";"9,0";"116"
"TAI AN";"01530";"2025-05-08 04:37:00";"-54,1812";"-63,3810833333";"12,5";"3"
"TAI AN";"01530";"2025-05-08 04:45:00";"-54,16055";"-63,3863833333";"3,2";"202"
"TAI AN";"01530";"2025-05-08 04:52:00";"-54,1675333333";"-63,3879666667";"4,2";"182"
"TAI AN";"01530";"2025-05-08 05:00:00";"-54,17655";"-63,39005";"4,4";"193"
"TAI AN";"01530";"2025-05-08 05:07:00";"-54,1826666667";"-63,3929";"2,6";"201"
"TAI AN";"01530";"2025-05-08 05:15:00";"-54,18905";"-63,3933833333";"2,6";"178"
"TAI AN";"01530";"2025-05-08 05:22:00";"-54,1950166667";"-63,39285";"2,9";"171"
"TAI AN";"01530";"2025-05-08 05:30:00";"-54,2013833333";"-63,39255";"2,6";"169"
"TAI AN";"01530";"2025-05-08 05:37:00";"-54,20765";"-63,3926166667";"2,7";"178"
"TAI AN";"01530";"2025-05-08 05:45:00";"-54,21405";"-63,3902166667";"2,9";"159"
"TAI AN";"01530";"2025-05-08 05:52:00";"-54,22005";"-63,3869";"3,2";"170"
"TAI AN";"01530";"2025-05-08 06:00:00";"-54,2267166667";"-63,38355";"2,8";"163"
"TAI AN";"01530";"2025-05-08 06:07:00";"-54,2322333333";"-63,3802166667";"2,9";"159"
"TAI AN";"01530";"2025-05-08 06:15:00";"-54,2383833333";"-63,3763833333";"3,2";"152"
"TAI AN";"01530";"2025-05-08 06:22:00";"-54,2441166667";"-63,3725";"2,9";"167"
"TAI AN";"01530";"2025-05-08 06:30:00";"-54,2503833333";"-63,36805";"3,2";"156"
"TAI AN";"01530";"2025-05-08 06:37:00";"-54,256";"-63,364";"2,8";"158"
"TAI AN";"01530";"2025-05-08 06:45:00";"-54,2622166667";"-63,3593833333";"3,6";"161"
"TAI AN";"01530";"2025-05-08 06:52:00";"-54,2679666667";"-63,3551833333";"3,3";"160"
"TAI AN";"01530";"2025-05-08 07:00:00";"-54,27455";"-63,35005";"3,6";"149"
"TAI AN";"01530";"2025-05-08 07:07:00";"-54,2808166667";"-63,3471666667";"3,1";"167"
"TAI AN";"01530";"2025-05-08 07:15:00";"-54,2883833333";"-63,3458833333";"3,7";"181"
"TAI AN";"01530";"2025-05-08 07:22:00";"-54,2948833333";"-63,3449166667";"2,3";"173"
"TAI AN";"01530";"2025-05-08 07:30:00";"-54,3023833333";"-63,34555";"3,6";"177"
"TAI AN";"01530";"2025-05-08 07:37:00";"-54,3092666667";"-63,3468166667";"3,6";"187"
"TAI AN";"01530";"2025-05-08 07:45:00";"-54,31705";"-63,34855";"4,0";"194"
"TAI AN";"01530";"2025-05-08 07:52:00";"-54,3239166667";"-63,3498666667";"3,8";"182"
"TAI AN";"01530";"2025-05-08 08:00:00";"-54,3317166667";"-63,3513833333";"3,6";"189"
"TAI AN";"01530";"2025-05-08 08:07:00";"-54,33895";"-63,35235";"3,8";"186"
"TAI AN";"01530";"2025-05-08 08:15:00";"-54,34705";"-63,35305";"4,1";"184"
"TAI AN";"01530";"2025-05-08 08:22:00";"-54,3514833333";"-63,3545833333";"1,4";"181"
"TAI AN";"01530";"2025-05-08 08:30:00";"-54,3507166667";"-63,3433833333";"5,7";"23"
"TAI AN";"01530";"2025-05-08 08:37:00";"-54,3408166667";"-63,3393";"5,2";"14"
"TAI AN";"01530";"2025-05-08 08:45:00";"-54,3313833333";"-63,3352166667";"3,6";"13"
"TAI AN";"01530";"2025-05-08 08:52:00";"-54,32405";"-63,3321";"4,0";"14"
"TAI AN";"01530";"2025-05-08 09:00:00";"-54,3152166667";"-63,3278833333";"4,2";"13"
"TAI AN";"01530";"2025-05-08 09:06:00";"-54,308";"-63,3245166667";"3,8";"24"
"TAI AN";"01530";"2025-05-08 09:15:00";"-54,2997166667";"-63,3203833333";"4,0";"8"
"TAI AN";"01530";"2025-05-08 09:21:00";"-54,2925333333";"-63,3169333333";"3,9";"12"
"TAI AN";"01530";"2025-05-08 09:30:00";"-54,2843833333";"-63,31205";"3,4";"34"
"TAI AN";"01530";"2025-05-08 09:36:00";"-54,2772833333";"-63,3074333333";"4,3";"359"
"TAI AN";"01530";"2025-05-08 09:45:00";"-54,2688833333";"-63,3037166667";"4,1";"6"
"TAI AN";"01530";"2025-05-08 09:51:00";"-54,2615666667";"-63,3029166667";"4,1";"348"
"TAI AN";"01530";"2025-05-08 10:00:00";"-54,25305";"-63,30605";"3,7";"344"
"TAI AN";"01530";"2025-05-08 10:06:00";"-54,2466833333";"-63,30805";"1,4";"10"
"TAI AN";"01530";"2025-05-08 10:15:00";"-54,2433833333";"-63,30805";"2,5";"2"
"TAI AN";"01530";"2025-05-08 10:21:00";"-54,2381666667";"-63,3073166667";"4,1";"14"
"TAI AN";"01530";"2025-05-08 10:30:00";"-54,2387166667";"-63,3057166667";"5,8";"302"
"TAI AN";"01530";"2025-05-08 10:36:00";"-54,2352333333";"-63,30525";"5,2";"95"
"TAI AN";"01530";"2025-05-08 10:45:00";"-54,2363833333";"-63,33855";"11,2";"272"
"TAI AN";"01530";"2025-05-08 10:51:00";"-54,2321833333";"-63,3724166667";"11,3";"291"
"TAI AN";"01530";"2025-05-08 11:00:00";"-54,2227166667";"-63,4157166667";"11,8";"293"
"TAI AN";"01530";"2025-05-08 11:06:00";"-54,2057833333";"-63,4196666667";"10,9";"2"
"TAI AN";"01530";"2025-05-08 11:15:00";"-54,1877166667";"-63,4163833333";"3,8";"353"
"TAI AN";"01530";"2025-05-08 11:21:00";"-54,1786666667";"-63,4154833333";"5,6";"4"
"TAI AN";"01530";"2025-05-08 11:30:00";"-54,1662166667";"-63,41405";"3,9";"356"
"TAI AN";"01530";"2025-05-08 11:36:00";"-54,1589833333";"-63,41365";"4,0";"347"
"TAI AN";"01530";"2025-05-08 11:45:00";"-54,1498833333";"-63,4168833333";"3,8";"338"
"TAI AN";"01530";"2025-05-08 11:51:00";"-54,14215";"-63,4211166667";"4,4";"332"
"TAI AN";"01530";"2025-05-08 12:00:00";"-54,1332166667";"-63,42555";"4,0";"343"
"TAI AN";"01530";"2025-05-08 12:06:00";"-54,1259";"-63,4291";"4,2";"343"
"TAI AN";"01530";"2025-05-08 12:15:00";"-54,1167166667";"-63,43405";"4,1";"342"
"TAI AN";"01530";"2025-05-08 12:21:00";"-54,1094166667";"-63,4389833333";"3,8";"338"
"TAI AN";"01530";"2025-05-08 12:30:00";"-54,1008833333";"-63,4472166667";"4,1";"324"
"TAI AN";"01530";"2025-05-08 12:36:00";"-54,0945166667";"-63,4550166667";"4,2";"330"
"TAI AN";"01530";"2025-05-08 12:45:00";"-54,0867166667";"-63,4648833333";"4,2";"321"
"TAI AN";"01530";"2025-05-08 12:51:00";"-54,08115";"-63,4746666667";"4,0";"315"
"TAI AN";"01530";"2025-05-08 13:00:00";"-54,0747166667";"-63,4877166667";"4,1";"305"
"TAI AN";"01530";"2025-05-08 13:06:00";"-54,06995";"-63,4980666667";"4,1";"313"
"TAI AN";"01530";"2025-05-08 13:15:00";"-54,0637166667";"-63,51205";"4,3";"314"
"TAI AN";"01530";"2025-05-08 13:21:00";"-54,0589333333";"-63,5223333333";"4,2";"310"
"TAI AN";"01530";"2025-05-08 13:30:00";"-54,0523833333";"-63,5358833333";"4,0";"311"
"TAI AN";"01530";"2025-05-08 13:36:00";"-54,04735";"-63,5452666667";"4,2";"305"
"TAI AN";"01530";"2025-05-08 13:45:00";"-54,0427166667";"-63,55955";"4,0";"301"
"TAI AN";"01530";"2025-05-08 13:51:00";"-54,0392333333";"-63,5706833333";"4,2";"297"
"TAI AN";"01530";"2025-05-08 14:00:00";"-54,03505";"-63,5853833333";"4,0";"290"
"TAI AN";"01530";"2025-05-08 14:06:00";"-54,03155";"-63,5963666667";"4,0";"309"
"TAI AN";"01530";"2025-05-08 14:15:00";"-54,02405";"-63,60605";"4,0";"331"
"TAI AN";"01530";"2025-05-08 14:21:00";"-54,0176";"-63,6111";"3,9";"324"
"TAI AN";"01530";"2025-05-08 14:30:00";"-54,00955";"-63,61555";"3,6";"341"
"TAI AN";"01530";"2025-05-08 14:36:00";"-54,00295";"-63,6178333333";"3,7";"345"
"TAI AN";"01530";"2025-05-08 14:45:00";"-53,9958833333";"-63,6253833333";"4,0";"307"
"TAI AN";"01530";"2025-05-08 14:51:00";"-53,9924833333";"-63,6363";"4,6";"291"
"TAI AN";"01530";"2025-05-08 15:00:00";"-53,9872166667";"-63,6498833333";"3,8";"322"
"TAI AN";"01530";"2025-05-08 15:06:00";"-53,9819833333";"-63,65695";"3,8";"325"
"TAI AN";"01530";"2025-05-08 15:15:00";"-53,9737166667";"-63,66605";"4,5";"327"
"TAI AN";"01530";"2025-05-08 15:21:00";"-53,9670166667";"-63,6725666667";"4,0";"329"
"TAI AN";"01530";"2025-05-08 15:36:00";"-53,9515166667";"-63,68825";"4,4";"330"
"TAI AN";"01530";"2025-05-08 15:45:00";"-53,9428833333";"-63,6977166667";"4,2";"330"
"TAI AN";"01530";"2025-05-08 15:51:00";"-53,9361166667";"-63,7045166667";"4,6";"325"
"TAI AN";"01530";"2025-05-08 16:00:00";"-53,9268833333";"-63,7143833333";"5,0";"324"
"TAI AN";"01530";"2025-05-08 16:06:00";"-53,9201833333";"-63,72185";"4,2";"329"
"TAI AN";"01530";"2025-05-08 16:15:00";"-53,9107166667";"-63,73155";"4,7";"334"
"TAI AN";"01530";"2025-05-08 16:21:00";"-53,9039";"-63,7367833333";"4,2";"343"
"TAI AN";"01530";"2025-05-08 16:30:00";"-53,8937166667";"-63,7418833333";"4,7";"347"
"TAI AN";"01530";"2025-05-08 16:36:00";"-53,8861166667";"-63,74425";"4,2";"345"
"TAI AN";"01530";"2025-05-08 16:45:00";"-53,87555";"-63,7467166667";"4,5";"348"
"TAI AN";"01530";"2025-05-08 16:51:00";"-53,8679166667";"-63,7489666667";"4,1";"347"
"TAI AN";"01530";"2025-05-08 17:00:00";"-53,8582166667";"-63,7523833333";"4,6";"337"
"TAI AN";"01530";"2025-05-08 17:06:00";"-53,8508";"-63,7568";"4,3";"340"
"TAI AN";"01530";"2025-05-08 17:15:00";"-53,8412166667";"-63,7642166667";"4,5";"340"
"TAI AN";"01530";"2025-05-08 17:21:00";"-53,8344";"-63,7700666667";"4,3";"329"
"TAI AN";"01530";"2025-05-08 17:30:00";"-53,82505";"-63,7783833333";"4,4";"331"
"TAI AN";"01530";"2025-05-08 17:36:00";"-53,8182";"-63,7844333333";"4,4";"329"
"TAI AN";"01530";"2025-05-08 17:45:00";"-53,8088833333";"-63,7923833333";"4,3";"341"
"TAI AN";"01530";"2025-05-08 17:51:00";"-53,80205";"-63,7973666667";"4,4";"337"
"TAI AN";"01530";"2025-05-08 18:00:00";"-53,79205";"-63,8022166667";"4,2";"349"
"TAI AN";"01530";"2025-05-08 18:06:00";"-53,7846166667";"-63,8039";"4,5";"356"
"TAI AN";"01530";"2025-05-08 18:15:00";"-53,77455";"-63,8072166667";"4,5";"345"
"TAI AN";"01530";"2025-05-08 18:21:00";"-53,7671";"-63,8094666667";"4,5";"348"
"TAI AN";"01530";"2025-05-08 18:30:00";"-53,7562166667";"-63,8113833333";"4,5";"355"
"TAI AN";"01530";"2025-05-08 18:36:00";"-53,74895";"-63,8122666667";"4,0";"358"
"TAI AN";"01530";"2025-05-08 18:45:00";"-53,73805";"-63,81705";"5,1";"338"
"TAI AN";"01530";"2025-05-08 18:51:00";"-53,73055";"-63,8218833333";"4,6";"341"
"TAI AN";"01530";"2025-05-08 19:00:00";"-53,7198833333";"-63,8298833333";"4,6";"336"
"TAI AN";"01530";"2025-05-08 19:06:00";"-53,7129";"-63,8346";"4,4";"340"
"TAI AN";"01530";"2025-05-08 19:15:00";"-53,70205";"-63,8378833333";"4,5";"3"
"TAI AN";"01530";"2025-05-08 19:21:00";"-53,69405";"-63,83745";"5,1";"2"
"TAI AN";"01530";"2025-05-08 19:30:00";"-53,68305";"-63,83105";"4,3";"27"
"TAI AN";"01530";"2025-05-08 19:36:00";"-53,6768333333";"-63,8239";"4,0";"22"
"TAI AN";"01530";"2025-05-08 19:45:00";"-53,6672166667";"-63,8162166667";"4,6";"20"
"TAI AN";"01530";"2025-05-08 19:51:00";"-53,6611833333";"-63,8115333333";"4,3";"19"
"TAI AN";"01530";"2025-05-08 20:00:00";"-53,65105";"-63,8067166667";"4,5";"6"
"TAI AN";"01530";"2025-05-08 20:06:00";"-53,6437166667";"-63,8051666667";"4,4";"6"
"TAI AN";"01530";"2025-05-08 20:15:00";"-53,6327166667";"-63,8058833333";"4,6";"356"
"TAI AN";"01530";"2025-05-08 20:21:00";"-53,6251";"-63,8076666667";"4,4";"344"
"TAI AN";"01530";"2025-05-08 20:30:00";"-53,6143833333";"-63,8102166667";"4,4";"350"
"TAI AN";"01530";"2025-05-08 20:36:00";"-53,6069166667";"-63,8113";"4,0";"353"
"TAI AN";"01530";"2025-05-08 20:45:00";"-53,5997166667";"-63,8127166667";"2,1";"14"
"TAI AN";"01530";"2025-05-08 20:51:00";"-53,59675";"-63,8135833333";"1,8";"351"
"TAI AN";"01530";"2025-05-08 21:00:00";"-53,59205";"-63,8118833333";"1,8";"19"
"TAI AN";"01530";"2025-05-08 21:06:00";"-53,5880833333";"-63,8084166667";"5,0";"8"
"TAI AN";"01530";"2025-05-08 21:15:00";"-53,5983833333";"-63,8368833333";"10,2";"216"
"TAI AN";"01530";"2025-05-08 21:21:00";"-53,6119";"-63,8542166667";"10,8";"214"
"TAI AN";"01530";"2025-05-08 21:30:00";"-53,63505";"-63,8808833333";"10,4";"209"
"TAI AN";"01530";"2025-05-08 21:36:00";"-53,64845";"-63,8978833333";"10,6";"219"
"TAI AN";"01530";"2025-05-08 21:45:00";"-53,6718833333";"-63,9178833333";"10,0";"204"
"TAI AN";"01530";"2025-05-08 22:00:00";"-53,7108833333";"-63,9358833333";"9,6";"196"
"TAI AN";"01530";"2025-05-08 22:05:00";"-53,7266";"-63,9422333333";"9,8";"187"
"TAI AN";"01530";"2025-05-08 22:15:00";"-53,7512166667";"-63,9497166667";"10,1";"182"
"TAI AN";"01530";"2025-05-08 22:20:00";"-53,7674666667";"-63,9500666667";"10,0";"180"
"TAI AN";"01530";"2025-05-08 22:30:00";"-53,7918833333";"-63,9387166667";"9,6";"149"
"TAI AN";"01530";"2025-05-08 22:35:00";"-53,80585";"-63,92645";"10,1";"153"
"TAI AN";"01530";"2025-05-08 22:45:00";"-53,8293833333";"-63,9058833333";"10,1";"154"
"TAI AN";"01530";"2025-05-08 22:50:00";"-53,8435166667";"-63,8934333333";"10,3";"153"
"TAI AN";"01530";"2025-05-08 23:00:00";"-53,8662166667";"-63,8712166667";"9,8";"132"
"TAI AN";"01530";"2025-05-08 23:05:00";"-53,8774833333";"-63,8532";"10,1";"140"
"TAI AN";"01530";"2025-05-08 23:15:00";"-53,9023833333";"-63,8423833333";"10,3";"167"
"TAI AN";"01530";"2025-05-08 23:20:00";"-53,9179";"-63,8373833333";"10,0";"174"
"TAI AN";"01530";"2025-05-08 23:30:00";"-53,9442166667";"-63,8278833333";"10,7";"164"
"TAI AN";"01530";"2025-05-08 23:35:00";"-53,95765";"-63,8161333333";"10,0";"127"
"TAI AN";"01530";"2025-05-08 23:45:00";"-53,9692166667";"-63,77555";"9,9";"102"
"TAI AN";"01530";"2025-05-08 23:50:00";"-53,9736666667";"-63,7503833333";"10,3";"111"
"TAI AN";"01530";"2025-05-09 00:00:00";"-53,9877166667";"-63,7187166667";"10,0";"166"
"TAI AN";"01530";"2025-05-09 00:05:00";"-54,0029833333";"-63,7116166667";"10,6";"174"
"TAI AN";"01530";"2025-05-09 00:15:00";"-54,03005";"-63,7057166667";"10,9";"176"
"TAI AN";"01530";"2025-05-09 00:20:00";"-54,0468166667";"-63,7017";"10,6";"170"
"TAI AN";"01530";"2025-05-09 00:30:00";"-54,0642166667";"-63,67055";"10,4";"121"
"TAI AN";"01530";"2025-05-09 00:35:00";"-54,0705833333";"-63,6464666667";"10,4";"109"
"TAI AN";"01530";"2025-05-09 00:45:00";"-54,0787166667";"-63,6023833333";"9,8";"113"
"TAI AN";"01530";"2025-05-09 00:50:00";"-54,0846";"-63,58005";"8,7";"180"
"TAI AN";"01530";"2025-05-09 01:00:00";"-54,1113833333";"-63,5798833333";"10,6";"178"
"TAI AN";"01530";"2025-05-09 01:05:00";"-54,1281166667";"-63,5795833333";"10,2";"173"
"TAI AN";"01530";"2025-05-09 01:15:00";"-54,1448833333";"-63,5557166667";"7,7";"212"
"TAI AN";"01530";"2025-05-09 01:20:00";"-54,1432666667";"-63,57845";"9,9";"290"
"TAI AN";"01530";"2025-05-09 01:30:00";"-54,1257166667";"-63,6098833333";"9,9";"327"
"TAI AN";"01530";"2025-05-09 01:35:00";"-54,1223";"-63,6000833333";"4,2";"99"
"TAI AN";"01530";"2025-05-09 01:45:00";"-54,12505";"-63,5757166667";"5,5";"110"
"TAI AN";"01530";"2025-05-09 01:50:00";"-54,1268";"-63,5661333333";"3,5";"107"
"TAI AN";"01530";"2025-05-09 02:00:00";"-54,13405";"-63,55305";"4,4";"151"
"TAI AN";"01530";"2025-05-09 02:05:00";"-54,1392";"-63,5478333333";"3,9";"145"
"TAI AN";"01530";"2025-05-09 02:15:00";"-54,1473833333";"-63,5373833333";"4,0";"137"
"TAI AN";"01530";"2025-05-09 02:20:00";"-54,15105";"-63,5304833333";"3,6";"124"
"TAI AN";"01530";"2025-05-09 02:30:00";"-54,15705";"-63,5167166667";"3,5";"127"
"TAI AN";"01530";"2025-05-09 02:35:00";"-54,1600833333";"-63,5088";"3,5";"117"
"TAI AN";"01530";"2025-05-09 02:45:00";"-54,1652166667";"-63,49405";"3,7";"118"
"TAI AN";"01530";"2025-05-09 02:50:00";"-54,1681333333";"-63,4856666667";"3,8";"122"
"TAI AN";"01530";"2025-05-09 03:00:00";"-54,1728833333";"-63,46955";"4,0";"110"
"TAI AN";"01530";"2025-05-09 03:05:00";"-54,1752333333";"-63,4603666667";"3,9";"119"
"TAI AN";"01530";"2025-05-09 03:15:00";"-54,1797166667";"-63,4437166667";"3,9";"119"
"TAI AN";"01530";"2025-05-09 03:20:00";"-54,1820666667";"-63,4349833333";"3,0";"114"
"TAI AN";"01530";"2025-05-09 03:30:00";"-54,1867166667";"-63,41905";"3,8";"119"
"TAI AN";"01530";"2025-05-09 03:35:00";"-54,1893833333";"-63,4107333333";"3,8";"118"
"TAI AN";"01530";"2025-05-09 03:45:00";"-54,1948833333";"-63,3963833333";"3,7";"135"
"TAI AN";"01530";"2025-05-09 03:50:00";"-54,1985166667";"-63,3901666667";"3,5";"145"
"TAI AN";"01530";"2025-05-09 04:00:00";"-54,2062166667";"-63,3823833333";"3,0";"168"
"TAI AN";"01530";"2025-05-09 04:05:00";"-54,2110333333";"-63,3829666667";"3,7";"186"
"TAI AN";"01530";"2025-05-09 04:15:00";"-54,2193833333";"-63,38455";"2,5";"180"
"TAI AN";"01530";"2025-05-09 04:20:00";"-54,22385";"-63,3844";"3,1";"176"
"TAI AN";"01530";"2025-05-09 04:30:00";"-54,2322166667";"-63,37955";"3,5";"147"
"TAI AN";"01530";"2025-05-09 04:35:00";"-54,2362333333";"-63,3750166667";"3,5";"141"
"TAI AN";"01530";"2025-05-09 04:45:00";"-54,2428833333";"-63,3643833333";"3,0";"144"
"TAI AN";"01530";"2025-05-09 04:50:00";"-54,2464";"-63,3588333333";"3,6";"142"
"TAI AN";"01530";"2025-05-09 05:00:00";"-54,2532166667";"-63,3492166667";"3,4";"149"
"TAI AN";"01530";"2025-05-09 05:05:00";"-54,2573166667";"-63,3452";"3,1";"160"
"TAI AN";"01530";"2025-05-09 05:15:00";"-54,2652166667";"-63,34105";"3,4";"163"
"TAI AN";"01530";"2025-05-09 05:20:00";"-54,26955";"-63,3393833333";"3,0";"162"
"TAI AN";"01530";"2025-05-09 05:30:00";"-54,27755";"-63,33605";"3,6";"168"
"TAI AN";"01530";"2025-05-09 05:35:00";"-54,2820166667";"-63,3353333333";"3,2";"171"
"TAI AN";"01530";"2025-05-09 05:45:00";"-54,2903833333";"-63,3398833333";"3,6";"216"
"TAI AN";"01530";"2025-05-09 05:50:00";"-54,29485";"-63,3438333333";"2,8";"205"
"TAI AN";"01530";"2025-05-09 06:00:00";"-54,30305";"-63,35105";"3,2";"206"
"TAI AN";"01530";"2025-05-09 06:05:00";"-54,3074666667";"-63,3551";"3,4";"212"
"TAI AN";"01530";"2025-05-09 06:15:00";"-54,3158833333";"-63,3618833333";"3,5";"214"
"TAI AN";"01530";"2025-05-09 06:20:00";"-54,3202";"-63,3657";"3,3";"198"
"TAI AN";"01530";"2025-05-09 06:30:00";"-54,32855";"-63,3732166667";"3,2";"194"
"TAI AN";"01530";"2025-05-09 06:35:00";"-54,3329666667";"-63,37585";"2,9";"202"
"TAI AN";"01530";"2025-05-09 06:45:00";"-54,3412166667";"-63,38105";"3,3";"203"
"TAI AN";"01530";"2025-05-09 06:50:00";"-54,3457166667";"-63,38405";"3,2";"196"
"TAI AN";"01530";"2025-05-09 07:00:00";"-54,3543833333";"-63,3897166667";"3,4";"191"
"TAI AN";"01530";"2025-05-09 07:05:00";"-54,3588666667";"-63,3907833333";"3,7";"191"
"TAI AN";"01530";"2025-05-09 07:15:00";"-54,36805";"-63,3933833333";"3,5";"183"
"TAI AN";"01530";"2025-05-09 07:20:00";"-54,3728333333";"-63,39445";"3,2";"186"
"TAI AN";"01530";"2025-05-09 07:30:00";"-54,3822166667";"-63,39655";"3,8";"189"
"TAI AN";"01530";"2025-05-09 07:35:00";"-54,3872333333";"-63,3975166667";"3,4";"188"
"TAI AN";"01530";"2025-05-09 07:45:00";"-54,39655";"-63,3997166667";"3,5";"189"
"TAI AN";"01530";"2025-05-09 07:50:00";"-54,4011666667";"-63,4010333333";"3,3";"197"
"TAI AN";"01530";"2025-05-09 08:00:00";"-54,4103833333";"-63,4038833333";"3,6";"196"
"TAI AN";"01530";"2025-05-09 08:05:00";"-54,4152666667";"-63,4054333333";"3,6";"193"
"TAI AN";"01530";"2025-05-09 08:15:00";"-54,42455";"-63,4083833333";"3,5";"186"
"TAI AN";"01530";"2025-05-09 08:20:00";"-54,4294833333";"-63,4099666667";"3,5";"193"
"TAI AN";"01530";"2025-05-09 08:30:00";"-54,43905";"-63,4147166667";"3,7";"198"
"TAI AN";"01530";"2025-05-09 08:35:00";"-54,4444";"-63,4170833333";"3,4";"175"
"TAI AN";"01530";"2025-05-09 08:45:00";"-54,4558833333";"-63,4152166667";"5,0";"169"
"TAI AN";"01530";"2025-05-09 08:50:00";"-54,4615333333";"-63,4134166667";"4,1";"165"
"TAI AN";"01530";"2025-05-09 09:00:00";"-54,4733833333";"-63,40855";"4,3";"164"
"TAI AN";"01530";"2025-05-09 09:05:00";"-54,4788333333";"-63,4058333333";"4,3";"162"
"TAI AN";"01530";"2025-05-09 09:15:00";"-54,49055";"-63,4018833333";"3,2";"180"
"TAI AN";"01530";"2025-05-09 09:20:00";"-54,4951";"-63,4018166667";"3,3";"182"
"TAI AN";"01530";"2025-05-09 09:30:00";"-54,50405";"-63,40255";"3,4";"165"
"TAI AN";"01530";"2025-05-09 09:35:00";"-54,5088";"-63,4027";"3,0";"182"
"TAI AN";"01530";"2025-05-09 09:45:00";"-54,5182166667";"-63,4022166667";"3,2";"173"
"TAI AN";"01530";"2025-05-09 09:50:00";"-54,5231166667";"-63,4018333333";"3,5";"176"
"TAI AN";"01530";"2025-05-09 10:00:00";"-54,5328833333";"-63,4007166667";"3,4";"169"
"TAI AN";"01530";"2025-05-09 10:05:00";"-54,5370166667";"-63,3999";"0,8";"162"
"TAI AN";"01530";"2025-05-09 10:15:00";"-54,5403833333";"-63,3968833333";"3,0";"143"
"TAI AN";"01530";"2025-05-09 10:20:00";"-54,5430333333";"-63,3934666667";"1,9";"143"
"TAI AN";"01530";"2025-05-09 10:30:00";"-54,5577166667";"-63,3788833333";"11,7";"155"
"TAI AN";"01530";"2025-05-09 10:35:00";"-54,5727833333";"-63,36735";"12,0";"153"
"TAI AN";"01530";"2025-05-09 10:45:00";"-54,60205";"-63,3437166667";"8,6";"90"
"TAI AN";"01530";"2025-05-09 10:50:00";"-54,5987833333";"-63,3218833333";"10,3";"79"
"TAI AN";"01530";"2025-05-09 11:00:00";"-54,5913833333";"-63,2708833333";"10,6";"73"
"TAI AN";"01530";"2025-05-09 11:15:00";"-54,5813833333";"-63,1968833333";"10,2";"78"
"TAI AN";"01530";"2025-05-09 11:30:00";"-54,57205";"-63,1277166667";"9,2";"85"
"TAI AN";"01530";"2025-05-09 11:34:00";"-54,5661333333";"-63,1215333333";"8,4";"328"
"TAI AN";"01530";"2025-05-09 11:40:00";"-54,5553666667";"-63,1340666667";"10,2";"327"
"TAI AN";"01530";"2025-05-09 11:45:00";"-54,5452166667";"-63,1462166667";"9,3";"327"
"TAI AN";"01530";"2025-05-09 11:49:00";"-54,5343";"-63,1588666667";"10,1";"330"
"TAI AN";"01530";"2025-05-09 12:00:00";"-54,5132166667";"-63,1827166667";"8,1";"329"
"TAI AN";"01530";"2025-05-09 12:04:00";"-54,5019666667";"-63,1881";"4,8";"347"
"TAI AN";"01530";"2025-05-09 12:15:00";"-54,4902166667";"-63,1903833333";"4,8";"352"
"TAI AN";"01530";"2025-05-09 12:19:00";"-54,48395";"-63,19115";"5,4";"4"
"TAI AN";"01530";"2025-05-09 12:30:00";"-54,4737166667";"-63,1917166667";"3,1";"352"
"TAI AN";"01530";"2025-05-09 12:34:00";"-54,4690833333";"-63,1917833333";"3,8";"2"
"TAI AN";"01530";"2025-05-09 12:45:00";"-54,4592166667";"-63,1923833333";"3,3";"1"
"TAI AN";"01530";"2025-05-09 12:49:00";"-54,45465";"-63,1921333333";"4,4";"359"
"TAI AN";"01530";"2025-05-09 13:00:00";"-54,4448833333";"-63,19155";"3,4";"353"
"TAI AN";"01530";"2025-05-09 13:04:00";"-54,4400833333";"-63,1911333333";"3,8";"1"
"TAI AN";"01530";"2025-05-09 13:15:00";"-54,4298833333";"-63,1903833333";"3,2";"359"
"TAI AN";"01530";"2025-05-09 13:19:00";"-54,4249833333";"-63,1894666667";"3,2";"28"
"TAI AN";"01530";"2025-05-09 13:30:00";"-54,41505";"-63,1833833333";"5,0";"43"
"TAI AN";"01530";"2025-05-09 13:34:00";"-54,4118333333";"-63,17525";"4,0";"62"
"TAI AN";"01530";"2025-05-09 13:45:00";"-54,4068833333";"-63,1573833333";"3,5";"62"
"TAI AN";"01530";"2025-05-09 13:49:00";"-54,40465";"-63,15015";"3,7";"50"
"TAI AN";"01530";"2025-05-09 14:00:00";"-54,40105";"-63,1313833333";"4,4";"91"
"TAI AN";"01530";"2025-05-09 14:04:00";"-54,4007666667";"-63,1233";"3,8";"82"
"TAI AN";"01530";"2025-05-09 14:15:00";"-54,40355";"-63,1037166667";"4,5";"132"
"TAI AN";"01530";"2025-05-09 14:19:00";"-54,4073166667";"-63,0962833333";"4,7";"136"
"TAI AN";"01530";"2025-05-09 14:30:00";"-54,4197166667";"-63,08705";"4,5";"170"
"TAI AN";"01530";"2025-05-09 14:34:00";"-54,42525";"-63,0856333333";"4,3";"173"
"TAI AN";"01530";"2025-05-09 14:45:00";"-54,4377166667";"-63,0823833333";"4,1";"168"
"TAI AN";"01530";"2025-05-09 14:49:00";"-54,4431166667";"-63,0824666667";"4,3";"194"
"TAI AN";"01530";"2025-05-09 15:00:00";"-54,4537166667";"-63,0877166667";"3,9";"218"
"TAI AN";"01530";"2025-05-09 15:04:00";"-54,4576666667";"-63,0925166667";"3,8";"203"
"TAI AN";"01530";"2025-05-09 15:15:00";"-54,46655";"-63,1042166667";"4,0";"215"
"TAI AN";"01530";"2025-05-09 15:19:00";"-54,4703";"-63,1090833333";"4,1";"207"
"TAI AN";"01530";"2025-05-09 15:30:00";"-54,4788833333";"-63,1208833333";"3,3";"226"
"TAI AN";"01530";"2025-05-09 15:34:00";"-54,4827666667";"-63,1259333333";"3,3";"213"
"TAI AN";"01530";"2025-05-09 15:45:00";"-54,4923833333";"-63,13655";"4,1";"211"
"TAI AN";"01530";"2025-05-09 15:49:00";"-54,4965";"-63,14155";"4,2";"225"
"TAI AN";"01530";"2025-05-09 16:00:00";"-54,50555";"-63,15255";"3,4";"224"
"TAI AN";"01530";"2025-05-09 16:04:00";"-54,5092";"-63,15705";"4,0";"210"
"TAI AN";"01530";"2025-05-09 16:15:00";"-54,51755";"-63,1682166667";"3,3";"228"
"TAI AN";"01530";"2025-05-09 16:19:00";"-54,52045";"-63,1734333333";"4,0";"241"
"TAI AN";"01530";"2025-05-09 16:30:00";"-54,5272166667";"-63,18655";"3,6";"235"
"TAI AN";"01530";"2025-05-09 16:34:00";"-54,5310166667";"-63,18995";"3,4";"197"
"TAI AN";"01530";"2025-05-09 16:45:00";"-54,5408833333";"-63,19505";"3,4";"205"
"TAI AN";"01530";"2025-05-09 16:49:00";"-54,5447333333";"-63,1973666667";"3,6";"206"
"TAI AN";"01530";"2025-05-09 17:00:00";"-54,5547166667";"-63,2052166667";"3,9";"213"
"TAI AN";"01530";"2025-05-09 17:04:00";"-54,5583333333";"-63,2088166667";"3,4";"207"
"TAI AN";"01530";"2025-05-09 17:15:00";"-54,56755";"-63,21855";"3,9";"203"
"TAI AN";"01530";"2025-05-09 17:19:00";"-54,5712333333";"-63,2225333333";"3,3";"210"
"TAI AN";"01530";"2025-05-09 17:30:00";"-54,5797166667";"-63,2318833333";"3,2";"195"
"TAI AN";"01530";"2025-05-09 17:34:00";"-54,58345";"-63,2339833333";"3,0";"203"
"TAI AN";"01530";"2025-05-09 17:45:00";"-54,5932166667";"-63,24105";"3,5";"198"
"TAI AN";"01530";"2025-05-09 17:49:00";"-54,5971333333";"-63,2438166667";"3,1";"196"
"TAI AN";"01530";"2025-05-09 18:00:00";"-54,60405";"-63,22905";"3,9";"101"
"TAI AN";"01530";"2025-05-09 18:04:00";"-54,60375";"-63,2206833333";"4,4";"79"
"TAI AN";"01530";"2025-05-09 18:15:00";"-54,5962166667";"-63,2023833333";"4,5";"60"
"TAI AN";"01530";"2025-05-09 18:19:00";"-54,5902833333";"-63,1986666667";"5,5";"21"
"TAI AN";"01530";"2025-05-09 18:30:00";"-54,5753833333";"-63,2023833333";"5,2";"336"
"TAI AN";"01530";"2025-05-09 18:34:00";"-54,5705";"-63,20735";"5,4";"323"
"TAI AN";"01530";"2025-05-09 18:45:00";"-54,5607166667";"-63,2243833333";"3,5";"304"
"TAI AN";"01530";"2025-05-09 18:49:00";"-54,5571166667";"-63,232";"4,5";"304"
"TAI AN";"01530";"2025-05-09 19:00:00";"-54,5517166667";"-63,25205";"4,5";"269"
"TAI AN";"01530";"2025-05-09 19:04:00";"-54,55115";"-63,261";"4,3";"275"
"TAI AN";"01530";"2025-05-09 19:15:00";"-54,55005";"-63,2818833333";"4,0";"269"
"TAI AN";"01530";"2025-05-09 19:19:00";"-54,55205";"-63,2882666667";"3,8";"231"
"TAI AN";"01530";"2025-05-09 19:30:00";"-54,56355";"-63,2878833333";"3,8";"149"
"TAI AN";"01530";"2025-05-09 19:34:00";"-54,5669666667";"-63,28245";"4,0";"131"
"TAI AN";"01530";"2025-05-09 19:45:00";"-54,5748833333";"-63,26955";"3,4";"140"
"TAI AN";"01530";"2025-05-09 19:49:00";"-54,5771333333";"-63,2641666667";"3,2";"131"
"TAI AN";"01530";"2025-05-09 20:00:00";"-54,5847166667";"-63,2512166667";"3,4";"136"
"TAI AN";"01530";"2025-05-09 20:04:00";"-54,58755";"-63,2470333333";"3,8";"135"
"TAI AN";"01530";"2025-05-09 20:19:00";"-54,5992166667";"-63,2317166667";"3,5";"134"
"TAI AN";"01530";"2025-05-09 20:30:00";"-54,6078833333";"-63,2243833333";"3,0";"149"
"TAI AN";"01530";"2025-05-09 20:34:00";"-54,6104166667";"-63,22185";"2,5";"146"
"TAI AN";"01530";"2025-05-09 20:45:00";"-54,6183833333";"-63,2152166667";"3,0";"153"
"TAI AN";"01530";"2025-05-09 20:49:00";"-54,621";"-63,2127666667";"2,8";"146"
"TAI AN";"01530";"2025-05-09 21:00:00";"-54,62955";"-63,2052166667";"3,2";"151"
"TAI AN";"01530";"2025-05-09 21:04:00";"-54,63295";"-63,2023833333";"3,8";"155"
"TAI AN";"01530";"2025-05-09 21:15:00";"-54,6422166667";"-63,1937166667";"3,9";"147"
"TAI AN";"01530";"2025-05-09 21:19:00";"-54,6458833333";"-63,1912166667";"3,2";"169"
"TAI AN";"01530";"2025-05-09 21:30:00";"-54,65755";"-63,1928833333";"3,8";"198"
"TAI AN";"01530";"2025-05-09 21:34:00";"-54,6617";"-63,1963333333";"4,1";"200"
"TAI AN";"01530";"2025-05-09 21:45:00";"-54,6668833333";"-63,1977166667";"2,2";"170"
"TAI AN";"01530";"2025-05-09 21:49:00";"-54,66785";"-63,19465";"1,9";"105"
"TAI AN";"01530";"2025-05-09 22:00:00";"-54,6652166667";"-63,1792166667";"7,2";"15"
"TAI AN";"01530";"2025-05-09 22:04:00";"-54,6554666667";"-63,1781833333";"8,7";"5"
"TAI AN";"01530";"2025-05-09 22:15:00";"-54,62955";"-63,18405";"9,1";"334"
"TAI AN";"01530";"2025-05-09 22:19:00";"-54,6206666667";"-63,1906833333";"9,1";"330"
"TAI AN";"01530";"2025-05-09 22:30:00";"-54,6077166667";"-63,2198833333";"10,3";"238"
"TAI AN";"01530";"2025-05-09 22:34:00";"-54,6146166667";"-63,2341166667";"10,7";"223"
"TAI AN";"01530";"2025-05-09 22:45:00";"-54,6073833333";"-63,2632166667";"9,4";"334"
"TAI AN";"01530";"2025-05-09 22:49:00";"-54,5976666667";"-63,2685333333";"7,5";"349"
"TAI AN";"01530";"2025-05-09 23:00:00";"-54,59955";"-63,3097166667";"9,4";"249"
"TAI AN";"01530";"2025-05-09 23:04:00";"-54,5994666667";"-63,32425";"8,5";"303"
"TAI AN";"01530";"2025-05-09 23:15:00";"-54,5798833333";"-63,3552166667";"9,5";"333"
"TAI AN";"01530";"2025-05-09 23:19:00";"-54,5707166667";"-63,3619666667";"9,3";"336"
"TAI AN";"01530";"2025-05-09 23:30:00";"-54,5798833333";"-63,3932166667";"9,6";"176"
"TAI AN";"01530";"2025-05-09 23:34:00";"-54,5902833333";"-63,38685";"10,0";"136"
"TAI AN";"01530";"2025-05-09 23:45:00";"-54,59005";"-63,3627166667";"3,4";"1"
"TAI AN";"01530";"2025-05-09 23:49:00";"-54,5855166667";"-63,36525";"5,2";"328"
"TAI AN";"01530";"2025-05-10 00:00:00";"-54,57555";"-63,3798833333";"3,7";"313"
"TAI AN";"01530";"2025-05-10 00:04:00";"-54,57275";"-63,38565";"3,7";"313"
"TAI AN";"01530";"2025-05-10 00:15:00";"-54,5647166667";"-63,4013833333";"4,4";"311"
"TAI AN";"01530";"2025-05-10 00:19:00";"-54,5606166667";"-63,4049333333";"4,1";"339"
"TAI AN";"01530";"2025-05-10 00:30:00";"-54,5478833333";"-63,4048833333";"4,5";"22"
"TAI AN";"01530";"2025-05-10 00:34:00";"-54,544";"-63,4028";"3,0";"22"
"TAI AN";"01530";"2025-05-10 00:45:00";"-54,5332166667";"-63,3972166667";"3,6";"350"
"TAI AN";"01530";"2025-05-10 00:49:00";"-54,53005";"-63,4023666667";"4,3";"313"
"TAI AN";"01530";"2025-05-10 01:00:00";"-54,5268833333";"-63,4212166667";"3,9";"252"
"TAI AN";"01530";"2025-05-10 01:03:00";"-54,5281166667";"-63,4272166667";"3,5";"242"
"TAI AN";"01530";"2025-05-10 01:15:00";"-54,5353833333";"-63,4402166667";"3,7";"214"
"TAI AN";"01530";"2025-05-10 01:18:00";"-54,5391";"-63,4428";"3,7";"196"
"TAI AN";"01530";"2025-05-10 01:30:00";"-54,5517166667";"-63,4403833333";"4,1";"164"
"TAI AN";"01530";"2025-05-10 01:33:00";"-54,55605";"-63,4382";"4,0";"159"
"TAI AN";"01530";"2025-05-10 01:45:00";"-54,5678833333";"-63,42655";"4,8";"134"
"TAI AN";"01530";"2025-05-10 01:48:00";"-54,5709333333";"-63,4209333333";"4,1";"134"
"TAI AN";"01530";"2025-05-10 02:00:00";"-54,5793833333";"-63,40305";"4,8";"121"
"TAI AN";"01530";"2025-05-10 02:03:00";"-54,5816";"-63,3967666667";"4,1";"118"
"TAI AN";"01530";"2025-05-10 02:15:00";"-54,58655";"-63,3752166667";"3,7";"111"
"TAI AN";"01530";"2025-05-10 02:18:00";"-54,5872666667";"-63,3678833333";"4,2";"91"
"TAI AN";"01530";"2025-05-10 02:30:00";"-54,5862166667";"-63,34305";"5,1";"84"
"TAI AN";"01530";"2025-05-10 02:33:00";"-54,5848";"-63,3346833333";"4,9";"69"
"TAI AN";"01530";"2025-05-10 02:45:00";"-54,5817166667";"-63,3102166667";"4,7";"94"
"TAI AN";"01530";"2025-05-10 02:48:00";"-54,5838666667";"-63,3036666667";"4,6";"146"
"TAI AN";"01530";"2025-05-10 03:00:00";"-54,5947166667";"-63,30805";"4,3";"247"
"TAI AN";"01530";"2025-05-10 03:03:00";"-54,59425";"-63,3167333333";"4,5";"292"
"TAI AN";"01530";"2025-05-10 03:15:00";"-54,5867166667";"-63,3357166667";"3,9";"309"
"TAI AN";"01530";"2025-05-10 03:18:00";"-54,58425";"-63,3414";"3,8";"295"
"TAI AN";"01530";"2025-05-10 03:30:00";"-54,5748833333";"-63,35705";"4,4";"328"
"TAI AN";"01530";"2025-05-10 03:33:00";"-54,5711333333";"-63,3608833333";"4,7";"333"
"TAI AN";"01530";"2025-05-10 03:45:00";"-54,5582166667";"-63,37105";"4,0";"335"
"TAI AN";"01530";"2025-05-10 03:48:00";"-54,5545333333";"-63,3746";"4,4";"328"
"TAI AN";"01530";"2025-05-10 04:00:00";"-54,54155";"-63,3837166667";"4,7";"343"
"TAI AN";"01530";"2025-05-10 04:03:00";"-54,5369166667";"-63,3859833333";"4,7";"349"
"TAI AN";"01530";"2025-05-10 04:15:00";"-54,5228833333";"-63,3882166667";"5,0";"6"
"TAI AN";"01530";"2025-05-10 04:18:00";"-54,5181833333";"-63,3864833333";"4,6";"21"
"TAI AN";"01530";"2025-05-10 04:30:00";"-54,5053833333";"-63,3783833333";"4,2";"19"
"TAI AN";"01530";"2025-05-10 04:33:00";"-54,5014";"-63,3757";"4,3";"18"
"TAI AN";"01530";"2025-05-10 04:45:00";"-54,4892166667";"-63,3683833333";"4,0";"15"
"TAI AN";"01530";"2025-05-10 04:48:00";"-54,4851166667";"-63,3665666667";"3,9";"12"
"TAI AN";"01530";"2025-05-10 05:00:00";"-54,4717166667";"-63,3632166667";"4,7";"7"
"TAI AN";"01530";"2025-05-10 05:03:00";"-54,4672333333";"-63,3625833333";"4,6";"5"
"TAI AN";"01530";"2025-05-10 05:15:00";"-54,4528833333";"-63,3623833333";"4,2";"2"
"TAI AN";"01530";"2025-05-10 05:18:00";"-54,4487833333";"-63,3622666667";"4,7";"356"
"TAI AN";"01530";"2025-05-10 05:30:00";"-54,4342166667";"-63,3637166667";"5,1";"352"
"TAI AN";"01530";"2025-05-10 05:33:00";"-54,42935";"-63,3642166667";"4,5";"357"
"TAI AN";"01530";"2025-05-10 05:45:00";"-54,4143833333";"-63,36605";"4,6";"356"
"TAI AN";"01530";"2025-05-10 05:48:00";"-54,4096333333";"-63,3663333333";"4,9";"358"
"TAI AN";"01530";"2025-05-10 06:00:00";"-54,39455";"-63,3613833333";"5,1";"14"
"TAI AN";"01530";"2025-05-10 06:03:00";"-54,3898666667";"-63,35885";"5,3";"18"
"TAI AN";"01530";"2025-05-10 06:15:00";"-54,3753833333";"-63,35155";"4,6";"17"
"TAI AN";"01530";"2025-05-10 06:18:00";"-54,3708166667";"-63,3494";"4,9";"14"
"TAI AN";"01530";"2025-05-10 06:30:00";"-54,3562166667";"-63,34505";"4,9";"360"
"TAI AN";"01530";"2025-05-10 06:33:00";"-54,3513";"-63,3451";"5,1";"357"
"TAI AN";"01530";"2025-05-10 06:45:00";"-54,33555";"-63,3472166667";"4,6";"352"
"TAI AN";"01530";"2025-05-10 06:48:00";"-54,3312";"-63,3477666667";"4,9";"354"
"TAI AN";"01530";"2025-05-10 07:00:00";"-54,3162166667";"-63,3523833333";"4,2";"351"
"TAI AN";"01530";"2025-05-10 07:03:00";"-54,3116666667";"-63,35375";"4,8";"348"
"TAI AN";"01530";"2025-05-10 07:15:00";"-54,29655";"-63,3603833333";"5,1";"340"
"TAI AN";"01530";"2025-05-10 07:18:00";"-54,29215";"-63,3628666667";"4,7";"342"
"TAI AN";"01530";"2025-05-10 07:30:00";"-54,2777166667";"-63,3713833333";"4,5";"334"
"TAI AN";"01530";"2025-05-10 07:33:00";"-54,2733666667";"-63,3742";"4,9";"333"
"TAI AN";"01530";"2025-05-10 07:45:00";"-54,2593833333";"-63,3832166667";"4,6";"344"
"TAI AN";"01530";"2025-05-10 07:48:00";"-54,2554833333";"-63,3858833333";"4,6";"339"
"TAI AN";"01530";"2025-05-10 08:00:00";"-54,2412166667";"-63,39105";"4,5";"353"
"TAI AN";"01530";"2025-05-10 08:03:00";"-54,2373833333";"-63,3915833333";"4,0";"357"
"TAI AN";"01530";"2025-05-10 08:15:00";"-54,22305";"-63,3947166667";"4,6";"354"
"TAI AN";"01530";"2025-05-10 08:18:00";"-54,2191666667";"-63,3954";"4,6";"354"
"TAI AN";"01530";"2025-05-10 08:30:00";"-54,2048833333";"-63,3992166667";"4,6";"350"
"TAI AN";"01530";"2025-05-10 08:33:00";"-54,2007166667";"-63,4008666667";"4,6";"344"
"TAI AN";"01530";"2025-05-10 08:45:00";"-54,1873833333";"-63,4108833333";"4,7";"337"
"TAI AN";"01530";"2025-05-10 08:48:00";"-54,18345";"-63,4139166667";"4,8";"333"
"TAI AN";"01530";"2025-05-10 09:00:00";"-54,1707166667";"-63,42655";"4,7";"329"
"TAI AN";"01530";"2025-05-10 09:03:00";"-54,1671333333";"-63,4301166667";"4,5";"333"
"TAI AN";"01530";"2025-05-10 09:15:00";"-54,1562166667";"-63,44605";"4,4";"310"
"TAI AN";"01530";"2025-05-10 09:18:00";"-54,1536666667";"-63,45125";"4,5";"315"
"TAI AN";"01530";"2025-05-10 09:30:00";"-54,1412166667";"-63,4627166667";"4,8";"344"
"TAI AN";"01530";"2025-05-10 09:33:00";"-54,1370833333";"-63,4627333333";"4,3";"2"
"TAI AN";"01530";"2025-05-10 09:45:00";"-54,12355";"-63,46005";"3,6";"8"
"TAI AN";"01530";"2025-05-10 09:48:00";"-54,1202833333";"-63,4596";"3,7";"9"
"TAI AN";"01530";"2025-05-10 10:00:00";"-54,10805";"-63,45805";"3,7";"359"
"TAI AN";"01530";"2025-05-10 10:03:00";"-54,1064666667";"-63,4590666667";"1,5";"316"
"TAI AN";"01530";"2025-05-10 10:15:00";"-54,0998833333";"-63,46505";"3,2";"343"
"TAI AN";"01530";"2025-05-10 10:18:00";"-54,0960166667";"-63,4667833333";"5,2";"339"
"TAI AN";"01530";"2025-05-10 10:30:00";"-54,0953833333";"-63,4702166667";"9,7";"178"
"TAI AN";"01530";"2025-05-10 10:33:00";"-54,10435";"-63,4700833333";"10,1";"178"
"TAI AN";"01530";"2025-05-10 10:45:00";"-54,1377166667";"-63,47005";"10,5";"180"
"TAI AN";"01530";"2025-05-10 10:48:00";"-54,1467833333";"-63,4700333333";"10,4";"181"
"TAI AN";"01530";"2025-05-10 11:00:00";"-54,16055";"-63,46405";"4,8";"9"
"TAI AN";"01530";"2025-05-10 11:03:00";"-54,1565333333";"-63,4630166667";"5,6";"10"
"TAI AN";"01530";"2025-05-10 11:15:00";"-54,1387166667";"-63,4588833333";"3,6";"360"
"TAI AN";"01530";"2025-05-10 11:18:00";"-54,1353166667";"-63,4587";"3,7";"3"
"TAI AN";"01530";"2025-05-10 11:30:00";"-54,12205";"-63,4573833333";"4,2";"358"
"TAI AN";"01530";"2025-05-10 11:33:00";"-54,1187833333";"-63,4573666667";"4,0";"1"
"TAI AN";"01530";"2025-05-10 11:45:00";"-54,10555";"-63,4573833333";"4,1";"356"
"TAI AN";"01530";"2025-05-10 11:48:00";"-54,1015666667";"-63,45845";"4,7";"344"
"TAI AN";"01530";"2025-05-10 12:00:00";"-54,09005";"-63,4668833333";"3,7";"330"
"TAI AN";"01530";"2025-05-10 12:03:00";"-54,0872666667";"-63,4694333333";"3,7";"332"
"TAI AN";"01530";"2025-05-10 12:15:00";"-54,0783833333";"-63,4832166667";"3,6";"310"
"TAI AN";"01530";"2025-05-10 12:18:00";"-54,0761166667";"-63,4873166667";"3,9";"310"
"TAI AN";"01530";"2025-05-10 12:30:00";"-54,0682166667";"-63,50255";"3,3";"312"
"TAI AN";"01530";"2025-05-10 12:33:00";"-54,0661";"-63,5063833333";"3,6";"311"
"TAI AN";"01530";"2025-05-10 12:45:00";"-54,0577166667";"-63,5218833333";"3,8";"317"
"TAI AN";"01530";"2025-05-10 12:48:00";"-54,0555";"-63,5259833333";"3,6";"310"
"TAI AN";"01530";"2025-05-10 13:00:00";"-54,0473833333";"-63,54255";"4,0";"313"
"TAI AN";"01530";"2025-05-10 13:03:00";"-54,0451166667";"-63,5467666667";"3,6";"302"
"TAI AN";"01530";"2025-05-10 13:15:00";"-54,0382166667";"-63,56305";"3,6";"304"
"TAI AN";"01530";"2025-05-10 13:18:00";"-54,0364833333";"-63,5672166667";"3,5";"302"
"TAI AN";"01530";"2025-05-10 13:30:00";"-54,0292166667";"-63,5827166667";"2,8";"309"
"TAI AN";"01530";"2025-05-10 13:33:00";"-54,0272333333";"-63,58665";"3,9";"312"
"TAI AN";"01530";"2025-05-10 13:45:00";"-54,02005";"-63,60255";"3,3";"307"
"TAI AN";"01530";"2025-05-10 13:48:00";"-54,0177833333";"-63,6057166667";"3,3";"323"
"TAI AN";"01530";"2025-05-10 14:00:00";"-54,00855";"-63,6163833333";"2,9";"329"
"TAI AN";"01530";"2025-05-10 14:03:00";"-54,0065666667";"-63,6186333333";"3,0";"326"
"TAI AN";"01530";"2025-05-10 14:15:00";"-53,9977166667";"-63,6268833333";"3,2";"329"
"TAI AN";"01530";"2025-05-10 14:18:00";"-53,9957166667";"-63,6287166667";"2,7";"332"
"TAI AN";"01530";"2025-05-10 14:30:00";"-53,9868833333";"-63,63655";"3,2";"331"
"TAI AN";"01530";"2025-05-10 14:33:00";"-53,9844833333";"-63,6388333333";"3,3";"331"
"TAI AN";"01530";"2025-05-10 14:45:00";"-53,9762166667";"-63,65055";"3,5";"313"
"TAI AN";"01530";"2025-05-10 14:48:00";"-53,9741833333";"-63,6537";"3,4";"312"
"TAI AN";"01530";"2025-05-10 15:00:00";"-53,9677166667";"-63,6652166667";"2,1";"320"
"TAI AN";"01530";"2025-05-10 15:02:00";"-53,9661";"-63,6671166667";"2,1";"321"
"TAI AN";"01530";"2025-05-10 15:15:00";"-53,9563833333";"-63,6747166667";"3,8";"338"
"TAI AN";"01530";"2025-05-10 15:17:00";"-53,9536333333";"-63,6766833333";"3,7";"336"
"TAI AN";"01530";"2025-05-10 15:30:00";"-53,9427166667";"-63,6852166667";"3,6";"332"
"TAI AN";"01530";"2025-05-10 15:32:00";"-53,9400333333";"-63,6878833333";"3,9";"328"
"TAI AN";"01530";"2025-05-10 15:45:00";"-53,9287166667";"-63,6988833333";"3,8";"335"
"TAI AN";"01530";"2025-05-10 15:47:00";"-53,9258666667";"-63,7011";"3,7";"333"
"TAI AN";"01530";"2025-05-10 16:00:00";"-53,9142166667";"-63,7088833333";"3,9";"342"
"TAI AN";"01530";"2025-05-10 16:02:00";"-53,9113333333";"-63,7102166667";"3,8";"341"
"TAI AN";"01530";"2025-05-10 16:15:00";"-53,89905";"-63,71855";"3,7";"331"
"TAI AN";"01530";"2025-05-10 16:17:00";"-53,8967166667";"-63,7205166667";"3,6";"332"
"TAI AN";"01530";"2025-05-10 16:30:00";"-53,8858833333";"-63,73005";"3,6";"332"
"TAI AN";"01530";"2025-05-10 16:32:00";"-53,8833";"-63,7319833333";"3,5";"332"
"TAI AN";"01530";"2025-05-10 16:45:00";"-53,87205";"-63,7407166667";"3,7";"336"
"TAI AN";"01530";"2025-05-10 16:47:00";"-53,8693333333";"-63,7427333333";"3,8";"335"
"TAI AN";"01530";"2025-05-10 17:00:00";"-53,85755";"-63,7493833333";"3,7";"346"
"TAI AN";"01530";"2025-05-10 17:02:00";"-53,8548333333";"-63,7506";"3,7";"344"
"TAI AN";"01530";"2025-05-10 17:15:00";"-53,8423833333";"-63,75655";"3,8";"349"
"TAI AN";"01530";"2025-05-10 17:17:00";"-53,83955";"-63,7575666667";"3,6";"358"
"TAI AN";"01530";"2025-05-10 17:30:00";"-53,82705";"-63,7628833333";"3,9";"338"
"TAI AN";"01530";"2025-05-10 17:32:00";"-53,8240666667";"-63,7645166667";"4,0";"344"
"TAI AN";"01530";"2025-05-10 17:45:00";"-53,8112166667";"-63,7723833333";"4,3";"329"
"TAI AN";"01530";"2025-05-10 17:47:00";"-53,8084";"-63,7753166667";"4,3";"325"
"TAI AN";"01530";"2025-05-10 18:00:00";"-53,8017166667";"-63,7852166667";"3,7";"331"
"TAI AN";"01530";"2025-05-10 18:02:00";"-53,7994333333";"-63,7897";"5,4";"286"
"TAI AN";"01530";"2025-05-10 18:15:00";"-53,81455";"-63,79855";"5,4";"159"
"TAI AN";"01530";"2025-05-10 18:17:00";"-53,8179833333";"-63,7957166667";"4,9";"148"
"TAI AN";"01530";"2025-05-10 18:30:00";"-53,8288833333";"-63,7832166667";"3,7";"145"
"TAI AN";"01530";"2025-05-10 18:32:00";"-53,83095";"-63,7805333333";"3,5";"144"
"TAI AN";"01530";"2025-05-10 18:45:00";"-53,8423833333";"-63,7717166667";"3,8";"148"
"TAI AN";"01530";"2025-05-10 18:47:00";"-53,8448666667";"-63,7698333333";"3,6";"152"
"TAI AN";"01530";"2025-05-10 19:00:00";"-53,8572166667";"-63,76305";"3,8";"162"
"TAI AN";"01530";"2025-05-10 19:02:00";"-53,8598166667";"-63,76155";"3,7";"158"
"TAI AN";"01530";"2025-05-10 19:15:00";"-53,87255";"-63,7543833333";"3,7";"161"
"TAI AN";"01530";"2025-05-10 19:17:00";"-53,8747333333";"-63,7529333333";"3,8";"155"
"TAI AN";"01530";"2025-05-10 19:30:00";"-53,8868833333";"-63,74305";"3,9";"153"
"TAI AN";"01530";"2025-05-10 19:32:00";"-53,8890833333";"-63,741";"3,8";"155"
"TAI AN";"01530";"2025-05-10 19:45:00";"-53,9012166667";"-63,7313833333";"3,7";"163"
"TAI AN";"01530";"2025-05-10 19:47:00";"-53,9035666667";"-63,7301666667";"4,1";"160"
"TAI AN";"01530";"2025-05-10 20:00:00";"-53,9167166667";"-63,7262166667";"2,3";"173"
"TAI AN";"01530";"2025-05-10 20:02:00";"-53,91795";"-63,7258333333";"2,0";"176"
"TAI AN";"01530";"2025-05-10 20:15:00";"-53,9213833333";"-63,7252166667";"0,2";"0"
"TAI AN";"01530";"2025-05-10 20:17:00";"-53,9218833333";"-63,7247333333";"1,1";"161"
"TAI AN";"01530";"2025-05-10 20:30:00";"-53,9212166667";"-63,71405";"4,9";"98"
"TAI AN";"01530";"2025-05-10 20:32:00";"-53,9237833333";"-63,71445";"7,5";"219"
"TAI AN";"01530";"2025-05-10 20:45:00";"-53,9503833333";"-63,75305";"10,5";"229"
"TAI AN";"01530";"2025-05-10 20:47:00";"-53,9548666667";"-63,7604166667";"10,0";"220"
"TAI AN";"01530";"2025-05-10 21:00:00";"-53,9813833333";"-63,7843833333";"8,5";"116"
"TAI AN";"01530";"2025-05-10 21:02:00";"-53,9828";"-63,77545";"9,3";"108"
"TAI AN";"01530";"2025-05-10 21:15:00";"-53,9883833333";"-63,7217166667";"9,6";"93"
"TAI AN";"01530";"2025-05-10 21:17:00";"-53,9887";"-63,7125166667";"8,7";"94"
"TAI AN";"01530";"2025-05-10 21:30:00";"-53,99705";"-63,6798833333";"9,1";"203"
"TAI AN";"01530";"2025-05-10 21:32:00";"-54,0030833333";"-63,6831166667";"9,6";"198"
"TAI AN";"01530";"2025-05-10 21:45:00";"-54,0347166667";"-63,71205";"9,2";"203"
"TAI AN";"01530";"2025-05-10 21:47:00";"-54,0379";"-63,7071333333";"8,2";"116"
"TAI AN";"01530";"2025-05-10 22:00:00";"-54,04105";"-63,6533833333";"8,9";"92"
"TAI AN";"01530";"2025-05-10 22:02:00";"-54,04095";"-63,6441666667";"8,6";"93"
"TAI AN";"01530";"2025-05-10 22:15:00";"-54,0187166667";"-63,6458833333";"10,4";"308"
"TAI AN";"01530";"2025-05-10 22:17:00";"-54,0157666667";"-63,6538";"8,9";"301"
"TAI AN";"01530";"2025-05-10 22:30:00";"-54,02855";"-63,6577166667";"5,1";"143"
"TAI AN";"01530";"2025-05-10 22:32:00";"-54,0307833333";"-63,6545333333";"5,0";"145"
"TAI AN";"01530";"2025-05-10 22:45:00";"-54,0432166667";"-63,64255";"3,7";"152"
"TAI AN";"01530";"2025-05-10 22:47:00";"-54,0452666667";"-63,6409666667";"3,8";"154"
"TAI AN";"01530";"2025-05-10 23:00:00";"-54,0577166667";"-63,63055";"3,5";"148"
"TAI AN";"01530";"2025-05-10 23:02:00";"-54,0594833333";"-63,62855";"3,9";"156"
"TAI AN";"01530";"2025-05-10 23:15:00";"-54,0712166667";"-63,6177166667";"3,6";"132"
"TAI AN";"01530";"2025-05-10 23:17:00";"-54,07245";"-63,6148";"3,8";"131"
"TAI AN";"01530";"2025-05-10 23:30:00";"-54,0793833333";"-63,5947166667";"3,5";"124"
"TAI AN";"01530";"2025-05-10 23:32:00";"-54,0799833333";"-63,591";"4,5";"109"
"TAI AN";"01530";"2025-05-10 23:45:00";"-54,0848833333";"-63,5688833333";"4,3";"117"
"TAI AN";"01530";"2025-05-10 23:47:00";"-54,0860833333";"-63,5657666667";"4,2";"126"
"TAI AN";"01530";"2025-05-11 00:00:00";"-54,09805";"-63,5523833333";"4,6";"154"
"TAI AN";"01530";"2025-05-11 00:02:00";"-54,1000833333";"-63,5511";"3,6";"168"
"TAI AN";"01530";"2025-05-11 00:15:00";"-54,1137166667";"-63,54305";"3,8";"165"
"TAI AN";"01530";"2025-05-11 00:17:00";"-54,1156";"-63,5415666667";"3,8";"156"
"TAI AN";"01530";"2025-05-11 00:30:00";"-54,12805";"-63,5297166667";"4,5";"149"
"TAI AN";"01530";"2025-05-11 00:32:00";"-54,1298166667";"-63,5277";"3,5";"146"
"TAI AN";"01530";"2025-05-11 00:45:00";"-54,14155";"-63,5138833333";"3,9";"144"
"TAI AN";"01530";"2025-05-11 00:47:00";"-54,1431333333";"-63,5114166667";"4,1";"143"
"TAI AN";"01530";"2025-05-11 01:00:00";"-54,1538833333";"-63,4942166667";"3,8";"122"
"TAI AN";"01530";"2025-05-11 01:02:00";"-54,1547833333";"-63,491";"3,9";"116"
"TAI AN";"01530";"2025-05-11 01:15:00";"-54,1613833333";"-63,46805";"3,8";"119"
"TAI AN";"01530";"2025-05-11 01:17:00";"-54,1623333333";"-63,4647166667";"3,8";"123"
"TAI AN";"01530";"2025-05-11 01:30:00";"-54,16805";"-63,4422166667";"4,5";"101"
"TAI AN";"01530";"2025-05-11 01:32:00";"-54,1687833333";"-63,4389666667";"4,0";"101"
"TAI AN";"01530";"2025-05-11 01:45:00";"-54,1743833333";"-63,4157166667";"3,5";"106"
"TAI AN";"01530";"2025-05-11 01:47:00";"-54,175";"-63,4124833333";"3,6";"101"
"TAI AN";"01530";"2025-05-11 02:00:00";"-54,1798833333";"-63,3898833333";"3,9";"105"
"TAI AN";"01530";"2025-05-11 02:02:00";"-54,1802833333";"-63,38665";"3,8";"99"
"TAI AN";"01530";"2025-05-11 02:15:00";"-54,18005";"-63,3637166667";"4,6";"41"
"TAI AN";"01530";"2025-05-11 02:17:00";"-54,1784333333";"-63,3614";"4,4";"30"
"TAI AN";"01530";"2025-05-11 02:30:00";"-54,1647166667";"-63,36355";"3,9";"318"
"TAI AN";"01530";"2025-05-11 02:32:00";"-54,1634";"-63,3659833333";"4,4";"308"
"TAI AN";"01530";"2025-05-11 02:45:00";"-54,15605";"-63,3863833333";"2,9";"292"
"TAI AN";"01530";"2025-05-11 02:47:00";"-54,1550666667";"-63,3893333333";"3,1";"298"
"TAI AN";"01530";"2025-05-11 03:00:00";"-54,1493833333";"-63,41055";"4,1";"283"
"TAI AN";"01530";"2025-05-11 03:02:00";"-54,1489";"-63,4142";"3,7";"259"
"TAI AN";"01530";"2025-05-11 03:15:00";"-54,1512166667";"-63,43955";"3,7";"266"
"TAI AN";"01530";"2025-05-11 03:17:00";"-54,1519";"-63,4434333333";"4,0";"253"
"TAI AN";"01530";"2025-05-11 03:30:00";"-54,1518833333";"-63,46755";"3,4";"286"
"TAI AN";"01530";"2025-05-11 03:32:00";"-54,15055";"-63,4706666667";"4,0";"323"
"TAI AN";"01530";"2025-05-11 03:45:00";"-54,1382166667";"-63,48355";"2,9";"329"
"TAI AN";"01530";"2025-05-11 03:47:00";"-54,1363";"-63,48545";"4,7";"335"
"TAI AN";"01530";"2025-05-11 04:00:00";"-54,1232166667";"-63,49505";"3,8";"353"
"TAI AN";"01530";"2025-05-11 04:01:00";"-54,1211666667";"-63,4950666667";"3,0";"4"
"TAI AN";"01530";"2025-05-11 04:15:00";"-54,1072166667";"-63,49755";"4,3";"339"
"TAI AN";"01530";"2025-05-11 04:16:00";"-54,10545";"-63,4986333333";"4,2";"338"
"TAI AN";"01530";"2025-05-11 04:30:00";"-54,0917166667";"-63,5057166667";"2,5";"343"
"TAI AN";"01530";"2025-05-11 04:31:00";"-54,0894833333";"-63,5065666667";"5,0";"346"
"TAI AN";"01530";"2025-05-11 04:45:00";"-54,0747166667";"-63,51005";"3,5";"0"
"TAI AN";"01530";"2025-05-11 04:46:00";"-54,0733833333";"-63,5092666667";"2,4";"33"
"TAI AN";"01530";"2025-05-11 05:00:00";"-54,0703833333";"-63,4967166667";"3,3";"131"
"TAI AN";"01530";"2025-05-11 05:01:00";"-54,0704333333";"-63,4948666667";"2,0";"115"
"TAI AN";"01530";"2025-05-11 05:15:00";"-54,06305";"-63,4517166667";"10,6";"66"
"TAI AN";"01530";"2025-05-11 05:16:00";"-54,0612833333";"-63,4439333333";"11,4";"67"
"TAI AN";"01530";"2025-05-11 05:30:00";"-54,0473833333";"-63,3787166667";"11,2";"69"
"TAI AN";"01530";"2025-05-11 05:45:00";"-54,03155";"-63,3048833333";"11,5";"77"
"TAI AN";"01530";"2025-05-11 06:00:00";"-54,0153833333";"-63,2297166667";"11,1";"69"
"TAI AN";"01530";"2025-05-11 06:01:00";"-54,0138833333";"-63,2218333333";"11,2";"75"
"TAI AN";"01530";"2025-05-11 06:15:00";"-54,0028833333";"-63,1552166667";"10,0";"70"
"TAI AN";"01530";"2025-05-11 06:16:00";"-54,0015333333";"-63,1478333333";"10,5";"82"
"TAI AN";"01530";"2025-05-11 06:30:00";"-53,99005";"-63,08205";"11,8";"74"
"TAI AN";"01530";"2025-05-11 06:45:00";"-53,9782166667";"-63,0078833333";"10,3";"72"
"TAI AN";"01530";"2025-05-11 06:46:00";"-53,97675";"-63,0011";"10,8";"70"
"TAI AN";"01530";"2025-05-11 07:00:00";"-53,9632166667";"-62,9358833333";"11,6";"74"
"TAI AN";"01530";"2025-05-11 07:01:00";"-53,9616333333";"-62,9289666667";"10,7";"65"
"TAI AN";"01530";"2025-05-11 07:15:00";"-53,9468833333";"-62,8658833333";"11,3";"67"
"TAI AN";"01530";"2025-05-11 07:16:00";"-53,9450166667";"-62,8589666667";"11,0";"70"
"TAI AN";"01530";"2025-05-11 07:30:00";"-53,9282166667";"-62,79655";"10,3";"56"
"TAI AN";"01530";"2025-05-11 07:31:00";"-53,9264833333";"-62,78995";"10,8";"61"
"TAI AN";"01530";"2025-05-11 07:45:00";"-53,9098833333";"-62,7283833333";"10,8";"71"
"TAI AN";"01530";"2025-05-11 08:00:00";"-53,8918833333";"-62,6592166667";"9,0";"75"
"TAI AN";"01530";"2025-05-11 08:01:00";"-53,89065";"-62,6531166667";"9,9";"71"
"TAI AN";"01530";"2025-05-11 08:15:00";"-53,8792166667";"-62,58655";"10,9";"66"
"TAI AN";"01530";"2025-05-11 08:16:00";"-53,8781";"-62,5796";"10,7";"77"
"TAI AN";"01530";"2025-05-11 08:30:00";"-53,8668833333";"-62,5128833333";"11,2";"78"
"TAI AN";"01530";"2025-05-11 08:31:00";"-53,86565";"-62,5061";"10,8";"73"
"TAI AN";"01530";"2025-05-11 08:45:00";"-53,8533833333";"-62,44055";"10,8";"68"
"TAI AN";"01530";"2025-05-11 09:00:00";"-53,8397166667";"-62,3713833333";"10,8";"74"
"TAI AN";"01530";"2025-05-11 09:01:00";"-53,83875";"-62,3649333333";"10,4";"71"
"TAI AN";"01530";"2025-05-11 09:15:00";"-53,8293833333";"-62,2993833333";"10,6";"79"
"TAI AN";"01530";"2025-05-11 09:16:00";"-53,82865";"-62,29295";"10,5";"83"
"TAI AN";"01530";"2025-05-11 09:30:00";"-53,8203833333";"-62,2267166667";"10,5";"76"
"TAI AN";"01530";"2025-05-11 09:31:00";"-53,8194166667";"-62,2203333333";"10,7";"84"
"TAI AN";"01530";"2025-05-11 09:45:00";"-53,8098833333";"-62,15355";"10,5";"76"
"TAI AN";"01530";"2025-05-11 09:46:00";"-53,8089166667";"-62,1473666667";"10,9";"68"
"TAI AN";"01530";"2025-05-11 10:00:00";"-53,79955";"-62,0783833333";"10,8";"78"
"TAI AN";"01530";"2025-05-11 10:01:00";"-53,7985833333";"-62,0719166667";"11,5";"79"
"TAI AN";"01530";"2025-05-11 10:15:00";"-53,7902166667";"-62,0023833333";"11,3";"80"
"TAI AN";"01530";"2025-05-11 10:16:00";"-53,78955";"-61,9961666667";"11,1";"82"
"TAI AN";"01530";"2025-05-11 10:30:00";"-53,7823833333";"-61,92705";"10,6";"79"
"TAI AN";"01530";"2025-05-11 10:31:00";"-53,7817333333";"-61,921";"10,7";"75"
"TAI AN";"01530";"2025-05-11 10:45:00";"-53,7753833333";"-61,85255";"11,2";"83"
"TAI AN";"01530";"2025-05-11 10:46:00";"-53,7747166667";"-61,8466666667";"10,8";"77"
"TAI AN";"01530";"2025-05-11 11:00:00";"-53,76855";"-61,7792166667";"10,3";"79"
"TAI AN";"01530";"2025-05-11 11:01:00";"-53,7679833333";"-61,7735333333";"10,3";"85"
"TAI AN";"01530";"2025-05-11 11:15:00";"-53,7608833333";"-61,7072166667";"10,1";"77"
"TAI AN";"01530";"2025-05-11 11:16:00";"-53,7602833333";"-61,7017166667";"10,9";"73"
"TAI AN";"01530";"2025-05-11 11:30:00";"-53,7517166667";"-61,6378833333";"9,1";"9"
"TAI AN";"01530";"2025-05-11 11:31:00";"-53,7485666667";"-61,6378833333";"8,8";"6"
"TAI AN";"01530";"2025-05-11 11:45:00";"-53,7447166667";"-61,67605";"4,0";"282"
"TAI AN";"01530";"2025-05-11 11:46:00";"-53,7446333333";"-61,67835";"3,8";"270"
"TAI AN";"01530";"2025-05-11 12:00:00";"-53,73855";"-61,6747166667";"4,7";"85"
"TAI AN";"01530";"2025-05-11 12:01:00";"-53,73815";"-61,67235";"4,4";"79"
"TAI AN";"01530";"2025-05-11 12:15:00";"-53,73355";"-61,6432166667";"5,1";"85"
"TAI AN";"01530";"2025-05-11 12:16:00";"-53,73325";"-61,6407";"5,2";"73"
"TAI AN";"01530";"2025-05-11 12:30:00";"-53,73005";"-61,6162166667";"3,4";"83"
"TAI AN";"01530";"2025-05-11 12:31:00";"-53,7298333333";"-61,6143";"4,2";"77"
"TAI AN";"01530";"2025-05-11 12:45:00";"-53,7262166667";"-61,59055";"3,4";"83"
"TAI AN";"01530";"2025-05-11 12:46:00";"-53,7259333333";"-61,5888333333";"3,0";"69"
"TAI AN";"01530";"2025-05-11 13:00:00";"-53,7237166667";"-61,5648833333";"3,8";"92"
"TAI AN";"01530";"2025-05-11 13:01:00";"-53,72365";"-61,5631166667";"3,7";"90"
"TAI AN";"01530";"2025-05-11 13:15:00";"-53,72255";"-61,5387166667";"4,0";"72"
"TAI AN";"01530";"2025-05-11 13:16:00";"-53,7223666667";"-61,5369";"4,0";"77"
"TAI AN";"01530";"2025-05-11 13:30:00";"-53,7182166667";"-61,5127166667";"3,5";"59"
"TAI AN";"01530";"2025-05-11 13:31:00";"-53,7178166667";"-61,5110166667";"3,8";"64"
"TAI AN";"01530";"2025-05-11 13:45:00";"-53,7143833333";"-61,4873833333";"3,8";"63"
"TAI AN";"01530";"2025-05-11 13:46:00";"-53,7141";"-61,4857833333";"4,2";"63"
"TAI AN";"01530";"2025-05-11 14:00:00";"-53,7103833333";"-61,46305";"4,0";"62"
"TAI AN";"01530";"2025-05-11 14:01:00";"-53,7100333333";"-61,4615166667";"4,1";"82"
"TAI AN";"01530";"2025-05-11 14:15:00";"-53,7058833333";"-61,43855";"4,0";"79"
"TAI AN";"01530";"2025-05-11 14:16:00";"-53,70565";"-61,4371";"3,3";"62"
"TAI AN";"01530";"2025-05-11 14:30:00";"-53,70155";"-61,4138833333";"3,5";"70"
"TAI AN";"01530";"2025-05-11 14:31:00";"-53,7011833333";"-61,4123833333";"3,9";"79"
"TAI AN";"01530";"2025-05-11 14:45:00";"-53,69655";"-61,3908833333";"3,9";"71"
"TAI AN";"01530";"2025-05-11 14:46:00";"-53,6962666667";"-61,3896";"3,4";"64"
"TAI AN";"01530";"2025-05-11 15:00:00";"-53,6913833333";"-61,3678833333";"3,8";"73"
"TAI AN";"01530";"2025-05-11 15:01:00";"-53,6910833333";"-61,3665166667";"3,3";"71"
"TAI AN";"01530";"2025-05-11 15:15:00";"-53,6862166667";"-61,3442166667";"3,5";"70"
"TAI AN";"01530";"2025-05-11 15:16:00";"-53,6858166667";"-61,3428333333";"3,6";"65"
"TAI AN";"01530";"2025-05-11 15:30:00";"-53,68105";"-61,3203833333";"3,4";"63"
"TAI AN";"01530";"2025-05-11 15:31:00";"-53,6807";"-61,3190833333";"3,5";"66"
"TAI AN";"01530";"2025-05-11 15:45:00";"-53,6757166667";"-61,2962166667";"3,9";"79"
"TAI AN";"01530";"2025-05-11 16:00:00";"-53,6757166667";"-61,2683833333";"3,8";"86"
"TAI AN";"01530";"2025-05-11 16:01:00";"-53,6757166667";"-61,2672333333";"4,0";"98"
"TAI AN";"01530";"2025-05-11 16:15:00";"-53,6778833333";"-61,2412166667";"3,9";"77"
"TAI AN";"01530";"2025-05-11 16:16:00";"-53,6778666667";"-61,2399166667";"3,6";"96"
"TAI AN";"01530";"2025-05-11 16:30:00";"-53,6757166667";"-61,2143833333";"3,6";"82"
"TAI AN";"01530";"2025-05-11 16:31:00";"-53,67545";"-61,21315";"4,0";"82"
"TAI AN";"01530";"2025-05-11 16:45:00";"-53,6718833333";"-61,1873833333";"3,8";"76"
"TAI AN";"01530";"2025-05-11 16:46:00";"-53,6717333333";"-61,1860166667";"4,1";"79"
"TAI AN";"01530";"2025-05-11 17:00:00";"-53,6741166667";"-61,1569333333";"4,1";"98"
"TAI AN";"01530";"2025-05-11 17:00:00";"-53,67405";"-61,1582166667";"4,5";"99"
"TAI AN";"01530";"2025-05-11 17:15:00";"-53,67355";"-61,1303833333";"4,1";"83"
"TAI AN";"01530";"2025-05-11 17:30:00";"-53,6681166667";"-61,101";"4,0";"65"
"TAI AN";"01530";"2025-05-11 17:30:00";"-53,6683833333";"-61,1022166667";"4,0";"64"
"TAI AN";"01530";"2025-05-11 17:45:00";"-53,6623833333";"-61,07705";"4,0";"66"
"TAI AN";"01530";"2025-05-11 17:45:00";"-53,6621166667";"-61,07595";"4,0";"68"
"TAI AN";"01530";"2025-05-11 18:00:00";"-53,6572333333";"-61,0508833333";"3,6";"88"
"TAI AN";"01530";"2025-05-11 18:00:00";"-53,6573833333";"-61,0518833333";"3,7";"95"
"TAI AN";"01530";"2025-05-11 18:15:00";"-53,6668833333";"-61,0317166667";"5,0";"184"
"TAI AN";"01530";"2025-05-11 18:15:00";"-53,6679833333";"-61,0317666667";"4,8";"182"
"TAI AN";"01530";"2025-05-11 18:30:00";"-53,6817";"-61,0487666667";"4,5";"235"
"TAI AN";"01530";"2025-05-11 18:30:00";"-53,6813833333";"-61,04755";"4,4";"254"
"TAI AN";"01530";"2025-05-11 18:45:00";"-53,6818833333";"-61,0761666667";"4,7";"288"
"TAI AN";"01530";"2025-05-11 18:45:00";"-53,6823833333";"-61,0747166667";"4,3";"289"
"TAI AN";"01530";"2025-05-11 19:00:00";"-53,6773833333";"-61,1002166667";"4,4";"295"
"TAI AN";"01530";"2025-05-11 19:15:00";"-53,67255";"-61,12555";"4,8";"299"
"TAI AN";"01530";"2025-05-11 19:15:00";"-53,6722166667";"-61,12695";"3,7";"283"
"TAI AN";"01530";"2025-05-11 19:30:00";"-53,66515";"-61,1515166667";"4,5";"290"
"TAI AN";"01530";"2025-05-11 19:30:00";"-53,66555";"-61,1503833333";"3,5";"294"
"TAI AN";"01530";"2025-05-11 19:45:00";"-53,6685833333";"-61,1789833333";"4,5";"250"
"TAI AN";"01530";"2025-05-11 19:45:00";"-53,6683833333";"-61,1782166667";"4,7";"231"
"TAI AN";"01530";"2025-05-11 20:00:00";"-53,67455";"-61,19555";"0,5";"202"
"TAI AN";"01530";"2025-05-11 20:00:00";"-53,6746833333";"-61,19555";"0,6";"187"
"TAI AN";"01530";"2025-05-11 20:15:00";"-53,6796833333";"-61,1958833333";"2,3";"158"
"TAI AN";"01530";"2025-05-11 20:15:00";"-53,67955";"-61,19605";"2,3";"135"
"TAI AN";"01530";"2025-05-11 20:30:00";"-53,6917666667";"-61,2145666667";"8,9";"250"
"TAI AN";"01530";"2025-05-11 20:30:00";"-53,6913833333";"-61,21305";"8,2";"246"
"TAI AN";"01530";"2025-05-11 20:45:00";"-53,7082166667";"-61,27155";"10,5";"250"
"TAI AN";"01530";"2025-05-11 20:45:00";"-53,7078833333";"-61,27005";"9,1";"235"
"TAI AN";"01530";"2025-05-11 21:00:00";"-53,7261666667";"-61,3317666667";"11,2";"240"
"TAI AN";"01530";"2025-05-11 21:00:00";"-53,7257166667";"-61,3302166667";"9,8";"247"
"TAI AN";"01530";"2025-05-11 21:15:00";"-53,74195";"-61,39345";"10,0";"257"
"TAI AN";"01530";"2025-05-11 21:15:00";"-53,7418833333";"-61,39105";"8,9";"265"
"TAI AN";"01530";"2025-05-11 21:30:00";"-53,7456666667";"-61,45985";"9,6";"261"
"TAI AN";"01530";"2025-05-11 21:30:00";"-53,74555";"-61,4573833333";"8,9";"268"
"TAI AN";"01530";"2025-05-11 21:45:00";"-53,7485166667";"-61,5267833333";"9,7";"269"
"TAI AN";"01530";"2025-05-11 21:45:00";"-53,7483833333";"-61,5243833333";"8,7";"262"
"TAI AN";"01530";"2025-05-11 22:00:00";"-53,75405";"-61,5928833333";"10,4";"257"
"TAI AN";"01530";"2025-05-11 22:00:00";"-53,7542333333";"-61,5943";"9,1";"251"
"TAI AN";"01530";"2025-05-11 22:15:00";"-53,7748166667";"-61,65385";"9,6";"241"
"TAI AN";"01530";"2025-05-11 22:15:00";"-53,7742166667";"-61,6518833333";"9,7";"240"
"TAI AN";"01530";"2025-05-11 22:30:00";"-53,7955";"-61,7135666667";"9,9";"239"
"TAI AN";"01530";"2025-05-11 22:30:00";"-53,79505";"-61,7117166667";"10,3";"243"
"TAI AN";"01530";"2025-05-11 22:45:00";"-53,81525";"-61,7770166667";"10,0";"245"
"TAI AN";"01530";"2025-05-11 22:45:00";"-53,81505";"-61,77605";"10,1";"246"
"TAI AN";"01530";"2025-05-11 23:00:00";"-53,83505";"-61,8402166667";"10,8";"243"
"TAI AN";"01530";"2025-05-11 23:00:00";"-53,8353";"-61,8410333333";"10,8";"240"
"TAI AN";"01530";"2025-05-11 23:15:00";"-53,8548833333";"-61,90305";"9,8";"242"
"TAI AN";"01530";"2025-05-11 23:15:00";"-53,8550166667";"-61,9037166667";"9,8";"241"
"TAI AN";"01530";"2025-05-11 23:30:00";"-53,8728333333";"-61,9682666667";"10,6";"245"
"TAI AN";"01530";"2025-05-11 23:30:00";"-53,8727166667";"-61,96755";"9,6";"249"
"TAI AN";"01530";"2025-05-11 23:45:00";"-53,8903833333";"-62,0352833333";"10,0";"242"
"TAI AN";"01530";"2025-05-11 23:45:00";"-53,8902166667";"-62,0347166667";"10,3";"246"
"TAI AN";"01530";"2025-05-12 00:00:00";"-53,90905";"-62,10205";"10,5";"240"
"TAI AN";"01530";"2025-05-12 00:00:00";"-53,9091166667";"-62,1026";"11,5";"242"
"TAI AN";"01530";"2025-05-12 00:15:00";"-53,9284166667";"-62,16905";"10,0";"248"
"TAI AN";"01530";"2025-05-12 00:15:00";"-53,9283833333";"-62,1687166667";"10,9";"233"
"TAI AN";"01530";"2025-05-12 00:30:00";"-53,9488833333";"-62,2357166667";"11,1";"243"
"TAI AN";"01530";"2025-05-12 00:30:00";"-53,94895";"-62,2360666667";"10,9";"245"
"TAI AN";"01530";"2025-05-12 00:45:00";"-53,96895";"-62,3043";"10,8";"244"
"TAI AN";"01530";"2025-05-12 00:45:00";"-53,9688833333";"-62,30405";"11,8";"238"
"TAI AN";"01530";"2025-05-12 01:00:00";"-53,9892166667";"-62,3742166667";"11,0";"241"
"TAI AN";"01530";"2025-05-12 01:00:00";"-53,9892666667";"-62,37435";"11,3";"245"
"TAI AN";"01530";"2025-05-12 01:15:00";"-54,0097166667";"-62,4427166667";"11,3";"240"
"TAI AN";"01530";"2025-05-12 01:30:00";"-54,0302166667";"-62,5107166667";"11,2";"241"
"TAI AN";"01530";"2025-05-12 01:45:00";"-54,0502166667";"-62,5788833333";"10,5";"246"
"TAI AN";"01530";"2025-05-12 01:45:00";"-54,05015";"-62,5787";"10,6";"242"
"TAI AN";"01530";"2025-05-12 02:00:00";"-54,0703833333";"-62,6463833333";"10,8";"243"
"TAI AN";"01530";"2025-05-12 02:15:00";"-54,09205";"-62,71555";"11,2";"237"
"TAI AN";"01530";"2025-05-12 02:15:00";"-54,09185";"-62,7151666667";"11,4";"242"
"TAI AN";"01530";"2025-05-12 02:30:00";"-54,11295";"-62,7850666667";"10,6";"241"
"TAI AN";"01530";"2025-05-12 02:30:00";"-54,11305";"-62,78555";"11,1";"252"
"TAI AN";"01530";"2025-05-12 02:45:00";"-54,13355";"-62,85655";"11,6";"245"
"TAI AN";"01530";"2025-05-12 02:45:00";"-54,1334166667";"-62,8561333333";"11,1";"243"
"TAI AN";"01530";"2025-05-12 03:00:00";"-54,1549333333";"-62,9229666667";"11,1";"240"
"TAI AN";"01530";"2025-05-12 03:00:00";"-54,1552166667";"-62,92355";"11,1";"243"
"TAI AN";"01530";"2025-05-12 03:15:00";"-54,1726333333";"-62,98995";"11,0";"246"
"TAI AN";"01530";"2025-05-12 03:15:00";"-54,1728833333";"-62,9907166667";"10,6";"248"
"TAI AN";"01530";"2025-05-12 03:30:00";"-54,1902166667";"-63,0623333333";"11,1";"246"
"TAI AN";"01530";"2025-05-12 03:30:00";"-54,19055";"-63,0632166667";"11,3";"251"
"TAI AN";"01530";"2025-05-12 03:45:00";"-54,20855";"-63,1358833333";"11,0";"253"
"TAI AN";"01530";"2025-05-12 03:45:00";"-54,2083166667";"-63,1349666667";"11,7";"246"
"TAI AN";"01530";"2025-05-12 04:00:00";"-54,2278";"-63,2066166667";"10,7";"243"
"TAI AN";"01530";"2025-05-12 04:00:00";"-54,2282166667";"-63,20755";"10,8";"248"
"TAI AN";"01530";"2025-05-12 04:15:00";"-54,2429";"-63,27435";"10,4";"254"
"TAI AN";"01530";"2025-05-12 04:15:00";"-54,2432166667";"-63,2758833333";"10,2";"255"
"TAI AN";"01530";"2025-05-12 04:30:00";"-54,25525";"-63,33905";"9,2";"244"
"TAI AN";"01530";"2025-05-12 04:30:00";"-54,25555";"-63,3402166667";"9,2";"247"
"TAI AN";"01530";"2025-05-12 04:45:00";"-54,2923666667";"-63,3544666667";"11,0";"202"
"TAI AN";"01530";"2025-05-12 04:45:00";"-54,29255";"-63,35455";"10,9";"200"
"TAI AN";"01530";"2025-05-12 05:00:00";"-54,2862166667";"-63,3498833333";"6,1";"13"
"TAI AN";"01530";"2025-05-12 05:00:00";"-54,28625";"-63,3498166667";"4,9";"10"
"TAI AN";"01530";"2025-05-12 05:15:00";"-54,2675666667";"-63,3413333333";"3,9";"31"
"TAI AN";"01530";"2025-05-12 05:15:00";"-54,2672166667";"-63,3412166667";"4,0";"15"
"TAI AN";"01530";"2025-05-12 05:30:00";"-54,2518833333";"-63,33605";"4,0";"1"
"TAI AN";"01530";"2025-05-12 05:30:00";"-54,25205";"-63,3359666667";"3,1";"0"
"TAI AN";"01530";"2025-05-12 05:45:00";"-54,2365833333";"-63,341";"4,3";"333"
"TAI AN";"01530";"2025-05-12 05:45:00";"-54,2367166667";"-63,34105";"4,0";"331"
"TAI AN";"01530";"2025-05-12 05:59:00";"-54,22375";"-63,3571333333";"3,5";"323"
"TAI AN";"01530";"2025-05-12 06:00:00";"-54,22355";"-63,3573833333";"4,3";"329"
"TAI AN";"01530";"2025-05-12 06:14:00";"-54,2104166667";"-63,3737";"4,2";"328"
"TAI AN";"01530";"2025-05-12 06:15:00";"-54,21055";"-63,3737166667";"3,7";"328"
"TAI AN";"01530";"2025-05-12 06:29:00";"-54,1972833333";"-63,3925833333";"4,7";"304"
"TAI AN";"01530";"2025-05-12 06:30:00";"-54,1972166667";"-63,3927166667";"3,3";"317"
"TAI AN";"01530";"2025-05-12 06:44:00";"-54,1853833333";"-63,4156333333";"4,2";"310"
"TAI AN";"01530";"2025-05-12 06:45:00";"-54,1853833333";"-63,4158833333";"4,5";"317"
"TAI AN";"01530";"2025-05-12 06:59:00";"-54,1754";"-63,4422166667";"4,8";"295"
"TAI AN";"01530";"2025-05-12 07:00:00";"-54,1752166667";"-63,44305";"4,6";"291"
"TAI AN";"01530";"2025-05-12 07:14:00";"-54,16595";"-63,4697166667";"4,7";"298"
"TAI AN";"01530";"2025-05-12 07:15:00";"-54,1658833333";"-63,47005";"5,0";"299"
"TAI AN";"01530";"2025-05-12 07:29:00";"-54,1570833333";"-63,49755";"4,4";"290"
"TAI AN";"01530";"2025-05-12 07:30:00";"-54,15705";"-63,4978833333";"4,1";"298"
"TAI AN";"01530";"2025-05-12 07:44:00";"-54,1477666667";"-63,5253666667";"4,7";"299"
"TAI AN";"01530";"2025-05-12 07:45:00";"-54,1477166667";"-63,5257166667";"5,0";"304"
"TAI AN";"01530";"2025-05-12 07:59:00";"-54,1371166667";"-63,552";"5,0";"329"
"TAI AN";"01530";"2025-05-12 08:00:00";"-54,1368833333";"-63,5523833333";"5,1";"328"
"TAI AN";"01530";"2025-05-12 08:14:00";"-54,1216166667";"-63,57015";"5,4";"329"
"TAI AN";"01530";"2025-05-12 08:15:00";"-54,1212166667";"-63,5707166667";"5,7";"320"
"TAI AN";"01530";"2025-05-12 08:29:00";"-54,1053666667";"-63,5885";"5,5";"331"
"TAI AN";"01530";"2025-05-12 08:30:00";"-54,1048833333";"-63,5892166667";"4,7";"317"
"TAI AN";"01530";"2025-05-12 08:44:00";"-54,0881666667";"-63,60565";"4,6";"331"
"TAI AN";"01530";"2025-05-12 08:45:00";"-54,0878833333";"-63,60605";"5,7";"328"
"TAI AN";"01530";"2025-05-12 08:59:00";"-54,07475";"-63,63255";"5,0";"310"
"TAI AN";"01530";"2025-05-12 09:00:00";"-54,0743833333";"-63,6333833333";"6,4";"313"
"TAI AN";"01530";"2025-05-12 09:14:00";"-54,059";"-63,6524333333";"4,2";"329"
"TAI AN";"01530";"2025-05-12 09:15:00";"-54,0587166667";"-63,6528833333";"3,8";"324"
"TAI AN";"01530";"2025-05-12 09:29:00";"-54,04445";"-63,6445666667";"4,0";"40"
"TAI AN";"01530";"2025-05-12 09:30:00";"-54,0438833333";"-63,6438833333";"4,3";"15"
"TAI AN";"01530";"2025-05-12 09:44:00";"-54,0282333333";"-63,6406666667";"3,8";"355"
"TAI AN";"01530";"2025-05-12 09:45:00";"-54,0278833333";"-63,6408833333";"5,4";"344"
"TAI AN";"01530";"2025-05-12 09:59:00";"-54,0131333333";"-63,65525";"5,3";"321"
"TAI AN";"01530";"2025-05-12 10:00:00";"-54,0128833333";"-63,6558833333";"5,2";"322"
"TAI AN";"01530";"2025-05-12 10:14:00";"-54,0013333333";"-63,6758";"3,2";"312"
"TAI AN";"01530";"2025-05-12 10:15:00";"-54,00105";"-63,6763833333";"4,1";"311"
"TAI AN";"01530";"2025-05-12 10:29:00";"-53,99575";"-63,6914666667";"2,2";"269"
"TAI AN";"01530";"2025-05-12 10:30:00";"-53,9958833333";"-63,69205";"2,7";"272"
"TAI AN";"01530";"2025-05-12 10:44:00";"-54,0017";"-63,7075666667";"4,1";"216"
"TAI AN";"01530";"2025-05-12 10:45:00";"-54,00205";"-63,7082166667";"5,1";"226"
"TAI AN";"01530";"2025-05-12 10:59:00";"-54,0203333333";"-63,7175666667";"9,6";"158"
"TAI AN";"01530";"2025-05-12 11:00:00";"-54,0217166667";"-63,7168833333";"9,8";"164"
"TAI AN";"01530";"2025-05-12 11:14:00";"-54,0576666667";"-63,6880333333";"9,7";"151"
"TAI AN";"01530";"2025-05-12 11:15:00";"-54,0588833333";"-63,68705";"10,6";"157"
"TAI AN";"01530";"2025-05-12 11:29:00";"-54,0592166667";"-63,6684833333";"6,3";"4"
"TAI AN";"01530";"2025-05-12 11:30:00";"-54,0577166667";"-63,6683833333";"8,4";"359"
"TAI AN";"01530";"2025-05-12 11:44:00";"-54,03925";"-63,6648166667";"4,5";"14"
"TAI AN";"01530";"2025-05-12 11:45:00";"-54,0383833333";"-63,66455";"4,4";"3"
"TAI AN";"01530";"2025-05-12 11:59:00";"-54,02165";"-63,65935";"5,3";"21"
"TAI AN";"01530";"2025-05-12 12:00:00";"-54,02105";"-63,6588833333";"5,6";"27"
"TAI AN";"01530";"2025-05-12 12:14:00";"-54,0035333333";"-63,6528166667";"3,1";"14"
"TAI AN";"01530";"2025-05-12 12:15:00";"-54,0028833333";"-63,65255";"5,7";"21"
"TAI AN";"01530";"2025-05-12 12:29:00";"-53,9871833333";"-63,6475833333";"3,7";"21"
"TAI AN";"01530";"2025-05-12 12:30:00";"-53,9867166667";"-63,64755";"3,6";"4"
"TAI AN";"01530";"2025-05-12 12:44:00";"-53,96985";"-63,6426666667";"4,2";"9"
"TAI AN";"01530";"2025-05-12 12:45:00";"-53,96905";"-63,6427166667";"5,1";"357"
"TAI AN";"01530";"2025-05-12 12:59:00";"-53,98995";"-63,6323166667";"10,1";"172"
"TAI AN";"01530";"2025-05-12 13:00:00";"-53,99155";"-63,6317166667";"9,5";"169"
"TAI AN";"01530";"2025-05-12 13:14:00";"-54,0291333333";"-63,6184166667";"9,8";"166"
"TAI AN";"01530";"2025-05-12 13:15:00";"-54,0308833333";"-63,6178833333";"9,3";"168"
"TAI AN";"01530";"2025-05-12 13:29:00";"-54,0625166667";"-63,60245";"4,7";"24"
"TAI AN";"01530";"2025-05-12 13:30:00";"-54,0617166667";"-63,6023833333";"4,2";"353"
"TAI AN";"01530";"2025-05-12 13:44:00";"-54,0434166667";"-63,6119666667";"3,5";"337"
"TAI AN";"01530";"2025-05-12 13:45:00";"-54,0422166667";"-63,6127166667";"5,7";"345"
"TAI AN";"01530";"2025-05-12 13:59:00";"-54,0274666667";"-63,61845";"3,0";"339"
"TAI AN";"01530";"2025-05-12 14:00:00";"-54,0268833333";"-63,6187166667";"4,3";"352"
"TAI AN";"01530";"2025-05-12 14:14:00";"-54,0130166667";"-63,62315";"5,4";"335"
"TAI AN";"01530";"2025-05-12 14:15:00";"-54,0122166667";"-63,6237166667";"6,2";"347"
"TAI AN";"01530";"2025-05-12 14:29:00";"-53,9973666667";"-63,6264";"4,7";"345"
"TAI AN";"01530";"2025-05-12 14:30:00";"-53,99655";"-63,6268833333";"3,0";"342"
"TAI AN";"01530";"2025-05-12 14:44:00";"-53,9817833333";"-63,6297166667";"4,5";"0"
"TAI AN";"01530";"2025-05-12 14:45:00";"-53,9808833333";"-63,6297166667";"5,2";"359"
"TAI AN";"01530";"2025-05-12 14:59:00";"-53,9748666667";"-63,6252666667";"9,6";"170"
"TAI AN";"01530";"2025-05-12 15:00:00";"-53,9772166667";"-63,6243833333";"10,6";"170"
"TAI AN";"01530";"2025-05-12 15:14:00";"-54,0156166667";"-63,5997666667";"11,2";"161"
"TAI AN";"01530";"2025-05-12 15:15:00";"-54,01855";"-63,5977166667";"10,7";"160"
"TAI AN";"01530";"2025-05-12 15:29:00";"-54,0574166667";"-63,5716666667";"10,6";"168"
"TAI AN";"01530";"2025-05-12 15:30:00";"-54,06055";"-63,56955";"10,8";"167"
"TAI AN";"01530";"2025-05-12 15:44:00";"-54,05165";"-63,5691";"3,1";"2"
"TAI AN";"01530";"2025-05-12 15:45:00";"-54,0507166667";"-63,56955";"4,4";"333"
"TAI AN";"01530";"2025-05-12 15:59:00";"-54,0354";"-63,5776666667";"4,4";"349"
"TAI AN";"01530";"2025-05-12 16:00:00";"-54,0343833333";"-63,5783833333";"4,1";"342"
"TAI AN";"01530";"2025-05-12 16:14:00";"-54,02665";"-63,57465";"10,6";"155"
"TAI AN";"01530";"2025-05-12 16:15:00";"-54,0297166667";"-63,5722166667";"10,0";"159"
"TAI AN";"01530";"2025-05-12 16:29:00";"-54,0658";"-63,5423";"10,3";"153"
"TAI AN";"01530";"2025-05-12 16:30:00";"-54,0688833333";"-63,53955";"11,3";"161"
"TAI AN";"01530";"2025-05-12 16:44:00";"-54,0687666667";"-63,52775";"4,6";"344"
"TAI AN";"01530";"2025-05-12 16:45:00";"-54,0677166667";"-63,5278833333";"5,0";"350"
"TAI AN";"01530";"2025-05-12 16:59:00";"-54,0520333333";"-63,5435833333";"4,8";"307"
"TAI AN";"01530";"2025-05-12 17:00:00";"-54,05105";"-63,54555";"5,2";"323"
"TAI AN";"01530";"2025-05-12 17:14:00";"-54,03955";"-63,5675333333";"3,6";"275"
"TAI AN";"01530";"2025-05-12 17:15:00";"-54,03905";"-63,5688833333";"4,0";"323"
"TAI AN";"01530";"2025-05-12 17:29:00";"-54,0264833333";"-63,5870666667";"4,0";"309"
"TAI AN";"01530";"2025-05-12 17:30:00";"-54,02555";"-63,5882166667";"4,0";"322"
"TAI AN";"01530";"2025-05-12 17:44:00";"-54,01235";"-63,6013";"4,3";"340"
"TAI AN";"01530";"2025-05-12 17:45:00";"-54,0113833333";"-63,6023833333";"4,7";"330"
"TAI AN";"01530";"2025-05-12 17:58:00";"-53,9981833333";"-63,61585";"4,2";"297"
"TAI AN";"01530";"2025-05-12 18:00:00";"-53,9973833333";"-63,6177166667";"4,8";"301"
"TAI AN";"01530";"2025-05-12 18:13:00";"-53,98855";"-63,64145";"3,5";"300"
"TAI AN";"01530";"2025-05-12 18:15:00";"-53,9878833333";"-63,6433833333";"3,5";"300"
"TAI AN";"01530";"2025-05-12 18:28:00";"-53,9770833333";"-63,6615333333";"5,3";"327"
"TAI AN";"01530";"2025-05-12 18:30:00";"-53,9762166667";"-63,6628833333";"3,8";"320"
"TAI AN";"01530";"2025-05-12 18:43:00";"-53,9628833333";"-63,6782";"4,0";"319"
"TAI AN";"01530";"2025-05-12 18:45:00";"-53,96155";"-63,67955";"3,8";"314"
"TAI AN";"01530";"2025-05-12 18:58:00";"-53,9477666667";"-63,6927";"4,4";"330"
"TAI AN";"01530";"2025-05-12 19:00:00";"-53,9467166667";"-63,6938833333";"4,2";"324"
"TAI AN";"01530";"2025-05-12 19:13:00";"-53,9313333333";"-63,7043666667";"4,8";"349"
"TAI AN";"01530";"2025-05-12 19:15:00";"-53,93005";"-63,7048833333";"4,4";"340"
"TAI AN";"01530";"2025-05-12 19:28:00";"-53,9151166667";"-63,7162333333";"5,2";"323"
"TAI AN";"01530";"2025-05-12 19:30:00";"-53,9138833333";"-63,7173833333";"4,0";"321"
"TAI AN";"01530";"2025-05-12 19:43:00";"-53,8993833333";"-63,72705";"4,1";"337"
"TAI AN";"01530";"2025-05-12 19:45:00";"-53,8982166667";"-63,7278833333";"4,4";"351"
"TAI AN";"01530";"2025-05-12 19:58:00";"-53,8834";"-63,7382833333";"4,0";"338"
"TAI AN";"01530";"2025-05-12 20:00:00";"-53,8822166667";"-63,7393833333";"4,6";"344"
"TAI AN";"01530";"2025-05-12 20:13:00";"-53,8679333333";"-63,7522666667";"4,3";"331"
"TAI AN";"01530";"2025-05-12 20:15:00";"-53,8668833333";"-63,75355";"4,8";"320"
"TAI AN";"01530";"2025-05-12 20:28:00";"-53,85355";"-63,7650833333";"3,6";"319"
"TAI AN";"01530";"2025-05-12 20:30:00";"-53,8522166667";"-63,76705";"4,2";"304"
"TAI AN";"01530";"2025-05-12 20:43:00";"-53,84435";"-63,7737333333";"1,3";"11"
"TAI AN";"01530";"2025-05-12 20:45:00";"-53,8437166667";"-63,7737166667";"2,2";"357"
"TAI AN";"01530";"2025-05-12 20:58:00";"-53,8327833333";"-63,7702666667";"5,8";"2"
"TAI AN";"01530";"2025-05-12 21:00:00";"-53,8308833333";"-63,7688833333";"5,6";"52"
"TAI AN";"01530";"2025-05-12 21:13:00";"-53,8546833333";"-63,7851166667";"8,2";"194"
"TAI AN";"01530";"2025-05-12 21:15:00";"-53,85755";"-63,7858833333";"8,3";"194"
"TAI AN";"01530";"2025-05-12 21:28:00";"-53,8878";"-63,7984";"8,4";"197"
"TAI AN";"01530";"2025-05-12 21:30:00";"-53,8913833333";"-63,7998833333";"8,2";"194"
"TAI AN";"01530";"2025-05-12 21:43:00";"-53,9219833333";"-63,81015";"8,4";"187"
"TAI AN";"01530";"2025-05-12 21:45:00";"-53,9257166667";"-63,8112166667";"8,6";"195"
"TAI AN";"01530";"2025-05-12 21:58:00";"-53,9573";"-63,8192333333";"8,2";"187"
"TAI AN";"01530";"2025-05-12 22:00:00";"-53,95905";"-63,8158833333";"7,8";"95"
"TAI AN";"01530";"2025-05-12 22:13:00";"-53,9665166667";"-63,7667333333";"8,8";"89"
"TAI AN";"01530";"2025-05-12 22:15:00";"-53,9668833333";"-63,76005";"7,8";"93"
"TAI AN";"01530";"2025-05-12 22:28:00";"-53,9746333333";"-63,7111833333";"8,3";"102"
"TAI AN";"01530";"2025-05-12 22:30:00";"-53,97555";"-63,7052166667";"7,6";"114"
"TAI AN";"01530";"2025-05-12 22:43:00";"-53,9839666667";"-63,6728833333";"7,4";"211"
"TAI AN";"01530";"2025-05-12 22:45:00";"-53,9868833333";"-63,6757166667";"8,7";"218"
"TAI AN";"01530";"2025-05-12 22:58:00";"-54,0168666667";"-63,7034";"9,5";"217"
"TAI AN";"01530";"2025-05-12 23:00:00";"-54,0203833333";"-63,7063833333";"9,5";"207"
"TAI AN";"01530";"2025-05-12 23:13:00";"-54,0429";"-63,6897666667";"8,3";"98"
"TAI AN";"01530";"2025-05-12 23:15:00";"-54,0428833333";"-63,6827166667";"9,5";"75"
"TAI AN";"01530";"2025-05-12 23:28:00";"-54,0207666667";"-63,6818666667";"7,8";"310"
"TAI AN";"01530";"2025-05-12 23:30:00";"-54,0192166667";"-63,6863833333";"6,1";"302"
"TAI AN";"01530";"2025-05-12 23:43:00";"-54,0084666667";"-63,7179833333";"6,7";"311"
"TAI AN";"01530";"2025-05-12 23:45:00";"-54,00655";"-63,7213833333";"5,1";"323"
"TAI AN";"01530";"2025-05-12 23:58:00";"-54,0104666667";"-63,7335166667";"4,0";"127"
"TAI AN";"01530";"2025-05-13 00:00:00";"-54,0118833333";"-63,73055";"5,1";"107"
"TAI AN";"01530";"2025-05-13 00:13:00";"-54,0196166667";"-63,7122833333";"3,7";"136"
"TAI AN";"01530";"2025-05-13 00:15:00";"-54,0213833333";"-63,7107166667";"3,7";"163"
"TAI AN";"01530";"2025-05-13 00:28:00";"-54,0325333333";"-63,7003833333";"3,8";"151"
"TAI AN";"01530";"2025-05-13 00:30:00";"-54,03405";"-63,6988833333";"3,4";"147"
"TAI AN";"01530";"2025-05-13 00:43:00";"-54,0455833333";"-63,6871833333";"3,3";"134"
"TAI AN";"01530";"2025-05-13 00:45:00";"-54,04705";"-63,6857166667";"3,7";"138"
"TAI AN";"01530";"2025-05-13 00:58:00";"-54,0577166667";"-63,6718333333";"3,7";"135"
"TAI AN";"01530";"2025-05-13 01:00:00";"-54,05905";"-63,67005";"3,9";"131"
"TAI AN";"01530";"2025-05-13 01:13:00";"-54,0712166667";"-63,6595333333";"3,9";"162"
"TAI AN";"01530";"2025-05-13 01:15:00";"-54,0728833333";"-63,6583833333";"3,9";"149"
"TAI AN";"01530";"2025-05-13 01:28:00";"-54,08205";"-63,64125";"4,2";"107"
"TAI AN";"01530";"2025-05-13 01:30:00";"-54,0832166667";"-63,6382166667";"3,5";"110"
"TAI AN";"01530";"2025-05-13 01:43:00";"-54,0909166667";"-63,61645";"4,5";"123"
"TAI AN";"01530";"2025-05-13 01:45:00";"-54,0923833333";"-63,6137166667";"3,3";"137"
"TAI AN";"01530";"2025-05-13 01:58:00";"-54,1029333333";"-63,5987333333";"4,0";"144"
"TAI AN";"01530";"2025-05-13 02:00:00";"-54,1043833333";"-63,59705";"3,7";"145"
"TAI AN";"01530";"2025-05-13 02:13:00";"-54,1180333333";"-63,5901";"4,1";"170"
"TAI AN";"01530";"2025-05-13 02:15:00";"-54,1198833333";"-63,5893833333";"3,7";"170"
"TAI AN";"01530";"2025-05-13 02:28:00";"-54,1319833333";"-63,5795166667";"4,1";"129"
"TAI AN";"01530";"2025-05-13 02:30:00";"-54,1333833333";"-63,5763833333";"3,5";"115"
"TAI AN";"01530";"2025-05-13 02:43:00";"-54,1393833333";"-63,5540166667";"3,7";"102"
"TAI AN";"01530";"2025-05-13 02:45:00";"-54,1403833333";"-63,5507166667";"4,1";"114"
"TAI AN";"01530";"2025-05-13 02:58:00";"-54,1457";"-63,5276166667";"3,9";"121"
"TAI AN";"01530";"2025-05-13 03:00:00";"-54,14705";"-63,5242166667";"4,1";"125"
"TAI AN";"01530";"2025-05-13 03:13:00";"-54,1581833333";"-63,50755";"3,8";"149"
"TAI AN";"01530";"2025-05-13 03:15:00";"-54,1602166667";"-63,5048833333";"3,8";"135"
"TAI AN";"01530";"2025-05-13 03:28:00";"-54,1709833333";"-63,4895666667";"4,3";"149"
"TAI AN";"01530";"2025-05-13 03:30:00";"-54,1727166667";"-63,4868833333";"4,2";"130"
"TAI AN";"01530";"2025-05-13 03:43:00";"-54,1800333333";"-63,4657833333";"3,6";"102"
"TAI AN";"01530";"2025-05-13 03:45:00";"-54,18105";"-63,46205";"4,3";"113"
"TAI AN";"01530";"2025-05-13 03:58:00";"-54,1862";"-63,4390333333";"4,5";"119"
"TAI AN";"01530";"2025-05-13 04:00:00";"-54,18705";"-63,43505";"4,3";"103"
"TAI AN";"01530";"2025-05-13 04:13:00";"-54,1916166667";"-63,4209666667";"1,3";"142"
"TAI AN";"01530";"2025-05-13 04:15:00";"-54,1922166667";"-63,42005";"1,6";"127"
"TAI AN";"01530";"2025-05-13 04:28:00";"-54,2006";"-63,40705";"4,3";"148"
"TAI AN";"01530";"2025-05-13 04:30:00";"-54,20305";"-63,4033833333";"7,5";"138"
"TAI AN";"01530";"2025-05-13 04:43:00";"-54,2262833333";"-63,3567333333";"11,5";"126"
"TAI AN";"01530";"2025-05-13 04:45:00";"-54,2307166667";"-63,3478833333";"11,4";"123"
"TAI AN";"01530";"2025-05-13 04:58:00";"-54,2552";"-63,3382333333";"9,4";"244"
"TAI AN";"01530";"2025-05-13 05:00:00";"-54,2573833333";"-63,3473833333";"9,6";"251"
"TAI AN";"01530";"2025-05-13 05:13:00";"-54,2625";"-63,3912833333";"8,4";"13"
"TAI AN";"01530";"2025-05-13 05:15:00";"-54,2573833333";"-63,3907166667";"7,9";"14"
"TAI AN";"01530";"2025-05-13 05:28:00";"-54,2280666667";"-63,3871666667";"8,0";"359"
"TAI AN";"01530";"2025-05-13 05:30:00";"-54,2232166667";"-63,3868833333";"9,3";"8"
"TAI AN";"01530";"2025-05-13 05:43:00";"-54,19145";"-63,3840666667";"9,0";"356"
"TAI AN";"01530";"2025-05-13 05:45:00";"-54,1898833333";"-63,3902166667";"8,1";"275"
"TAI AN";"01530";"2025-05-13 05:58:00";"-54,1840833333";"-63,4431666667";"9,0";"276"
"TAI AN";"01530";"2025-05-13 06:00:00";"-54,1832166667";"-63,4528833333";"9,4";"273"
"TAI AN";"01530";"2025-05-13 06:12:00";"-54,1756333333";"-63,4754833333";"10,6";"85"
"TAI AN";"01530";"2025-05-13 06:15:00";"-54,1757166667";"-63,4637166667";"11,0";"86"
"TAI AN";"01530";"2025-05-13 06:27:00";"-54,1696666667";"-63,4541";"3,8";"287"
"TAI AN";"01530";"2025-05-13 06:30:00";"-54,16905";"-63,4572166667";"3,8";"296"
"TAI AN";"01530";"2025-05-13 06:42:00";"-54,1620166667";"-63,4828";"5,2";"303"
"TAI AN";"01530";"2025-05-13 06:45:00";"-54,1607166667";"-63,48705";"5,0";"309"
"TAI AN";"01530";"2025-05-13 06:57:00";"-54,1513666667";"-63,5123166667";"5,4";"305"
"TAI AN";"01530";"2025-05-13 07:00:00";"-54,1497166667";"-63,51605";"4,5";"311"
"TAI AN";"01530";"2025-05-13 07:12:00";"-54,1344666667";"-63,5269666667";"4,1";"337"
"TAI AN";"01530";"2025-05-13 07:15:00";"-54,1317166667";"-63,5288833333";"5,1";"333"
"TAI AN";"01530";"2025-05-13 07:27:00";"-54,1201166667";"-63,54645";"4,7";"315"
"TAI AN";"01530";"2025-05-13 07:30:00";"-54,1187166667";"-63,55005";"3,8";"305"
"TAI AN";"01530";"2025-05-13 07:42:00";"-54,1082166667";"-63,5705666667";"3,4";"323"
"TAI AN";"01530";"2025-05-13 07:45:00";"-54,1062166667";"-63,57355";"4,5";"320"
"TAI AN";"01530";"2025-05-13 07:57:00";"-54,0923833333";"-63,58955";"4,9";"324"
"TAI AN";"01530";"2025-05-13 08:00:00";"-54,09005";"-63,59205";"4,7";"335"
"TAI AN";"01530";"2025-05-13 08:12:00";"-54,07965";"-63,6129833333";"4,9";"310"
"TAI AN";"01530";"2025-05-13 08:15:00";"-54,0783833333";"-63,6168833333";"4,5";"305"
"TAI AN";"01530";"2025-05-13 08:27:00";"-54,0659833333";"-63,6342333333";"4,7";"324"
"TAI AN";"01530";"2025-05-13 08:30:00";"-54,0637166667";"-63,6372166667";"4,7";"319"
"TAI AN";"01530";"2025-05-13 08:42:00";"-54,0499833333";"-63,6547666667";"4,2";"334"
"TAI AN";"01530";"2025-05-13 08:45:00";"-54,04805";"-63,6583833333";"4,6";"0"
"TAI AN";"01530";"2025-05-13 08:57:00";"-54,0326166667";"-63,6691333333";"4,5";"341"
"TAI AN";"01530";"2025-05-13 09:00:00";"-54,02955";"-63,6708833333";"4,0";"329"
"TAI AN";"01530";"2025-05-13 09:12:00";"-54,0146833333";"-63,6802833333";"4,7";"342"
"TAI AN";"01530";"2025-05-13 09:15:00";"-54,0118833333";"-63,6822166667";"4,4";"342"
"TAI AN";"01530";"2025-05-13 09:27:00";"-53,9992333333";"-63,6986833333";"4,9";"312"
"TAI AN";"01530";"2025-05-13 09:30:00";"-53,9973833333";"-63,7023833333";"4,6";"314"
"TAI AN";"01530";"2025-05-13 09:42:00";"-53,9877";"-63,7212666667";"4,8";"309"
"TAI AN";"01530";"2025-05-13 09:45:00";"-53,9858833333";"-63,7248833333";"4,5";"302"
"TAI AN";"01530";"2025-05-13 09:57:00";"-53,9751166667";"-63,7424";"4,8";"342"
"TAI AN";"01530";"2025-05-13 10:00:00";"-53,9717166667";"-63,7433833333";"4,5";"2"
"TAI AN";"01530";"2025-05-13 10:12:00";"-53,95565";"-63,7417333333";"5,5";"5"
"TAI AN";"01530";"2025-05-13 10:15:00";"-53,9528833333";"-63,7413833333";"4,6";"1"
"TAI AN";"01530";"2025-05-13 10:27:00";"-53,9374166667";"-63,7445";"4,3";"352"
"TAI AN";"01530";"2025-05-13 10:30:00";"-53,9347166667";"-63,7453833333";"4,1";"349"
"TAI AN";"01530";"2025-05-13 10:42:00";"-53,9189833333";"-63,74935";"4,8";"352"
"TAI AN";"01530";"2025-05-13 10:45:00";"-53,9162166667";"-63,7498833333";"4,8";"353"
"TAI AN";"01530";"2025-05-13 10:57:00";"-53,9011666667";"-63,7542333333";"4,5";"347"
"TAI AN";"01530";"2025-05-13 11:00:00";"-53,8982166667";"-63,7553833333";"5,0";"346"
"TAI AN";"01530";"2025-05-13 11:12:00";"-53,8828166667";"-63,7603";"4,1";"351"
"TAI AN";"01530";"2025-05-13 11:15:00";"-53,8798833333";"-63,7612166667";"4,6";"348"
"TAI AN";"01530";"2025-05-13 11:27:00";"-53,8647333333";"-63,7646666667";"4,1";"351"
"TAI AN";"01530";"2025-05-13 11:30:00";"-53,8618833333";"-63,76555";"4,4";"349"
"TAI AN";"01530";"2025-05-13 11:42:00";"-53,8469166667";"-63,7704";"4,6";"346"
"TAI AN";"01530";"2025-05-13 11:45:00";"-53,84405";"-63,7713833333";"4,1";"351"
"TAI AN";"01530";"2025-05-13 11:57:00";"-53,8298166667";"-63,77535";"4,3";"355"
"TAI AN";"01530";"2025-05-13 12:00:00";"-53,8268833333";"-63,77605";"4,3";"353"
"TAI AN";"01530";"2025-05-13 12:12:00";"-53,8129333333";"-63,7801";"3,5";"342"
"TAI AN";"01530";"2025-05-13 12:15:00";"-53,8102166667";"-63,7813833333";"4,1";"341"
"TAI AN";"01530";"2025-05-13 12:27:00";"-53,7971333333";"-63,7885";"4,5";"346"
"TAI AN";"01530";"2025-05-13 12:30:00";"-53,79405";"-63,7893833333";"4,1";"355"
"TAI AN";"01530";"2025-05-13 12:42:00";"-53,7802833333";"-63,78835";"4,8";"1"
"TAI AN";"01530";"2025-05-13 12:45:00";"-53,7773833333";"-63,7882166667";"4,0";"2"
"TAI AN";"01530";"2025-05-13 12:57:00";"-53,76325";"-63,7872333333";"4,1";"5"
"TAI AN";"01530";"2025-05-13 13:00:00";"-53,7602166667";"-63,78705";"4,1";"351"
"TAI AN";"01530";"2025-05-13 13:12:00";"-53,74685";"-63,7899833333";"3,2";"351"
"TAI AN";"01530";"2025-05-13 13:15:00";"-53,7442166667";"-63,7907166667";"3,7";"347"
"TAI AN";"01530";"2025-05-13 13:27:00";"-53,7312166667";"-63,7943166667";"3,4";"346"
"TAI AN";"01530";"2025-05-13 13:30:00";"-53,72855";"-63,7952166667";"3,7";"351"
"TAI AN";"01530";"2025-05-13 13:42:00";"-53,7160333333";"-63,7988666667";"4,1";"355"
"TAI AN";"01530";"2025-05-13 13:45:00";"-53,7132166667";"-63,7997166667";"4,0";"350"
"TAI AN";"01530";"2025-05-13 13:57:00";"-53,7003";"-63,8036";"3,4";"0"
"TAI AN";"01530";"2025-05-13 14:00:00";"-53,6973833333";"-63,80455";"3,8";"353"
"TAI AN";"01530";"2025-05-13 14:12:00";"-53,68455";"-63,8083";"3,9";"352"
"TAI AN";"01530";"2025-05-13 14:15:00";"-53,6818833333";"-63,8092166667";"3,8";"345"
"TAI AN";"01530";"2025-05-13 14:27:00";"-53,6695166667";"-63,8135";"3,7";"350"
"TAI AN";"01530";"2025-05-13 14:30:00";"-53,66705";"-63,8143833333";"3,6";"349"
"TAI AN";"01530";"2025-05-13 14:42:00";"-53,6545333333";"-63,8180166667";"3,9";"353"
"TAI AN";"01530";"2025-05-13 14:45:00";"-53,6518833333";"-63,8188833333";"3,1";"354"
"TAI AN";"01530";"2025-05-13 14:57:00";"-53,63955";"-63,8225";"3,2";"348"
"TAI AN";"01530";"2025-05-13 15:00:00";"-53,6367166667";"-63,8233833333";"3,8";"346"
"TAI AN";"01530";"2025-05-13 15:12:00";"-53,6243666667";"-63,8268";"3,7";"351"
"TAI AN";"01530";"2025-05-13 15:15:00";"-53,6217166667";"-63,8263833333";"4,4";"15"
"TAI AN";"01530";"2025-05-13 15:27:00";"-53,60855";"-63,8195166667";"4,2";"9"
"TAI AN";"01530";"2025-05-13 15:30:00";"-53,6052166667";"-63,8182166667";"3,8";"15"
"TAI AN";"01530";"2025-05-13 15:42:00";"-53,5996166667";"-63,8182333333";"1,6";"341"
"TAI AN";"01530";"2025-05-13 15:45:00";"-53,59855";"-63,8193833333";"1,7";"318"
"TAI AN";"01530";"2025-05-13 15:57:00";"-53,59535";"-63,8329833333";"4,1";"277"
"TAI AN";"01530";"2025-05-13 16:00:00";"-53,5923833333";"-63,84205";"8,5";"313"
"TAI AN";"01530";"2025-05-13 16:12:00";"-53,57245";"-63,87065";"5,7";"209"
"TAI AN";"01530";"2025-05-13 16:15:00";"-53,5772166667";"-63,8693833333";"5,7";"173"
"TAI AN";"01530";"2025-05-13 16:27:00";"-53,59345";"-63,86675";"5,4";"180"
"TAI AN";"01530";"2025-05-13 16:30:00";"-53,5977166667";"-63,86655";"5,1";"177"
"TAI AN";"01530";"2025-05-13 16:42:00";"-53,6128333333";"-63,8652";"3,6";"176"
"TAI AN";"01530";"2025-05-13 16:45:00";"-53,6158833333";"-63,8648833333";"3,7";"175"
"TAI AN";"01530";"2025-05-13 16:57:00";"-53,62835";"-63,8617666667";"3,4";"166"
"TAI AN";"01530";"2025-05-13 17:00:00";"-53,6312166667";"-63,8607166667";"3,6";"164"
"TAI AN";"01530";"2025-05-13 17:12:00";"-53,6428333333";"-63,85295";"3,8";"157"
"TAI AN";"01530";"2025-05-13 17:15:00";"-53,64555";"-63,8507166667";"3,9";"151"
"TAI AN";"01530";"2025-05-13 17:27:00";"-53,6557";"-63,8392833333";"3,5";"147"
"TAI AN";"01530";"2025-05-13 17:30:00";"-53,65855";"-63,83655";"3,7";"154"
"TAI AN";"01530";"2025-05-13 17:42:00";"-53,6689666667";"-63,8279333333";"3,5";"165"
"TAI AN";"01530";"2025-05-13 17:45:00";"-53,67205";"-63,82705";"3,9";"177"
"TAI AN";"01530";"2025-05-13 17:57:00";"-53,6838333333";"-63,8265666667";"2,9";"180"
"TAI AN";"01530";"2025-05-13 18:00:00";"-53,68705";"-63,82655";"3,3";"180"
"TAI AN";"01530";"2025-05-13 18:12:00";"-53,6980833333";"-63,8281333333";"3,1";"197"
"TAI AN";"01530";"2025-05-13 18:15:00";"-53,7012166667";"-63,82955";"3,7";"192"
"TAI AN";"01530";"2025-05-13 18:27:00";"-53,7117333333";"-63,8350833333";"3,7";"205"
"TAI AN";"01530";"2025-05-13 18:30:00";"-53,71455";"-63,8367166667";"3,4";"203"
"TAI AN";"01530";"2025-05-13 18:41:00";"-53,7254166667";"-63,8423";"3,7";"195"
"TAI AN";"01530";"2025-05-13 18:45:00";"-53,72855";"-63,84405";"3,4";"196"
"TAI AN";"01530";"2025-05-13 18:56:00";"-53,7390333333";"-63,8508666667";"3,5";"202"
"TAI AN";"01530";"2025-05-13 19:00:00";"-53,74205";"-63,85255";"3,7";"193"
"TAI AN";"01530";"2025-05-13 19:11:00";"-53,7518666667";"-63,8575";"3,0";"206"
"TAI AN";"01530";"2025-05-13 19:15:00";"-53,7538833333";"-63,86055";"3,6";"232"
"TAI AN";"01530";"2025-05-13 19:26:00";"-53,7619333333";"-63,87645";"3,6";"232"
"TAI AN";"01530";"2025-05-13 19:30:00";"-53,7638833333";"-63,8807166667";"3,6";"232"
"TAI AN";"01530";"2025-05-13 19:41:00";"-53,7721";"-63,8943166667";"3,2";"213"
"TAI AN";"01530";"2025-05-13 19:45:00";"-53,77455";"-63,89705";"3,2";"212"
"TAI AN";"01530";"2025-05-13 19:56:00";"-53,7824";"-63,9083666667";"1,1";"229"
"TAI AN";"01530";"2025-05-13 20:00:00";"-53,7832166667";"-63,9097166667";"1,1";"210"
"TAI AN";"01530";"2025-05-13 20:11:00";"-53,7876166667";"-63,9131666667";"2,5";"212"
"TAI AN";"01530";"2025-05-13 20:15:00";"-53,7898833333";"-63,91455";"2,6";"204"
"TAI AN";"01530";"2025-05-13 20:26:00";"-53,8085";"-63,9317666667";"9,8";"218"
"TAI AN";"01530";"2025-05-13 20:30:00";"-53,8142166667";"-63,9272166667";"8,1";"143"
"TAI AN";"01530";"2025-05-13 20:41:00";"-53,83305";"-63,89185";"8,9";"121"
"TAI AN";"01530";"2025-05-13 20:45:00";"-53,8378833333";"-63,87955";"9,0";"124"
"TAI AN";"01530";"2025-05-13 20:56:00";"-53,8461833333";"-63,8539833333";"9,3";"204"
"TAI AN";"01530";"2025-05-13 21:00:00";"-53,85405";"-63,8628833333";"9,9";"223"
"TAI AN";"01530";"2025-05-13 21:11:00";"-53,8778666667";"-63,8990333333";"10,1";"219"
"TAI AN";"01530";"2025-05-13 21:15:00";"-53,8852166667";"-63,9072166667";"7,2";"144"
"TAI AN";"01530";"2025-05-13 21:26:00";"-53,8972";"-63,8613833333";"10,1";"92"
"TAI AN";"01530";"2025-05-13 21:30:00";"-53,8968833333";"-63,84455";"10,3";"90"
"TAI AN";"01530";"2025-05-13 21:41:00";"-53,9101166667";"-63,8132";"9,2";"183"
"TAI AN";"01530";"2025-05-13 21:45:00";"-53,91905";"-63,8138833333";"9,9";"177"
"TAI AN";"01530";"2025-05-13 21:56:00";"-53,9504833333";"-63,8189166667";"9,7";"183"
"TAI AN";"01530";"2025-05-13 22:00:00";"-53,9572166667";"-63,8133833333";"8,8";"115"
"TAI AN";"01530";"2025-05-13 22:11:00";"-53,9669666667";"-63,7659333333";"9,4";"97"
"TAI AN";"01530";"2025-05-13 22:15:00";"-53,9668833333";"-63,7498833333";"10,0";"76"
"TAI AN";"01530";"2025-05-13 22:26:00";"-53,9437166667";"-63,77055";"12,5";"299"
"TAI AN";"01530";"2025-05-13 22:30:00";"-53,9403833333";"-63,7893833333";"10,5";"286"
"TAI AN";"01530";"2025-05-13 22:41:00";"-53,9505833333";"-63,7848166667";"4,7";"151"
"TAI AN";"01530";"2025-05-13 22:45:00";"-53,9548833333";"-63,78105";"4,6";"154"
"TAI AN";"01530";"2025-05-13 22:56:00";"-53,9639166667";"-63,772";"3,2";"137"
"TAI AN";"01530";"2025-05-13 23:00:00";"-53,9663833333";"-63,7678833333";"3,5";"130"
"TAI AN";"01530";"2025-05-13 23:11:00";"-53,9743333333";"-63,7560333333";"3,6";"155"
"TAI AN";"01530";"2025-05-13 23:15:00";"-53,9773833333";"-63,7533833333";"3,4";"152"
"TAI AN";"01530";"2025-05-13 23:30:00";"-53,9888833333";"-63,7402166667";"3,3";"153"
"TAI AN";"01530";"2025-05-13 23:41:00";"-53,9975833333";"-63,7317";"3,2";"135"
"TAI AN";"01530";"2025-05-13 23:45:00";"-53,9998833333";"-63,7272166667";"3,3";"124"
"TAI AN";"01530";"2025-05-13 23:56:00";"-54,0057333333";"-63,7124";"3,2";"129"
"TAI AN";"01530";"2025-05-14 00:00:00";"-54,0082166667";"-63,70855";"3,4";"142"
"TAI AN";"01530";"2025-05-14 00:11:00";"-53,9983833333";"-63,6956833333";"7,5";"330"
"TAI AN";"01530";"2025-05-14 00:15:00";"-53,9932166667";"-63,7052166667";"6,7";"306"
"TAI AN";"01530";"2025-05-14 00:26:00";"-53,9858833333";"-63,73135";"5,0";"314"
"TAI AN";"01530";"2025-05-14 00:30:00";"-53,9823833333";"-63,73655";"4,9";"324"
"TAI AN";"01530";"2025-05-14 00:41:00";"-53,9684833333";"-63,74995";"5,0";"328"
"TAI AN";"01530";"2025-05-14 00:45:00";"-53,9642166667";"-63,75405";"5,0";"330"
"TAI AN";"01530";"2025-05-14 00:56:00";"-53,9541333333";"-63,7716666667";"4,6";"285"
"TAI AN";"01530";"2025-05-14 01:00:00";"-53,9543833333";"-63,77855";"4,0";"246"
"TAI AN";"01530";"2025-05-14 01:11:00";"-53,96255";"-63,7909833333";"2,8";"199"
"TAI AN";"01530";"2025-05-14 01:15:00";"-53,9658833333";"-63,7917166667";"3,5";"169"
"TAI AN";"01530";"2025-05-14 01:26:00";"-53,9748666667";"-63,7756";"4,3";"113"
"TAI AN";"01530";"2025-05-14 01:30:00";"-53,9763833333";"-63,7683833333";"4,1";"112"
"TAI AN";"01530";"2025-05-14 01:41:00";"-53,9817333333";"-63,74945";"3,8";"132"
"TAI AN";"01530";"2025-05-14 01:45:00";"-53,98505";"-63,7448833333";"3,8";"145"
"TAI AN";"01530";"2025-05-14 01:56:00";"-53,9958166667";"-63,7388333333";"3,5";"161"
"TAI AN";"01530";"2025-05-14 02:00:00";"-53,9993833333";"-63,7373833333";"3,7";"166"
"TAI AN";"01530";"2025-05-14 02:11:00";"-54,0076333333";"-63,7230166667";"3,7";"115"
"TAI AN";"01530";"2025-05-14 02:15:00";"-54,00955";"-63,7167166667";"3,8";"117"
"TAI AN";"01530";"2025-05-14 02:26:00";"-54,0136";"-63,71065";"1,4";"209"
"TAI AN";"01530";"2025-05-14 02:30:00";"-54,0153833333";"-63,7113833333";"1,9";"198"
"TAI AN";"01530";"2025-05-14 02:41:00";"-54,0239";"-63,7078166667";"5,5";"183"
"TAI AN";"01530";"2025-05-14 02:45:00";"-54,02955";"-63,7167166667";"8,0";"270"
"TAI AN";"01530";"2025-05-14 02:56:00";"-54,0231166667";"-63,6925166667";"7,6";"79"
"TAI AN";"01530";"2025-05-14 03:00:00";"-54,01805";"-63,6887166667";"7,3";"314"
"TAI AN";"01530";"2025-05-14 03:11:00";"-54,0064166667";"-63,7208833333";"5,2";"314"
"TAI AN";"01530";"2025-05-14 03:15:00";"-54,00205";"-63,72905";"6,9";"311"
"TAI AN";"01530";"2025-05-14 03:26:00";"-53,9915333333";"-63,7473833333";"4,4";"332"
"TAI AN";"01530";"2025-05-14 03:30:00";"-53,9872166667";"-63,74955";"4,6";"350"
"TAI AN";"01530";"2025-05-14 03:41:00";"-53,9739166667";"-63,7514";"4,1";"15"
"TAI AN";"01530";"2025-05-14 03:45:00";"-53,9697166667";"-63,7472166667";"4,8";"61"
"TAI AN";"01530";"2025-05-14 03:56:00";"-53,9736833333";"-63,7253166667";"5,7";"165"
"TAI AN";"01530";"2025-05-14 04:00:00";"-53,97955";"-63,7233833333";"4,3";"167"
"TAI AN";"01530";"2025-05-14 04:11:00";"-53,9898333333";"-63,7206666667";"3,3";"159"
"TAI AN";"01530";"2025-05-14 04:15:00";"-53,9933833333";"-63,71855";"3,2";"167"
"TAI AN";"01530";"2025-05-14 04:26:00";"-54,0035666667";"-63,7126";"3,7";"169"
"TAI AN";"01530";"2025-05-14 04:30:00";"-54,0072166667";"-63,7098833333";"3,4";"149"
"TAI AN";"01530";"2025-05-14 04:41:00";"-54,01735";"-63,7029166667";"3,7";"156"
"TAI AN";"01530";"2025-05-14 04:45:00";"-54,0212166667";"-63,70055";"3,7";"161"
"TAI AN";"01530";"2025-05-14 04:56:00";"-54,0318166667";"-63,6949";"3,7";"163"
"TAI AN";"01530";"2025-05-14 05:00:00";"-54,03555";"-63,6908833333";"3,7";"146"
"TAI AN";"01530";"2025-05-14 05:11:00";"-54,0436166667";"-63,6771666667";"3,4";"138"
"TAI AN";"01530";"2025-05-14 05:15:00";"-54,0467166667";"-63,67205";"3,8";"131"
"TAI AN";"01530";"2025-05-14 05:26:00";"-54,0551833333";"-63,6591166667";"3,9";"138"
"TAI AN";"01530";"2025-05-14 05:30:00";"-54,05855";"-63,6543833333";"3,7";"141"
"TAI AN";"01530";"2025-05-14 05:41:00";"-54,0671166667";"-63,6423166667";"3,7";"135"
"TAI AN";"01530";"2025-05-14 05:45:00";"-54,07055";"-63,63755";"3,2";"143"
"TAI AN";"01530";"2025-05-14 05:56:00";"-54,0791333333";"-63,6262166667";"3,8";"147"
"TAI AN";"01530";"2025-05-14 06:00:00";"-54,0828833333";"-63,6218833333";"3,6";"151"
"TAI AN";"01530";"2025-05-14 06:11:00";"-54,0905833333";"-63,6090666667";"3,4";"133"
"TAI AN";"01530";"2025-05-14 06:15:00";"-54,09355";"-63,6038833333";"3,3";"133"
"TAI AN";"01530";"2025-05-14 06:26:00";"-54,0997";"-63,5908";"3,4";"108"
"TAI AN";"01530";"2025-05-14 06:30:00";"-54,10155";"-63,5843833333";"3,3";"115"
"TAI AN";"01530";"2025-05-14 06:41:00";"-54,10535";"-63,5686666667";"3,2";"112"
"TAI AN";"01530";"2025-05-14 06:45:00";"-54,1068833333";"-63,5623833333";"3,5";"110"
"TAI AN";"01530";"2025-05-14 06:55:00";"-54,11005";"-63,5462666667";"3,2";"98"
"TAI AN";"01530";"2025-05-14 07:00:00";"-54,11105";"-63,5398833333";"3,2";"106"
"TAI AN";"01530";"2025-05-14 07:10:00";"-54,11495";"-63,5258166667";"3,0";"147"
"TAI AN";"01530";"2025-05-14 07:15:00";"-54,11805";"-63,5223833333";"3,3";"146"
"TAI AN";"01530";"2025-05-14 07:25:00";"-54,12535";"-63,5138833333";"2,9";"127"
"TAI AN";"01530";"2025-05-14 07:30:00";"-54,1282166667";"-63,51055";"2,9";"142"
"TAI AN";"01530";"2025-05-14 07:40:00";"-54,1347666667";"-63,50175";"2,7";"135"
"TAI AN";"01530";"2025-05-14 07:45:00";"-54,1372166667";"-63,4982166667";"2,8";"134"
"TAI AN";"01530";"2025-05-14 07:55:00";"-54,1435";"-63,4887166667";"2,9";"137"
"TAI AN";"01530";"2025-05-14 08:00:00";"-54,14605";"-63,4847166667";"3,2";"132"
"TAI AN";"01530";"2025-05-14 08:10:00";"-54,1526";"-63,4748166667";"2,7";"141"
"TAI AN";"01530";"2025-05-14 08:15:00";"-54,1552166667";"-63,47105";"2,8";"137"
"TAI AN";"01530";"2025-05-14 08:25:00";"-54,1617166667";"-63,4621333333";"2,7";"142"
"TAI AN";"01530";"2025-05-14 08:30:00";"-54,16405";"-63,4578833333";"2,9";"123"
"TAI AN";"01530";"2025-05-14 08:40:00";"-54,1694333333";"-63,4468666667";"2,8";"129"
"TAI AN";"01530";"2025-05-14 08:45:00";"-54,1717166667";"-63,4423833333";"2,6";"133"
"TAI AN";"01530";"2025-05-14 08:55:00";"-54,1767833333";"-63,4318";"2,3";"129"
"TAI AN";"01530";"2025-05-14 09:00:00";"-54,17905";"-63,4272166667";"2,9";"132"
"TAI AN";"01530";"2025-05-14 09:10:00";"-54,1838666667";"-63,4164";"2,9";"124"
"TAI AN";"01530";"2025-05-14 09:15:00";"-54,18605";"-63,4117166667";"2,9";"127"
"TAI AN";"01530";"2025-05-14 09:25:00";"-54,19035";"-63,4006166667";"2,6";"127"
"TAI AN";"01530";"2025-05-14 09:30:00";"-54,1922166667";"-63,3958833333";"2,2";"125"
"TAI AN";"01530";"2025-05-14 09:40:00";"-54,1964166667";"-63,3843833333";"3,1";"118"
"TAI AN";"01530";"2025-05-14 09:45:00";"-54,1983833333";"-63,3792166667";"3,1";"129"
"TAI AN";"01530";"2025-05-14 09:55:00";"-54,2027166667";"-63,3674166667";"3,1";"128"
"TAI AN";"01530";"2025-05-14 10:00:00";"-54,2057166667";"-63,36455";"3,3";"171"
"TAI AN";"01530";"2025-05-14 10:10:00";"-54,2144666667";"-63,36405";"1,9";"163"
"TAI AN";"01530";"2025-05-14 10:15:00";"-54,2178833333";"-63,3638833333";"3,2";"179"
"TAI AN";"01530";"2025-05-14 10:25:00";"-54,2273166667";"-63,36265";"3,1";"169"
"TAI AN";"01530";"2025-05-14 10:30:00";"-54,2312166667";"-63,36205";"3,2";"170"
"TAI AN";"01530";"2025-05-14 10:40:00";"-54,24095";"-63,3605666667";"3,0";"169"
"TAI AN";"01530";"2025-05-14 10:45:00";"-54,24505";"-63,36005";"3,3";"174"
"TAI AN";"01530";"2025-05-14 10:55:00";"-54,2546166667";"-63,35885";"3,2";"183"
"TAI AN";"01530";"2025-05-14 11:00:00";"-54,2587166667";"-63,35855";"3,6";"172"
"TAI AN";"01530";"2025-05-14 11:10:00";"-54,2684333333";"-63,3580166667";"3,5";"187"
"TAI AN";"01530";"2025-05-14 11:15:00";"-54,27255";"-63,3578833333";"3,3";"174"
"TAI AN";"01530";"2025-05-14 11:25:00";"-54,2828833333";"-63,3604";"3,6";"189"
"TAI AN";"01530";"2025-05-14 11:30:00";"-54,2873833333";"-63,3608833333";"3,4";"173"
"TAI AN";"01530";"2025-05-14 11:40:00";"-54,2969333333";"-63,3557166667";"2,6";"164"
"TAI AN";"01530";"2025-05-14 11:45:00";"-54,29805";"-63,35655";"1,0";"235"
"TAI AN";"01530";"2025-05-14 11:55:00";"-54,2995";"-63,3627833333";"1,8";"264"
"TAI AN";"01530";"2025-05-14 12:00:00";"-54,30055";"-63,3662166667";"2,8";"214"
"TAI AN";"01530";"2025-05-14 12:10:00";"-54,2926166667";"-63,3788833333";"12,9";"340"
"TAI AN";"01530";"2025-05-14 12:15:00";"-54,2767166667";"-63,3862166667";"13,2";"347"
"TAI AN";"01530";"2025-05-14 12:25:00";"-54,2405166667";"-63,4031333333";"12,9";"345"
"TAI AN";"01530";"2025-05-14 12:30:00";"-54,2243833333";"-63,41005";"13,4";"348"
"TAI AN";"01530";"2025-05-14 12:40:00";"-54,18695";"-63,424";"13,2";"347"
"TAI AN";"01530";"2025-05-14 12:45:00";"-54,1707166667";"-63,4297166667";"13,0";"350"
"TAI AN";"01530";"2025-05-14 12:55:00";"-54,1344833333";"-63,4463166667";"12,8";"339"
"TAI AN";"01530";"2025-05-14 13:00:00";"-54,11905";"-63,4557166667";"13,1";"339"
"TAI AN";"01530";"2025-05-14 13:10:00";"-54,08935";"-63,4790166667";"5,4";"333"
"TAI AN";"01530";"2025-05-14 13:15:00";"-54,0818833333";"-63,4847166667";"6,7";"339"
"TAI AN";"01530";"2025-05-14 13:25:00";"-54,0672";"-63,4961333333";"3,8";"333"
"TAI AN";"01530";"2025-05-14 13:30:00";"-54,0627166667";"-63,5008833333";"4,4";"324"
"TAI AN";"01530";"2025-05-14 13:40:00";"-54,0546833333";"-63,5189333333";"3,9";"317"
"TAI AN";"01530";"2025-05-14 13:45:00";"-54,05105";"-63,5267166667";"4,8";"302"
"TAI AN";"01530";"2025-05-14 13:55:00";"-54,0449";"-63,5433";"3,7";"297"
"TAI AN";"01530";"2025-05-14 14:00:00";"-54,0422166667";"-63,5508833333";"4,0";"292"
"TAI AN";"01530";"2025-05-14 14:10:00";"-54,03615";"-63,5683166667";"4,2";"302"
"TAI AN";"01530";"2025-05-14 14:15:00";"-54,0333833333";"-63,5762166667";"4,6";"308"
"TAI AN";"01530";"2025-05-14 14:25:00";"-54,0265";"-63,59325";"4,2";"309"
"TAI AN";"01530";"2025-05-14 14:30:00";"-54,02205";"-63,6003833333";"5,0";"327"
"TAI AN";"01530";"2025-05-14 14:40:00";"-54,01045";"-63,6117";"4,5";"341"
"TAI AN";"01530";"2025-05-14 14:45:00";"-54,00505";"-63,61655";"5,3";"334"
"TAI AN";"01530";"2025-05-14 14:55:00";"-53,9931333333";"-63,62675";"4,3";"329"
"TAI AN";"01530";"2025-05-14 15:00:00";"-53,9877166667";"-63,6312166667";"4,5";"337"
"TAI AN";"01530";"2025-05-14 15:10:00";"-53,9766666667";"-63,64115";"4,3";"330"
"TAI AN";"01530";"2025-05-14 15:15:00";"-53,97205";"-63,6477166667";"4,4";"328"
"TAI AN";"01530";"2025-05-14 15:25:00";"-53,9628333333";"-63,6546666667";"2,3";"11"
"TAI AN";"01530";"2025-05-14 15:30:00";"-53,9598833333";"-63,65305";"2,4";"24"
"TAI AN";"01530";"2025-05-14 15:40:00";"-53,9547333333";"-63,6700166667";"3,1";"259"
"TAI AN";"01530";"2025-05-14 15:45:00";"-53,9552166667";"-63,6777166667";"3,2";"262"
"TAI AN";"01530";"2025-05-14 15:55:00";"-53,9499833333";"-63,6888166667";"2,9";"314"
"TAI AN";"01530";"2025-05-14 16:00:00";"-53,94705";"-63,6942166667";"3,2";"335"
"TAI AN";"01530";"2025-05-14 16:10:00";"-53,9371";"-63,7009";"4,0";"339"
"TAI AN";"01530";"2025-05-14 16:15:00";"-53,93205";"-63,70355";"4,4";"346"
"TAI AN";"01530";"2025-05-14 16:25:00";"-53,9210833333";"-63,7085666667";"4,1";"352"
"TAI AN";"01530";"2025-05-14 16:30:00";"-53,9158833333";"-63,7113833333";"3,8";"354"
"TAI AN";"01530";"2025-05-14 16:40:00";"-53,9051333333";"-63,7169";"3,8";"342"
"TAI AN";"01530";"2025-05-14 16:45:00";"-53,90055";"-63,71955";"3,4";"347"
"TAI AN";"01530";"2025-05-14 16:55:00";"-53,8906833333";"-63,7267666667";"4,3";"347"
"TAI AN";"01530";"2025-05-14 17:00:00";"-53,8862166667";"-63,7297166667";"4,1";"340"
"TAI AN";"01530";"2025-05-14 17:10:00";"-53,8772166667";"-63,7357833333";"3,6";"334"
"TAI AN";"01530";"2025-05-14 17:15:00";"-53,8728833333";"-63,7393833333";"3,8";"335"
"TAI AN";"01530";"2025-05-14 17:25:00";"-53,86385";"-63,7444666667";"3,8";"336"
"TAI AN";"01530";"2025-05-14 17:30:00";"-53,8593833333";"-63,74755";"1,9";"335"
"TAI AN";"01530";"2025-05-14 17:40:00";"-53,8503166667";"-63,7538333333";"3,7";"335"
"TAI AN";"01530";"2025-05-14 17:45:00";"-53,8457166667";"-63,7563833333";"4,2";"339"
"TAI AN";"01530";"2025-05-14 17:55:00";"-53,835";"-63,76165";"4,6";"345"
"TAI AN";"01530";"2025-05-14 18:00:00";"-53,8297166667";"-63,7642166667";"4,4";"356"
"TAI AN";"01530";"2025-05-14 18:10:00";"-53,8203833333";"-63,77035";"3,9";"330"
"TAI AN";"01530";"2025-05-14 18:15:00";"-53,81605";"-63,7732166667";"3,1";"336"
"TAI AN";"01530";"2025-05-14 18:25:00";"-53,8070333333";"-63,7780666667";"2,4";"346"
"TAI AN";"01530";"2025-05-14 18:30:00";"-53,8028833333";"-63,78205";"3,8";"334"
"TAI AN";"01530";"2025-05-14 18:40:00";"-53,7938333333";"-63,7887166667";"3,6";"352"
"TAI AN";"01530";"2025-05-14 18:45:00";"-53,7892166667";"-63,7927166667";"3,8";"331"
"TAI AN";"01530";"2025-05-14 18:55:00";"-53,77945";"-63,79745";"3,9";"346"
"TAI AN";"01530";"2025-05-14 19:00:00";"-53,7742166667";"-63,7987166667";"5,0";"340"
"TAI AN";"01530";"2025-05-14 19:10:00";"-53,7638166667";"-63,7993";"3,3";"2"
"TAI AN";"01530";"2025-05-14 19:15:00";"-53,7592166667";"-63,7983833333";"3,7";"14"
"TAI AN";"01530";"2025-05-14 19:24:00";"-53,7474666667";"-63,80115";"5,3";"4"
"TAI AN";"01530";"2025-05-14 19:30:00";"-53,7413833333";"-63,8018833333";"3,9";"34"
"TAI AN";"01530";"2025-05-14 19:39:00";"-53,7356";"-63,7919166667";"3,2";"65"
"TAI AN";"01530";"2025-05-14 19:45:00";"-53,73355";"-63,7843833333";"3,5";"81"
"TAI AN";"01530";"2025-05-14 19:54:00";"-53,72335";"-63,7703166667";"5,7";"36"
"TAI AN";"01530";"2025-05-14 20:00:00";"-53,7162166667";"-63,7637166667";"5,9";"35"
"TAI AN";"01530";"2025-05-14 20:09:00";"-53,7061166667";"-63,7391166667";"9,3";"97"
"TAI AN";"01530";"2025-05-14 20:15:00";"-53,70205";"-63,7313833333";"2,8";"278"
"TAI AN";"01530";"2025-05-14 20:30:00";"-53,70605";"-63,7602166667";"6,7";"228"
"TAI AN";"01530";"2025-05-14 20:39:00";"-53,7012333333";"-63,77715";"2,0";"184"
"TAI AN";"01530";"2025-05-14 20:45:00";"-53,70755";"-63,7827166667";"5,6";"227"
"TAI AN";"01530";"2025-05-14 20:54:00";"-53,7197833333";"-63,7981";"6,7";"218"
"TAI AN";"01530";"2025-05-14 21:00:00";"-53,7293833333";"-63,8063833333";"7,0";"209"
"TAI AN";"01530";"2025-05-14 21:09:00";"-53,7463833333";"-63,82285";"7,3";"200"
"TAI AN";"01530";"2025-05-14 21:15:00";"-53,7553833333";"-63,8322166667";"6,6";"209"
"TAI AN";"01530";"2025-05-14 21:24:00";"-53,7719666667";"-63,8501";"7,0";"216"
"TAI AN";"01530";"2025-05-14 21:30:00";"-53,7803833333";"-63,8597166667";"7,4";"221"
"TAI AN";"01530";"2025-05-14 21:39:00";"-53,7972166667";"-63,8786833333";"6,2";"202"
"TAI AN";"01530";"2025-05-14 21:45:00";"-53,8072166667";"-63,8902166667";"7,5";"212"
"TAI AN";"01530";"2025-05-14 21:54:00";"-53,8243666667";"-63,9074333333";"8,0";"212"
"TAI AN";"01530";"2025-05-14 22:00:00";"-53,8352166667";"-63,9142166667";"6,9";"190"
"TAI AN";"01530";"2025-05-14 22:09:00";"-53,8559333333";"-63,9272666667";"8,8";"209"
"TAI AN";"01530";"2025-05-14 22:15:00";"-53,8662166667";"-63,92155";"8,9";"138"
"TAI AN";"01530";"2025-05-14 22:24:00";"-53,8828";"-63,8933333333";"8,5";"136"
"TAI AN";"01530";"2025-05-14 22:30:00";"-53,8888833333";"-63,8732166667";"9,0";"117"
"TAI AN";"01530";"2025-05-14 22:39:00";"-53,8958333333";"-63,8351833333";"8,0";"101"
"TAI AN";"01530";"2025-05-14 22:45:00";"-53,90155";"-63,8213833333";"8,2";"177"
"TAI AN";"01530";"2025-05-14 22:54:00";"-53,92405";"-63,8215";"8,7";"173"
"TAI AN";"01530";"2025-05-14 23:00:00";"-53,9367166667";"-63,82055";"8,1";"178"
"TAI AN";"01530";"2025-05-14 23:09:00";"-53,9549666667";"-63,8126833333";"8,7";"100"
"TAI AN";"01530";"2025-05-14 23:15:00";"-53,9582166667";"-63,78955";"9,6";"96"
"TAI AN";"01530";"2025-05-14 23:24:00";"-53,95465";"-63,7560833333";"9,4";"341"
"TAI AN";"01530";"2025-05-14 23:30:00";"-53,9457166667";"-63,7697166667";"7,5";"323"
"TAI AN";"01530";"2025-05-14 23:39:00";"-53,93295";"-63,7947333333";"2,4";"189"
"TAI AN";"01530";"2025-05-14 23:45:00";"-53,9372166667";"-63,7908833333";"2,1";"152"
"TAI AN";"01530";"2025-05-14 23:54:00";"-53,9462166667";"-63,7827666667";"3,9";"150"
"TAI AN";"01530";"2025-05-15 00:00:00";"-53,9508833333";"-63,7788833333";"2,0";"172"
"TAI AN";"01530";"2025-05-15 00:09:00";"-53,95745";"-63,77225";"2,9";"154"
"TAI AN";"01530";"2025-05-15 00:15:00";"-53,96155";"-63,7677166667";"2,9";"148"
"TAI AN";"01530";"2025-05-15 00:30:00";"-53,9723833333";"-63,7547166667";"3,1";"151"
"TAI AN";"01530";"2025-05-15 00:39:00";"-53,97875";"-63,7459333333";"3,5";"122"
"TAI AN";"01530";"2025-05-15 00:45:00";"-53,9827166667";"-63,7403833333";"3,6";"142"
"TAI AN";"01530";"2025-05-15 00:54:00";"-53,9889333333";"-63,73095";"3,3";"141"
"TAI AN";"01530";"2025-05-15 01:00:00";"-53,9932166667";"-63,7257166667";"3,3";"142"
"TAI AN";"01530";"2025-05-15 01:09:00";"-53,9999333333";"-63,7179666667";"3,6";"140"
"TAI AN";"01530";"2025-05-15 01:15:00";"-54,0042166667";"-63,71305";"3,5";"136"
"TAI AN";"01530";"2025-05-15 01:24:00";"-54,0115";"-63,70475";"3,6";"161"
"TAI AN";"01530";"2025-05-15 01:30:00";"-54,0162166667";"-63,70005";"3,3";"153"
"TAI AN";"01530";"2025-05-15 01:39:00";"-54,0238666667";"-63,6924666667";"4,0";"122"
"TAI AN";"01530";"2025-05-15 01:45:00";"-54,0273833333";"-63,6847166667";"3,8";"118"
"TAI AN";"01530";"2025-05-15 01:54:00";"-54,0316166667";"-63,6696333333";"4,0";"113"
"TAI AN";"01530";"2025-05-15 02:00:00";"-54,03455";"-63,66105";"3,5";"141"
"TAI AN";"01530";"2025-05-15 02:09:00";"-54,04325";"-63,6665";"5,7";"258"
"TAI AN";"01530";"2025-05-15 02:15:00";"-54,0412166667";"-63,6777166667";"5,6";"318"
"TAI AN";"01530";"2025-05-15 02:24:00";"-54,0318";"-63,6875833333";"4,7";"335"
"TAI AN";"01530";"2025-05-15 02:30:00";"-54,02605";"-63,6912166667";"4,2";"343"
"TAI AN";"01530";"2025-05-15 02:39:00";"-54,0151";"-63,6936";"3,7";"3"
"TAI AN";"01530";"2025-05-15 02:45:00";"-54,00905";"-63,6963833333";"4,6";"330"
"TAI AN";"01530";"2025-05-15 02:54:00";"-54,0001166667";"-63,7081166667";"3,5";"327"
"TAI AN";"01530";"2025-05-15 03:00:00";"-53,9947166667";"-63,7138833333";"4,3";"324"
"TAI AN";"01530";"2025-05-15 03:09:00";"-53,98505";"-63,7234666667";"5,2";"339"
"TAI AN";"01530";"2025-05-15 03:15:00";"-53,9787166667";"-63,7277166667";"4,5";"331"
"TAI AN";"01530";"2025-05-15 03:24:00";"-53,9713833333";"-63,7401666667";"4,4";"302"
"TAI AN";"01530";"2025-05-15 03:30:00";"-53,96805";"-63,7492166667";"4,6";"317"
"TAI AN";"01530";"2025-05-15 03:39:00";"-53,9569666667";"-63,75485";"4,4";"356"
"TAI AN";"01530";"2025-05-15 03:45:00";"-53,9508833333";"-63,7577166667";"4,1";"317"
"TAI AN";"01530";"2025-05-15 03:54:00";"-53,9497833333";"-63,7749833333";"2,9";"260"
"TAI AN";"01530";"2025-05-15 04:00:00";"-53,9537166667";"-63,7823833333";"3,0";"222"
"TAI AN";"01530";"2025-05-15 04:09:00";"-53,9597333333";"-63,7862166667";"0,7";"204"
"TAI AN";"01530";"2025-05-15 04:15:00";"-53,96205";"-63,78655";"1,6";"144"
"TAI AN";"01530";"2025-05-15 04:24:00";"-53,9676833333";"-63,7853333333";"3,3";"186"
"TAI AN";"01530";"2025-05-15 04:30:00";"-53,9752166667";"-63,78805";"6,7";"185"
"TAI AN";"01530";"2025-05-15 04:39:00";"-53,9739";"-63,7803333333";"8,1";"51"
"TAI AN";"01530";"2025-05-15 04:45:00";"-53,9663833333";"-63,7587166667";"9,0";"59"
"TAI AN";"01530";"2025-05-15 04:54:00";"-53,9607666667";"-63,72255";"8,9";"89"
"TAI AN";"01530";"2025-05-15 05:00:00";"-53,9712166667";"-63,7247166667";"9,6";"187"
"TAI AN";"01530";"2025-05-15 05:09:00";"-53,9962333333";"-63,7287833333";"9,8";"185"
"TAI AN";"01530";"2025-05-15 05:15:00";"-54,00905";"-63,72005";"9,5";"128"
"TAI AN";"01530";"2025-05-15 05:24:00";"-54,0231833333";"-63,68775";"9,8";"126"
"TAI AN";"01530";"2025-05-15 05:30:00";"-54,0333833333";"-63,6657166667";"9,8";"130"
"TAI AN";"01530";"2025-05-15 05:39:00";"-54,0481";"-63,6328333333";"10,0";"122"
"TAI AN";"01530";"2025-05-15 05:45:00";"-54,0588833333";"-63,6132166667";"9,2";"181"
"TAI AN";"01530";"2025-05-15 05:54:00";"-54,0847833333";"-63,6137666667";"10,5";"172"
"TAI AN";"01530";"2025-05-15 06:00:00";"-54,1028833333";"-63,61055";"10,5";"164"
"TAI AN";"01530";"2025-05-15 06:09:00";"-54,1248666667";"-63,5903833333";"10,1";"117"
"TAI AN";"01530";"2025-05-15 06:15:00";"-54,1348833333";"-63,5657166667";"10,2";"129"
"TAI AN";"01530";"2025-05-15 06:24:00";"-54,1492333333";"-63,5303333333";"10,5";"121"
"TAI AN";"01530";"2025-05-15 06:30:00";"-54,15655";"-63,5053833333";"9,7";"99"
"TAI AN";"01530";"2025-05-15 06:39:00";"-54,14785";"-63,4902";"4,6";"340"
"TAI AN";"01530";"2025-05-15 06:45:00";"-54,14205";"-63,49405";"5,0";"332"
"TAI AN";"01530";"2025-05-15 06:54:00";"-54,1327";"-63,4942666667";"6,6";"107"
"TAI AN";"01530";"2025-05-15 07:00:00";"-54,1387166667";"-63,4843833333";"4,3";"161"
"TAI AN";"01530";"2025-05-15 07:09:00";"-54,1476";"-63,4798666667";"3,7";"167"
"TAI AN";"01530";"2025-05-15 07:15:00";"-54,15355";"-63,4773833333";"3,4";"171"
"TAI AN";"01530";"2025-05-15 07:24:00";"-54,1608";"-63,4735";"2,8";"159"
"TAI AN";"01530";"2025-05-15 07:30:00";"-54,1657166667";"-63,4702166667";"3,3";"159"
"TAI AN";"01530";"2025-05-15 07:39:00";"-54,1718833333";"-63,4664166667";"3,1";"161"
"TAI AN";"01530";"2025-05-15 07:45:00";"-54,1763833333";"-63,4637166667";"2,9";"156"
"TAI AN";"01530";"2025-05-15 07:54:00";"-54,1829833333";"-63,4596666667";"3,0";"159"
"TAI AN";"01530";"2025-05-15 08:00:00";"-54,1873833333";"-63,45705";"2,7";"162"
"TAI AN";"01530";"2025-05-15 08:09:00";"-54,1935166667";"-63,45275";"2,3";"146"
"TAI AN";"01530";"2025-05-15 08:15:00";"-54,19755";"-63,4502166667";"2,7";"166"
"TAI AN";"01530";"2025-05-15 08:24:00";"-54,20285";"-63,4465166667";"1,8";"157"
"TAI AN";"01530";"2025-05-15 08:30:00";"-54,2063833333";"-63,44405";"2,0";"159"
"TAI AN";"01530";"2025-05-15 08:38:00";"-54,21105";"-63,4406166667";"1,5";"141"
"TAI AN";"01530";"2025-05-15 08:45:00";"-54,2143833333";"-63,4382166667";"2,0";"156"
"TAI AN";"01530";"2025-05-15 08:53:00";"-54,2183833333";"-63,4346333333";"2,2";"147"
"TAI AN";"01530";"2025-05-15 09:00:00";"-54,22105";"-63,43155";"2,0";"138"
"TAI AN";"01530";"2025-05-15 09:08:00";"-54,22445";"-63,42665";"2,0";"138"
"TAI AN";"01530";"2025-05-15 09:15:00";"-54,22705";"-63,42405";"1,9";"161"
"TAI AN";"01530";"2025-05-15 09:23:00";"-54,2308666667";"-63,4207";"2,2";"147"
"TAI AN";"01530";"2025-05-15 09:30:00";"-54,2337166667";"-63,41855";"1,7";"160"
"TAI AN";"01530";"2025-05-15 09:38:00";"-54,2372666667";"-63,4158833333";"1,7";"159"
"TAI AN";"01530";"2025-05-15 09:45:00";"-54,2398833333";"-63,41455";"1,5";"154"
"TAI AN";"01530";"2025-05-15 09:53:00";"-54,24365";"-63,4126833333";"1,5";"155"
"TAI AN";"01530";"2025-05-15 10:00:00";"-54,24605";"-63,4117166667";"1,5";"164"
"TAI AN";"01530";"2025-05-15 10:08:00";"-54,2494333333";"-63,4106833333";"1,7";"165"
"TAI AN";"01530";"2025-05-15 10:15:00";"-54,2517166667";"-63,4098833333";"1,0";"0"
"TAI AN";"01530";"2025-05-15 10:23:00";"-54,2547";"-63,4089166667";"1,1";"184"
"TAI AN";"01530";"2025-05-15 10:30:00";"-54,2567166667";"-63,4082166667";"1,3";"173"
"TAI AN";"01530";"2025-05-15 10:38:00";"-54,2597666667";"-63,4078333333";"1,4";"177"
"TAI AN";"01530";"2025-05-15 10:45:00";"-54,2618833333";"-63,4073833333";"0,9";"184"
"TAI AN";"01530";"2025-05-15 10:53:00";"-54,26455";"-63,4067333333";"1,2";"196"
"TAI AN";"01530";"2025-05-15 11:00:00";"-54,26655";"-63,4063833333";"1,1";"177"
"TAI AN";"01530";"2025-05-15 11:08:00";"-54,26945";"-63,4056166667";"1,3";"169"
"TAI AN";"01530";"2025-05-15 11:15:00";"-54,27155";"-63,4048833333";"1,5";"169"
"TAI AN";"01530";"2025-05-15 11:30:00";"-54,27705";"-63,40405";"1,4";"189"
"TAI AN";"01530";"2025-05-15 11:38:00";"-54,2801666667";"-63,40345";"1,3";"174"
"TAI AN";"01530";"2025-05-15 11:45:00";"-54,28255";"-63,40305";"1,8";"174"
"TAI AN";"01530";"2025-05-15 11:53:00";"-54,2876833333";"-63,4009333333";"4,7";"163"
"TAI AN";"01530";"2025-05-15 12:00:00";"-54,29405";"-63,3968833333";"2,9";"153"
"TAI AN";"01530";"2025-05-15 12:08:00";"-54,30005";"-63,3896333333";"3,4";"145"
"TAI AN";"01530";"2025-05-15 12:15:00";"-54,30555";"-63,3823833333";"3,9";"141"
"TAI AN";"01530";"2025-05-15 12:23:00";"-54,3120166667";"-63,3736666667";"3,4";"146"
"TAI AN";"01530";"2025-05-15 12:30:00";"-54,3173833333";"-63,3667166667";"3,5";"146"
"TAI AN";"01530";"2025-05-15 12:38:00";"-54,3244";"-63,35845";"3,4";"141"
"TAI AN";"01530";"2025-05-15 12:45:00";"-54,3302166667";"-63,3523833333";"3,8";"151"
"TAI AN";"01530";"2025-05-15 12:53:00";"-54,3374333333";"-63,34395";"4,0";"148"
"TAI AN";"01530";"2025-05-15 13:00:00";"-54,34355";"-63,3368833333";"4,0";"146"
"TAI AN";"01530";"2025-05-15 13:08:00";"-54,3512666667";"-63,32785";"3,8";"140"
"TAI AN";"01530";"2025-05-15 13:15:00";"-54,35755";"-63,32055";"4,0";"146"
"TAI AN";"01530";"2025-05-15 13:23:00";"-54,36515";"-63,3111833333";"3,7";"143"
"TAI AN";"01530";"2025-05-15 13:30:00";"-54,3713833333";"-63,3032166667";"4,1";"139"
"TAI AN";"01530";"2025-05-15 13:38:00";"-54,3787166667";"-63,2925833333";"4,4";"135"
"TAI AN";"01530";"2025-05-15 13:45:00";"-54,38455";"-63,28305";"4,2";"137"
"TAI AN";"01530";"2025-05-15 13:53:00";"-54,3918166667";"-63,2708833333";"4,5";"134"
"TAI AN";"01530";"2025-05-15 14:00:00";"-54,3978833333";"-63,26055";"4,3";"134"
"TAI AN";"01530";"2025-05-15 14:08:00";"-54,4050166667";"-63,2482";"4,3";"138"
"TAI AN";"01530";"2025-05-15 14:15:00";"-54,41105";"-63,2378833333";"4,5";"140"
"TAI AN";"01530";"2025-05-15 14:23:00";"-54,4180166667";"-63,2254";"4,4";"133"
"TAI AN";"01530";"2025-05-15 14:30:00";"-54,4238833333";"-63,21555";"4,5";"134"
"TAI AN";"01530";"2025-05-15 14:38:00";"-54,43175";"-63,2053166667";"4,7";"144"
"TAI AN";"01530";"2025-05-15 14:45:00";"-54,4383833333";"-63,1983833333";"4,2";"159"
"TAI AN";"01530";"2025-05-15 14:53:00";"-54,44665";"-63,18965";"4,6";"147"
"TAI AN";"01530";"2025-05-15 15:00:00";"-54,45355";"-63,1828833333";"4,1";"157"
"TAI AN";"01530";"2025-05-15 15:08:00";"-54,4616666667";"-63,1767166667";"3,7";"158"
"TAI AN";"01530";"2025-05-15 15:15:00";"-54,4687166667";"-63,17405";"3,3";"183"
"TAI AN";"01530";"2025-05-15 15:23:00";"-54,47685";"-63,1716833333";"3,4";"166"
"TAI AN";"01530";"2025-05-15 15:30:00";"-54,4837166667";"-63,1707166667";"3,9";"162"
"TAI AN";"01530";"2025-05-15 15:38:00";"-54,4916666667";"-63,1697833333";"3,6";"171"
"TAI AN";"01530";"2025-05-15 15:45:00";"-54,4982166667";"-63,1688833333";"3,8";"167"
"TAI AN";"01530";"2025-05-15 15:53:00";"-54,5065166667";"-63,1670833333";"3,5";"160"
"TAI AN";"01530";"2025-05-15 16:00:00";"-54,5132166667";"-63,1653833333";"3,9";"154"
"TAI AN";"01530";"2025-05-15 16:08:00";"-54,5210166667";"-63,1628333333";"3,5";"169"
"TAI AN";"01530";"2025-05-15 16:15:00";"-54,5277166667";"-63,1613833333";"3,2";"200"
"TAI AN";"01530";"2025-05-15 16:23:00";"-54,53535";"-63,16405";"3,6";"210"
"TAI AN";"01530";"2025-05-15 16:30:00";"-54,5412166667";"-63,16855";"3,9";"218"
"TAI AN";"01530";"2025-05-15 16:38:00";"-54,54735";"-63,1778";"3,5";"215"
"TAI AN";"01530";"2025-05-15 16:45:00";"-54,55155";"-63,1867166667";"3,3";"222"
"TAI AN";"01530";"2025-05-15 16:53:00";"-54,55645";"-63,1968166667";"3,5";"230"
"TAI AN";"01530";"2025-05-15 18:08:00";"-54,5917";"-63,2827";"2,6";"281"
"TAI AN";"01530";"2025-05-15 18:15:00";"-54,58805";"-63,29205";"2,2";"331"
"TAI AN";"01530";"2025-05-15 18:23:00";"-54,5813333333";"-63,2982833333";"3,6";"346"
"TAI AN";"01530";"2025-05-15 18:30:00";"-54,5732166667";"-63,2997166667";"4,0";"9"
"TAI AN";"01530";"2025-05-15 18:38:00";"-54,5645666667";"-63,2932666667";"2,9";"71"
"TAI AN";"01530";"2025-05-15 18:45:00";"-54,5593833333";"-63,2843833333";"6,4";"65"
"TAI AN";"01530";"2025-05-15 18:53:00";"-54,5478";"-63,2805666667";"5,4";"336"
"TAI AN";"01530";"2025-05-15 19:00:00";"-54,5422166667";"-63,2902166667";"3,5";"307"
"TAI AN";"01530";"2025-05-15 19:08:00";"-54,5379666667";"-63,3019166667";"4,3";"295"
"TAI AN";"01530";"2025-05-15 19:15:00";"-54,5327166667";"-63,3062166667";"4,0";"25"
"TAI AN";"01530";"2025-05-15 19:23:00";"-54,5274166667";"-63,2985666667";"2,5";"17"
"TAI AN";"01530";"2025-05-15 19:30:00";"-54,5208833333";"-63,2913833333";"5,4";"59"
"TAI AN";"01530";"2025-05-15 19:38:00";"-54,5132666667";"-63,2740166667";"7,4";"84"
"TAI AN";"01530";"2025-05-15 19:45:00";"-54,5057166667";"-63,2763833333";"7,5";"287"
"TAI AN";"01530";"2025-05-15 19:53:00";"-54,4966833333";"-63,2985333333";"7,6";"319"
"TAI AN";"01530";"2025-05-15 20:00:00";"-54,49005";"-63,3127166667";"7,0";"322"
"TAI AN";"01530";"2025-05-15 20:08:00";"-54,4830666667";"-63,3325666667";"6,4";"266"
"TAI AN";"01530";"2025-05-15 20:15:00";"-54,4783833333";"-63,3503833333";"6,2";"296"
"TAI AN";"01530";"2025-05-15 20:23:00";"-54,4734833333";"-63,3734";"7,9";"288"
"TAI AN";"01530";"2025-05-15 20:30:00";"-54,4697166667";"-63,3952166667";"7,3";"288"
"TAI AN";"01530";"2025-05-15 20:37:00";"-54,4665833333";"-63,4198833333";"7,1";"285"
"TAI AN";"01530";"2025-05-15 20:45:00";"-54,4647166667";"-63,4453833333";"9,5";"284"
"TAI AN";"01530";"2025-05-15 20:52:00";"-54,4625666667";"-63,4728166667";"5,9";"255"
"TAI AN";"01530";"2025-05-15 21:00:00";"-54,46005";"-63,4977166667";"8,3";"294"
"TAI AN";"01530";"2025-05-15 21:07:00";"-54,45745";"-63,5265333333";"6,4";"272"
"TAI AN";"01530";"2025-05-15 21:15:00";"-54,4542166667";"-63,5498833333";"7,2";"277"
"TAI AN";"01530";"2025-05-15 21:22:00";"-54,4531333333";"-63,5771";"7,2";"252"
"TAI AN";"01530";"2025-05-15 21:30:00";"-54,45105";"-63,60305";"7,4";"264"
"TAI AN";"01530";"2025-05-15 21:37:00";"-54,4481333333";"-63,6306166667";"7,2";"293"
"TAI AN";"01530";"2025-05-15 21:45:00";"-54,4438833333";"-63,65755";"8,7";"297"
"TAI AN";"01530";"2025-05-15 21:52:00";"-54,4396833333";"-63,684";"6,6";"259"
"TAI AN";"01530";"2025-05-15 22:00:00";"-54,43655";"-63,7082166667";"6,3";"267"
"TAI AN";"01530";"2025-05-15 22:07:00";"-54,4358166667";"-63,73405";"9,2";"285"
"TAI AN";"01530";"2025-05-15 22:15:00";"-54,4348833333";"-63,7597166667";"6,3";"259"
"TAI AN";"01530";"2025-05-15 22:22:00";"-54,43395";"-63,7849833333";"9,8";"295"
"TAI AN";"01530";"2025-05-15 22:30:00";"-54,4312166667";"-63,8103833333";"8,4";"280"
"TAI AN";"01530";"2025-05-15 22:37:00";"-54,4290833333";"-63,8357166667";"6,8";"259"
"TAI AN";"01530";"2025-05-15 22:45:00";"-54,4273833333";"-63,86155";"8,8";"273"
"TAI AN";"01530";"2025-05-15 22:52:00";"-54,4256833333";"-63,8904";"8,7";"282"
"TAI AN";"01530";"2025-05-15 23:00:00";"-54,4242166667";"-63,9172166667";"8,1";"260"
"TAI AN";"01530";"2025-05-15 23:07:00";"-54,4229666667";"-63,9462166667";"7,2";"277"
"TAI AN";"01530";"2025-05-15 23:15:00";"-54,42205";"-63,97155";"9,3";"279"
"TAI AN";"01530";"2025-05-15 23:22:00";"-54,4215333333";"-63,9990666667";"7,8";"250"
"TAI AN";"01530";"2025-05-15 23:30:00";"-54,4212166667";"-64,0232166667";"8,3";"266"
"TAI AN";"01530";"2025-05-15 23:37:00";"-54,41975";"-64,0485833333";"7,3";"266"
"TAI AN";"01530";"2025-05-15 23:45:00";"-54,41855";"-64,07305";"7,3";"269"
"TAI AN";"01530";"2025-05-15 23:52:00";"-54,41705";"-64,0973666667";"8,0";"269"
"TAI AN";"01530";"2025-05-16 00:00:00";"-54,4157166667";"-64,11855";"6,3";"242"
"TAI AN";"01530";"2025-05-16 00:07:00";"-54,4142666667";"-64,1407";"7,5";"273"
"TAI AN";"01530";"2025-05-16 00:15:00";"-54,4132166667";"-64,1613833333";"5,8";"271"
"TAI AN";"01530";"2025-05-16 00:22:00";"-54,4115833333";"-64,1827";"6,0";"274"
"TAI AN";"01530";"2025-05-16 00:30:00";"-54,4098833333";"-64,2028833333";"5,3";"284"
"TAI AN";"01530";"2025-05-16 00:45:00";"-54,4063833333";"-64,24655";"6,5";"276"
"TAI AN";"01530";"2025-05-16 00:52:00";"-54,4050833333";"-64,2673333333";"5,7";"292"
"TAI AN";"01530";"2025-05-16 01:00:00";"-54,4027166667";"-64,2867166667";"5,8";"253"
"TAI AN";"01530";"2025-05-16 01:07:00";"-54,4000166667";"-64,30525";"4,7";"270"
"TAI AN";"01530";"2025-05-16 01:15:00";"-54,3977166667";"-64,3227166667";"5,2";"285"
"TAI AN";"01530";"2025-05-16 01:22:00";"-54,3952333333";"-64,3379666667";"6,1";"267"
"TAI AN";"01530";"2025-05-16 01:30:00";"-54,3922166667";"-64,3552166667";"5,2";"302"
"TAI AN";"01530";"2025-05-16 01:37:00";"-54,3896166667";"-64,3721";"3,2";"299"
"TAI AN";"01530";"2025-05-16 01:45:00";"-54,3868833333";"-64,3878833333";"4,9";"278"
"TAI AN";"01530";"2025-05-16 01:52:00";"-54,3843166667";"-64,40265";"4,0";"294"
"TAI AN";"01530";"2025-05-16 02:00:00";"-54,3818833333";"-64,41855";"4,0";"283"
"TAI AN";"01530";"2025-05-16 02:07:00";"-54,3793166667";"-64,4354166667";"3,9";"308"
"TAI AN";"01530";"2025-05-16 02:15:00";"-54,3773833333";"-64,4512166667";"3,7";"298"
"TAI AN";"01530";"2025-05-16 02:22:00";"-54,375";"-64,4654166667";"5,6";"280"
"TAI AN";"01530";"2025-05-16 02:30:00";"-54,3728833333";"-64,48005";"4,6";"290"
"TAI AN";"01530";"2025-05-16 02:37:00";"-54,37105";"-64,49375";"4,4";"277"
"TAI AN";"01530";"2025-05-16 02:45:00";"-54,36855";"-64,51055";"4,3";"289"
"TAI AN";"01530";"2025-05-16 02:52:00";"-54,3661666667";"-64,5265333333";"4,9";"279"
"TAI AN";"01530";"2025-05-16 03:00:00";"-54,3642166667";"-64,54455";"5,4";"276"
"TAI AN";"01530";"2025-05-16 03:15:00";"-54,3598833333";"-64,57855";"5,2";"296"
"TAI AN";"01530";"2025-05-16 03:22:00";"-54,3580833333";"-64,5938166667";"5,0";"290"
"TAI AN";"01530";"2025-05-16 03:30:00";"-54,35605";"-64,61105";"3,4";"258"
"TAI AN";"01530";"2025-05-16 03:37:00";"-54,35395";"-64,6280166667";"5,7";"298"
"TAI AN";"01530";"2025-05-16 03:45:00";"-54,3518833333";"-64,6462166667";"5,8";"264"
"TAI AN";"01530";"2025-05-16 03:52:00";"-54,3499833333";"-64,6620666667";"5,2";"251"
"TAI AN";"01530";"2025-05-16 04:00:00";"-54,3483833333";"-64,6792166667";"6,0";"277"
"TAI AN";"01530";"2025-05-16 04:07:00";"-54,3465333333";"-64,696";"4,8";"281"
"TAI AN";"01530";"2025-05-16 04:15:00";"-54,3447166667";"-64,7142166667";"4,9";"290"
"TAI AN";"01530";"2025-05-16 04:22:00";"-54,3429166667";"-64,7309333333";"4,6";"298"
"TAI AN";"01530";"2025-05-16 04:30:00";"-54,34155";"-64,7477166667";"5,6";"269"
"TAI AN";"01530";"2025-05-16 04:37:00";"-54,3400166667";"-64,76565";"4,2";"256"
"TAI AN";"01530";"2025-05-16 04:45:00";"-54,3538833333";"-64,7393833333";"11,9";"120"
"TAI AN";"01530";"2025-05-16 04:52:00";"-54,3664166667";"-64,70565";"12,3";"116"
"TAI AN";"01530";"2025-05-16 05:00:00";"-54,3803833333";"-64,6678833333";"11,9";"120"
"TAI AN";"01530";"2025-05-16 05:07:00";"-54,3925333333";"-64,6343833333";"12,0";"123"
"TAI AN";"01530";"2025-05-16 05:15:00";"-54,40605";"-64,59755";"11,7";"118"
"TAI AN";"01530";"2025-05-16 05:22:00";"-54,4179166667";"-64,56455";"11,8";"127"
"TAI AN";"01530";"2025-05-16 05:30:00";"-54,4318833333";"-64,5263833333";"12,3";"116"
"TAI AN";"01530";"2025-05-16 05:37:00";"-54,4439833333";"-64,4929166667";"12,3";"122"
"TAI AN";"01530";"2025-05-16 05:45:00";"-54,4572166667";"-64,45505";"11,3";"123"
"TAI AN";"01530";"2025-05-16 05:52:00";"-54,46865";"-64,4221";"11,9";"119"
"TAI AN";"01530";"2025-05-16 06:00:00";"-54,4817166667";"-64,3838833333";"11,1";"121"
"TAI AN";"01530";"2025-05-16 06:07:00";"-54,49295";"-64,3507833333";"11,2";"122"
"TAI AN";"01530";"2025-05-16 06:15:00";"-54,50605";"-64,3122166667";"10,8";"119"
"TAI AN";"01530";"2025-05-16 06:22:00";"-54,51725";"-64,27965";"12,4";"119"
"TAI AN";"01530";"2025-05-16 06:30:00";"-54,5298833333";"-64,2417166667";"12,2";"112"
"TAI AN";"01530";"2025-05-16 06:37:00";"-54,5408833333";"-64,2086166667";"11,2";"120"
"TAI AN";"01530";"2025-05-16 06:45:00";"-54,5532166667";"-64,1698833333";"10,3";"88"
"TAI AN";"01530";"2025-05-16 06:52:00";"-54,5621333333";"-64,1391333333";"11,8";"125"
"TAI AN";"01530";"2025-05-16 07:00:00";"-54,5768833333";"-64,10305";"11,6";"126"
"TAI AN";"01530";"2025-05-16 07:07:00";"-54,5891833333";"-64,0731333333";"11,3";"123"
"TAI AN";"01530";"2025-05-16 07:15:00";"-54,6037166667";"-64,0383833333";"10,8";"132"
"TAI AN";"01530";"2025-05-16 07:22:00";"-54,6155666667";"-64,0108666667";"11,0";"123"
"TAI AN";"01530";"2025-05-16 07:30:00";"-54,6047166667";"-63,9868833333";"11,2";"32"
"TAI AN";"01530";"2025-05-16 07:37:00";"-54,5864333333";"-63,96795";"11,4";"29"
"TAI AN";"01530";"2025-05-16 07:45:00";"-54,5648833333";"-63,94605";"11,0";"30"
"TAI AN";"01530";"2025-05-16 07:52:00";"-54,5464";"-63,9271666667";"11,2";"28"
"TAI AN";"01530";"2025-05-16 08:00:00";"-54,5243833333";"-63,90505";"11,2";"31"
"TAI AN";"01530";"2025-05-16 08:07:00";"-54,5058333333";"-63,8866";"11,3";"31"
"TAI AN";"01530";"2025-05-16 08:15:00";"-54,48255";"-63,86405";"11,7";"29"
"TAI AN";"01530";"2025-05-16 08:22:00";"-54,46385";"-63,8461833333";"11,4";"37"
"TAI AN";"01530";"2025-05-16 08:30:00";"-54,4403833333";"-63,8242166667";"12,0";"23"
"TAI AN";"01530";"2025-05-16 08:37:00";"-54,4213";"-63,8069";"11,8";"24"
"TAI AN";"01530";"2025-05-16 08:45:00";"-54,39805";"-63,78655";"11,5";"24"
"TAI AN";"01530";"2025-05-16 08:52:00";"-54,3803166667";"-63,7711";"10,1";"29"
"TAI AN";"01530";"2025-05-16 09:00:00";"-54,3603833333";"-63,7543833333";"10,6";"19"
"TAI AN";"01530";"2025-05-16 09:07:00";"-54,3432166667";"-63,73995";"9,7";"31"
"TAI AN";"01530";"2025-05-16 09:15:00";"-54,3233833333";"-63,7228833333";"9,1";"30"
"TAI AN";"01530";"2025-05-16 09:21:00";"-54,3071833333";"-63,7088833333";"10,3";"17"
"TAI AN";"01530";"2025-05-16 09:30:00";"-54,2877166667";"-63,69205";"9,8";"22"
"TAI AN";"01530";"2025-05-16 09:36:00";"-54,2708333333";"-63,6767833333";"9,9";"26"
"TAI AN";"01530";"2025-05-16 09:45:00";"-54,2507166667";"-63,6587166667";"10,6";"29"
"TAI AN";"01530";"2025-05-16 09:51:00";"-54,2340833333";"-63,6442833333";"10,3";"27"
"TAI AN";"01530";"2025-05-16 10:00:00";"-54,21305";"-63,6262166667";"10,4";"14"
"TAI AN";"01530";"2025-05-16 10:06:00";"-54,1961666667";"-63,6125";"10,6";"13"
"TAI AN";"01530";"2025-05-16 10:15:00";"-54,1747166667";"-63,59605";"10,3";"21"
"TAI AN";"01530";"2025-05-16 10:21:00";"-54,1579166667";"-63,5836166667";"10,2";"28"
"TAI AN";"01530";"2025-05-16 10:30:00";"-54,13555";"-63,5673833333";"8,9";"18"
"TAI AN";"01530";"2025-05-16 10:36:00";"-54,1183666667";"-63,5549833333";"10,3";"32"
"TAI AN";"01530";"2025-05-16 10:45:00";"-54,09555";"-63,53955";"10,7";"25"
"TAI AN";"01530";"2025-05-16 10:51:00";"-54,0778666667";"-63,5288833333";"11,8";"16"
"TAI AN";"01530";"2025-05-16 11:00:00";"-54,07755";"-63,5107166667";"6,5";"114"
"TAI AN";"01530";"2025-05-16 11:06:00";"-54,0836333333";"-63,4939166667";"6,3";"121"
"TAI AN";"01530";"2025-05-16 11:15:00";"-54,08755";"-63,46705";"6,6";"102"
"TAI AN";"01530";"2025-05-16 11:21:00";"-54,0904333333";"-63,4468666667";"6,7";"102"
"TAI AN";"01530";"2025-05-16 11:30:00";"-54,0942166667";"-63,4207166667";"7,1";"128"
"TAI AN";"01530";"2025-05-16 11:36:00";"-54,0970333333";"-63,4010666667";"6,5";"96"
"TAI AN";"01530";"2025-05-16 11:45:00";"-54,0902166667";"-63,4087166667";"5,1";"306"
"TAI AN";"01530";"2025-05-16 11:51:00";"-54,0855833333";"-63,4257333333";"6,4";"293"
"TAI AN";"01530";"2025-05-16 12:00:00";"-54,0807166667";"-63,44805";"5,9";"286"
"TAI AN";"01530";"2025-05-16 12:06:00";"-54,0768166667";"-63,4635";"4,5";"271"
"TAI AN";"01530";"2025-05-16 12:15:00";"-54,0722166667";"-63,4803833333";"5,9";"304"
"TAI AN";"01530";"2025-05-16 12:21:00";"-54,0682833333";"-63,4939333333";"4,2";"267"
"TAI AN";"01530";"2025-05-16 12:30:00";"-54,0632166667";"-63,51005";"4,9";"285"
"TAI AN";"01530";"2025-05-16 12:36:00";"-54,0590666667";"-63,52165";"4,6";"309"
"TAI AN";"01530";"2025-05-16 12:45:00";"-54,0538833333";"-63,53705";"4,9";"312"
"TAI AN";"01530";"2025-05-16 12:51:00";"-54,0492833333";"-63,5484333333";"4,6";"294"
"TAI AN";"01530";"2025-05-16 13:00:00";"-54,04305";"-63,5628833333";"5,3";"311"
"TAI AN";"01530";"2025-05-16 13:06:00";"-54,0369666667";"-63,5731333333";"4,2";"325"
"TAI AN";"01530";"2025-05-16 13:15:00";"-54,0292166667";"-63,5832166667";"4,6";"316"
"TAI AN";"01530";"2025-05-16 13:21:00";"-54,0229666667";"-63,5915666667";"3,9";"324"
"TAI AN";"01530";"2025-05-16 13:30:00";"-54,0152166667";"-63,6028833333";"4,9";"316"
"TAI AN";"01530";"2025-05-16 13:36:00";"-54,0094833333";"-63,6110666667";"4,3";"339"
"TAI AN";"01530";"2025-05-16 13:45:00";"-54,0017166667";"-63,62205";"4,8";"317"
"TAI AN";"01530";"2025-05-16 13:51:00";"-53,9958333333";"-63,6302";"3,7";"316"
"TAI AN";"01530";"2025-05-16 14:00:00";"-53,9883833333";"-63,64155";"4,3";"313"
"TAI AN";"01530";"2025-05-16 14:06:00";"-53,9831833333";"-63,6487333333";"3,8";"317"
"TAI AN";"01530";"2025-05-16 14:15:00";"-53,97655";"-63,6587166667";"4,0";"302"
"TAI AN";"01530";"2025-05-16 14:21:00";"-53,97065";"-63,668";"5,4";"313"
"TAI AN";"01530";"2025-05-16 14:30:00";"-53,9622166667";"-63,6773833333";"4,3";"340"
"TAI AN";"01530";"2025-05-16 14:36:00";"-53,9551666667";"-63,6837";"3,8";"322"
"TAI AN";"01530";"2025-05-16 14:45:00";"-53,9463833333";"-63,69155";"4,0";"336"
"TAI AN";"01530";"2025-05-16 14:51:00";"-53,9395";"-63,6977666667";"4,1";"325"
"TAI AN";"01530";"2025-05-16 15:00:00";"-53,9302166667";"-63,7052166667";"4,1";"332"
"TAI AN";"01530";"2025-05-16 15:06:00";"-53,9231333333";"-63,7101166667";"3,0";"338"
"TAI AN";"01530";"2025-05-16 15:15:00";"-53,91405";"-63,71605";"4,4";"326"
"TAI AN";"01530";"2025-05-16 15:21:00";"-53,9069833333";"-63,7209166667";"4,1";"331"
"TAI AN";"01530";"2025-05-16 15:30:00";"-53,8982166667";"-63,7268833333";"4,3";"351"
"TAI AN";"01530";"2025-05-16 15:36:00";"-53,8914166667";"-63,73195";"4,4";"321"
"TAI AN";"01530";"2025-05-16 15:45:00";"-53,88305";"-63,73855";"3,4";"342"
"TAI AN";"01530";"2025-05-16 15:51:00";"-53,8764666667";"-63,7436166667";"2,9";"334"
"TAI AN";"01530";"2025-05-16 16:00:00";"-53,8677166667";"-63,75005";"4,2";"349"
"TAI AN";"01530";"2025-05-16 16:06:00";"-53,8614833333";"-63,7539166667";"4,3";"341"
"TAI AN";"01530";"2025-05-16 16:15:00";"-53,8533833333";"-63,7592166667";"3,9";"337"
"TAI AN";"01530";"2025-05-16 16:21:00";"-53,8467666667";"-63,7625333333";"4,2";"343"
"TAI AN";"01530";"2025-05-16 16:30:00";"-53,8377166667";"-63,7657166667";"3,9";"344"
"TAI AN";"01530";"2025-05-16 16:36:00";"-53,8308333333";"-63,7684";"3,3";"354"
"TAI AN";"01530";"2025-05-16 16:45:00";"-53,82155";"-63,77205";"4,2";"353"
"TAI AN";"01530";"2025-05-16 16:51:00";"-53,8146833333";"-63,7747166667";"4,0";"334"
"TAI AN";"01530";"2025-05-16 17:00:00";"-53,80605";"-63,7823833333";"4,8";"326"
"TAI AN";"01530";"2025-05-16 17:06:00";"-53,7999";"-63,7887166667";"4,0";"318"
"TAI AN";"01530";"2025-05-16 17:15:00";"-53,79055";"-63,79405";"4,1";"338"
"TAI AN";"01530";"2025-05-16 17:21:00";"-53,7839";"-63,7958666667";"3,1";"0"
"TAI AN";"01530";"2025-05-16 17:30:00";"-53,7748833333";"-63,7983833333";"3,2";"353"
"TAI AN";"01530";"2025-05-16 17:36:00";"-53,7681333333";"-63,8008666667";"4,2";"350"
"TAI AN";"01530";"2025-05-16 17:45:00";"-53,75905";"-63,8037166667";"3,6";"342"
"TAI AN";"01530";"2025-05-16 17:51:00";"-53,7522666667";"-63,8055333333";"3,8";"348"
"TAI AN";"01530";"2025-05-16 18:00:00";"-53,7432166667";"-63,8078833333";"4,0";"347"
"TAI AN";"01530";"2025-05-16 18:06:00";"-53,7364666667";"-63,80935";"3,9";"358"
"TAI AN";"01530";"2025-05-16 18:15:00";"-53,7268833333";"-63,8113833333";"4,7";"342"
"TAI AN";"01530";"2025-05-16 18:21:00";"-53,7202";"-63,8127666667";"4,5";"358"
"TAI AN";"01530";"2025-05-16 18:30:00";"-53,71055";"-63,81505";"4,5";"357"
"TAI AN";"01530";"2025-05-16 18:36:00";"-53,7034666667";"-63,8166666667";"4,0";"2"
"TAI AN";"01530";"2025-05-16 18:45:00";"-53,69305";"-63,8177166667";"4,5";"4"
"TAI AN";"01530";"2025-05-16 18:51:00";"-53,6862";"-63,8163666667";"3,9";"357"
"TAI AN";"01530";"2025-05-16 19:00:00";"-53,67605";"-63,8138833333";"4,2";"12"
"TAI AN";"01530";"2025-05-16 19:06:00";"-53,6687";"-63,8124333333";"4,4";"8"
"TAI AN";"01530";"2025-05-16 19:15:00";"-53,65805";"-63,8128833333";"4,6";"352"
"TAI AN";"01530";"2025-05-16 19:21:00";"-53,6510333333";"-63,8142";"4,0";"352"
"TAI AN";"01530";"2025-05-16 19:30:00";"-53,6417166667";"-63,8192166667";"4,2";"327"
"TAI AN";"01530";"2025-05-16 19:36:00";"-53,6353";"-63,8248166667";"4,3";"331"
"TAI AN";"01530";"2025-05-16 19:45:00";"-53,6262166667";"-63,8328833333";"4,3";"324"
"TAI AN";"01530";"2025-05-16 19:51:00";"-53,6197666667";"-63,8383833333";"3,8";"325"
"TAI AN";"01530";"2025-05-16 20:00:00";"-53,6107166667";"-63,8463833333";"3,8";"330"
"TAI AN";"01530";"2025-05-16 20:06:00";"-53,6041833333";"-63,85165";"4,3";"338"
"TAI AN";"01530";"2025-05-16 20:15:00";"-53,5937166667";"-63,8532166667";"4,6";"6"
"TAI AN";"01530";"2025-05-16 20:21:00";"-53,5866833333";"-63,8522333333";"4,2";"8"
"TAI AN";"01530";"2025-05-16 20:30:00";"-53,57605";"-63,85105";"3,8";"7"
"TAI AN";"01530";"2025-05-16 20:36:00";"-53,5693666667";"-63,85095";"4,1";"358"
"TAI AN";"01530";"2025-05-16 20:45:00";"-53,5588833333";"-63,8518833333";"4,5";"357"
"TAI AN";"01530";"2025-05-16 20:51:00";"-53,5519333333";"-63,8526166667";"4,2";"356"
"TAI AN";"01530";"2025-05-16 21:00:00";"-53,5443833333";"-63,85255";"1,9";"31"
"TAI AN";"01530";"2025-05-16 21:06:00";"-53,5419833333";"-63,8504";"2,4";"16"
"TAI AN";"01530";"2025-05-16 21:15:00";"-53,53605";"-63,8452166667";"2,9";"42"
"TAI AN";"01530";"2025-05-16 21:21:00";"-53,5299833333";"-63,8403166667";"5,0";"10"
"TAI AN";"01530";"2025-05-16 21:30:00";"-53,5353833333";"-63,8538833333";"9,7";"212"
"TAI AN";"01530";"2025-05-16 21:36:00";"-53,5482833333";"-63,8676";"9,6";"217"
"TAI AN";"01530";"2025-05-16 21:45:00";"-53,5682166667";"-63,88555";"9,2";"198"
"TAI AN";"01530";"2025-05-16 21:51:00";"-53,5827166667";"-63,8906166667";"8,7";"195"
"TAI AN";"01530";"2025-05-16 22:00:00";"-53,60455";"-63,89855";"8,9";"196"
"TAI AN";"01530";"2025-05-16 22:06:00";"-53,6191666667";"-63,9038";"9,2";"191"
"TAI AN";"01530";"2025-05-16 22:15:00";"-53,6408833333";"-63,9117166667";"8,7";"191"
"TAI AN";"01530";"2025-05-16 22:20:00";"-53,6555833333";"-63,9170833333";"9,5";"197"
"TAI AN";"01530";"2025-05-16 22:30:00";"-53,6777166667";"-63,92705";"9,2";"219"
"TAI AN";"01530";"2025-05-16 22:35:00";"-53,68935";"-63,9411666667";"9,0";"214"
"TAI AN";"01530";"2025-05-16 22:45:00";"-53,70755";"-63,9577166667";"8,0";"104"
"TAI AN";"01530";"2025-05-16 22:50:00";"-53,7118666667";"-63,9345666667";"9,3";"108"
"TAI AN";"01530";"2025-05-16 23:00:00";"-53,7217166667";"-63,89805";"8,9";"119"
"TAI AN";"01530";"2025-05-16 23:05:00";"-53,7334666667";"-63,8952333333";"8,4";"191"
"TAI AN";"01530";"2025-05-16 23:15:00";"-53,7547166667";"-63,9068833333";"8,8";"205"
"TAI AN";"01530";"2025-05-16 23:20:00";"-53,7683333333";"-63,9180666667";"9,7";"207"
"TAI AN";"01530";"2025-05-16 23:30:00";"-53,7907166667";"-63,9302166667";"8,9";"197"
"TAI AN";"01530";"2025-05-16 23:35:00";"-53,8058";"-63,9367166667";"9,8";"194"
"TAI AN";"01530";"2025-05-16 23:45:00";"-53,82405";"-63,9198833333";"9,5";"121"
"TAI AN";"01530";"2025-05-16 23:50:00";"-53,8312833333";"-63,89905";"9,7";"116"
"TAI AN";"01530";"2025-05-17 00:00:00";"-53,83705";"-63,85855";"9,7";"94"
"TAI AN";"01530";"2025-05-17 00:05:00";"-53,8397";"-63,8354";"7,4";"164"
"TAI AN";"01530";"2025-05-17 00:15:00";"-53,8593833333";"-63,85405";"9,7";"222"
"TAI AN";"01530";"2025-05-17 00:20:00";"-53,8660666667";"-63,8797333333";"10,8";"252"
"TAI AN";"01530";"2025-05-17 00:30:00";"-53,8748833333";"-63,8983833333";"9,7";"123"
"TAI AN";"01530";"2025-05-17 00:35:00";"-53,8821666667";"-63,8765833333";"9,9";"109"
"TAI AN";"01530";"2025-05-17 00:45:00";"-53,86955";"-63,8532166667";"11,2";"322"
"TAI AN";"01530";"2025-05-17 00:50:00";"-53,8570166667";"-63,8744333333";"11,4";"310"
"TAI AN";"01530";"2025-05-17 01:00:00";"-53,86155";"-63,8808833333";"1,6";"163"
"TAI AN";"01530";"2025-05-17 01:05:00";"-53,8680666667";"-63,8788666667";"5,1";"168"
"TAI AN";"01530";"2025-05-17 01:15:00";"-53,8792166667";"-63,8737166667";"3,4";"161"
"TAI AN";"01530";"2025-05-17 01:20:00";"-53,8841166667";"-63,8703833333";"3,7";"148"
"TAI AN";"01530";"2025-05-17 01:30:00";"-53,8922166667";"-63,8607166667";"3,9";"144"
"TAI AN";"01530";"2025-05-17 01:35:00";"-53,8966833333";"-63,8544";"3,8";"140"
"TAI AN";"01530";"2025-05-17 01:45:00";"-53,9047166667";"-63,8433833333";"4,1";"145"
"TAI AN";"01530";"2025-05-17 01:50:00";"-53,90925";"-63,8371166667";"3,8";"136"
"TAI AN";"01530";"2025-05-17 02:00:00";"-53,9182166667";"-63,82955";"3,8";"157"
"TAI AN";"01530";"2025-05-17 02:05:00";"-53,9235666667";"-63,8253666667";"3,7";"162"
"TAI AN";"01530";"2025-05-17 02:15:00";"-53,93055";"-63,8123833333";"4,1";"115"
"TAI AN";"01530";"2025-05-17 02:20:00";"-53,93305";"-63,8030666667";"4,2";"110"
"TAI AN";"01530";"2025-05-17 02:30:00";"-53,93905";"-63,7878833333";"4,1";"126"
"TAI AN";"01530";"2025-05-17 02:35:00";"-53,944";"-63,7831833333";"4,0";"162"
"TAI AN";"01530";"2025-05-17 02:45:00";"-53,95405";"-63,7802166667";"3,5";"171"
"TAI AN";"01530";"2025-05-17 02:50:00";"-53,9591333333";"-63,77845";"3,5";"169"
"TAI AN";"01530";"2025-05-17 03:00:00";"-53,9683833333";"-63,7763833333";"3,5";"171"
"TAI AN";"01530";"2025-05-17 03:05:00";"-53,97345";"-63,7729333333";"4,1";"147"
"TAI AN";"01530";"2025-05-17 03:15:00";"-53,98205";"-63,7617166667";"4,1";"123"
"TAI AN";"01530";"2025-05-17 03:20:00";"-53,9857333333";"-63,7536666667";"4,2";"128"
"TAI AN";"01530";"2025-05-17 03:30:00";"-53,9918833333";"-63,7377166667";"4,1";"129"
"TAI AN";"01530";"2025-05-17 03:35:00";"-53,9950833333";"-63,7289";"4,5";"121"
"TAI AN";"01530";"2025-05-17 03:45:00";"-53,99655";"-63,70805";"4,9";"105"
"TAI AN";"01530";"2025-05-17 03:50:00";"-54,0007166667";"-63,7001166667";"4,2";"154"
"TAI AN";"01530";"2025-05-17 04:00:00";"-54,0113833333";"-63,6967166667";"4,0";"162"
"TAI AN";"01530";"2025-05-17 04:05:00";"-54,0158333333";"-63,69145";"3,6";"131"
"TAI AN";"01530";"2025-05-17 04:15:00";"-54,02105";"-63,67655";"3,8";"125"
"TAI AN";"01530";"2025-05-17 04:20:00";"-54,0233833333";"-63,6684333333";"3,5";"128"
"TAI AN";"01530";"2025-05-17 04:30:00";"-54,0323833333";"-63,66055";"4,1";"183"
"TAI AN";"01530";"2025-05-17 04:35:00";"-54,0382166667";"-63,6667666667";"4,2";"228"
"TAI AN";"01530";"2025-05-17 04:45:00";"-54,0397166667";"-63,6862166667";"4,5";"290"
"TAI AN";"01530";"2025-05-17 04:50:00";"-54,0333";"-63,693";"5,6";"345"
"TAI AN";"01530";"2025-05-17 05:00:00";"-54,0207166667";"-63,6973833333";"3,4";"352"
"TAI AN";"01530";"2025-05-17 05:05:00";"-54,0148166667";"-63,6997666667";"4,4";"347"
"TAI AN";"01530";"2025-05-17 05:15:00";"-54,0038833333";"-63,7062166667";"4,4";"328"
"TAI AN";"01530";"2025-05-17 05:20:00";"-53,9984833333";"-63,7121166667";"4,2";"328"
"TAI AN";"01530";"2025-05-17 05:30:00";"-53,9902166667";"-63,7252166667";"4,5";"314"
"TAI AN";"01530";"2025-05-17 05:35:00";"-53,9857";"-63,7326";"3,7";"320"
"TAI AN";"01530";"2025-05-17 05:45:00";"-53,97705";"-63,7443833333";"4,1";"325"
"TAI AN";"01530";"2025-05-17 05:50:00";"-53,9720666667";"-63,7506";"4,6";"322"
"TAI AN";"01530";"2025-05-17 06:00:00";"-53,96305";"-63,7628833333";"4,3";"316"
"TAI AN";"01530";"2025-05-17 06:05:00";"-53,9595166667";"-63,7703833333";"4,1";"307"
"TAI AN";"01530";"2025-05-17 06:15:00";"-53,9533833333";"-63,7857166667";"4,2";"296"
"TAI AN";"01530";"2025-05-17 06:20:00";"-53,9500666667";"-63,79385";"3,2";"306"
"TAI AN";"01530";"2025-05-17 06:30:00";"-53,94405";"-63,8083833333";"3,6";"310"
"TAI AN";"01530";"2025-05-17 06:35:00";"-53,9402666667";"-63,8164";"3,8";"303"
"TAI AN";"01530";"2025-05-17 06:45:00";"-53,9337166667";"-63,8313833333";"4,2";"303"
"TAI AN";"01530";"2025-05-17 06:50:00";"-53,9300833333";"-63,8397";"4,4";"318"
"TAI AN";"01530";"2025-05-17 07:00:00";"-53,9198833333";"-63,85005";"4,8";"338"
"TAI AN";"01530";"2025-05-17 07:05:00";"-53,9135833333";"-63,85345";"4,6";"344"
"TAI AN";"01530";"2025-05-17 07:15:00";"-53,9062166667";"-63,8558833333";"2,2";"348"
"TAI AN";"01530";"2025-05-17 07:20:00";"-53,9029666667";"-63,8570166667";"2,7";"341"
"TAI AN";"01530";"2025-05-17 07:30:00";"-53,89605";"-63,84855";"9,6";"83"
"TAI AN";"01530";"2025-05-17 07:35:00";"-53,8949666667";"-63,8245333333";"10,4";"79"
"TAI AN";"01530";"2025-05-17 07:45:00";"-53,8702166667";"-63,84205";"11,3";"321"
"TAI AN";"01530";"2025-05-17 07:50:00";"-53,8581";"-63,8597333333";"11,0";"315"
"TAI AN";"01530";"2025-05-17 08:00:00";"-53,83405";"-63,8968833333";"8,6";"254"
"TAI AN";"01530";"2025-05-17 08:05:00";"-53,8407333333";"-63,89495";"3,6";"149"
"TAI AN";"01530";"2025-05-17 08:15:00";"-53,85305";"-63,8908833333";"4,4";"176"
"TAI AN";"01530";"2025-05-17 08:20:00";"-53,8579333333";"-63,8904666667";"3,6";"181"
"TAI AN";"01530";"2025-05-17 08:30:00";"-53,86705";"-63,8882166667";"3,0";"163"
"TAI AN";"01530";"2025-05-17 08:35:00";"-53,8711166667";"-63,88665";"3,2";"166"
"TAI AN";"01530";"2025-05-17 08:45:00";"-53,87955";"-63,88455";"3,4";"167"
"TAI AN";"01530";"2025-05-17 08:50:00";"-53,88375";"-63,8819833333";"3,2";"158"
"TAI AN";"01530";"2025-05-17 09:00:00";"-53,89205";"-63,8757166667";"3,1";"163"
"TAI AN";"01530";"2025-05-17 09:05:00";"-53,8959666667";"-63,8730833333";"3,3";"153"
"TAI AN";"01530";"2025-05-17 09:15:00";"-53,9047166667";"-63,86805";"2,7";"164"
"TAI AN";"01530";"2025-05-17 09:20:00";"-53,9089166667";"-63,8659666667";"3,2";"166"
"TAI AN";"01530";"2025-05-17 09:30:00";"-53,91555";"-63,8557166667";"4,4";"107"
"TAI AN";"01530";"2025-05-17 09:35:00";"-53,9171833333";"-63,8484666667";"3,3";"114"
"TAI AN";"01530";"2025-05-17 09:45:00";"-53,92055";"-63,8322166667";"3,5";"120"
"TAI AN";"01530";"2025-05-17 09:50:00";"-53,9229833333";"-63,8249333333";"3,4";"121"
"TAI AN";"01530";"2025-05-17 10:00:00";"-53,9277166667";"-63,8108833333";"3,5";"117"
"TAI AN";"01530";"2025-05-17 10:05:00";"-53,9297333333";"-63,8044833333";"3,1";"121"
"TAI AN";"01530";"2025-05-17 10:15:00";"-53,9368833333";"-63,7927166667";"3,6";"140"
"TAI AN";"01530";"2025-05-17 10:20:00";"-53,9401666667";"-63,78795";"3,5";"139"
"TAI AN";"01530";"2025-05-17 10:30:00";"-53,9457166667";"-63,7753833333";"3,3";"116"
"TAI AN";"01530";"2025-05-17 10:34:00";"-53,9475833333";"-63,7687333333";"3,5";"114"
"TAI AN";"01530";"2025-05-17 10:45:00";"-53,95155";"-63,75455";"3,6";"114"
"TAI AN";"01530";"2025-05-17 10:49:00";"-53,95305";"-63,7481";"3,1";"114"
"TAI AN";"01530";"2025-05-17 11:00:00";"-53,95955";"-63,7382166667";"2,8";"147"
"TAI AN";"01530";"2025-05-17 11:04:00";"-53,9631333333";"-63,7345";"3,2";"153"
"TAI AN";"01530";"2025-05-17 11:15:00";"-53,9707166667";"-63,72705";"3,2";"124"
"TAI AN";"01530";"2025-05-17 11:19:00";"-53,9725";"-63,7207";"3,7";"102"
"TAI AN";"01530";"2025-05-17 11:30:00";"-53,9752166667";"-63,7047166667";"3,3";"106"
"TAI AN";"01530";"2025-05-17 11:34:00";"-53,9768666667";"-63,6986166667";"3,0";"109"
"TAI AN";"01530";"2025-05-17 11:45:00";"-53,9808833333";"-63,6852166667";"3,1";"112"
"TAI AN";"01530";"2025-05-17 11:49:00";"-53,9823833333";"-63,6789833333";"3,1";"108"
"TAI AN";"01530";"2025-05-17 12:00:00";"-53,98755";"-63,6663833333";"3,0";"132"
"TAI AN";"01530";"2025-05-17 12:04:00";"-53,9901333333";"-63,6614333333";"3,2";"139"
"TAI AN";"01530";"2025-05-17 12:15:00";"-53,9968833333";"-63,65105";"3,3";"147"
"TAI AN";"01530";"2025-05-17 12:19:00";"-53,9997333333";"-63,6465833333";"2,8";"139"
"TAI AN";"01530";"2025-05-17 12:30:00";"-54,0057166667";"-63,6372166667";"2,9";"139"
"TAI AN";"01530";"2025-05-17 12:34:00";"-54,00835";"-63,6330833333";"2,8";"138"
"TAI AN";"01530";"2025-05-17 12:45:00";"-54,01455";"-63,62355";"2,9";"140"
"TAI AN";"01530";"2025-05-17 12:49:00";"-54,0172666667";"-63,61965";"2,7";"142"
"TAI AN";"01530";"2025-05-17 13:00:00";"-54,02355";"-63,61105";"3,1";"127"
"TAI AN";"01530";"2025-05-17 13:04:00";"-54,0254333333";"-63,60555";"2,7";"112"
"TAI AN";"01530";"2025-05-17 13:15:00";"-54,0322166667";"-63,59705";"2,8";"147"
"TAI AN";"01530";"2025-05-17 13:19:00";"-54,0357833333";"-63,5938666667";"2,9";"152"
"TAI AN";"01530";"2025-05-17 13:30:00";"-54,0432166667";"-63,5848833333";"3,3";"135"
"TAI AN";"01530";"2025-05-17 13:34:00";"-54,0457333333";"-63,5798833333";"3,2";"126"
"TAI AN";"01530";"2025-05-17 13:45:00";"-54,0518833333";"-63,5683833333";"3,1";"138"
"TAI AN";"01530";"2025-05-17 13:49:00";"-54,0531666667";"-63,5621";"3,7";"93"
"TAI AN";"01530";"2025-05-17 14:00:00";"-54,0558833333";"-63,54555";"3,3";"121"
"TAI AN";"01530";"2025-05-17 14:04:00";"-54,0578166667";"-63,5396333333";"3,1";"113"
"TAI AN";"01530";"2025-05-17 14:15:00";"-54,0593833333";"-63,5338833333";"0,1";"0"
"TAI AN";"01530";"2025-05-17 14:19:00";"-54,0595833333";"-63,5345666667";"0,7";"267"
"TAI AN";"01530";"2025-05-17 14:30:00";"-54,0612166667";"-63,54055";"1,6";"261"
"TAI AN";"01530";"2025-05-17 14:34:00";"-54,0633666667";"-63,5428166667";"2,6";"195"
"TAI AN";"01530";"2025-05-17 14:45:00";"-54,0758833333";"-63,58405";"10,0";"244"
"TAI AN";"01530";"2025-05-17 14:49:00";"-54,0817";"-63,6027";"11,7";"238"
"TAI AN";"01530";"2025-05-17 15:00:00";"-54,10105";"-63,6523833333";"11,6";"234"
"TAI AN";"01530";"2025-05-17 15:04:00";"-54,1097833333";"-63,67125";"11,9";"232"
"TAI AN";"01530";"2025-05-17 15:15:00";"-54,1327166667";"-63,71705";"11,6";"229"
"TAI AN";"01530";"2025-05-17 15:19:00";"-54,14215";"-63,7342333333";"11,9";"226"
"TAI AN";"01530";"2025-05-17 15:30:00";"-54,1673833333";"-63,7787166667";"12,2";"226"
"TAI AN";"01530";"2025-05-17 15:34:00";"-54,177";"-63,7949333333";"12,2";"225"
"TAI AN";"01530";"2025-05-17 15:45:00";"-54,2032166667";"-63,83705";"12,0";"223"
"TAI AN";"01530";"2025-05-17 15:49:00";"-54,2136833333";"-63,85325";"11,8";"227"
"TAI AN";"01530";"2025-05-17 16:00:00";"-54,2407166667";"-63,8933833333";"12,0";"217"
"TAI AN";"01530";"2025-05-17 16:04:00";"-54,2513166667";"-63,9091833333";"12,1";"218"
"TAI AN";"01530";"2025-05-17 16:15:00";"-54,2793833333";"-63,9487166667";"12,3";"220"
"TAI AN";"01530";"2025-05-17 16:19:00";"-54,2902833333";"-63,96385";"12,4";"216"
"TAI AN";"01530";"2025-05-17 16:30:00";"-54,3183833333";"-64,0042166667";"12,3";"220"
"TAI AN";"01530";"2025-05-17 16:34:00";"-54,3288833333";"-64,0200333333";"12,2";"220"
"TAI AN";"01530";"2025-05-17 16:45:00";"-54,3553833333";"-64,05905";"12,2";"221"
"TAI AN";"01530";"2025-05-17 16:49:00";"-54,3664666667";"-64,0751166667";"11,4";"222"
"TAI AN";"01530";"2025-05-17 17:00:00";"-54,39255";"-64,11355";"11,9";"220"
"TAI AN";"01530";"2025-05-17 17:04:00";"-54,4026333333";"-64,1310166667";"11,6";"227"
"TAI AN";"01530";"2025-05-17 17:15:00";"-54,42705";"-64,17505";"11,7";"228"
"TAI AN";"01530";"2025-05-17 17:19:00";"-54,43565";"-64,192";"11,6";"229"
"TAI AN";"01530";"2025-05-17 17:30:00";"-54,4578833333";"-64,2373833333";"11,3";"233"
"TAI AN";"01530";"2025-05-17 17:34:00";"-54,4662";"-64,2544666667";"11,3";"228"
"TAI AN";"01530";"2025-05-17 17:45:00";"-54,4877166667";"-64,2988833333";"11,2";"231"
"TAI AN";"01530";"2025-05-17 17:49:00";"-54,4963666667";"-64,31685";"11,0";"227"
"TAI AN";"01530";"2025-05-17 18:00:00";"-54,5172166667";"-64,3617166667";"11,6";"231"
"TAI AN";"01530";"2025-05-17 18:04:00";"-54,5255";"-64,3802833333";"11,4";"231"
"TAI AN";"01530";"2025-05-17 18:15:00";"-54,5462166667";"-64,4257166667";"11,6";"232"
"TAI AN";"01530";"2025-05-17 18:19:00";"-54,5547166667";"-64,4439833333";"11,4";"231"
"TAI AN";"01530";"2025-05-17 18:30:00";"-54,5752166667";"-64,48855";"10,9";"231"
"TAI AN";"01530";"2025-05-17 18:34:00";"-54,5832666667";"-64,5066666667";"11,1";"232"
"TAI AN";"01530";"2025-05-17 18:45:00";"-54,6033833333";"-64,55205";"11,1";"232"
"TAI AN";"01530";"2025-05-17 18:49:00";"-54,6115";"-64,5703333333";"11,6";"230"
"TAI AN";"01530";"2025-05-17 19:00:00";"-54,63155";"-64,6167166667";"11,4";"233"
"TAI AN";"01530";"2025-05-17 19:04:00";"-54,63935";"-64,6349833333";"11,1";"232"
"TAI AN";"01530";"2025-05-17 19:15:00";"-54,6598833333";"-64,68105";"10,5";"226"
"TAI AN";"01530";"2025-05-17 19:19:00";"-54,6677333333";"-64,6958333333";"11,0";"225"
"TAI AN";"01530";"2025-05-17 19:30:00";"-54,6902166667";"-64,7372166667";"10,4";"228"
"TAI AN";"01530";"2025-05-17 19:34:00";"-54,6980666667";"-64,7516166667";"10,3";"224"
"TAI AN";"01530";"2025-05-17 19:45:00";"-54,7202166667";"-64,79255";"11,1";"227"
"TAI AN";"01530";"2025-05-17 19:49:00";"-54,7274333333";"-64,8077666667";"10,9";"231"
"TAI AN";"01530";"2025-05-17 20:00:00";"-54,74755";"-64,8512166667";"10,9";"231"
"TAI AN";"01530";"2025-05-17 20:04:00";"-54,7544833333";"-64,8670166667";"10,5";"237"
"TAI AN";"01530";"2025-05-17 20:15:00";"-54,7728833333";"-64,9152166667";"10,7";"237"
"TAI AN";"01530";"2025-05-17 20:19:00";"-54,77875";"-64,93275";"11,2";"243"
"TAI AN";"01530";"2025-05-17 20:30:00";"-54,7963833333";"-64,97905";"10,1";"240"
"TAI AN";"01530";"2025-05-17 20:34:00";"-54,8032166667";"-64,9949333333";"10,4";"233"
"TAI AN";"01530";"2025-05-17 20:45:00";"-54,8217166667";"-65,03705";"10,3";"231"
"TAI AN";"01530";"2025-05-17 20:49:00";"-54,82865";"-65,0527333333";"10,2";"232"
"TAI AN";"01530";"2025-05-17 21:00:00";"-54,8468833333";"-65,0983833333";"10,5";"232"
"TAI AN";"01530";"2025-05-17 21:04:00";"-54,85345";"-65,1138333333";"10,5";"234"
"TAI AN";"01530";"2025-05-17 21:15:00";"-54,8752166667";"-65,15255";"10,5";"223"
"TAI AN";"01530";"2025-05-17 21:19:00";"-54,8827";"-65,1645833333";"9,8";"221"
"TAI AN";"01530";"2025-05-17 21:30:00";"-54,90605";"-65,1993833333";"10,3";"218"
"TAI AN";"01530";"2025-05-17 21:34:00";"-54,91485";"-65,2119666667";"10,0";"218"
"TAI AN";"01530";"2025-05-17 21:45:00";"-54,9383833333";"-65,2442166667";"10,0";"215"
"TAI AN";"01530";"2025-05-17 21:49:00";"-54,94705";"-65,2555";"9,6";"214"
"TAI AN";"01530";"2025-05-17 22:00:00";"-54,9703833333";"-65,2842166667";"8,9";"213"
"TAI AN";"01530";"2025-05-17 22:04:00";"-54,9786833333";"-65,2939666667";"9,2";"209"
"TAI AN";"01530";"2025-05-17 22:15:00";"-54,9967166667";"-65,3327166667";"9,4";"236"
"TAI AN";"01530";"2025-05-17 22:19:00";"-55,0021";"-65,3463333333";"9,5";"234"
"TAI AN";"01530";"2025-05-17 22:30:00";"-55,01505";"-65,3947166667";"10,2";"250"
"TAI AN";"01530";"2025-05-17 22:34:00";"-55,0185666667";"-65,4121";"10,5";"254"
"TAI AN";"01530";"2025-05-17 22:45:00";"-55,02655";"-65,4667166667";"10,3";"260"
"TAI AN";"01530";"2025-05-17 22:48:00";"-55,0290166667";"-65,4845166667";"10,4";"252"
"TAI AN";"01530";"2025-05-17 23:00:00";"-55,0372166667";"-65,54005";"10,4";"255"
"TAI AN";"01530";"2025-05-17 23:03:00";"-55,0397833333";"-65,5581333333";"10,6";"255"
"TAI AN";"01530";"2025-05-17 23:15:00";"-55,04855";"-65,6143833333";"10,6";"255"
"TAI AN";"01530";"2025-05-17 23:18:00";"-55,0514833333";"-65,6327833333";"10,7";"252"
"TAI AN";"01530";"2025-05-17 23:30:00";"-55,06105";"-65,69055";"11,1";"251"
"TAI AN";"01530";"2025-05-17 23:33:00";"-55,0641666667";"-65,7060166667";"6,3";"248"
"TAI AN";"01530";"2025-05-17 23:45:00";"-55,0642166667";"-65,7212166667";"2,8";"296"
"TAI AN";"01530";"2025-05-17 23:48:00";"-55,0631666667";"-65,72495";"2,2";"306"
"TAI AN";"01530";"2025-05-18 00:00:00";"-55,0658833333";"-65,74655";"7,5";"250"
"TAI AN";"01530";"2025-05-18 00:03:00";"-55,0683333333";"-65,7594833333";"8,2";"254"
"TAI AN";"01530";"2025-05-18 00:15:00";"-55,07705";"-65,8018833333";"8,8";"251"
"TAI AN";"01530";"2025-05-18 00:18:00";"-55,0798833333";"-65,8156333333";"8,3";"247"
"TAI AN";"01530";"2025-05-18 00:30:00";"-55,0892166667";"-65,86055";"8,9";"252"
"TAI AN";"01530";"2025-05-18 00:33:00";"-55,09225";"-65,8745166667";"8,6";"248"
"TAI AN";"01530";"2025-05-18 00:45:00";"-55,09805";"-65,92305";"9,4";"257"
"TAI AN";"01530";"2025-05-18 00:48:00";"-55,0997166667";"-65,9380666667";"9,0";"255"
"TAI AN";"01530";"2025-05-18 01:00:00";"-55,10555";"-65,9888833333";"9,6";"258"
"TAI AN";"01530";"2025-05-18 01:03:00";"-55,1071833333";"-66,0046166667";"8,4";"262"
"TAI AN";"01530";"2025-05-18 01:15:00";"-55,10755";"-66,0267166667";"3,2";"269"
"TAI AN";"01530";"2025-05-18 01:18:00";"-55,1069";"-66,0320666667";"2,9";"275"
"TAI AN";"01530";"2025-05-18 01:30:00";"-55,1102166667";"-66,0692166667";"9,6";"258"
"TAI AN";"01530";"2025-05-18 01:33:00";"-55,11185";"-66,08505";"9,4";"259"
"TAI AN";"01530";"2025-05-18 01:45:00";"-55,1177166667";"-66,1372166667";"9,6";"264"
"TAI AN";"01530";"2025-05-18 01:48:00";"-55,1194166667";"-66,1524166667";"9,3";"254"
"TAI AN";"01530";"2025-05-18 02:00:00";"-55,1183833333";"-66,2048833333";"9,7";"277"
"TAI AN";"01530";"2025-05-18 02:03:00";"-55,1170333333";"-66,2206";"9,7";"273"
"TAI AN";"01530";"2025-05-18 02:15:00";"-55,1133833333";"-66,2703833333";"7,9";"274"
"TAI AN";"01530";"2025-05-18 02:18:00";"-55,1122333333";"-66,2838666667";"7,7";"275"
"TAI AN";"01530";"2025-05-18 02:30:00";"-55,10855";"-66,3288833333";"8,8";"278"
"TAI AN";"01530";"2025-05-18 02:33:00";"-55,1074";"-66,34285";"8,9";"278"
"TAI AN";"01530";"2025-05-18 02:45:00";"-55,1048833333";"-66,3918833333";"8,6";"275"
"TAI AN";"01530";"2025-05-18 02:48:00";"-55,1044333333";"-66,4051833333";"8,4";"275"
"TAI AN";"01530";"2025-05-18 03:00:00";"-55,1003833333";"-66,4523833333";"8,6";"285"
"TAI AN";"01530";"2025-05-18 03:03:00";"-55,0981666667";"-66,4658833333";"8,7";"283"
"TAI AN";"01530";"2025-05-18 03:15:00";"-55,0918833333";"-66,51355";"8,7";"298"
"TAI AN";"01530";"2025-05-18 03:18:00";"-55,0877833333";"-66,5253666667";"8,5";"298"
"TAI AN";"01530";"2025-05-18 03:30:00";"-55,0728833333";"-66,5728833333";"10,6";"297"
"TAI AN";"01530";"2025-05-18 03:33:00";"-55,0682666667";"-66,5874666667";"10,5";"302"
"TAI AN";"01530";"2025-05-18 03:45:00";"-55,0518833333";"-66,6418833333";"11,2";"296"
"TAI AN";"01530";"2025-05-18 03:48:00";"-55,0470833333";"-66,6573333333";"11,3";"299"
"TAI AN";"01530";"2025-05-18 04:00:00";"-55,02855";"-66,71205";"11,3";"300"
"TAI AN";"01530";"2025-05-18 04:03:00";"-55,0231";"-66,7272666667";"11,3";"299"
"TAI AN";"01530";"2025-05-18 04:15:00";"-55,0358833333";"-66,7033833333";"9,5";"121"
"TAI AN";"01530";"2025-05-18 04:18:00";"-55,0400166667";"-66,6909";"9,1";"120"
"TAI AN";"01530";"2025-05-18 04:30:00";"-55,04855";"-66,6618833333";"4,7";"116"
"TAI AN";"01530";"2025-05-18 04:33:00";"-55,0501833333";"-66,6553166667";"4,8";"113"
"TAI AN";"01530";"2025-05-18 04:45:00";"-55,0568833333";"-66,6303833333";"4,7";"116"
"TAI AN";"01530";"2025-05-18 04:48:00";"-55,0586333333";"-66,6234333333";"5,0";"114"
"TAI AN";"01530";"2025-05-18 05:00:00";"-55,0657166667";"-66,5972166667";"4,4";"117"
"TAI AN";"01530";"2025-05-18 05:03:00";"-55,0676333333";"-66,59045";"5,1";"117"
"TAI AN";"01530";"2025-05-18 05:15:00";"-55,07505";"-66,56455";"5,3";"117"
"TAI AN";"01530";"2025-05-18 05:18:00";"-55,07715";"-66,55755";"5,4";"122"
"TAI AN";"01530";"2025-05-18 05:30:00";"-55,0862166667";"-66,5323833333";"4,9";"122"
"TAI AN";"01530";"2025-05-18 05:33:00";"-55,08855";"-66,5261";"4,9";"120"
"TAI AN";"01530";"2025-05-18 05:45:00";"-55,0977166667";"-66,5018833333";"4,9";"123"
"TAI AN";"01530";"2025-05-18 05:48:00";"-55,0999833333";"-66,49565";"4,8";"125"
"TAI AN";"01530";"2025-05-18 06:00:00";"-55,0988833333";"-66,4927166667";"4,6";"306"
"TAI AN";"01530";"2025-05-18 06:03:00";"-55,0957166667";"-66,49875";"4,9";"298"
"TAI AN";"01530";"2025-05-18 06:15:00";"-55,0878833333";"-66,52355";"5,3";"297"
"TAI AN";"01530";"2025-05-18 06:18:00";"-55,0855333333";"-66,5306";"5,1";"294"
"TAI AN";"01530";"2025-05-18 06:30:00";"-55,0782166667";"-66,5553833333";"5,0";"301"
"TAI AN";"01530";"2025-05-18 06:33:00";"-55,0758666667";"-66,5625666667";"5,0";"296"
"TAI AN";"01530";"2025-05-18 06:45:00";"-55,0678833333";"-66,58755";"5,1";"298"
"TAI AN";"01530";"2025-05-18 06:48:00";"-55,0654333333";"-66,59455";"5,0";"299"
"TAI AN";"01530";"2025-05-18 07:00:00";"-55,05705";"-66,61855";"5,2";"303"
"TAI AN";"01530";"2025-05-18 07:03:00";"-55,05445";"-66,6253833333";"5,1";"303"
"TAI AN";"01530";"2025-05-18 07:15:00";"-55,0457166667";"-66,6493833333";"5,1";"299"
"TAI AN";"01530";"2025-05-18 07:18:00";"-55,04315";"-66,6561166667";"4,8";"301"
"TAI AN";"01530";"2025-05-18 07:30:00";"-55,03455";"-66,6808833333";"5,2";"299"
"TAI AN";"01530";"2025-05-18 07:33:00";"-55,0319666667";"-66,6878833333";"4,9";"293"
"TAI AN";"01530";"2025-05-18 07:45:00";"-55,0232166667";"-66,7137166667";"5,5";"299"
"TAI AN";"01530";"2025-05-18 07:48:00";"-55,0205833333";"-66,72105";"5,9";"300"
"TAI AN";"01530";"2025-05-18 08:00:00";"-55,0157166667";"-66,74205";"2,4";"114"
"TAI AN";"01530";"2025-05-18 08:03:00";"-55,0167";"-66,7378666667";"3,6";"127"
"TAI AN";"01530";"2025-05-18 08:15:00";"-55,02355";"-66,71455";"4,5";"114"
"TAI AN";"01530";"2025-05-18 08:18:00";"-55,0249666667";"-66,7088666667";"4,0";"113"
"TAI AN";"01530";"2025-05-18 08:30:00";"-55,03105";"-66,6887166667";"3,9";"123"
"TAI AN";"01530";"2025-05-18 08:33:00";"-55,0326";"-66,6837833333";"3,7";"120"
"TAI AN";"01530";"2025-05-18 08:45:00";"-55,0393833333";"-66,66355";"3,6";"118"
"TAI AN";"01530";"2025-05-18 08:48:00";"-55,0404166667";"-66,6591666667";"3,4";"118"
"TAI AN";"01530";"2025-05-18 09:00:00";"-55,0467166667";"-66,6422166667";"3,5";"123"
"TAI AN";"01530";"2025-05-18 09:03:00";"-55,04845";"-66,63775";"3,8";"124"
"TAI AN";"01530";"2025-05-18 09:15:00";"-55,05555";"-66,61855";"3,7";"119"
"TAI AN";"01530";"2025-05-18 09:18:00";"-55,0570333333";"-66,6143666667";"3,0";"122"
"TAI AN";"01530";"2025-05-18 09:30:00";"-55,0632166667";"-66,59655";"3,3";"118"
"TAI AN";"01530";"2025-05-18 09:33:00";"-55,0644";"-66,5926833333";"3,4";"123"
"TAI AN";"01530";"2025-05-18 09:45:00";"-55,0697166667";"-66,5772166667";"3,6";"121"
"TAI AN";"01530";"2025-05-18 09:48:00";"-55,0708833333";"-66,57395";"3,2";"124"
"TAI AN";"01530";"2025-05-18 10:00:00";"-55,0768833333";"-66,55855";"3,4";"123"
"TAI AN";"01530";"2025-05-18 10:03:00";"-55,0781333333";"-66,5548833333";"3,2";"128"
"TAI AN";"01530";"2025-05-18 10:15:00";"-55,0848833333";"-66,5387166667";"3,8";"133"
"TAI AN";"01530";"2025-05-18 10:18:00";"-55,0864166667";"-66,5348666667";"2,9";"118"
"TAI AN";"01530";"2025-05-18 10:30:00";"-55,0923833333";"-66,51855";"2,9";"115"
"TAI AN";"01530";"2025-05-18 10:33:00";"-55,0934";"-66,5150166667";"3,2";"114"
"TAI AN";"01530";"2025-05-18 10:45:00";"-55,08805";"-66,51955";"5,0";"297"
"TAI AN";"01530";"2025-05-18 10:47:00";"-55,0856666667";"-66,526";"5,2";"297"
"TAI AN";"01530";"2025-05-18 11:00:00";"-55,0772166667";"-66,5542166667";"5,5";"300"
"TAI AN";"01530";"2025-05-18 11:02:00";"-55,075";"-66,5612666667";"5,4";"298"
"TAI AN";"01530";"2025-05-18 11:15:00";"-55,0663833333";"-66,58905";"5,3";"298"
"TAI AN";"01530";"2025-05-18 11:17:00";"-55,0640666667";"-66,59555";"5,6";"305"
"TAI AN";"01530";"2025-05-18 11:30:00";"-55,0547166667";"-66,6228833333";"5,4";"303"
"TAI AN";"01530";"2025-05-18 11:32:00";"-55,05235";"-66,62925";"5,6";"299"
"TAI AN";"01530";"2025-05-18 11:45:00";"-55,0427166667";"-66,6563833333";"5,7";"302"
"TAI AN";"01530";"2025-05-18 11:47:00";"-55,0403666667";"-66,6630333333";"5,7";"301"
"TAI AN";"01530";"2025-05-18 12:00:00";"-55,03055";"-66,69055";"5,5";"299"
"TAI AN";"01530";"2025-05-18 12:02:00";"-55,0281833333";"-66,69685";"5,6";"303"
"TAI AN";"01530";"2025-05-18 12:15:00";"-55,01805";"-66,72455";"5,4";"305"
"TAI AN";"01530";"2025-05-18 12:17:00";"-55,0158";"-66,7304";"6,1";"306"
"TAI AN";"01530";"2025-05-18 12:30:00";"-55,01355";"-66,7418833333";"2,7";"120"
"TAI AN";"01530";"2025-05-18 12:32:00";"-55,01445";"-66,7392333333";"2,7";"118"
"TAI AN";"01530";"2025-05-18 12:45:00";"-55,01905";"-66,7237166667";"2,8";"121"
"TAI AN";"01530";"2025-05-18 12:47:00";"-55,01995";"-66,7205333333";"3,2";"106"
"TAI AN";"01530";"2025-05-18 13:00:00";"-55,0253833333";"-66,7048833333";"2,5";"126"
"TAI AN";"01530";"2025-05-18 13:02:00";"-55,0264333333";"-66,7016666667";"2,9";"113"
"TAI AN";"01530";"2025-05-18 13:15:00";"-55,0313833333";"-66,68655";"2,9";"121"
"TAI AN";"01530";"2025-05-18 13:17:00";"-55,0324333333";"-66,6837166667";"2,6";"124"
"TAI AN";"01530";"2025-05-18 13:30:00";"-55,0372166667";"-66,6697166667";"2,8";"116"
"TAI AN";"01530";"2025-05-18 13:32:00";"-55,0384166667";"-66,66685";"3,2";"131"
"TAI AN";"01530";"2025-05-18 13:45:00";"-55,0438833333";"-66,6523833333";"2,6";"119"
"TAI AN";"01530";"2025-05-18 13:47:00";"-55,0448";"-66,6497";"2,1";"128"
"TAI AN";"01530";"2025-05-18 14:00:00";"-55,0487166667";"-66,6367166667";"2,3";"118"
"TAI AN";"01530";"2025-05-18 14:02:00";"-55,0495";"-66,6340333333";"2,8";"118"
"TAI AN";"01530";"2025-05-18 14:15:00";"-55,0543833333";"-66,6208833333";"2,0";"129"
"TAI AN";"01530";"2025-05-18 14:17:00";"-55,0551333333";"-66,6181666667";"2,8";"126"
"TAI AN";"01530";"2025-05-18 14:30:00";"-55,05905";"-66,60505";"2,5";"120"
"TAI AN";"01530";"2025-05-18 14:32:00";"-55,0599666667";"-66,6022333333";"2,9";"124"
"TAI AN";"01530";"2025-05-18 14:45:00";"-55,0652166667";"-66,5877166667";"3,3";"123"
"TAI AN";"01530";"2025-05-18 14:47:00";"-55,06625";"-66,5850166667";"3,1";"123"
"TAI AN";"01530";"2025-05-18 15:00:00";"-55,0712166667";"-66,57255";"3,2";"124"
"TAI AN";"01530";"2025-05-18 15:02:00";"-55,0723333333";"-66,5699";"3,2";"132"
"TAI AN";"01530";"2025-05-18 15:15:00";"-55,0787166667";"-66,5558833333";"2,6";"124"
"TAI AN";"01530";"2025-05-18 15:17:00";"-55,0800166667";"-66,5533";"3,0";"148"
"TAI AN";"01530";"2025-05-18 15:30:00";"-55,0797166667";"-66,54705";"10,1";"302"
"TAI AN";"01530";"2025-05-18 15:32:00";"-55,0749333333";"-66,5571666667";"11,3";"308"
"TAI AN";"01530";"2025-05-18 15:45:00";"-55,0537166667";"-66,6122166667";"9,0";"301"
"TAI AN";"01530";"2025-05-18 15:47:00";"-55,0512333333";"-66,6192666667";"6,7";"301"
"TAI AN";"01530";"2025-05-18 16:00:00";"-55,0417166667";"-66,6462166667";"5,0";"311"
"TAI AN";"01530";"2025-05-18 16:02:00";"-55,0401";"-66,6512";"4,6";"298"
"TAI AN";"01530";"2025-05-18 16:15:00";"-55,03305";"-66,6778833333";"4,2";"290"
"TAI AN";"01530";"2025-05-18 16:17:00";"-55,0317666667";"-66,6824166667";"4,2";"285"
"TAI AN";"01530";"2025-05-18 16:30:00";"-55,0253833333";"-66,71005";"4,8";"296"
"TAI AN";"01530";"2025-05-18 16:32:00";"-55,02385";"-66,71535";"6,0";"318"
"TAI AN";"01530";"2025-05-18 16:45:00";"-55,0168833333";"-66,7432166667";"4,7";"287"
"TAI AN";"01530";"2025-05-18 16:47:00";"-55,01545";"-66,7484166667";"4,6";"282"
"TAI AN";"01530";"2025-05-18 17:00:00";"-55,0092166667";"-66,7742166667";"4,4";"279"
"TAI AN";"01530";"2025-05-18 17:02:00";"-55,0092";"-66,7784166667";"2,3";"247"
"TAI AN";"01530";"2025-05-18 17:15:00";"-55,0143833333";"-66,7688833333";"3,1";"131"
"TAI AN";"01530";"2025-05-18 17:17:00";"-55,0153833333";"-66,7664";"3,1";"125"
"TAI AN";"01530";"2025-05-18 17:30:00";"-55,0218833333";"-66,7533833333";"2,3";"126"
"TAI AN";"01530";"2025-05-18 17:32:00";"-55,0226833333";"-66,7513333333";"2,5";"133"
"TAI AN";"01530";"2025-05-18 17:45:00";"-55,02605";"-66,7342166667";"4,3";"82"
"TAI AN";"01530";"2025-05-18 17:47:00";"-55,0259333333";"-66,7307";"3,0";"86"
"TAI AN";"01530";"2025-05-18 18:00:00";"-55,0267166667";"-66,7108833333";"2,7";"84"
"TAI AN";"01530";"2025-05-18 18:02:00";"-55,02705";"-66,7078333333";"2,2";"110"
"TAI AN";"01530";"2025-05-18 18:15:00";"-55,0313833333";"-66,6938833333";"3,4";"124"
"TAI AN";"01530";"2025-05-18 18:17:00";"-55,0321833333";"-66,69145";"3,1";"123"
"TAI AN";"01530";"2025-05-18 18:30:00";"-55,0367166667";"-66,67655";"3,5";"114"
"TAI AN";"01530";"2025-05-18 18:32:00";"-55,0372833333";"-66,6741666667";"2,6";"128"
"TAI AN";"01530";"2025-05-18 18:45:00";"-55,0417166667";"-66,6593833333";"2,3";"124"
"TAI AN";"01530";"2025-05-18 18:47:00";"-55,0424166667";"-66,65735";"2,8";"116"
"TAI AN";"01530";"2025-05-18 19:00:00";"-55,04805";"-66,6413833333";"3,2";"129"
"TAI AN";"01530";"2025-05-18 19:02:00";"-55,04885";"-66,6388333333";"2,5";"118"
"TAI AN";"01530";"2025-05-18 19:15:00";"-55,0538833333";"-66,62355";"2,5";"123"
"TAI AN";"01530";"2025-05-18 19:17:00";"-55,05445";"-66,6211333333";"2,9";"111"
"TAI AN";"01530";"2025-05-18 19:30:00";"-55,0598833333";"-66,60505";"3,8";"116"
"TAI AN";"01530";"2025-05-18 19:32:00";"-55,0605";"-66,6023333333";"3,5";"115"
"TAI AN";"01530";"2025-05-18 19:45:00";"-55,06605";"-66,5862166667";"2,8";"128"
"TAI AN";"01530";"2025-05-18 19:47:00";"-55,0667166667";"-66,5839";"2,9";"127"
"TAI AN";"01530";"2025-05-18 20:00:00";"-55,07105";"-66,5707166667";"2,8";"117"
"TAI AN";"01530";"2025-05-18 20:02:00";"-55,0716833333";"-66,5684833333";"2,6";"124"
"TAI AN";"01530";"2025-05-18 20:15:00";"-55,0768833333";"-66,55555";"2,8";"120"
"TAI AN";"01530";"2025-05-18 20:17:00";"-55,0776833333";"-66,55365";"2,7";"121"
"TAI AN";"01530";"2025-05-18 20:30:00";"-55,0798833333";"-66,5412166667";"4,1";"346"
"TAI AN";"01530";"2025-05-18 20:32:00";"-55,0780666667";"-66,5446";"5,6";"289"
"TAI AN";"01530";"2025-05-18 20:45:00";"-55,0703833333";"-66,57305";"3,7";"301"
"TAI AN";"01530";"2025-05-18 20:47:00";"-55,0689666667";"-66,5772333333";"4,0";"288"
"TAI AN";"01530";"2025-05-18 21:00:00";"-55,0603833333";"-66,6027166667";"4,6";"300"
"TAI AN";"01530";"2025-05-18 21:02:00";"-55,0590166667";"-66,60655";"3,9";"295"
"TAI AN";"01530";"2025-05-18 21:15:00";"-55,0502166667";"-66,6307166667";"4,2";"307"
"TAI AN";"01530";"2025-05-18 21:30:00";"-55,0407166667";"-66,6597166667";"5,0";"298"
"TAI AN";"01530";"2025-05-18 21:32:00";"-55,0394333333";"-66,6638333333";"5,0";"293"
"TAI AN";"01530";"2025-05-18 21:45:00";"-55,0312166667";"-66,6903833333";"5,1";"299"
"TAI AN";"01530";"2025-05-18 21:47:00";"-55,02995";"-66,6945833333";"4,6";"294"
"TAI AN";"01530";"2025-05-18 22:00:00";"-55,02605";"-66,7117166667";"4,9";"101"
"TAI AN";"01530";"2025-05-18 22:02:00";"-55,02705";"-66,7094";"2,8";"129"
"TAI AN";"01530";"2025-05-18 22:15:00";"-55,03255";"-66,6922166667";"2,9";"115"
"TAI AN";"01530";"2025-05-18 22:17:00";"-55,0332166667";"-66,6897666667";"2,5";"129"
"TAI AN";"01530";"2025-05-18 22:30:00";"-55,03755";"-66,67255";"2,5";"119"
"TAI AN";"01530";"2025-05-18 22:32:00";"-55,0380833333";"-66,6704";"2,6";"117"
"TAI AN";"01530";"2025-05-18 22:45:00";"-55,0417166667";"-66,6548833333";"2,4";"119"
"TAI AN";"01530";"2025-05-18 22:46:00";"-55,0423666667";"-66,65295";"2,9";"126"
"TAI AN";"01530";"2025-05-18 23:00:00";"-55,04705";"-66,63655";"2,4";"116"
"TAI AN";"01530";"2025-05-18 23:01:00";"-55,0473833333";"-66,6343833333";"3,0";"123"
"TAI AN";"01530";"2025-05-18 23:15:00";"-55,0518833333";"-66,62255";"1,4";"134"
"TAI AN";"01530";"2025-05-18 23:16:00";"-55,05235";"-66,62105";"2,7";"106"
"TAI AN";"01530";"2025-05-18 23:30:00";"-55,0573833333";"-66,6097166667";"2,7";"130"
"TAI AN";"01530";"2025-05-18 23:31:00";"-55,0579";"-66,6083333333";"1,9";"104"
"TAI AN";"01530";"2025-05-18 23:45:00";"-55,0658833333";"-66,5967166667";"7,9";"151"
"TAI AN";"01530";"2025-05-18 23:46:00";"-55,0661833333";"-66,5920833333";"7,1";"45"
"TAI AN";"01530";"2025-05-19 00:00:00";"-55,0488833333";"-66,6292166667";"5,0";"307"
"TAI AN";"01530";"2025-05-19 00:01:00";"-55,0474166667";"-66,6320666667";"4,9";"315"
"TAI AN";"01530";"2025-05-19 00:15:00";"-55,0398833333";"-66,65555";"4,4";"297"
"TAI AN";"01530";"2025-05-19 00:16:00";"-55,03875";"-66,6587666667";"3,9";"284"
"TAI AN";"01530";"2025-05-19 00:30:00";"-55,03255";"-66,6812166667";"4,2";"302"
"TAI AN";"01530";"2025-05-19 00:31:00";"-55,0318333333";"-66,6842833333";"4,4";"287"
"TAI AN";"01530";"2025-05-19 00:45:00";"-55,0268833333";"-66,7088833333";"4,5";"301"
"TAI AN";"01530";"2025-05-19 00:46:00";"-55,0260333333";"-66,7123";"4,2";"251"
"TAI AN";"01530";"2025-05-19 01:00:00";"-55,01355";"-66,75905";"10,4";"299"
"TAI AN";"01530";"2025-05-19 01:01:00";"-55,0115";"-66,7646166667";"9,2";"300"
"TAI AN";"01530";"2025-05-19 01:15:00";"-54,9943833333";"-66,8143833333";"8,9";"302"
"TAI AN";"01530";"2025-05-19 01:16:00";"-54,9920666667";"-66,8211833333";"9,4";"299"
"TAI AN";"01530";"2025-05-19 01:30:00";"-54,97405";"-66,8727166667";"9,7";"300"
"TAI AN";"01530";"2025-05-19 01:31:00";"-54,9719833333";"-66,8795";"8,6";"295"
"TAI AN";"01530";"2025-05-19 01:45:00";"-54,9597166667";"-66,9352166667";"9,3";"297"
"TAI AN";"01530";"2025-05-19 01:46:00";"-54,9578333333";"-66,942";"9,0";"293"
"TAI AN";"01530";"2025-05-19 02:00:00";"-54,9452166667";"-66,9918833333";"10,9";"290"
"TAI AN";"01530";"2025-05-19 02:01:00";"-54,9437333333";"-67,00045";"11,0";"283"
"TAI AN";"01530";"2025-05-19 02:15:00";"-54,9337166667";"-67,0718833333";"11,2";"282"
"TAI AN";"01530";"2025-05-19 02:16:00";"-54,93255";"-67,0794";"11,3";"284"
"TAI AN";"01530";"2025-05-19 02:30:00";"-54,92255";"-67,1513833333";"11,4";"285"
"TAI AN";"01530";"2025-05-19 02:31:00";"-54,92155";"-67,1583666667";"11,3";"283"
"TAI AN";"01530";"2025-05-19 02:45:00";"-54,9113833333";"-67,2307166667";"11,2";"282"
"TAI AN";"01530";"2025-05-19 02:46:00";"-54,9103833333";"-67,2377333333";"11,0";"281"
"TAI AN";"01530";"2025-05-19 03:00:00";"-54,9077166667";"-67,3103833333";"11,3";"266"
"TAI AN";"01530";"2025-05-19 03:01:00";"-54,90805";"-67,3174666667";"11,2";"264"
"TAI AN";"01530";"2025-05-19 03:15:00";"-54,9147166667";"-67,3898833333";"11,3";"260"
"TAI AN";"01530";"2025-05-19 03:16:00";"-54,9154333333";"-67,39655";"11,2";"259"
"TAI AN";"01530";"2025-05-19 03:30:00";"-54,92005";"-67,4718833333";"11,2";"253"
"TAI AN";"01530";"2025-05-19 03:31:00";"-54,9213833333";"-67,4786";"11,5";"251"
"TAI AN";"01530";"2025-05-19 03:45:00";"-54,9132166667";"-67,5522166667";"10,0";"299"
"TAI AN";"01530";"2025-05-19 03:46:00";"-54,91105";"-67,5568666667";"9,4";"310"
"TAI AN";"01530";"2025-05-19 04:00:00";"-54,89055";"-67,6042166667";"7,9";"273"
"TAI AN";"01530";"2025-05-19 04:01:00";"-54,8906166667";"-67,6089333333";"8,1";"267"
"TAI AN";"01530";"2025-05-19 04:15:00";"-54,8947166667";"-67,6632166667";"8,4";"263"
"TAI AN";"01530";"2025-05-19 04:16:00";"-54,8950333333";"-67,6681166667";"8,4";"261"
"TAI AN";"01530";"2025-05-19 04:30:00";"-54,8953833333";"-67,7233833333";"8,2";"271"
"TAI AN";"01530";"2025-05-19 04:31:00";"-54,8951833333";"-67,7279333333";"8,1";"275"
"TAI AN";"01530";"2025-05-19 04:45:00";"-54,89105";"-67,7807166667";"8,3";"279"
"TAI AN";"01530";"2025-05-19 04:46:00";"-54,8905333333";"-67,7852";"8,1";"280"
"TAI AN";"01530";"2025-05-19 05:00:00";"-54,88605";"-67,83905";"8,2";"278"
"TAI AN";"01530";"2025-05-19 05:01:00";"-54,8856666667";"-67,84365";"8,1";"275"
"TAI AN";"01530";"2025-05-19 05:15:00";"-54,88055";"-67,8973833333";"8,5";"283"
"TAI AN";"01530";"2025-05-19 05:16:00";"-54,87985";"-67,9019333333";"8,5";"281"
"TAI AN";"01530";"2025-05-19 05:30:00";"-54,8742166667";"-67,9588833333";"8,1";"252"
"TAI AN";"01530";"2025-05-19 05:31:00";"-54,87495";"-67,9631";"8,2";"255"
"TAI AN";"01530";"2025-05-19 05:45:00";"-54,88705";"-68,0133833333";"8,2";"264"
"TAI AN";"01530";"2025-05-19 05:46:00";"-54,8870333333";"-68,0187333333";"8,2";"275"
"TAI AN";"01530";"2025-05-19 06:00:00";"-54,8698833333";"-68,0353833333";"8,6";"92"
"TAI AN";"01530";"2025-05-19 06:01:00";"-54,8695166667";"-68,0308333333";"8,6";"79"
"TAI AN";"01530";"2025-05-19 06:15:00";"-54,8673833333";"-67,97205";"8,9";"89"
"TAI AN";"01530";"2025-05-19 06:16:00";"-54,8675";"-67,9676166667";"8,8";"93"
"TAI AN";"01530";"2025-05-19 06:30:00";"-54,8792166667";"-67,9482166667";"8,6";"276"
"TAI AN";"01530";"2025-05-19 06:31:00";"-54,8787833333";"-67,9522";"8,7";"281"
"TAI AN";"01530";"2025-05-19 06:45:00";"-54,86805";"-68,0088833333";"8,7";"287"
"TAI AN";"01530";"2025-05-19 06:46:00";"-54,8672833333";"-68,0130166667";"8,6";"286"
"TAI AN";"01530";"2025-05-19 07:00:00";"-54,8562166667";"-68,06555";"8,3";"291"
"TAI AN";"01530";"2025-05-19 07:01:00";"-54,8552833333";"-68,0692166667";"8,2";"290"
"TAI AN";"01530";"2025-05-19 07:15:00";"-54,84355";"-68,12155";"8,4";"292"
"TAI AN";"01530";"2025-05-19 07:16:00";"-54,84275";"-68,1252";"8,4";"291"
"TAI AN";"01530";"2025-05-19 07:30:00";"-54,8312166667";"-68,1773833333";"8,4";"291"
"TAI AN";"01530";"2025-05-19 07:31:00";"-54,8303666667";"-68,1811666667";"8,4";"289"
"TAI AN";"01530";"2025-05-19 07:45:00";"-54,8197166667";"-68,2353833333";"8,4";"285"
"TAI AN";"01530";"2025-05-19 07:46:00";"-54,8190666667";"-68,23895";"8,4";"286"
"TAI AN";"01530";"2025-05-19 08:00:00";"-54,81255";"-68,2778833333";"2,3";"281"
"TAI AN";"01530";"2025-05-19 08:01:00";"-54,8122666667";"-68,2794";"3,3";"292"
"TAI AN";"01530";"2025-05-19 08:15:00";"-54,8097166667";"-68,29305";"1,2";"258"
"TAI AN";"01530";"2025-05-19 08:16:00";"-54,80975";"-68,29365";"0,9";"264"
"TAI AN";"01530";"2025-05-19 08:30:00";"-54,80855";"-68,2947166667";"0,9";"36"
"TAI AN";"01530";"2025-05-19 08:31:00";"-54,8083833333";"-68,2942";"1,5";"64"
"TAI AN";"01530";"2025-05-19 08:45:00";"-54,81105";"-68,2917166667";"1,9";"295"
"TAI AN";"01530";"2025-05-19 08:46:00";"-54,8107833333";"-68,2924666667";"1,5";"297"
"TAI AN";"01530";"2025-05-19 09:00:00";"-54,8097166667";"-68,29655";"0,3";"0"
"TAI AN";"01530";"2025-05-19 09:01:00";"-54,80965";"-68,29645";"0,1";"147"
"TAI AN";"01530";"2025-05-19 09:15:00";"-54,8097166667";"-68,2968833333";"0,5";"0"
"TAI AN";"01530";"2025-05-19 09:16:00";"-54,8096166667";"-68,2966833333";"0,3";"100"
"TAI AN";"01530";"2025-05-19 09:30:00";"-54,81005";"-68,29605";"0,2";"0"
"TAI AN";"01530";"2025-05-19 09:31:00";"-54,8099666667";"-68,2960666667";"0,2";"133"
"TAI AN";"01530";"2025-05-19 09:45:00";"-54,8098833333";"-68,2963833333";"0,1";"0"
"TAI AN";"01530";"2025-05-19 09:46:00";"-54,8098";"-68,2963666667";"0,0";"353"
"TAI AN";"01530";"2025-05-19 10:00:00";"-54,81005";"-68,2973833333";"0,3";"0"
"TAI AN";"01530";"2025-05-19 10:01:00";"-54,8100666667";"-68,2973833333";"0,1";"224"
"TAI AN";"01530";"2025-05-19 10:15:00";"-54,8102166667";"-68,2972166667";"0,3";"126"
"TAI AN";"01530";"2025-05-19 10:16:00";"-54,8102666667";"-68,2972333333";"0,0";"125"
"TAI AN";"01530";"2025-05-19 10:30:00";"-54,8102666667";"-68,2973666667";"0,0";"240"
"TAI AN";"01530";"2025-05-19 10:30:00";"-54,8103833333";"-68,2973833333";"0,0";"0"
"TAI AN";"01530";"2025-05-19 10:45:00";"-54,8103833333";"-68,29755";"0,0";"0"
"TAI AN";"01530";"2025-05-19 10:45:00";"-54,8103";"-68,2974333333";"0,0";"240"
"TAI AN";"01530";"2025-05-19 11:00:00";"-54,8102833333";"-68,2973833333";"0,0";"240"
"TAI AN";"01530";"2025-05-19 11:12:00";"-54,8103833333";"-68,2973833333";"0,0";"0"
"TAI AN";"01530";"2025-05-19 11:15:00";"-54,8103";"-68,2974166667";"0,0";"240"
"TAI AN";"01530";"2025-05-19 11:15:00";"-54,8102166667";"-68,2973833333";"0,0";"0"
"TAI AN";"01530";"2025-05-19 11:30:00";"-54,8103833333";"-68,2973833333";"0,0";"0"
"TAI AN";"01530";"2025-05-19 11:30:00";"-54,8102833333";"-68,2974166667";"0,0";"240"
"TAI AN";"01530";"2025-05-19 11:45:00";"-54,8103833333";"-68,29755";"0,0";"0"
"TAI AN";"01530";"2025-05-19 11:45:00";"-54,8102833333";"-68,2974333333";"0,0";"240"
"TAI AN";"01530";"2025-05-19 12:00:00";"-54,8102166667";"-68,2973833333";"0,0";"0"
"TAI AN";"01530";"2025-05-19 12:00:00";"-54,8103166667";"-68,2974333333";"0,0";"240"
"TAI AN";"01530";"2025-05-19 12:15:00";"-54,8103833333";"-68,2973833333";"0,0";"0"
"TAI AN";"01530";"2025-05-19 12:15:00";"-54,8102666667";"-68,2974";"0,0";"240"
"TAI AN";"01530";"2025-05-19 12:30:00";"-54,8102166667";"-68,29755";"0,0";"0"
"TAI AN";"01530";"2025-05-19 12:30:00";"-54,8102666667";"-68,2974333333";"0,0";"240"
"TAI AN";"01530";"2025-05-19 12:45:00";"-54,8103833333";"-68,2973833333";"0,0";"0"
"TAI AN";"01530";"2025-05-19 12:45:00";"-54,8103";"-68,2974";"0,0";"240"
"TAI AN";"01530";"2025-05-19 13:00:00";"-54,8103";"-68,2974";"0,0";"240"
"TAI AN";"01530";"2025-05-19 13:00:00";"-54,8103833333";"-68,2973833333";"0,0";"0"
"TAI AN";"01530";"2025-05-19 13:15:00";"-54,8103833333";"-68,2973833333";"0,0";"0"
"TAI AN";"01530";"2025-05-19 13:15:00";"-54,8103";"-68,2974";"0,0";"240"
"TAI AN";"01530";"2025-05-19 13:30:00";"-54,8103";"-68,2974";"0,0";"240"
"TAI AN";"01530";"2025-05-19 13:30:00";"-54,8102166667";"-68,2973833333";"0,0";"0"
"TAI AN";"01530";"2025-05-19 13:45:00";"-54,8103833333";"-68,2973833333";"0,0";"0"
"TAI AN";"01530";"2025-05-19 13:45:00";"-54,8103";"-68,2974";"0,0";"240"
"TAI AN";"01530";"2025-05-19 14:00:00";"-54,8102166667";"-68,2973833333";"0,0";"0"
"TAI AN";"01530";"2025-05-19 14:00:00";"-54,8103166667";"-68,2974";"0,0";"240"
"TAI AN";"01530";"2025-05-19 14:15:00";"-54,8103833333";"-68,29755";"0,0";"0"
"TAI AN";"01530";"2025-05-19 14:15:00";"-54,8103166667";"-68,2973833333";"0,0";"240"
"TAI AN";"01530";"2025-05-19 14:30:00";"-54,8103";"-68,2974";"0,0";"240"
"TAI AN";"01530";"2025-05-19 14:30:00";"-54,8103833333";"-68,29755";"0,0";"0"
"TAI AN";"01530";"2025-05-19 14:45:00";"-54,8103833333";"-68,2973833333";"0,0";"0"
"TAI AN";"01530";"2025-05-19 14:45:00";"-54,8102666667";"-68,2973833333";"0,0";"240"
"TAI AN";"01530";"2025-05-19 15:00:00";"-54,8103833333";"-68,2973833333";"0,0";"0"
"TAI AN";"01530";"2025-05-19 15:00:00";"-54,8103";"-68,2974166667";"0,0";"240"
"TAI AN";"01530";"2025-05-19 15:15:00";"-54,8103833333";"-68,29755";"0,0";"0"
"TAI AN";"01530";"2025-05-19 15:15:00";"-54,8102833333";"-68,2974";"0,0";"240"
"TAI AN";"01530";"2025-05-19 15:30:00";"-54,8103833333";"-68,2973833333";"0,0";"0"
"TAI AN";"01530";"2025-05-19 15:30:00";"-54,8102666667";"-68,2974";"0,0";"240"
"TAI AN";"01530";"2025-05-19 15:45:00";"-54,8103833333";"-68,2973833333";"0,0";"0"
"TAI AN";"01530";"2025-05-19 15:45:00";"-54,8102833333";"-68,2974";"0,0";"240"
"TAI AN";"01530";"2025-05-19 16:00:00";"-54,8103";"-68,2974";"0,0";"240"
"TAI AN";"01530";"2025-05-19 16:00:00";"-54,8103833333";"-68,29755";"0,0";"0"
"TAI AN";"01530";"2025-05-19 16:15:00";"-54,8103833333";"-68,2973833333";"0,0";"0"
"TAI AN";"01530";"2025-05-19 16:15:00";"-54,8102833333";"-68,2974";"0,0";"240"
"TAI AN";"01530";"2025-05-19 16:30:00";"-54,8103833333";"-68,2973833333";"0,0";"0"
"TAI AN";"01530";"2025-05-19 16:30:00";"-54,8102666667";"-68,2974333333";"0,0";"240"
"TAI AN";"01530";"2025-05-19 16:45:00";"-54,8102166667";"-68,2973833333";"0,0";"0"
"TAI AN";"01530";"2025-05-19 17:00:00";"-54,8103833333";"-68,29755";"0,0";"0"
"TAI AN";"01530";"2025-05-19 17:15:00";"-54,8102666667";"-68,2973833333";"0,0";"240"
"TAI AN";"01530";"2025-05-19 17:15:00";"-54,8103833333";"-68,2973833333";"0,0";"0"
"TAI AN";"01530";"2025-05-19 17:30:00";"-54,8102666667";"-68,2973833333";"0,0";"240"
"TAI AN";"01530";"2025-05-19 17:30:00";"-54,8103833333";"-68,2973833333";"0,0";"0"
"TAI AN";"01530";"2025-05-19 17:45:00";"-54,8103833333";"-68,29755";"0,0";"0"
"TAI AN";"01530";"2025-05-19 17:45:00";"-54,8103";"-68,2973833333";"0,0";"240"
"TAI AN";"01530";"2025-05-19 18:00:00";"-54,8103833333";"-68,2973833333";"0,0";"0"
"TAI AN";"01530";"2025-05-19 18:15:00";"-54,81025";"-68,2974";"0,0";"240"
"TAI AN";"01530";"2025-05-19 18:15:00";"-54,8103833333";"-68,2973833333";"0,0";"0"
"TAI AN";"01530";"2025-05-19 18:30:00";"-54,8103833333";"-68,29755";"0,0";"0"
"TAI AN";"01530";"2025-05-19 18:30:00";"-54,8102666667";"-68,2974";"0,0";"240"
"TAI AN";"01530";"2025-05-19 18:45:00";"-54,8103833333";"-68,2973833333";"0,0";"0"
"TAI AN";"01530";"2025-05-19 18:45:00";"-54,8102666667";"-68,2973833333";"0,0";"240"
"TAI AN";"01530";"2025-05-19 19:00:00";"-54,8103833333";"-68,29755";"0,0";"0"
"TAI AN";"01530";"2025-05-19 19:00:00";"-54,8102666667";"-68,2974166667";"0,0";"240"
"TAI AN";"01530";"2025-05-19 19:15:00";"-54,8102666667";"-68,2973833333";"0,0";"240"
"TAI AN";"01530";"2025-05-19 19:15:00";"-54,8103833333";"-68,29755";"0,0";"0"
"TAI AN";"01530";"2025-05-19 19:30:00";"-54,8102666667";"-68,2974";"0,0";"240"
"TAI AN";"01530";"2025-05-19 19:30:00";"-54,8103833333";"-68,2973833333";"0,0";"0"
"TAI AN";"01530";"2025-05-19 19:45:00";"-54,8103833333";"-68,29755";"0,0";"0"
"TAI AN";"01530";"2025-05-19 19:45:00";"-54,8102666667";"-68,2974166667";"0,0";"240"
"TAI AN";"01530";"2025-05-19 20:00:00";"-54,8103833333";"-68,29755";"0,0";"0"
"TAI AN";"01530";"2025-05-19 20:00:00";"-54,8102666667";"-68,2974166667";"0,0";"240"
"TAI AN";"01530";"2025-05-19 20:15:00";"-54,8103833333";"-68,29755";"0,0";"0"
"TAI AN";"01530";"2025-05-19 20:15:00";"-54,81025";"-68,2974";"0,0";"240"
"TAI AN";"01530";"2025-05-19 20:30:00";"-54,8102166667";"-68,29755";"0,0";"0"
"TAI AN";"01530";"2025-05-19 20:30:00";"-54,81025";"-68,2974166667";"0,0";"240"
"TAI AN";"01530";"2025-05-19 20:45:00";"-54,81025";"-68,2974";"0,0";"240"
"TAI AN";"01530";"2025-05-19 20:45:00";"-54,8103833333";"-68,29755";"0,0";"0"
"TAI AN";"01530";"2025-05-19 20:59:00";"-54,81025";"-68,2974333333";"0,0";"240"
"TAI AN";"01530";"2025-05-19 21:00:00";"-54,8103833333";"-68,2973833333";"0,1";"0"
"TAI AN";"01530";"2025-05-19 21:14:00";"-54,8102666667";"-68,2974166667";"0,0";"240"
"TAI AN";"01530";"2025-05-19 21:15:00";"-54,8103833333";"-68,29755";"0,0";"0"
"TAI AN";"01530";"2025-05-19 21:29:00";"-54,8102833333";"-68,2974";"0,0";"240"
"TAI AN";"01530";"2025-05-19 21:30:00";"-54,8103833333";"-68,2973833333";"0,0";"0"
"TAI AN";"01530";"2025-05-19 21:44:00";"-54,8103";"-68,2974";"0,0";"240"
"TAI AN";"01530";"2025-05-19 21:45:00";"-54,8103833333";"-68,29755";"0,0";"0"
"TAI AN";"01530";"2025-05-19 21:59:00";"-54,8102833333";"-68,2974";"0,0";"240"
"TAI AN";"01530";"2025-05-19 22:00:00";"-54,8103833333";"-68,29755";"0,0";"0"
"TAI AN";"01530";"2025-05-19 22:14:00";"-54,8103";"-68,2974";"0,0";"240"
"TAI AN";"01530";"2025-05-19 22:15:00";"-54,8102166667";"-68,2973833333";"0,0";"0"
"TAI AN";"01530";"2025-05-19 22:29:00";"-54,8102833333";"-68,2974";"0,0";"240"
"TAI AN";"01530";"2025-05-19 22:30:00";"-54,8103833333";"-68,29755";"0,0";"0"
"TAI AN";"01530";"2025-05-19 22:44:00";"-54,8102833333";"-68,2974";"0,0";"240"
"TAI AN";"01530";"2025-05-19 22:45:00";"-54,8103833333";"-68,2973833333";"0,1";"0"
"TAI AN";"01530";"2025-05-19 22:59:00";"-54,8102666667";"-68,2974333333";"0,0";"240"
"TAI AN";"01530";"2025-05-19 23:00:00";"-54,8102166667";"-68,2973833333";"0,0";"0"
"TAI AN";"01530";"2025-05-19 23:14:00";"-54,8103";"-68,2974166667";"0,0";"128"
"TAI AN";"01530";"2025-05-19 23:15:00";"-54,8102166667";"-68,2973833333";"0,1";"0"
"TAI AN";"01530";"2025-05-19 23:29:00";"-54,8103166667";"-68,2974166667";"0,0";"128"
"TAI AN";"01530";"2025-05-19 23:30:00";"-54,8102166667";"-68,2973833333";"0,0";"0"
"TAI AN";"01530";"2025-05-19 23:44:00";"-54,8103";"-68,2974166667";"0,0";"128"
"TAI AN";"01530";"2025-05-19 23:45:00";"-54,8103833333";"-68,29755";"0,0";"0"
"TAI AN";"01530";"2025-05-19 23:59:00";"-54,8102666667";"-68,2974";"0,0";"128"
"TAI AN";"01530";"2025-05-20 00:00:00";"-54,8103833333";"-68,2973833333";"0,1";"0"
"TAI AN";"01530";"2025-05-20 00:14:00";"-54,8103166667";"-68,2974";"0,0";"128"
"TAI AN";"01530";"2025-05-20 00:15:00";"-54,8103833333";"-68,29755";"0,1";"0"
"TAI AN";"01530";"2025-05-20 00:29:00";"-54,8103166667";"-68,2973833333";"0,0";"128"
"TAI AN";"01530";"2025-05-20 00:30:00";"-54,8103833333";"-68,29755";"0,0";"0"
"TAI AN";"01530";"2025-05-20 00:44:00";"-54,8102833333";"-68,2974166667";"0,0";"128"
"TAI AN";"01530";"2025-05-20 00:45:00";"-54,8103833333";"-68,29755";"0,0";"0"
"TAI AN";"01530";"2025-05-20 00:59:00";"-54,8102833333";"-68,2974";"0,0";"128"
"TAI AN";"01530";"2025-05-20 01:00:00";"-54,8103833333";"-68,29755";"0,0";"0"
"TAI AN";"01530";"2025-05-20 01:14:00";"-54,8102833333";"-68,2974166667";"0,0";"128"
"TAI AN";"01530";"2025-05-20 01:15:00";"-54,8103833333";"-68,29755";"0,0";"0"
"TAI AN";"01530";"2025-05-20 01:29:00";"-54,8102833333";"-68,2974";"0,0";"128"
"TAI AN";"01530";"2025-05-20 01:30:00";"-54,8103833333";"-68,2977166667";"0,0";"0"
"TAI AN";"01530";"2025-05-20 01:45:00";"-54,8103833333";"-68,29755";"0,0";"0"
"TAI AN";"01530";"2025-05-20 02:00:00";"-54,8103833333";"-68,29755";"0,0";"0"
"TAI AN";"01530";"2025-05-20 02:14:00";"-54,8103";"-68,2973833333";"0,0";"128"
"TAI AN";"01530";"2025-05-20 02:15:00";"-54,8103833333";"-68,29755";"0,1";"0"
"TAI AN";"01530";"2025-05-20 02:29:00";"-54,8103";"-68,2973833333";"0,0";"128"
"TAI AN";"01530";"2025-05-20 02:30:00";"-54,8103833333";"-68,2973833333";"0,0";"0"
"TAI AN";"01530";"2025-05-20 02:44:00";"-54,8103";"-68,2973833333";"0,0";"128"
"TAI AN";"01530";"2025-05-20 02:45:00";"-54,8103833333";"-68,2973833333";"0,0";"0"
"TAI AN";"01530";"2025-05-20 02:59:00";"-54,8103166667";"-68,2973833333";"0,0";"128"
"TAI AN";"01530";"2025-05-20 03:00:00";"-54,8103833333";"-68,29755";"0,0";"0"
"TAI AN";"01530";"2025-05-20 03:14:00";"-54,8103";"-68,2974";"0,0";"128"
"TAI AN";"01530";"2025-05-20 03:15:00";"-54,8103833333";"-68,2973833333";"0,0";"0"
"TAI AN";"01530";"2025-05-20 03:29:00";"-54,8102833333";"-68,2974";"0,0";"128"
"TAI AN";"01530";"2025-05-20 03:30:00";"-54,8103833333";"-68,2973833333";"0,0";"0"
"TAI AN";"01530";"2025-05-20 03:44:00";"-54,8103";"-68,2973833333";"0,0";"128"
"TAI AN";"01530";"2025-05-20 03:45:00";"-54,8103833333";"-68,2973833333";"0,0";"0"
"TAI AN";"01530";"2025-05-20 03:59:00";"-54,8103";"-68,2974166667";"0,0";"128"
"TAI AN";"01530";"2025-05-20 04:00:00";"-54,8103833333";"-68,29755";"0,0";"0"
"TAI AN";"01530";"2025-05-20 04:14:00";"-54,8102833333";"-68,2974166667";"0,0";"128"
"TAI AN";"01530";"2025-05-20 04:15:00";"-54,8103833333";"-68,29755";"0,0";"0"
"TAI AN";"01530";"2025-05-20 04:29:00";"-54,8103";"-68,2973833333";"0,0";"128"
"TAI AN";"01530";"2025-05-20 04:30:00";"-54,8103833333";"-68,2973833333";"0,0";"0"
"TAI AN";"01530";"2025-05-20 04:44:00";"-54,8103";"-68,2974";"0,0";"128"
"TAI AN";"01530";"2025-05-20 04:45:00";"-54,8103833333";"-68,2973833333";"0,0";"0"
"TAI AN";"01530";"2025-05-20 04:59:00";"-54,8102666667";"-68,2974";"0,0";"128"
"TAI AN";"01530";"2025-05-20 05:00:00";"-54,8103833333";"-68,2973833333";"0,0";"0"
"TAI AN";"01530";"2025-05-20 05:14:00";"-54,8103166667";"-68,2974";"0,0";"128"
"TAI AN";"01530";"2025-05-20 05:15:00";"-54,8103833333";"-68,2973833333";"0,0";"0"
"TAI AN";"01530";"2025-05-20 05:30:00";"-54,8103833333";"-68,29755";"0,0";"0"
"TAI AN";"01530";"2025-05-20 05:44:00";"-54,8102833333";"-68,2973666667";"0,0";"128"
"TAI AN";"01530";"2025-05-20 05:45:00";"-54,8103833333";"-68,2973833333";"0,0";"0"
"TAI AN";"01530";"2025-05-20 05:59:00";"-54,8102666667";"-68,2973833333";"0,0";"128"
"TAI AN";"01530";"2025-05-20 06:00:00";"-54,8103833333";"-68,2973833333";"0,0";"0"
"TAI AN";"01530";"2025-05-20 06:14:00";"-54,8102833333";"-68,2973833333";"0,0";"128"
"TAI AN";"01530";"2025-05-20 06:15:00";"-54,81055";"-68,29755";"0,0";"0"
"TAI AN";"01530";"2025-05-20 06:29:00";"-54,8102833333";"-68,2973833333";"0,0";"128"
"TAI AN";"01530";"2025-05-20 06:30:00";"-54,8103833333";"-68,2973833333";"0,0";"0"
"TAI AN";"01530";"2025-05-20 06:44:00";"-54,8102666667";"-68,2973833333";"0,0";"128"
"TAI AN";"01530";"2025-05-20 06:45:00";"-54,8103833333";"-68,2973833333";"0,0";"0"
"TAI AN";"01530";"2025-05-20 06:59:00";"-54,8102833333";"-68,2973833333";"0,0";"128"
"TAI AN";"01530";"2025-05-20 07:00:00";"-54,8103833333";"-68,29755";"0,0";"0"
"TAI AN";"01530";"2025-05-20 07:14:00";"-54,8102833333";"-68,2974";"0,0";"128"
"TAI AN";"01530";"2025-05-20 07:15:00";"-54,8103833333";"-68,2973833333";"0,0";"0"
"TAI AN";"01530";"2025-05-20 07:29:00";"-54,8102833333";"-68,2974";"0,0";"128"
"TAI AN";"01530";"2025-05-20 07:30:00";"-54,8103833333";"-68,2973833333";"0,0";"0"
"TAI AN";"01530";"2025-05-20 07:44:00";"-54,8102833333";"-68,2974166667";"0,0";"128"
"TAI AN";"01530";"2025-05-20 07:45:00";"-54,8103833333";"-68,2973833333";"0,0";"0"
"TAI AN";"01530";"2025-05-20 07:58:00";"-54,8103";"-68,2974166667";"0,0";"128"
"TAI AN";"01530";"2025-05-20 08:00:00";"-54,8103833333";"-68,2973833333";"0,0";"0"
"TAI AN";"01530";"2025-05-20 08:13:00";"-54,8102666667";"-68,2974";"0,0";"128"
"TAI AN";"01530";"2025-05-20 08:15:00";"-54,8103833333";"-68,2973833333";"0,0";"0"
"TAI AN";"01530";"2025-05-20 08:28:00";"-54,8102833333";"-68,2974";"0,0";"128"
"TAI AN";"01530";"2025-05-20 08:30:00";"-54,8103833333";"-68,2973833333";"0,0";"0"
"TAI AN";"01530";"2025-05-20 08:43:00";"-54,8102666667";"-68,2974166667";"0,0";"128"
"TAI AN";"01530";"2025-05-20 08:45:00";"-54,8103833333";"-68,29755";"0,0";"0"
"TAI AN";"01530";"2025-05-20 08:58:00";"-54,8103";"-68,2973833333";"0,0";"128"
"TAI AN";"01530";"2025-05-20 09:00:00";"-54,8103833333";"-68,2977166667";"0,0";"0"
"TAI AN";"01530";"2025-05-20 09:13:00";"-54,8103";"-68,29735";"0,0";"128"
"TAI AN";"01530";"2025-05-20 09:15:00";"-54,8103833333";"-68,2973833333";"0,0";"0"
"TAI AN";"01530";"2025-05-20 09:28:00";"-54,8103";"-68,2974166667";"0,0";"128"
"TAI AN";"01530";"2025-05-20 09:30:00";"-54,8103833333";"-68,2973833333";"0,0";"0"
"TAI AN";"01530";"2025-05-20 09:43:00";"-54,8103166667";"-68,2973833333";"0,0";"128"
"TAI AN";"01530";"2025-05-20 09:45:00";"-54,8103833333";"-68,2973833333";"0,0";"0"
"TAI AN";"01530";"2025-05-20 09:58:00";"-54,8103166667";"-68,2974";"0,0";"128"
"TAI AN";"01530";"2025-05-20 10:00:00";"-54,8103833333";"-68,2973833333";"0,0";"0"
"TAI AN";"01530";"2025-05-20 10:13:00";"-54,8103";"-68,2974166667";"0,0";"128"
"TAI AN";"01530";"2025-05-20 10:15:00";"-54,8103833333";"-68,29755";"0,0";"0"
"TAI AN";"01530";"2025-05-20 10:28:00";"-54,8102833333";"-68,2974166667";"0,0";"128"
"TAI AN";"01530";"2025-05-20 10:30:00";"-54,8103833333";"-68,2973833333";"0,0";"0"
"TAI AN";"01530";"2025-05-20 10:43:00";"-54,8103";"-68,2974333333";"0,0";"128"
"TAI AN";"01530";"2025-05-20 10:45:00";"-54,8103833333";"-68,2973833333";"0,0";"0"
"TAI AN";"01530";"2025-05-20 10:58:00";"-54,8103166667";"-68,2974";"0,0";"128"
"TAI AN";"01530";"2025-05-20 11:00:00";"-54,8103833333";"-68,2973833333";"0,0";"0"
"TAI AN";"01530";"2025-05-20 11:13:00";"-54,8102833333";"-68,2974166667";"0,0";"128"
"TAI AN";"01530";"2025-05-20 11:15:00";"-54,8103833333";"-68,2973833333";"0,0";"0"
"TAI AN";"01530";"2025-05-20 11:28:00";"-54,8103";"-68,2974166667";"0,0";"128"
"TAI AN";"01530";"2025-05-20 11:30:00";"-54,8103833333";"-68,2973833333";"0,0";"0"
"TAI AN";"01530";"2025-05-20 11:43:00";"-54,8102833333";"-68,2974166667";"0,0";"128"
"TAI AN";"01530";"2025-05-20 11:45:00";"-54,8103833333";"-68,2973833333";"0,0";"0"
"TAI AN";"01530";"2025-05-20 11:58:00";"-54,8103166667";"-68,2974166667";"0,0";"128"
"TAI AN";"01530";"2025-05-20 12:00:00";"-54,8103833333";"-68,2973833333";"0,0";"0"
"TAI AN";"01530";"2025-05-20 12:13:00";"-54,8103";"-68,2974333333";"0,0";"128"
"TAI AN";"01530";"2025-05-20 12:15:00";"-54,8103833333";"-68,29755";"0,0";"0"
"TAI AN";"01530";"2025-05-20 12:28:00";"-54,8103";"-68,2974";"0,0";"128"
"TAI AN";"01530";"2025-05-20 12:30:00";"-54,8103833333";"-68,2973833333";"0,0";"0"
"TAI AN";"01530";"2025-05-20 12:43:00";"-54,8102833333";"-68,2974166667";"0,0";"128"
"TAI AN";"01530";"2025-05-20 12:45:00";"-54,8103833333";"-68,2973833333";"0,0";"0"
"TAI AN";"01530";"2025-05-20 12:58:00";"-54,8103";"-68,2974333333";"0,0";"128"
"TAI AN";"01530";"2025-05-20 13:00:00";"-54,8103833333";"-68,2973833333";"0,0";"0"
"TAI AN";"01530";"2025-05-20 13:13:00";"-54,8103";"-68,2974166667";"0,0";"128"
"TAI AN";"01530";"2025-05-20 13:15:00";"-54,8103833333";"-68,2973833333";"0,0";"0"
"TAI AN";"01530";"2025-05-20 13:28:00";"-54,8103";"-68,2973833333";"0,0";"128"
"TAI AN";"01530";"2025-05-20 13:30:00";"-54,8103833333";"-68,2978833333";"0,0";"0"
"TAI AN";"01530";"2025-05-20 13:43:00";"-54,8103";"-68,2973666667";"0,0";"128"
"TAI AN";"01530";"2025-05-20 13:45:00";"-54,8103833333";"-68,2973833333";"0,0";"0"
"TAI AN";"01530";"2025-05-20 13:58:00";"-54,8103166667";"-68,2973666667";"0,0";"128"
"TAI AN";"01530";"2025-05-20 14:00:00";"-54,8103833333";"-68,2977166667";"0,0";"0"
"TAI AN";"01530";"2025-05-20 14:13:00";"-54,8103";"-68,29745";"0,0";"128"
"TAI AN";"01530";"2025-05-20 14:15:00";"-54,81005";"-68,2973833333";"0,0";"0"
"TAI AN";"01530";"2025-05-20 14:28:00";"-54,8103";"-68,2974";"0,0";"128"
"TAI AN";"01530";"2025-05-20 14:30:00";"-54,8103833333";"-68,2978833333";"0,0";"0"
"TAI AN";"01530";"2025-05-20 14:43:00";"-54,8102833333";"-68,2974";"0,0";"128"
"TAI AN";"01530";"2025-05-20 14:45:00";"-54,8103833333";"-68,2978833333";"0,0";"0"
"TAI AN";"01530";"2025-05-20 14:58:00";"-54,81025";"-68,2974";"0,0";"128"
"TAI AN";"01530";"2025-05-20 15:00:00";"-54,8103833333";"-68,2973833333";"0,0";"0"
"TAI AN";"01530";"2025-05-20 15:13:00";"-54,8102833333";"-68,2974";"0,0";"128"
"TAI AN";"01530";"2025-05-20 15:15:00";"-54,8103833333";"-68,2973833333";"0,0";"0"
"TAI AN";"01530";"2025-05-20 15:28:00";"-54,8102666667";"-68,2974333333";"0,0";"128"
"TAI AN";"01530";"2025-05-20 15:30:00";"-54,8103833333";"-68,2973833333";"0,0";"0"
"TAI AN";"01530";"2025-05-20 15:45:00";"-54,8103833333";"-68,2973833333";"0,0";"0"
"TAI AN";"01530";"2025-05-20 15:58:00";"-54,8102666667";"-68,2974333333";"0,0";"128"
"TAI AN";"01530";"2025-05-20 16:00:00";"-54,8103833333";"-68,2973833333";"0,0";"0"
"TAI AN";"01530";"2025-05-20 16:13:00";"-54,8102833333";"-68,2974166667";"0,0";"128"
"TAI AN";"01530";"2025-05-20 16:15:00";"-54,8103833333";"-68,29755";"0,0";"0"
"TAI AN";"01530";"2025-05-20 16:28:00";"-54,8102666667";"-68,2974166667";"0,0";"128"
"TAI AN";"01530";"2025-05-20 16:30:00";"-54,8103833333";"-68,2973833333";"0,0";"0"
"TAI AN";"01530";"2025-05-20 16:45:00";"-54,8102166667";"-68,29755";"0,0";"0"
"TAI AN";"01530";"2025-05-20 16:58:00";"-54,8102833333";"-68,2974";"0,0";"128"
"TAI AN";"01530";"2025-05-20 17:00:00";"-54,8103833333";"-68,2973833333";"0,0";"0"
"TAI AN";"01530";"2025-05-20 17:13:00";"-54,8102833333";"-68,2974";"0,0";"128"
"TAI AN";"01530";"2025-05-20 17:15:00";"-54,8102166667";"-68,2973833333";"0,0";"0"
"TAI AN";"01530";"2025-05-20 17:28:00";"-54,8102666667";"-68,2974";"0,0";"128"
"TAI AN";"01530";"2025-05-20 17:30:00";"-54,8103833333";"-68,2973833333";"0,0";"0"
"TAI AN";"01530";"2025-05-20 17:43:00";"-54,8102833333";"-68,2974";"0,0";"128"
"TAI AN";"01530";"2025-05-20 17:45:00";"-54,8103833333";"-68,2973833333";"0,1";"0"
"TAI AN";"01530";"2025-05-20 17:58:00";"-54,8102833333";"-68,2974";"0,0";"128"
"TAI AN";"01530";"2025-05-20 18:00:00";"-54,8103833333";"-68,2973833333";"0,0";"0"
"TAI AN";"01530";"2025-05-20 18:13:00";"-54,8102833333";"-68,2973833333";"0,0";"128"
"TAI AN";"01530";"2025-05-20 18:15:00";"-54,8103833333";"-68,29755";"0,0";"0"
"TAI AN";"01530";"2025-05-20 18:28:00";"-54,81025";"-68,2974166667";"0,0";"128"
"TAI AN";"01530";"2025-05-20 18:30:00";"-54,8103833333";"-68,29755";"0,0";"0"
"TAI AN";"01530";"2025-05-20 18:43:00";"-54,8102333333";"-68,2974166667";"0,0";"128"
"TAI AN";"01530";"2025-05-20 18:45:00";"-54,8103833333";"-68,2977166667";"0,0";"0"
"TAI AN";"01530";"2025-05-20 18:57:00";"-54,81025";"-68,2974166667";"0,0";"128"
"TAI AN";"01530";"2025-05-20 19:00:00";"-54,8103833333";"-68,2973833333";"0,0";"0"
"TAI AN";"01530";"2025-05-20 19:12:00";"-54,8102666667";"-68,2974";"0,0";"128"
"TAI AN";"01530";"2025-05-20 19:15:00";"-54,8103833333";"-68,2973833333";"0,0";"0"
"TAI AN";"01530";"2025-05-20 19:30:00";"-54,8103833333";"-68,2973833333";"0,0";"0"
"TAI AN";"01530";"2025-05-20 19:42:00";"-54,8102666667";"-68,2974";"0,0";"128"
"TAI AN";"01530";"2025-05-20 19:45:00";"-54,8103833333";"-68,29755";"0,0";"0"
"TAI AN";"01530";"2025-05-20 19:57:00";"-54,8102666667";"-68,2974166667";"0,0";"128"
"TAI AN";"01530";"2025-05-20 20:00:00";"-54,8103833333";"-68,29755";"0,0";"0"
"TAI AN";"01530";"2025-05-20 20:12:00";"-54,81025";"-68,2974333333";"0,0";"128"
"TAI AN";"01530";"2025-05-20 20:15:00";"-54,8102166667";"-68,29755";"0,0";"0"
"TAI AN";"01530";"2025-05-20 20:27:00";"-54,81025";"-68,2974166667";"0,0";"128"
"TAI AN";"01530";"2025-05-20 20:30:00";"-54,8102166667";"-68,29755";"0,0";"0"
"TAI AN";"01530";"2025-05-20 20:42:00";"-54,81025";"-68,2974166667";"0,0";"128"
"TAI AN";"01530";"2025-05-20 20:45:00";"-54,81055";"-68,2977166667";"0,0";"0"
"TAI AN";"01530";"2025-05-20 20:57:00";"-54,81025";"-68,2974166667";"0,0";"128"
"TAI AN";"01530";"2025-05-20 21:00:00";"-54,8102166667";"-68,29755";"0,1";"0"
"TAI AN";"01530";"2025-05-20 21:12:00";"-54,81025";"-68,2974166667";"0,0";"128"
"TAI AN";"01530";"2025-05-20 21:15:00";"-54,8103833333";"-68,29755";"0,0";"0"
"TAI AN";"01530";"2025-05-20 21:27:00";"-54,8102833333";"-68,2974";"0,0";"128"
"TAI AN";"01530";"2025-05-20 21:30:00";"-54,8103833333";"-68,29755";"0,0";"0"
"TAI AN";"01530";"2025-05-20 21:42:00";"-54,8102833333";"-68,2974166667";"0,0";"128"
"TAI AN";"01530";"2025-05-20 21:45:00";"-54,8102166667";"-68,29755";"0,0";"0"
"TAI AN";"01530";"2025-05-20 21:57:00";"-54,8102666667";"-68,2974";"0,0";"128"
"TAI AN";"01530";"2025-05-20 22:00:00";"-54,8103833333";"-68,2973833333";"0,0";"0"
"TAI AN";"01530";"2025-05-20 22:12:00";"-54,8102666667";"-68,2974166667";"0,0";"128"
"TAI AN";"01530";"2025-05-20 22:15:00";"-54,8102166667";"-68,29755";"0,0";"0"
"TAI AN";"01530";"2025-05-20 22:27:00";"-54,8102666667";"-68,2974166667";"0,0";"128"
"TAI AN";"01530";"2025-05-20 22:30:00";"-54,8102166667";"-68,2973833333";"0,0";"0"
"TAI AN";"01530";"2025-05-20 22:42:00";"-54,8102666667";"-68,2974166667";"0,0";"128"
"TAI AN";"01530";"2025-05-20 22:45:00";"-54,8103833333";"-68,29755";"0,0";"0"
"TAI AN";"01530";"2025-05-20 22:57:00";"-54,8102833333";"-68,2974";"0,0";"128"
"TAI AN";"01530";"2025-05-20 23:00:00";"-54,8103833333";"-68,29755";"0,0";"0"
"TAI AN";"01530";"2025-05-20 23:12:00";"-54,8103";"-68,2974333333";"0,0";"128"
"TAI AN";"01530";"2025-05-20 23:15:00";"-54,8102166667";"-68,2973833333";"0,0";"0"
"TAI AN";"01530";"2025-05-20 23:27:00";"-54,8103";"-68,2974";"0,0";"128"
"TAI AN";"01530";"2025-05-20 23:30:00";"-54,8103833333";"-68,2973833333";"0,0";"0"
"TAI AN";"01530";"2025-05-20 23:42:00";"-54,8103";"-68,2974";"0,0";"158"
"TAI AN";"01530";"2025-05-20 23:45:00";"-54,8103833333";"-68,29755";"0,0";"0"
"TAI AN";"01530";"2025-05-20 23:57:00";"-54,8103166667";"-68,2973833333";"0,0";"62"
