"Buque";"Matricula";"Fecha";"Latitud";"Longitud";"Velocidad";"Rumbo"
"UR ERTZA";"6508";"2025-11-03 00:11:00";"-38,0463333333";"-57,5386666667";"0,0";"285"
"UR ERTZA";"6508";"2025-11-03 00:26:00";"-38,0463333333";"-57,5386666667";"0,0";"285"
"UR ERTZA";"6508";"2025-11-03 00:41:00";"-38,0463333333";"-57,5386666667";"0,0";"285"
"UR ERTZA";"6508";"2025-11-03 00:56:00";"-38,0463333333";"-57,5386666667";"0,0";"285"
"UR ERTZA";"6508";"2025-11-03 01:11:00";"-38,0463333333";"-57,5386666667";"0,0";"285"
"UR ERTZA";"6508";"2025-11-03 01:26:00";"-38,0463333333";"-57,5386666667";"0,0";"285"
"UR ERTZA";"6508";"2025-11-03 01:41:00";"-38,0463333333";"-57,5386666667";"0,0";"285"
"UR ERTZA";"6508";"2025-11-03 01:56:00";"-38,0463333333";"-57,5386666667";"0,0";"285"
"UR ERTZA";"6508";"2025-11-03 02:11:00";"-38,0463333333";"-57,5386666667";"0,0";"240"
"UR ERTZA";"6508";"2025-11-03 02:26:00";"-38,0463333333";"-57,5386666667";"0,0";"240"
"UR ERTZA";"6508";"2025-11-03 02:41:00";"-38,0463333333";"-57,5386666667";"0,0";"240"
"UR ERTZA";"6508";"2025-11-03 02:56:00";"-38,0463333333";"-57,5386666667";"0,0";"240"
"UR ERTZA";"6508";"2025-11-03 03:11:00";"-38,0463333333";"-57,5386666667";"0,0";"240"
"UR ERTZA";"6508";"2025-11-03 03:26:00";"-38,0463333333";"-57,5386666667";"0,0";"240"
"UR ERTZA";"6508";"2025-11-03 03:41:00";"-38,0463333333";"-57,5386666667";"0,0";"240"
"UR ERTZA";"6508";"2025-11-03 03:56:00";"-38,0463333333";"-57,5386666667";"0,0";"240"
"UR ERTZA";"6508";"2025-11-03 04:11:00";"-38,0463333333";"-57,5386666667";"0,0";"240"
"UR ERTZA";"6508";"2025-11-03 04:26:00";"-38,0463333333";"-57,5386666667";"0,0";"240"
"UR ERTZA";"6508";"2025-11-03 04:41:00";"-38,0463333333";"-57,5386666667";"0,0";"240"
"UR ERTZA";"6508";"2025-11-03 04:56:00";"-38,0463333333";"-57,5386666667";"0,0";"240"
"UR ERTZA";"6508";"2025-11-03 05:11:00";"-38,0463333333";"-57,5386666667";"0,0";"240"
"UR ERTZA";"6508";"2025-11-03 05:26:00";"-38,0463333333";"-57,5386666667";"0,0";"240"
"UR ERTZA";"6508";"2025-11-03 05:41:00";"-38,0463333333";"-57,5386666667";"0,0";"240"
"UR ERTZA";"6508";"2025-11-03 05:56:00";"-38,0463333333";"-57,5386666667";"0,0";"340"
"UR ERTZA";"6508";"2025-11-03 06:11:00";"-38,0463333333";"-57,5386666667";"0,0";"345"
"UR ERTZA";"6508";"2025-11-03 06:26:00";"-38,0463333333";"-57,5386666667";"0,0";"345"
"UR ERTZA";"6508";"2025-11-03 06:41:00";"-38,0463333333";"-57,5386666667";"0,0";"345"
"UR ERTZA";"6508";"2025-11-03 06:56:00";"-38,0463333333";"-57,5386666667";"0,0";"345"
"UR ERTZA";"6508";"2025-11-03 07:11:00";"-38,0463333333";"-57,5386666667";"0,0";"345"
"UR ERTZA";"6508";"2025-11-03 07:26:00";"-38,0463333333";"-57,5386666667";"0,0";"345"
"UR ERTZA";"6508";"2025-11-03 07:41:00";"-38,0463333333";"-57,5386666667";"0,0";"345"
"UR ERTZA";"6508";"2025-11-03 07:57:00";"-38,0463333333";"-57,5386666667";"0,0";"345"
"UR ERTZA";"6508";"2025-11-03 08:12:00";"-38,0463333333";"-57,5386666667";"0,0";"20"
"UR ERTZA";"6508";"2025-11-03 08:27:00";"-38,0463333333";"-57,5386666667";"0,0";"20"
"UR ERTZA";"6508";"2025-11-03 08:42:00";"-38,0463333333";"-57,5386666667";"0,0";"20"
"UR ERTZA";"6508";"2025-11-03 08:57:00";"-38,0463333333";"-57,5386666667";"0,0";"20"
"UR ERTZA";"6508";"2025-11-03 09:11:00";"-38,0463333333";"-57,5386666667";"0,0";"20"
"UR ERTZA";"6508";"2025-11-03 09:27:00";"-38,0463333333";"-57,5386666667";"0,0";"20"
"UR ERTZA";"6508";"2025-11-03 09:42:00";"-38,0463333333";"-57,5386666667";"0,0";"20"
"UR ERTZA";"6508";"2025-11-03 09:57:00";"-38,0463333333";"-57,5386666667";"0,0";"20"
"UR ERTZA";"6508";"2025-11-03 10:12:00";"-38,0463333333";"-57,5386666667";"0,0";"20"
"UR ERTZA";"6508";"2025-11-03 10:26:00";"-38,0463333333";"-57,5386666667";"0,0";"20"
"UR ERTZA";"6508";"2025-11-03 10:42:00";"-38,0463333333";"-57,5386666667";"0,0";"20"
"UR ERTZA";"6508";"2025-11-03 10:56:00";"-38,0463333333";"-57,5386666667";"0,0";"20"
"UR ERTZA";"6508";"2025-11-03 11:12:00";"-38,0463333333";"-57,5386666667";"0,0";"20"
"UR ERTZA";"6508";"2025-11-03 11:27:00";"-38,0463333333";"-57,5386666667";"0,0";"20"
"UR ERTZA";"6508";"2025-11-03 11:42:00";"-38,0463333333";"-57,5386666667";"0,0";"20"
"UR ERTZA";"6508";"2025-11-03 11:57:00";"-38,0463333333";"-57,5386666667";"0,0";"20"
"UR ERTZA";"6508";"2025-11-03 12:12:00";"-38,0463333333";"-57,5386666667";"0,0";"20"
"UR ERTZA";"6508";"2025-11-03 12:27:00";"-38,0463333333";"-57,5386666667";"0,0";"20"
"UR ERTZA";"6508";"2025-11-03 12:42:00";"-38,0463333333";"-57,5386666667";"0,0";"20"
"UR ERTZA";"6508";"2025-11-03 12:57:00";"-38,0463333333";"-57,5386666667";"0,0";"20"
"UR ERTZA";"6508";"2025-11-03 13:12:00";"-38,0463333333";"-57,5386666667";"0,0";"170"
"UR ERTZA";"6508";"2025-11-03 13:27:00";"-38,0463333333";"-57,5386666667";"0,0";"100"
"UR ERTZA";"6508";"2025-11-03 13:42:00";"-38,0463333333";"-57,5386666667";"0,0";"100"
"UR ERTZA";"6508";"2025-11-03 13:57:00";"-38,0463333333";"-57,5386666667";"0,0";"100"
"UR ERTZA";"6508";"2025-11-03 14:12:00";"-38,0463333333";"-57,5386666667";"0,0";"100"
"UR ERTZA";"6508";"2025-11-03 14:27:00";"-38,0463333333";"-57,5386666667";"0,0";"100"
"UR ERTZA";"6508";"2025-11-03 14:42:00";"-38,0463333333";"-57,5386666667";"0,0";"100"
"UR ERTZA";"6508";"2025-11-03 14:57:00";"-38,0463333333";"-57,5386666667";"0,0";"100"
"UR ERTZA";"6508";"2025-11-03 15:12:00";"-38,0463333333";"-57,5386666667";"0,0";"100"
"UR ERTZA";"6508";"2025-11-03 15:27:00";"-38,0463333333";"-57,5386666667";"0,0";"100"
"UR ERTZA";"6508";"2025-11-03 15:42:00";"-38,0463333333";"-57,5386666667";"0,0";"100"
"UR ERTZA";"6508";"2025-11-03 15:57:00";"-38,0463333333";"-57,5386666667";"0,0";"100"
"UR ERTZA";"6508";"2025-11-03 16:12:00";"-38,0463333333";"-57,5386666667";"0,0";"100"
"UR ERTZA";"6508";"2025-11-03 16:27:00";"-38,0463333333";"-57,5386666667";"0,0";"100"
"UR ERTZA";"6508";"2025-11-03 16:42:00";"-38,0463333333";"-57,5386666667";"0,0";"100"
"UR ERTZA";"6508";"2025-11-03 16:57:00";"-38,0463333333";"-57,5386666667";"0,0";"100"
"UR ERTZA";"6508";"2025-11-03 17:12:00";"-38,0463333333";"-57,5386666667";"0,0";"100"
"UR ERTZA";"6508";"2025-11-03 17:27:00";"-38,0463333333";"-57,5386666667";"0,0";"100"
"UR ERTZA";"6508";"2025-11-03 17:42:00";"-38,0463333333";"-57,5386666667";"0,0";"100"
"UR ERTZA";"6508";"2025-11-03 17:57:00";"-38,0463333333";"-57,5386666667";"0,0";"100"
"UR ERTZA";"6508";"2025-11-03 18:12:00";"-38,0463333333";"-57,5386666667";"0,0";"100"
"UR ERTZA";"6508";"2025-11-03 18:27:00";"-38,0463333333";"-57,5386666667";"0,0";"100"
"UR ERTZA";"6508";"2025-11-03 18:42:00";"-38,0463333333";"-57,5386666667";"0,0";"100"
"UR ERTZA";"6508";"2025-11-03 18:57:00";"-38,0463333333";"-57,5386666667";"0,0";"100"
"UR ERTZA";"6508";"2025-11-03 19:12:00";"-38,0463333333";"-57,5386666667";"0,0";"100"
"UR ERTZA";"6508";"2025-11-03 19:27:00";"-38,0463333333";"-57,5386666667";"0,0";"100"
"UR ERTZA";"6508";"2025-11-03 19:42:00";"-38,0463333333";"-57,5386666667";"0,0";"100"
"UR ERTZA";"6508";"2025-11-03 19:57:00";"-38,0463333333";"-57,5386666667";"0,0";"100"
"UR ERTZA";"6508";"2025-11-03 20:12:00";"-38,0463333333";"-57,5386666667";"0,0";"100"
"UR ERTZA";"6508";"2025-11-03 20:27:00";"-38,0463333333";"-57,5386666667";"0,0";"100"
"UR ERTZA";"6508";"2025-11-03 20:42:00";"-38,0463333333";"-57,5386666667";"0,0";"100"
"UR ERTZA";"6508";"2025-11-03 20:57:00";"-38,0463333333";"-57,5386666667";"0,0";"100"
"UR ERTZA";"6508";"2025-11-03 21:12:00";"-38,0463333333";"-57,5386666667";"0,0";"100"
"UR ERTZA";"6508";"2025-11-03 21:27:00";"-38,0463333333";"-57,5386666667";"0,0";"100"
"UR ERTZA";"6508";"2025-11-03 21:42:00";"-38,0463333333";"-57,5386666667";"0,0";"100"
"UR ERTZA";"6508";"2025-11-03 21:57:00";"-38,0463333333";"-57,5386666667";"0,0";"100"
"UR ERTZA";"6508";"2025-11-03 22:12:00";"-38,0463333333";"-57,5386666667";"0,0";"100"
"UR ERTZA";"6508";"2025-11-03 22:27:00";"-38,0463333333";"-57,5386666667";"0,0";"100"
"UR ERTZA";"6508";"2025-11-03 22:42:00";"-38,0463333333";"-57,5386666667";"0,0";"100"
"UR ERTZA";"6508";"2025-11-03 22:57:00";"-38,0463333333";"-57,5386666667";"0,0";"100"
"UR ERTZA";"6508";"2025-11-03 23:12:00";"-38,0463333333";"-57,5386666667";"0,0";"100"
"UR ERTZA";"6508";"2025-11-03 23:27:00";"-38,0446666667";"-57,5353333333";"0,5";"110"
"UR ERTZA";"6508";"2025-11-03 23:42:00";"-38,0391666667";"-57,5078333333";"9,2";"175"
"UR ERTZA";"6508";"2025-11-03 23:57:00";"-38,0796666667";"-57,51";"9,2";"175"
"UR ERTZA";"6508";"2025-11-04 00:12:00";"-38,1196666667";"-57,5136666667";"9,2";"185"
"UR ERTZA";"6508";"2025-11-04 00:27:00";"-38,1541666667";"-57,5366666667";"9,2";"210"
"UR ERTZA";"6508";"2025-11-04 00:42:00";"-38,187";"-57,5645";"9,2";"210"
"UR ERTZA";"6508";"2025-11-04 00:57:00";"-38,2211666667";"-57,5916666667";"10,3";"210"
"UR ERTZA";"6508";"2025-11-04 01:12:00";"-38,258";"-57,6213333333";"9,7";"210"
"UR ERTZA";"6508";"2025-11-04 01:27:00";"-38,2933333333";"-57,6525";"10,8";"215"
"UR ERTZA";"6508";"2025-11-04 01:42:00";"-38,3283333333";"-57,685";"10,3";"215"
"UR ERTZA";"6508";"2025-11-04 01:57:00";"-38,3663333333";"-57,7188333333";"10,8";"210"
"UR ERTZA";"6508";"2025-11-04 02:12:00";"-38,405";"-57,752";"11,3";"210"
"UR ERTZA";"6508";"2025-11-04 02:27:00";"-38,4436666667";"-57,7846666667";"10,8";"210"
"UR ERTZA";"6508";"2025-11-04 02:42:00";"-38,4821666667";"-57,8175";"10,8";"215"
"UR ERTZA";"6508";"2025-11-04 02:57:00";"-38,5208333333";"-57,8503333333";"10,8";"215"
"UR ERTZA";"6508";"2025-11-04 03:12:00";"-38,5595";"-57,883";"10,3";"210"
"UR ERTZA";"6508";"2025-11-04 03:27:00";"-38,5975";"-57,9161666667";"10,3";"215"
"UR ERTZA";"6508";"2025-11-04 03:42:00";"-38,6358333333";"-57,9488333333";"10,8";"210"
"UR ERTZA";"6508";"2025-11-04 03:57:00";"-38,6738333333";"-57,9811666667";"9,7";"215"
"UR ERTZA";"6508";"2025-11-04 04:12:00";"-38,7125";"-58,0133333333";"11,3";"210"
"UR ERTZA";"6508";"2025-11-04 04:27:00";"-38,7508333333";"-58,0461666667";"10,8";"210"
"UR ERTZA";"6508";"2025-11-04 04:42:00";"-38,7891666667";"-58,0788333333";"10,3";"210"
"UR ERTZA";"6508";"2025-11-04 04:57:00";"-38,8271666667";"-58,1116666667";"10,3";"210"
"UR ERTZA";"6508";"2025-11-04 05:12:00";"-38,8655";"-58,1441666667";"11,3";"215"
"UR ERTZA";"6508";"2025-11-04 05:27:00";"-38,9036666667";"-58,1766666667";"10,8";"210"
"UR ERTZA";"6508";"2025-11-04 05:42:00";"-38,942";"-58,2086666667";"10,8";"210"
"UR ERTZA";"6508";"2025-11-04 05:57:00";"-38,98";"-58,2408333333";"10,8";"215"
"UR ERTZA";"6508";"2025-11-04 06:12:00";"-39,018";"-58,2721666667";"10,8";"215"
"UR ERTZA";"6508";"2025-11-04 06:27:00";"-39,0555";"-58,3036666667";"10,8";"210"
"UR ERTZA";"6508";"2025-11-04 06:42:00";"-39,0938333333";"-58,3346666667";"10,3";"210"
"UR ERTZA";"6508";"2025-11-04 06:57:00";"-39,1308333333";"-58,3671666667";"10,8";"215"
"UR ERTZA";"6508";"2025-11-04 07:12:00";"-39,1675";"-58,3996666667";"10,8";"210"
"UR ERTZA";"6508";"2025-11-04 07:27:00";"-39,2046666667";"-58,4316666667";"10,3";"210"
"UR ERTZA";"6508";"2025-11-04 07:42:00";"-39,242";"-58,4625";"10,8";"210"
"UR ERTZA";"6508";"2025-11-04 07:57:00";"-39,2796666667";"-58,493";"10,3";"210"
"UR ERTZA";"6508";"2025-11-04 08:12:00";"-39,3171666667";"-58,523";"10,8";"205"
"UR ERTZA";"6508";"2025-11-04 08:27:00";"-39,3545";"-58,5538333333";"9,7";"215"
"UR ERTZA";"6508";"2025-11-04 08:42:00";"-39,3913333333";"-58,5853333333";"10,8";"210"
"UR ERTZA";"6508";"2025-11-04 08:57:00";"-39,4278333333";"-58,6166666667";"9,7";"215"
"UR ERTZA";"6508";"2025-11-04 09:12:00";"-39,4645";"-58,6488333333";"10,8";"210"
"UR ERTZA";"6508";"2025-11-04 09:27:00";"-39,5005";"-58,682";"10,3";"215"
"UR ERTZA";"6508";"2025-11-04 09:42:00";"-39,5353333333";"-58,7178333333";"10,3";"215"
"UR ERTZA";"6508";"2025-11-04 09:57:00";"-39,5696666667";"-58,7538333333";"9,2";"220"
"UR ERTZA";"6508";"2025-11-04 10:12:00";"-39,6033333333";"-58,7903333333";"10,3";"215"
"UR ERTZA";"6508";"2025-11-04 10:27:00";"-39,637";"-58,8266666667";"10,3";"220"
"UR ERTZA";"6508";"2025-11-04 10:42:00";"-39,6705";"-58,8633333333";"10,3";"215"
"UR ERTZA";"6508";"2025-11-04 10:57:00";"-39,7038333333";"-58,8995";"9,7";"215"
"UR ERTZA";"6508";"2025-11-04 11:12:00";"-39,738";"-58,935";"9,7";"215"
"UR ERTZA";"6508";"2025-11-04 11:27:00";"-39,772";"-58,9711666667";"10,3";"220"
"UR ERTZA";"6508";"2025-11-04 11:42:00";"-39,8058333333";"-59,0071666667";"10,3";"215"
"UR ERTZA";"6508";"2025-11-04 11:57:00";"-39,84";"-59,0428333333";"9,7";"215"
"UR ERTZA";"6508";"2025-11-07 06:13:00";"-41,9533333333";"-61,0155";"7,0";"265"
"UR ERTZA";"6508";"2025-11-07 06:28:00";"-41,9546666667";"-61,0546666667";"6,5";"270"
"UR ERTZA";"6508";"2025-11-07 06:43:00";"-41,957";"-61,0938333333";"7,0";"265"
"UR ERTZA";"6508";"2025-11-07 06:58:00";"-41,957";"-61,133";"6,5";"265"
"UR ERTZA";"6508";"2025-11-07 07:13:00";"-41,9561666667";"-61,1725";"7,0";"265"
"UR ERTZA";"6508";"2025-11-07 07:28:00";"-41,955";"-61,2158333333";"8,1";"265"
"UR ERTZA";"6508";"2025-11-07 07:43:00";"-41,9541666667";"-61,262";"8,1";"270"
"UR ERTZA";"6508";"2025-11-07 07:58:00";"-41,9538333333";"-61,3011666667";"4,3";"260"
"UR ERTZA";"6508";"2025-11-07 08:13:00";"-41,9536666667";"-61,3255";"2,2";"65"
"UR ERTZA";"6508";"2025-11-07 08:28:00";"-41,9555";"-61,2966666667";"5,9";"90"
"UR ERTZA";"6508";"2025-11-07 08:43:00";"-41,957";"-61,2658333333";"3,8";"110"
"UR ERTZA";"6508";"2025-11-07 08:58:00";"-41,9575";"-61,2416666667";"4,3";"80"
"UR ERTZA";"6508";"2025-11-07 09:13:00";"-41,9571666667";"-61,2175";"4,3";"95"
"UR ERTZA";"6508";"2025-11-07 09:28:00";"-41,9575";"-61,1933333333";"4,3";"90"
"UR ERTZA";"6508";"2025-11-07 09:43:00";"-41,9575";"-61,1695";"3,8";"80"
"UR ERTZA";"6508";"2025-11-07 09:58:00";"-41,9583333333";"-61,1453333333";"4,3";"90"
"UR ERTZA";"6508";"2025-11-07 10:13:00";"-41,9578333333";"-61,1213333333";"3,8";"90"
"UR ERTZA";"6508";"2025-11-07 10:28:00";"-41,958";"-61,0978333333";"4,3";"85"
"UR ERTZA";"6508";"2025-11-07 10:43:00";"-41,958";"-61,0745";"4,3";"95"
"UR ERTZA";"6508";"2025-11-07 10:58:00";"-41,958";"-61,0513333333";"3,8";"95"
"UR ERTZA";"6508";"2025-11-07 11:13:00";"-41,958";"-61,0286666667";"3,8";"85"
"UR ERTZA";"6508";"2025-11-07 11:28:00";"-41,958";"-61,0058333333";"3,8";"85"
"UR ERTZA";"6508";"2025-11-07 11:43:00";"-41,9558333333";"-61,002";"1,6";"40"
"UR ERTZA";"6508";"2025-11-07 11:58:00";"-41,9571666667";"-61,0446666667";"11,3";"265"
"UR ERTZA";"6508";"2025-11-07 12:13:00";"-41,9595";"-61,0305";"4,9";"85"
"UR ERTZA";"6508";"2025-11-07 12:28:00";"-41,9596666667";"-61,0053333333";"3,8";"95"
"UR ERTZA";"6508";"2025-11-07 12:43:00";"-41,96";"-60,982";"3,8";"85"
"UR ERTZA";"6508";"2025-11-07 12:58:00";"-41,9605";"-60,9588333333";"3,8";"85"
"UR ERTZA";"6508";"2025-11-07 13:13:00";"-41,96";"-60,9358333333";"3,8";"95"
"UR ERTZA";"6508";"2025-11-07 13:28:00";"-41,9603333333";"-60,9125";"4,3";"80"
"UR ERTZA";"6508";"2025-11-07 13:43:00";"-41,9596666667";"-60,8895";"3,2";"85"
"UR ERTZA";"6508";"2025-11-07 13:58:00";"-41,9591666667";"-60,8658333333";"3,8";"70"
"UR ERTZA";"6508";"2025-11-07 14:13:00";"-41,9591666667";"-60,8421666667";"3,8";"95"
"UR ERTZA";"6508";"2025-11-07 14:28:00";"-41,9591666667";"-60,8183333333";"3,8";"85"
"UR ERTZA";"6508";"2025-11-07 14:43:00";"-41,9588333333";"-60,7941666667";"4,3";"85"
"UR ERTZA";"6508";"2025-11-07 14:58:00";"-41,9591666667";"-60,77";"4,3";"90"
"UR ERTZA";"6508";"2025-11-07 15:13:00";"-41,9588333333";"-60,7455";"3,8";"85"
"UR ERTZA";"6508";"2025-11-07 15:28:00";"-41,9588333333";"-60,7208333333";"3,8";"90"
"UR ERTZA";"6508";"2025-11-07 15:43:00";"-41,957";"-60,7103333333";"1,1";"20"
"UR ERTZA";"6508";"2025-11-07 15:58:00";"-41,9575";"-60,7296666667";"10,3";"260"
"UR ERTZA";"6508";"2025-11-07 16:13:00";"-41,9605";"-60,7371666667";"6,5";"85"
"UR ERTZA";"6508";"2025-11-07 16:28:00";"-41,9613333333";"-60,707";"4,3";"100"
"UR ERTZA";"6508";"2025-11-07 16:43:00";"-41,9633333333";"-60,6816666667";"4,3";"100"
"UR ERTZA";"6508";"2025-11-07 16:58:00";"-41,963";"-60,6563333333";"4,3";"85"
"UR ERTZA";"6508";"2025-11-07 17:13:00";"-41,9628333333";"-60,6311666667";"4,3";"90"
"UR ERTZA";"6508";"2025-11-07 17:28:00";"-41,9625";"-60,6058333333";"4,3";"85"
"UR ERTZA";"6508";"2025-11-07 17:43:00";"-41,9621666667";"-60,5805";"4,3";"90"
"UR ERTZA";"6508";"2025-11-07 17:58:00";"-41,9621666667";"-60,5558333333";"4,3";"90"
"UR ERTZA";"6508";"2025-11-07 18:13:00";"-41,9621666667";"-60,5311666667";"3,8";"90"
"UR ERTZA";"6508";"2025-11-07 18:28:00";"-41,9621666667";"-60,5061666667";"4,3";"80"
"UR ERTZA";"6508";"2025-11-07 18:43:00";"-41,9621666667";"-60,4813333333";"4,3";"90"
"UR ERTZA";"6508";"2025-11-07 18:58:00";"-41,9625";"-60,4561666667";"4,9";"90"
"UR ERTZA";"6508";"2025-11-07 19:13:00";"-41,962";"-60,4313333333";"3,8";"85"
"UR ERTZA";"6508";"2025-11-07 19:28:00";"-41,9611666667";"-60,4133333333";"1,1";"355"
"UR ERTZA";"6508";"2025-11-07 19:43:00";"-41,9541666667";"-60,4105";"9,7";"265"
"UR ERTZA";"6508";"2025-11-07 19:58:00";"-41,9608333333";"-60,4646666667";"7,0";"255"
"UR ERTZA";"6508";"2025-11-07 20:13:00";"-41,9616666667";"-60,4375";"5,9";"95"
"UR ERTZA";"6508";"2025-11-07 20:28:00";"-41,962";"-60,4108333333";"3,8";"90"
"UR ERTZA";"6508";"2025-11-07 20:43:00";"-41,962";"-60,3858333333";"3,8";"85"
"UR ERTZA";"6508";"2025-11-07 20:58:00";"-41,9621666667";"-60,3613333333";"3,8";"100"
"UR ERTZA";"6508";"2025-11-07 21:13:00";"-41,962";"-60,3371666667";"3,8";"95"
"UR ERTZA";"6508";"2025-11-07 21:28:00";"-41,962";"-60,313";"3,8";"90"
"UR ERTZA";"6508";"2025-11-07 21:43:00";"-41,962";"-60,2891666667";"3,8";"75"
"UR ERTZA";"6508";"2025-11-07 21:58:00";"-41,962";"-60,2658333333";"4,3";"90"
"UR ERTZA";"6508";"2025-11-07 22:13:00";"-41,9625";"-60,2425";"4,3";"80"
"UR ERTZA";"6508";"2025-11-07 22:28:00";"-41,9625";"-60,2191666667";"4,3";"95"
"UR ERTZA";"6508";"2025-11-07 22:43:00";"-41,9628333333";"-60,1958333333";"3,8";"90"
"UR ERTZA";"6508";"2025-11-07 22:58:00";"-41,963";"-60,173";"4,3";"100"
"UR ERTZA";"6508";"2025-11-07 23:13:00";"-41,9625";"-60,1503333333";"3,8";"80"
"UR ERTZA";"6508";"2025-11-07 23:28:00";"-41,9621666667";"-60,1271666667";"3,8";"90"
"UR ERTZA";"6508";"2025-11-07 23:43:00";"-41,9586666667";"-60,12";"1,1";"0"
"UR ERTZA";"6508";"2025-11-07 23:58:00";"-41,9533333333";"-60,1128333333";"4,9";"90"
"UR ERTZA";"6508";"2025-11-08 00:13:00";"-41,9566666667";"-60,0828333333";"5,4";"95"
"UR ERTZA";"6508";"2025-11-08 00:28:00";"-41,9591666667";"-60,0521666667";"5,4";"85"
"UR ERTZA";"6508";"2025-11-08 00:43:00";"-41,9688333333";"-60,0696666667";"5,4";"230"
"UR ERTZA";"6508";"2025-11-08 00:58:00";"-41,9805";"-60,0963333333";"5,4";"245"
"UR ERTZA";"6508";"2025-11-08 01:13:00";"-41,9838333333";"-60,1295";"5,4";"265"
"UR ERTZA";"6508";"2025-11-08 01:28:00";"-41,9845";"-60,1633333333";"5,9";"270"
"UR ERTZA";"6508";"2025-11-08 01:43:00";"-41,9813333333";"-60,1975";"5,9";"275"
"UR ERTZA";"6508";"2025-11-08 01:58:00";"-41,9795";"-60,2316666667";"5,9";"265"
"UR ERTZA";"6508";"2025-11-08 02:13:00";"-41,9778333333";"-60,2655";"5,9";"275"
"UR ERTZA";"6508";"2025-11-08 02:28:00";"-41,9733333333";"-60,2825";"4,3";"80"
"UR ERTZA";"6508";"2025-11-08 02:43:00";"-41,9713333333";"-60,2591666667";"4,3";"80"
"UR ERTZA";"6508";"2025-11-08 02:58:00";"-41,9716666667";"-60,2346666667";"4,9";"90"
"UR ERTZA";"6508";"2025-11-08 03:13:00";"-41,9705";"-60,21";"4,3";"75"
"UR ERTZA";"6508";"2025-11-08 03:28:00";"-41,9716666667";"-60,1853333333";"4,3";"85"
"UR ERTZA";"6508";"2025-11-08 03:43:00";"-41,9721666667";"-60,1591666667";"4,9";"90"
"UR ERTZA";"6508";"2025-11-08 03:58:00";"-41,9728333333";"-60,1321666667";"4,3";"90"
"UR ERTZA";"6508";"2025-11-08 04:13:00";"-41,968";"-60,1075";"4,3";"15"
"UR ERTZA";"6508";"2025-11-08 04:28:00";"-41,947";"-60,0975";"4,9";"350"
"UR ERTZA";"6508";"2025-11-08 04:43:00";"-41,93";"-60,1038333333";"5,4";"250"
"UR ERTZA";"6508";"2025-11-08 04:58:00";"-41,9395";"-60,1305";"4,9";"250"
"UR ERTZA";"6508";"2025-11-08 05:13:00";"-41,9466666667";"-60,1583333333";"4,9";"265"
"UR ERTZA";"6508";"2025-11-08 05:28:00";"-41,9441666667";"-60,188";"5,4";"285"
"UR ERTZA";"6508";"2025-11-08 05:43:00";"-41,9433333333";"-60,2263333333";"8,1";"275"
"UR ERTZA";"6508";"2025-11-08 05:58:00";"-41,9445";"-60,2711666667";"8,1";"235"
"UR ERTZA";"6508";"2025-11-08 06:13:00";"-41,9545";"-60,2288333333";"10,8";"100"
"UR ERTZA";"6508";"2025-11-08 06:28:00";"-41,9653333333";"-60,1711666667";"10,3";"100"
"UR ERTZA";"6508";"2025-11-08 06:43:00";"-41,9683333333";"-60,1188333333";"7,6";"85"
"UR ERTZA";"6508";"2025-11-08 06:58:00";"-41,9675";"-60,0858333333";"5,9";"90"
"UR ERTZA";"6508";"2025-11-08 07:13:00";"-41,9688333333";"-60,0603333333";"2,7";"265"
"UR ERTZA";"6508";"2025-11-08 07:28:00";"-41,9695";"-60,0871666667";"5,4";"270"
"UR ERTZA";"6508";"2025-11-08 07:43:00";"-41,9703333333";"-60,1075";"5,4";"75"
"UR ERTZA";"6508";"2025-11-08 07:58:00";"-41,9695";"-60,0688333333";"4,9";"90"
"UR ERTZA";"6508";"2025-11-08 08:13:00";"-41,9705";"-60,0413333333";"2,7";"295"
"UR ERTZA";"6508";"2025-11-08 08:28:00";"-41,9695";"-60,0633333333";"4,3";"270"
"UR ERTZA";"6508";"2025-11-08 08:43:00";"-41,9695";"-60,0936666667";"3,8";"265"
"UR ERTZA";"6508";"2025-11-08 08:58:00";"-41,9711666667";"-60,118";"4,3";"265"
"UR ERTZA";"6508";"2025-11-08 09:13:00";"-41,9711666667";"-60,143";"4,3";"270"
"UR ERTZA";"6508";"2025-11-08 09:28:00";"-41,9711666667";"-60,168";"4,3";"265"
"UR ERTZA";"6508";"2025-11-08 09:43:00";"-41,9711666667";"-60,1933333333";"3,8";"265"
"UR ERTZA";"6508";"2025-11-08 09:58:00";"-41,9711666667";"-60,2186666667";"4,3";"265"
"UR ERTZA";"6508";"2025-11-08 10:13:00";"-41,9711666667";"-60,2438333333";"4,3";"270"
"UR ERTZA";"6508";"2025-11-08 10:28:00";"-41,9713333333";"-60,2695";"4,3";"265"
"UR ERTZA";"6508";"2025-11-08 10:43:00";"-41,9713333333";"-60,2953333333";"3,8";"260"
"UR ERTZA";"6508";"2025-11-08 10:58:00";"-41,9711666667";"-60,3211666667";"4,3";"270"
"UR ERTZA";"6508";"2025-11-08 11:13:00";"-41,9711666667";"-60,3471666667";"4,3";"265"
"UR ERTZA";"6508";"2025-11-08 11:28:00";"-41,9711666667";"-60,3733333333";"4,3";"270"
"UR ERTZA";"6508";"2025-11-08 11:43:00";"-41,9708333333";"-60,3911666667";"1,6";"280"
"UR ERTZA";"6508";"2025-11-08 11:58:00";"-41,9675";"-60,3966666667";"9,2";"95"
"UR ERTZA";"6508";"2025-11-08 12:13:00";"-41,9716666667";"-60,3566666667";"5,9";"270"
"UR ERTZA";"6508";"2025-11-08 12:28:00";"-41,9713333333";"-60,3911666667";"4,9";"270"
"UR ERTZA";"6508";"2025-11-08 12:43:00";"-41,9716666667";"-60,4171666667";"4,3";"265"
"UR ERTZA";"6508";"2025-11-08 12:58:00";"-41,9728333333";"-60,4428333333";"4,3";"275"
"UR ERTZA";"6508";"2025-11-08 13:13:00";"-41,9728333333";"-60,4683333333";"4,3";"275"
"UR ERTZA";"6508";"2025-11-08 13:28:00";"-41,9728333333";"-60,4936666667";"3,8";"265"
"UR ERTZA";"6508";"2025-11-08 13:43:00";"-41,973";"-60,5186666667";"4,3";"265"
"UR ERTZA";"6508";"2025-11-08 13:58:00";"-41,973";"-60,5438333333";"4,3";"265"
"UR ERTZA";"6508";"2025-11-08 14:13:00";"-41,973";"-60,5688333333";"3,8";"265"
"UR ERTZA";"6508";"2025-11-08 14:28:00";"-41,973";"-60,5938333333";"3,8";"270"
"UR ERTZA";"6508";"2025-11-08 14:43:00";"-41,9733333333";"-60,6183333333";"3,8";"265"
"UR ERTZA";"6508";"2025-11-08 14:58:00";"-41,973";"-60,6433333333";"3,8";"270"
"UR ERTZA";"6508";"2025-11-08 15:13:00";"-41,973";"-60,668";"4,3";"260"
"UR ERTZA";"6508";"2025-11-08 15:28:00";"-41,9733333333";"-60,6928333333";"4,3";"260"
"UR ERTZA";"6508";"2025-11-08 15:43:00";"-41,9733333333";"-60,7038333333";"1,1";"265"
"UR ERTZA";"6508";"2025-11-08 15:58:00";"-41,9728333333";"-60,6833333333";"10,3";"90"
"UR ERTZA";"6508";"2025-11-08 16:13:00";"-41,9738333333";"-60,6905";"5,9";"265"
"UR ERTZA";"6508";"2025-11-08 16:28:00";"-41,9745";"-60,7186666667";"4,3";"265"
"UR ERTZA";"6508";"2025-11-08 16:43:00";"-41,975";"-60,7438333333";"4,3";"265"
"UR ERTZA";"6508";"2025-11-08 16:58:00";"-41,9753333333";"-60,7683333333";"4,3";"265"
"UR ERTZA";"6508";"2025-11-08 17:13:00";"-41,9753333333";"-60,7928333333";"4,3";"270"
"UR ERTZA";"6508";"2025-11-08 17:28:00";"-41,975";"-60,8163333333";"3,8";"265"
"UR ERTZA";"6508";"2025-11-08 17:43:00";"-41,975";"-60,84";"3,8";"265"
"UR ERTZA";"6508";"2025-11-08 17:58:00";"-41,975";"-60,863";"3,8";"270"
"UR ERTZA";"6508";"2025-11-08 18:13:00";"-41,9746666667";"-60,8863333333";"3,8";"260"
"UR ERTZA";"6508";"2025-11-08 18:28:00";"-41,975";"-60,9088333333";"3,8";"270"
"UR ERTZA";"6508";"2025-11-08 18:43:00";"-41,975";"-60,932";"3,8";"270"
"UR ERTZA";"6508";"2025-11-08 18:58:00";"-41,9753333333";"-60,9555";"3,8";"265"
"UR ERTZA";"6508";"2025-11-08 19:13:00";"-41,9753333333";"-60,9791666667";"4,3";"265"
"UR ERTZA";"6508";"2025-11-08 19:28:00";"-41,9746666667";"-61,0025";"3,8";"270"
"UR ERTZA";"6508";"2025-11-08 19:43:00";"-41,9761666667";"-61,0116666667";"0,0";"240"
"UR ERTZA";"6508";"2025-11-08 19:58:00";"-41,9775";"-60,9886666667";"10,8";"90"
"UR ERTZA";"6508";"2025-11-08 20:13:00";"-41,9761666667";"-60,9705";"4,9";"280"
"UR ERTZA";"6508";"2025-11-08 20:28:00";"-41,9761666667";"-60,9986666667";"3,8";"265"
"UR ERTZA";"6508";"2025-11-08 20:43:00";"-41,9758333333";"-61,023";"3,8";"275"
"UR ERTZA";"6508";"2025-11-08 20:58:00";"-41,9758333333";"-61,0471666667";"4,3";"265"
"UR ERTZA";"6508";"2025-11-08 21:13:00";"-41,9755";"-61,0713333333";"3,8";"270"
"UR ERTZA";"6508";"2025-11-08 21:28:00";"-41,9755";"-61,0958333333";"3,8";"265"
"UR ERTZA";"6508";"2025-11-08 21:43:00";"-41,9753333333";"-61,1203333333";"3,8";"265"
"UR ERTZA";"6508";"2025-11-08 21:58:00";"-41,975";"-61,145";"3,8";"270"
"UR ERTZA";"6508";"2025-11-08 22:13:00";"-41,975";"-61,1696666667";"3,8";"275"
"UR ERTZA";"6508";"2025-11-08 22:28:00";"-41,9745";"-61,1953333333";"4,3";"270"
"UR ERTZA";"6508";"2025-11-08 22:43:00";"-41,9745";"-61,2208333333";"4,3";"265"
"UR ERTZA";"6508";"2025-11-08 22:58:00";"-41,9741666667";"-61,2463333333";"4,3";"265"
"UR ERTZA";"6508";"2025-11-08 23:13:00";"-41,9741666667";"-61,2725";"4,3";"270"
"UR ERTZA";"6508";"2025-11-08 23:28:00";"-41,9741666667";"-61,2986666667";"4,3";"275"
"UR ERTZA";"6508";"2025-11-08 23:43:00";"-41,9728333333";"-61,3083333333";"2,7";"275"
"UR ERTZA";"6508";"2025-11-08 23:58:00";"-41,9733333333";"-61,2953333333";"8,1";"85"
"UR ERTZA";"6508";"2025-11-09 00:13:00";"-41,9738333333";"-61,2496666667";"7,6";"90"
"UR ERTZA";"6508";"2025-11-09 00:28:00";"-41,975";"-61,2045";"7,6";"90"
"UR ERTZA";"6508";"2025-11-09 00:43:00";"-41,9761666667";"-61,1678333333";"5,4";"90"
"UR ERTZA";"6508";"2025-11-09 00:58:00";"-41,9763333333";"-61,1366666667";"5,4";"90"
"UR ERTZA";"6508";"2025-11-09 01:13:00";"-41,9763333333";"-61,1061666667";"5,4";"90"
"UR ERTZA";"6508";"2025-11-09 01:28:00";"-41,9766666667";"-61,0758333333";"4,9";"90"
"UR ERTZA";"6508";"2025-11-09 01:43:00";"-41,9766666667";"-61,045";"5,4";"85"
"UR ERTZA";"6508";"2025-11-09 01:58:00";"-41,977";"-61,0153333333";"4,9";"85"
"UR ERTZA";"6508";"2025-11-09 02:13:00";"-41,977";"-60,9858333333";"4,9";"85"
"UR ERTZA";"6508";"2025-11-09 02:28:00";"-41,9766666667";"-60,9563333333";"5,4";"90"
"UR ERTZA";"6508";"2025-11-09 02:43:00";"-41,9758333333";"-60,9263333333";"5,4";"90"
"UR ERTZA";"6508";"2025-11-09 02:58:00";"-41,975";"-60,8958333333";"4,9";"90"
"UR ERTZA";"6508";"2025-11-09 03:13:00";"-41,9745";"-60,8653333333";"4,9";"85"
"UR ERTZA";"6508";"2025-11-09 03:28:00";"-41,9746666667";"-60,8341666667";"5,4";"90"
"UR ERTZA";"6508";"2025-11-09 03:43:00";"-41,9745";"-60,8028333333";"5,4";"90"
"UR ERTZA";"6508";"2025-11-09 03:58:00";"-41,9746666667";"-60,7705";"5,9";"85"
"UR ERTZA";"6508";"2025-11-09 04:13:00";"-41,9745";"-60,7383333333";"5,4";"90"
"UR ERTZA";"6508";"2025-11-09 04:28:00";"-41,9741666667";"-60,7058333333";"5,4";"90"
"UR ERTZA";"6508";"2025-11-09 04:43:00";"-41,9741666667";"-60,6721666667";"5,9";"85"
"UR ERTZA";"6508";"2025-11-09 04:58:00";"-41,9745";"-60,6386666667";"5,9";"85"
"UR ERTZA";"6508";"2025-11-09 05:13:00";"-41,9745";"-60,6345";"8,1";"270"
"UR ERTZA";"6508";"2025-11-09 05:28:00";"-41,9741666667";"-60,6821666667";"8,1";"270"
"UR ERTZA";"6508";"2025-11-09 05:43:00";"-41,9738333333";"-60,7228333333";"5,9";"265"
"UR ERTZA";"6508";"2025-11-09 05:58:00";"-41,9738333333";"-60,7571666667";"5,9";"265"
"UR ERTZA";"6508";"2025-11-09 06:13:00";"-41,9741666667";"-60,7916666667";"5,9";"265"
"UR ERTZA";"6508";"2025-11-09 06:28:00";"-41,9741666667";"-60,8255";"5,9";"265"
"UR ERTZA";"6508";"2025-11-09 06:44:00";"-41,9746666667";"-60,8596666667";"5,9";"265"
"UR ERTZA";"6508";"2025-11-09 06:59:00";"-41,975";"-60,893";"5,9";"265"
"UR ERTZA";"6508";"2025-11-09 07:14:00";"-41,9761666667";"-60,9266666667";"5,9";"265"
"UR ERTZA";"6508";"2025-11-09 07:28:00";"-41,9758333333";"-60,96";"5,9";"270"
"UR ERTZA";"6508";"2025-11-09 07:43:00";"-41,9755";"-60,9936666667";"5,9";"270"
"UR ERTZA";"6508";"2025-11-09 07:58:00";"-41,9758333333";"-61,0233333333";"3,8";"270"
"UR ERTZA";"6508";"2025-11-09 08:14:00";"-41,9766666667";"-61,0196666667";"3,8";"270"
"UR ERTZA";"6508";"2025-11-09 08:29:00";"-41,9766666667";"-61,0066666667";"5,9";"90"
"UR ERTZA";"6508";"2025-11-09 08:44:00";"-41,9775";"-60,9741666667";"4,3";"90"
"UR ERTZA";"6508";"2025-11-09 08:58:00";"-41,9771666667";"-60,9488333333";"4,3";"90"
"UR ERTZA";"6508";"2025-11-09 09:14:00";"-41,9775";"-60,9236666667";"4,3";"90"
"UR ERTZA";"6508";"2025-11-09 09:28:00";"-41,9775";"-60,8991666667";"3,8";"85"
"UR ERTZA";"6508";"2025-11-09 09:44:00";"-41,9775";"-60,8741666667";"3,8";"90"
"UR ERTZA";"6508";"2025-11-09 09:59:00";"-41,9775";"-60,8496666667";"3,8";"85"
"UR ERTZA";"6508";"2025-11-09 10:14:00";"-41,9771666667";"-60,8255";"3,8";"85"
"UR ERTZA";"6508";"2025-11-09 10:28:00";"-41,9771666667";"-60,8016666667";"3,8";"85"
"UR ERTZA";"6508";"2025-11-09 10:44:00";"-41,9771666667";"-60,7775";"3,8";"90"
"UR ERTZA";"6508";"2025-11-09 10:58:00";"-41,9771666667";"-60,7538333333";"3,8";"85"
"UR ERTZA";"6508";"2025-11-09 11:14:00";"-41,9771666667";"-60,7296666667";"3,8";"90"
"UR ERTZA";"6508";"2025-11-09 11:29:00";"-41,9771666667";"-60,7061666667";"3,8";"85"
"UR ERTZA";"6508";"2025-11-09 11:44:00";"-41,977";"-60,698";"2,7";"75"
"UR ERTZA";"6508";"2025-11-09 11:58:00";"-41,9763333333";"-60,728";"10,3";"270"
"UR ERTZA";"6508";"2025-11-09 12:14:00";"-41,978";"-60,707";"4,9";"90"
"UR ERTZA";"6508";"2025-11-09 12:29:00";"-41,9775";"-60,6805";"4,3";"90"
"UR ERTZA";"6508";"2025-11-09 12:44:00";"-41,978";"-60,6561666667";"3,8";"95"
"UR ERTZA";"6508";"2025-11-09 12:59:00";"-41,9788333333";"-60,632";"4,3";"85"
"UR ERTZA";"6508";"2025-11-09 13:14:00";"-41,9788333333";"-60,6078333333";"3,8";"90"
"UR ERTZA";"6508";"2025-11-09 13:29:00";"-41,9788333333";"-60,5838333333";"3,8";"85"
"UR ERTZA";"6508";"2025-11-09 13:44:00";"-41,9788333333";"-60,56";"4,3";"85"
"UR ERTZA";"6508";"2025-11-09 13:59:00";"-41,9791666667";"-60,5361666667";"3,8";"90"
"UR ERTZA";"6508";"2025-11-09 14:14:00";"-41,9786666667";"-60,5121666667";"3,8";"80"
"UR ERTZA";"6508";"2025-11-09 14:29:00";"-41,9788333333";"-60,4878333333";"4,3";"95"
"UR ERTZA";"6508";"2025-11-09 14:44:00";"-41,9788333333";"-60,4633333333";"4,3";"90"
"UR ERTZA";"6508";"2025-11-09 14:59:00";"-41,9791666667";"-60,4388333333";"4,3";"90"
"UR ERTZA";"6508";"2025-11-09 15:14:00";"-41,9791666667";"-60,4145";"4,3";"85"
"UR ERTZA";"6508";"2025-11-09 15:29:00";"-41,9791666667";"-60,3896666667";"4,3";"90"
"UR ERTZA";"6508";"2025-11-09 15:44:00";"-41,9795";"-60,365";"4,3";"90"
"UR ERTZA";"6508";"2025-11-09 15:59:00";"-41,9796666667";"-60,3528333333";"0,5";"105"
"UR ERTZA";"6508";"2025-11-09 16:14:00";"-41,9805";"-60,3741666667";"10,3";"265"
"UR ERTZA";"6508";"2025-11-09 16:29:00";"-41,9796666667";"-60,3795";"5,9";"90"
"UR ERTZA";"6508";"2025-11-09 16:44:00";"-41,98";"-60,3505";"4,3";"90"
"UR ERTZA";"6508";"2025-11-09 16:59:00";"-41,9803333333";"-60,3258333333";"4,3";"85"
"UR ERTZA";"6508";"2025-11-09 17:14:00";"-41,9803333333";"-60,3008333333";"4,3";"90"
"UR ERTZA";"6508";"2025-11-09 17:29:00";"-41,9803333333";"-60,2753333333";"4,3";"80"
"UR ERTZA";"6508";"2025-11-09 17:44:00";"-41,98";"-60,2495";"4,3";"90"
"UR ERTZA";"6508";"2025-11-09 17:59:00";"-41,98";"-60,2233333333";"4,3";"85"
"UR ERTZA";"6508";"2025-11-09 18:14:00";"-41,9803333333";"-60,1971666667";"4,3";"90"
"UR ERTZA";"6508";"2025-11-09 18:29:00";"-41,9803333333";"-60,1711666667";"4,3";"90"
"UR ERTZA";"6508";"2025-11-09 18:44:00";"-41,9805";"-60,1446666667";"4,3";"90"
"UR ERTZA";"6508";"2025-11-09 18:59:00";"-41,9805";"-60,1186666667";"4,3";"90"
"UR ERTZA";"6508";"2025-11-09 19:14:00";"-41,9808333333";"-60,0925";"4,3";"85"
"UR ERTZA";"6508";"2025-11-09 19:29:00";"-41,9808333333";"-60,0755";"1,1";"90"
"UR ERTZA";"6508";"2025-11-09 19:44:00";"-41,9825";"-60,063";"2,2";"35"
"UR ERTZA";"6508";"2025-11-09 19:59:00";"-41,968";"-60,0483333333";"5,9";"30"
"UR ERTZA";"6508";"2025-11-09 20:14:00";"-41,9488333333";"-60,0345";"3,8";"15"
"UR ERTZA";"6508";"2025-11-09 20:29:00";"-41,9311666667";"-60,0283333333";"3,8";"5"
"UR ERTZA";"6508";"2025-11-09 20:44:00";"-41,9128333333";"-60,0255";"4,3";"0"
"UR ERTZA";"6508";"2025-11-09 20:59:00";"-41,8945";"-60,0228333333";"4,3";"5"
"UR ERTZA";"6508";"2025-11-09 21:14:00";"-41,8761666667";"-60,0203333333";"4,3";"5"
"UR ERTZA";"6508";"2025-11-09 21:29:00";"-41,8575";"-60,0186666667";"4,3";"0"
"UR ERTZA";"6508";"2025-11-09 21:44:00";"-41,8391666667";"-60,0186666667";"4,3";"355"
"UR ERTZA";"6508";"2025-11-09 21:59:00";"-41,8205";"-60,0191666667";"4,3";"355"
"UR ERTZA";"6508";"2025-11-09 22:14:00";"-41,8021666667";"-60,0191666667";"3,8";"355"
"UR ERTZA";"6508";"2025-11-09 22:29:00";"-41,7836666667";"-60,0196666667";"4,3";"355"
"UR ERTZA";"6508";"2025-11-09 22:44:00";"-41,7646666667";"-60,0203333333";"4,3";"0"
"UR ERTZA";"6508";"2025-11-09 22:59:00";"-41,7458333333";"-60,0208333333";"4,3";"350"
"UR ERTZA";"6508";"2025-11-09 23:14:00";"-41,727";"-60,0221666667";"4,3";"355"
"UR ERTZA";"6508";"2025-11-09 23:29:00";"-41,7145";"-60,0213333333";"2,2";"25"
"UR ERTZA";"6508";"2025-11-09 23:44:00";"-41,7053333333";"-60,0188333333";"4,9";"220"
"UR ERTZA";"6508";"2025-11-09 23:59:00";"-41,7291666667";"-60,0353333333";"5,9";"205"
"UR ERTZA";"6508";"2025-11-10 00:14:00";"-41,753";"-60,0521666667";"6,5";"185"
"UR ERTZA";"6508";"2025-11-10 00:29:00";"-41,7811666667";"-60,057";"6,5";"190"
"UR ERTZA";"6508";"2025-11-10 00:44:00";"-41,8091666667";"-60,0588333333";"6,5";"175"
"UR ERTZA";"6508";"2025-11-10 00:59:00";"-41,8371666667";"-60,06";"6,5";"180"
"UR ERTZA";"6508";"2025-11-10 01:14:00";"-41,8655";"-60,0605";"6,5";"180"
"UR ERTZA";"6508";"2025-11-10 01:29:00";"-41,8941666667";"-60,062";"6,5";"175"
"UR ERTZA";"6508";"2025-11-10 01:44:00";"-41,922";"-60,0671666667";"6,5";"195"
"UR ERTZA";"6508";"2025-11-10 01:59:00";"-41,9413333333";"-60,0871666667";"7,0";"265"
"UR ERTZA";"6508";"2025-11-10 02:14:00";"-41,9425";"-60,1305";"7,6";"260"
"UR ERTZA";"6508";"2025-11-10 02:29:00";"-41,9455";"-60,1738333333";"7,0";"255"
"UR ERTZA";"6508";"2025-11-10 02:44:00";"-41,9528333333";"-60,2158333333";"7,6";"250"
"UR ERTZA";"6508";"2025-11-10 02:59:00";"-41,9675";"-60,2521666667";"7,0";"235"
"UR ERTZA";"6508";"2025-11-10 03:14:00";"-41,9825";"-60,2888333333";"7,6";"245"
"UR ERTZA";"6508";"2025-11-10 03:29:00";"-41,9875";"-60,3303333333";"7,6";"270"
"UR ERTZA";"6508";"2025-11-10 03:44:00";"-41,9878333333";"-60,3746666667";"7,6";"270"
"UR ERTZA";"6508";"2025-11-10 03:59:00";"-41,9875";"-60,4195";"7,6";"270"
"UR ERTZA";"6508";"2025-11-10 04:14:00";"-41,9875";"-60,4636666667";"7,6";"270"
"UR ERTZA";"6508";"2025-11-10 04:29:00";"-41,9863333333";"-60,5078333333";"7,6";"270"
"UR ERTZA";"6508";"2025-11-10 04:44:00";"-41,9875";"-60,5478333333";"6,5";"265"
"UR ERTZA";"6508";"2025-11-10 04:59:00";"-41,9878333333";"-60,587";"6,5";"265"
"UR ERTZA";"6508";"2025-11-10 05:14:00";"-41,9878333333";"-60,6258333333";"6,5";"265"
"UR ERTZA";"6508";"2025-11-10 05:29:00";"-41,988";"-60,6641666667";"6,5";"265"
"UR ERTZA";"6508";"2025-11-10 05:44:00";"-41,988";"-60,7028333333";"6,5";"265"
"UR ERTZA";"6508";"2025-11-10 05:59:00";"-41,9883333333";"-60,7411666667";"6,5";"270"
"UR ERTZA";"6508";"2025-11-10 06:14:00";"-41,9886666667";"-60,7795";"6,5";"265"
"UR ERTZA";"6508";"2025-11-10 06:29:00";"-41,9886666667";"-60,817";"6,5";"265"
"UR ERTZA";"6508";"2025-11-10 06:44:00";"-41,9888333333";"-60,8541666667";"6,5";"265"
"UR ERTZA";"6508";"2025-11-10 06:59:00";"-41,9895";"-60,8913333333";"6,5";"265"
"UR ERTZA";"6508";"2025-11-10 07:14:00";"-41,9895";"-60,9288333333";"6,5";"270"
"UR ERTZA";"6508";"2025-11-10 07:29:00";"-41,9896666667";"-60,9661666667";"6,5";"260"
"UR ERTZA";"6508";"2025-11-10 07:44:00";"-41,9903333333";"-61,0033333333";"6,5";"270"
"UR ERTZA";"6508";"2025-11-10 07:59:00";"-41,99";"-61,0496666667";"9,2";"270"
"UR ERTZA";"6508";"2025-11-10 08:14:00";"-41,99";"-61,0971666667";"6,5";"270"
"UR ERTZA";"6508";"2025-11-10 08:29:00";"-41,9903333333";"-61,0771666667";"6,5";"95"
"UR ERTZA";"6508";"2025-11-10 08:44:00";"-41,9908333333";"-61,0471666667";"4,3";"100"
"UR ERTZA";"6508";"2025-11-10 08:59:00";"-41,9903333333";"-61,022";"4,3";"80"
"UR ERTZA";"6508";"2025-11-10 09:14:00";"-41,9903333333";"-60,9961666667";"4,3";"95"
"UR ERTZA";"6508";"2025-11-10 09:29:00";"-41,9905";"-60,9705";"4,3";"75"
"UR ERTZA";"6508";"2025-11-10 09:44:00";"-41,99";"-60,9453333333";"4,3";"95"
"UR ERTZA";"6508";"2025-11-10 09:59:00";"-41,9903333333";"-60,92";"3,8";"80"
"UR ERTZA";"6508";"2025-11-10 10:14:00";"-41,9905";"-60,895";"4,3";"85"
"UR ERTZA";"6508";"2025-11-10 10:29:00";"-41,9903333333";"-60,87";"4,3";"95"
"UR ERTZA";"6508";"2025-11-10 10:44:00";"-41,9903333333";"-60,8455";"4,3";"80"
"UR ERTZA";"6508";"2025-11-10 10:59:00";"-41,9903333333";"-60,8211666667";"4,3";"85"
"UR ERTZA";"6508";"2025-11-10 11:14:00";"-41,99";"-60,7963333333";"3,8";"90"
"UR ERTZA";"6508";"2025-11-10 11:29:00";"-41,9905";"-60,772";"4,3";"75"
"UR ERTZA";"6508";"2025-11-10 11:44:00";"-41,9911666667";"-60,7638333333";"2,7";"100"
"UR ERTZA";"6508";"2025-11-10 11:59:00";"-41,9908333333";"-60,7958333333";"10,8";"260"
"UR ERTZA";"6508";"2025-11-10 12:14:00";"-41,9903333333";"-60,7855";"5,4";"80"
"UR ERTZA";"6508";"2025-11-10 12:29:00";"-41,9905";"-60,7591666667";"4,3";"95"
"UR ERTZA";"6508";"2025-11-10 12:44:00";"-41,9908333333";"-60,735";"3,8";"95"
"UR ERTZA";"6508";"2025-11-10 12:59:00";"-41,9913333333";"-60,7111666667";"3,8";"85"
"UR ERTZA";"6508";"2025-11-10 13:14:00";"-41,9913333333";"-60,6871666667";"4,3";"65"
"UR ERTZA";"6508";"2025-11-10 13:29:00";"-41,9911666667";"-60,6633333333";"3,8";"75"
"UR ERTZA";"6508";"2025-11-10 13:44:00";"-41,9913333333";"-60,6396666667";"3,8";"80"
"UR ERTZA";"6508";"2025-11-10 13:59:00";"-41,9913333333";"-60,6161666667";"4,3";"90"
"UR ERTZA";"6508";"2025-11-10 14:14:00";"-41,9913333333";"-60,593";"3,8";"75"
"UR ERTZA";"6508";"2025-11-10 14:29:00";"-41,9913333333";"-60,57";"3,8";"85"
"UR ERTZA";"6508";"2025-11-10 14:44:00";"-41,9913333333";"-60,547";"3,8";"90"
"UR ERTZA";"6508";"2025-11-10 14:59:00";"-41,9913333333";"-60,5241666667";"3,8";"90"
"UR ERTZA";"6508";"2025-11-10 15:14:00";"-41,9913333333";"-60,5011666667";"3,8";"80"
"UR ERTZA";"6508";"2025-11-10 15:29:00";"-41,9913333333";"-60,478";"3,8";"75"
"UR ERTZA";"6508";"2025-11-10 15:44:00";"-41,9953333333";"-60,4725";"3,2";"125"
"UR ERTZA";"6508";"2025-11-10 15:59:00";"-41,9963333333";"-60,5116666667";"5,9";"310"
"UR ERTZA";"6508";"2025-11-10 16:14:00";"-41,9955";"-60,485";"5,4";"90"
"UR ERTZA";"6508";"2025-11-10 16:29:00";"-41,9955";"-60,4595";"3,8";"75"
"UR ERTZA";"6508";"2025-11-10 16:44:00";"-41,9955";"-60,4353333333";"3,8";"85"
"UR ERTZA";"6508";"2025-11-10 16:59:00";"-41,9953333333";"-60,4108333333";"4,3";"90"
"UR ERTZA";"6508";"2025-11-10 17:14:00";"-41,9953333333";"-60,3863333333";"3,8";"80"
"UR ERTZA";"6508";"2025-11-10 17:29:00";"-41,995";"-60,3613333333";"4,3";"90"
"UR ERTZA";"6508";"2025-11-10 17:44:00";"-41,9953333333";"-60,3361666667";"4,3";"85"
"UR ERTZA";"6508";"2025-11-10 17:59:00";"-41,995";"-60,3111666667";"4,3";"100"
"UR ERTZA";"6508";"2025-11-10 18:14:00";"-41,995";"-60,2858333333";"4,3";"90"
"UR ERTZA";"6508";"2025-11-10 18:29:00";"-41,9955";"-60,2605";"4,3";"90"
"UR ERTZA";"6508";"2025-11-10 18:44:00";"-41,9958333333";"-60,2353333333";"4,3";"85"
"UR ERTZA";"6508";"2025-11-10 18:59:00";"-41,9958333333";"-60,2095";"4,3";"100"
"UR ERTZA";"6508";"2025-11-10 19:14:00";"-41,9953333333";"-60,1838333333";"4,3";"85"
"UR ERTZA";"6508";"2025-11-10 19:29:00";"-41,9916666667";"-60,1588333333";"4,3";"60"
"UR ERTZA";"6508";"2025-11-10 19:44:00";"-41,9886666667";"-60,1436666667";"2,2";"75"
"UR ERTZA";"6508";"2025-11-10 19:59:00";"-41,9896666667";"-60,122";"10,8";"105"
"UR ERTZA";"6508";"2025-11-10 20:14:00";"-41,9888333333";"-60,0786666667";"4,3";"30"
"UR ERTZA";"6508";"2025-11-10 20:29:00";"-41,9716666667";"-60,057";"4,3";"40"
"UR ERTZA";"6508";"2025-11-10 20:44:00";"-41,958";"-60,0391666667";"4,3";"35"
"UR ERTZA";"6508";"2025-11-10 20:59:00";"-41,942";"-60,0266666667";"4,3";"30"
"UR ERTZA";"6508";"2025-11-10 21:14:00";"-41,9246666667";"-60,0188333333";"4,3";"10"
"UR ERTZA";"6508";"2025-11-10 21:29:00";"-41,9058333333";"-60,0178333333";"4,3";"0"
"UR ERTZA";"6508";"2025-11-10 21:44:00";"-41,8871666667";"-60,0178333333";"4,3";"10"
"UR ERTZA";"6508";"2025-11-10 21:59:00";"-41,8683333333";"-60,0171666667";"4,3";"355"
"UR ERTZA";"6508";"2025-11-10 22:14:00";"-41,8496666667";"-60,0175";"4,3";"0"
"UR ERTZA";"6508";"2025-11-10 22:29:00";"-41,8311666667";"-60,0175";"4,3";"350"
"UR ERTZA";"6508";"2025-11-10 22:44:00";"-41,8125";"-60,0171666667";"4,3";"0"
"UR ERTZA";"6508";"2025-11-10 22:59:00";"-41,7941666667";"-60,0178333333";"4,3";"350"
"UR ERTZA";"6508";"2025-11-10 23:14:00";"-41,7755";"-60,0178333333";"4,3";"5"
"UR ERTZA";"6508";"2025-11-10 23:29:00";"-41,7575";"-60,0178333333";"0,5";"20"
"UR ERTZA";"6508";"2025-11-10 23:44:00";"-41,7521666667";"-60,0178333333";"2,7";"355"
"UR ERTZA";"6508";"2025-11-10 23:59:00";"-41,7336666667";"-60,02";"8,1";"355"
"UR ERTZA";"6508";"2025-11-11 00:14:00";"-41,6941666667";"-60,0166666667";"9,7";"0"
"UR ERTZA";"6508";"2025-11-11 00:29:00";"-41,6541666667";"-60,0141666667";"9,7";"355"
"UR ERTZA";"6508";"2025-11-11 00:44:00";"-41,6138333333";"-60,0175";"9,2";"355"
"UR ERTZA";"6508";"2025-11-11 00:59:00";"-41,5733333333";"-60,0213333333";"9,2";"355"
"UR ERTZA";"6508";"2025-11-11 01:14:00";"-41,5328333333";"-60,0196666667";"9,2";"0"
"UR ERTZA";"6508";"2025-11-11 01:29:00";"-41,4921666667";"-60,0196666667";"9,2";"355"
"UR ERTZA";"6508";"2025-11-11 01:44:00";"-41,4513333333";"-60,023";"9,7";"355"
"UR ERTZA";"6508";"2025-11-11 01:59:00";"-41,4125";"-60,0171666667";"9,2";"25"
"UR ERTZA";"6508";"2025-11-11 02:14:00";"-41,3766666667";"-59,9928333333";"9,7";"25"
"UR ERTZA";"6508";"2025-11-11 02:29:00";"-41,3403333333";"-59,9683333333";"9,7";"25"
"UR ERTZA";"6508";"2025-11-11 02:44:00";"-41,3046666667";"-59,9441666667";"9,2";"30"
"UR ERTZA";"6508";"2025-11-11 02:59:00";"-41,2691666667";"-59,9196666667";"8,6";"20"
"UR ERTZA";"6508";"2025-11-11 03:14:00";"-41,2341666667";"-59,8958333333";"9,2";"25"
"UR ERTZA";"6508";"2025-11-11 03:29:00";"-41,1991666667";"-59,8728333333";"9,2";"25"
"UR ERTZA";"6508";"2025-11-11 03:44:00";"-41,1636666667";"-59,8496666667";"9,2";"20"
"UR ERTZA";"6508";"2025-11-11 03:59:00";"-41,1261666667";"-59,8258333333";"9,7";"25"
"UR ERTZA";"6508";"2025-11-11 04:14:00";"-41,0875";"-59,8011666667";"10,3";"25"
"UR ERTZA";"6508";"2025-11-11 04:29:00";"-41,0495";"-59,7761666667";"9,7";"25"
"UR ERTZA";"6508";"2025-11-11 04:44:00";"-41,0113333333";"-59,7508333333";"9,7";"20"
"UR ERTZA";"6508";"2025-11-11 04:59:00";"-40,9738333333";"-59,7255";"9,2";"25"
"UR ERTZA";"6508";"2025-11-11 05:14:00";"-40,9355";"-59,6996666667";"10,3";"20"
"UR ERTZA";"6508";"2025-11-11 05:29:00";"-40,8966666667";"-59,6745";"10,3";"20"
"UR ERTZA";"6508";"2025-11-11 05:44:00";"-40,8571666667";"-59,6508333333";"10,8";"20"
"UR ERTZA";"6508";"2025-11-11 05:59:00";"-40,8175";"-59,6271666667";"10,3";"20"
"UR ERTZA";"6508";"2025-11-11 06:14:00";"-40,7778333333";"-59,6033333333";"10,3";"20"
"UR ERTZA";"6508";"2025-11-11 06:29:00";"-40,738";"-59,5795";"10,3";"25"
"UR ERTZA";"6508";"2025-11-11 06:44:00";"-40,6986666667";"-59,555";"10,3";"25"
"UR ERTZA";"6508";"2025-11-11 06:59:00";"-40,6603333333";"-59,5266666667";"10,3";"30"
"UR ERTZA";"6508";"2025-11-11 07:14:00";"-40,6228333333";"-59,497";"10,3";"30"
"UR ERTZA";"6508";"2025-11-11 07:29:00";"-40,5853333333";"-59,4675";"10,3";"25"
"UR ERTZA";"6508";"2025-11-11 07:44:00";"-40,5558333333";"-59,4483333333";"4,9";"25"
"UR ERTZA";"6508";"2025-11-11 07:59:00";"-40,5541666667";"-59,4455";"2,2";"315"
"UR ERTZA";"6508";"2025-11-11 08:14:00";"-40,5508333333";"-59,4433333333";"3,8";"45"
"UR ERTZA";"6508";"2025-11-11 08:29:00";"-40,5441666667";"-59,4371666667";"3,8";"220"
"UR ERTZA";"6508";"2025-11-11 08:44:00";"-40,5625";"-59,4513333333";"5,4";"210"
"UR ERTZA";"6508";"2025-11-11 08:59:00";"-40,5786666667";"-59,463";"3,8";"215"
"UR ERTZA";"6508";"2025-11-11 09:14:00";"-40,5938333333";"-59,475";"3,8";"225"
"UR ERTZA";"6508";"2025-11-11 09:29:00";"-40,6095";"-59,4871666667";"3,8";"205"
"UR ERTZA";"6508";"2025-11-11 09:44:00";"-40,6253333333";"-59,4986666667";"3,8";"215"
"UR ERTZA";"6508";"2025-11-11 09:59:00";"-40,6411666667";"-59,5105";"4,3";"205"
"UR ERTZA";"6508";"2025-11-11 10:14:00";"-40,6575";"-59,5216666667";"3,8";"215"
"UR ERTZA";"6508";"2025-11-11 10:29:00";"-40,673";"-59,5341666667";"3,8";"210"
"UR ERTZA";"6508";"2025-11-11 10:44:00";"-40,6878333333";"-59,547";"1,1";"200"
"UR ERTZA";"6508";"2025-11-11 10:59:00";"-40,695";"-59,5466666667";"3,8";"170"
"UR ERTZA";"6508";"2025-11-11 11:14:00";"-40,6728333333";"-59,5286666667";"10,8";"25"
"UR ERTZA";"6508";"2025-11-11 11:29:00";"-40,6366666667";"-59,4971666667";"10,3";"30"
"UR ERTZA";"6508";"2025-11-11 11:44:00";"-40,6041666667";"-59,4688333333";"3,8";"5"
"UR ERTZA";"6508";"2025-11-11 11:59:00";"-40,5941666667";"-59,4561666667";"9,2";"25"
"UR ERTZA";"6508";"2025-11-11 12:14:00";"-40,5571666667";"-59,4271666667";"10,3";"30"
"UR ERTZA";"6508";"2025-11-11 12:29:00";"-40,5203333333";"-59,398";"10,3";"20"
"UR ERTZA";"6508";"2025-11-11 12:44:00";"-40,4836666667";"-59,3686666667";"10,3";"30"
"UR ERTZA";"6508";"2025-11-11 12:59:00";"-40,447";"-59,3396666667";"9,2";"25"
"UR ERTZA";"6508";"2025-11-11 13:14:00";"-40,4096666667";"-59,3111666667";"10,3";"30"
"UR ERTZA";"6508";"2025-11-11 13:29:00";"-40,3728333333";"-59,283";"9,7";"35"
"UR ERTZA";"6508";"2025-11-11 13:44:00";"-40,3366666667";"-59,2525";"10,3";"40"
"UR ERTZA";"6508";"2025-11-11 13:59:00";"-40,302";"-59,2191666667";"10,3";"35"
"UR ERTZA";"6508";"2025-11-11 14:14:00";"-40,2671666667";"-59,1871666667";"9,7";"30"
"UR ERTZA";"6508";"2025-11-11 14:29:00";"-40,2321666667";"-59,1558333333";"10,3";"35"
"UR ERTZA";"6508";"2025-11-11 14:44:00";"-40,195";"-59,1291666667";"9,7";"25"
"UR ERTZA";"6508";"2025-11-11 14:59:00";"-40,1578333333";"-59,1025";"9,7";"25"
"UR ERTZA";"6508";"2025-11-11 15:14:00";"-40,1211666667";"-59,0736666667";"9,7";"25"
"UR ERTZA";"6508";"2025-11-11 15:29:00";"-40,085";"-59,0445";"10,3";"30"
"UR ERTZA";"6508";"2025-11-11 15:44:00";"-40,0486666667";"-59,015";"10,3";"25"
"UR ERTZA";"6508";"2025-11-11 15:59:00";"-40,0113333333";"-58,9855";"9,7";"25"
"UR ERTZA";"6508";"2025-11-11 16:14:00";"-39,9745";"-58,9563333333";"10,3";"25"
"UR ERTZA";"6508";"2025-11-11 16:29:00";"-39,9363333333";"-58,927";"10,8";"35"
"UR ERTZA";"6508";"2025-11-11 16:44:00";"-39,8986666667";"-58,8975";"10,3";"35"
"UR ERTZA";"6508";"2025-11-11 16:59:00";"-39,8608333333";"-58,8675";"10,3";"30"
"UR ERTZA";"6508";"2025-11-11 17:14:00";"-39,8225";"-58,8371666667";"10,3";"30"
"UR ERTZA";"6508";"2025-11-11 17:29:00";"-39,7841666667";"-58,8071666667";"10,3";"30"
"UR ERTZA";"6508";"2025-11-11 17:44:00";"-39,7453333333";"-58,7763333333";"10,3";"25"
"UR ERTZA";"6508";"2025-11-11 17:59:00";"-39,7066666667";"-58,7461666667";"10,3";"30"
"UR ERTZA";"6508";"2025-11-11 18:14:00";"-39,6671666667";"-58,7171666667";"10,8";"25"
"UR ERTZA";"6508";"2025-11-11 18:29:00";"-39,6275";"-58,6883333333";"10,8";"25"
"UR ERTZA";"6508";"2025-11-11 18:44:00";"-39,588";"-58,6596666667";"10,8";"25"
"UR ERTZA";"6508";"2025-11-11 18:59:00";"-39,5486666667";"-58,6311666667";"10,3";"20"
"UR ERTZA";"6508";"2025-11-11 19:14:00";"-39,5091666667";"-58,6025";"10,8";"20"
"UR ERTZA";"6508";"2025-11-11 19:29:00";"-39,47";"-58,573";"10,3";"30"
"UR ERTZA";"6508";"2025-11-11 19:44:00";"-39,4313333333";"-58,5428333333";"10,3";"30"
"UR ERTZA";"6508";"2025-11-11 19:59:00";"-39,3925";"-58,5121666667";"10,3";"30"
"UR ERTZA";"6508";"2025-11-11 20:14:00";"-39,3546666667";"-58,4816666667";"10,3";"30"
"UR ERTZA";"6508";"2025-11-11 20:29:00";"-39,3171666667";"-58,4508333333";"10,3";"30"
"UR ERTZA";"6508";"2025-11-11 20:44:00";"-39,2796666667";"-58,4196666667";"10,3";"35"
"UR ERTZA";"6508";"2025-11-11 20:59:00";"-39,2428333333";"-58,3883333333";"10,3";"30"
"UR ERTZA";"6508";"2025-11-11 21:14:00";"-39,2061666667";"-58,3566666667";"10,3";"25"
"UR ERTZA";"6508";"2025-11-11 21:29:00";"-39,1696666667";"-58,3255";"10,3";"30"
"UR ERTZA";"6508";"2025-11-11 21:44:00";"-39,1338333333";"-58,2946666667";"10,3";"30"
"UR ERTZA";"6508";"2025-11-11 21:59:00";"-39,0971666667";"-58,2641666667";"9,7";"30"
"UR ERTZA";"6508";"2025-11-11 22:14:00";"-39,0611666667";"-58,2341666667";"9,7";"35"
"UR ERTZA";"6508";"2025-11-11 22:29:00";"-39,0238333333";"-58,205";"10,3";"25"
"UR ERTZA";"6508";"2025-11-11 22:44:00";"-38,9863333333";"-58,1755";"10,3";"30"
"UR ERTZA";"6508";"2025-11-11 22:59:00";"-38,9491666667";"-58,147";"10,3";"25"
"UR ERTZA";"6508";"2025-11-11 23:14:00";"-38,9113333333";"-58,1171666667";"10,3";"40"
"UR ERTZA";"6508";"2025-11-11 23:29:00";"-38,8745";"-58,0858333333";"10,3";"35"
"UR ERTZA";"6508";"2025-11-11 23:44:00";"-38,8371666667";"-58,0541666667";"10,3";"25"
"UR ERTZA";"6508";"2025-11-11 23:59:00";"-38,7988333333";"-58,0246666667";"10,3";"30"
"UR ERTZA";"6508";"2025-11-12 00:14:00";"-38,7603333333";"-57,9958333333";"10,3";"30"
"UR ERTZA";"6508";"2025-11-12 00:29:00";"-38,722";"-57,9663333333";"10,3";"30"
"UR ERTZA";"6508";"2025-11-12 00:44:00";"-38,6836666667";"-57,9363333333";"10,8";"30"
"UR ERTZA";"6508";"2025-11-12 00:59:00";"-38,6455";"-57,9063333333";"10,3";"30"
"UR ERTZA";"6508";"2025-11-12 01:14:00";"-38,6071666667";"-57,877";"10,3";"25"
"UR ERTZA";"6508";"2025-11-12 01:29:00";"-38,5688333333";"-57,8475";"9,7";"30"
"UR ERTZA";"6508";"2025-11-12 01:44:00";"-38,5305";"-57,8175";"10,8";"30"
"UR ERTZA";"6508";"2025-11-12 01:59:00";"-38,492";"-57,7878333333";"10,3";"25"
"UR ERTZA";"6508";"2025-11-12 02:14:00";"-38,4533333333";"-57,7586666667";"10,3";"25"
"UR ERTZA";"6508";"2025-11-12 02:29:00";"-38,4146666667";"-57,7295";"10,3";"25"
"UR ERTZA";"6508";"2025-11-12 02:44:00";"-38,3763333333";"-57,6995";"10,8";"30"
"UR ERTZA";"6508";"2025-11-12 02:59:00";"-38,3383333333";"-57,6695";"10,3";"30"
"UR ERTZA";"6508";"2025-11-12 03:14:00";"-38,3003333333";"-57,6395";"10,8";"30"
"UR ERTZA";"6508";"2025-11-12 03:29:00";"-38,262";"-57,6088333333";"10,8";"25"
"UR ERTZA";"6508";"2025-11-12 03:44:00";"-38,223";"-57,578";"10,8";"30"
"UR ERTZA";"6508";"2025-11-12 03:59:00";"-38,1841666667";"-57,5471666667";"10,8";"30"
"UR ERTZA";"6508";"2025-11-12 04:14:00";"-38,1438333333";"-57,518";"10,3";"20"
"UR ERTZA";"6508";"2025-11-12 04:29:00";"-38,0971666667";"-57,5121666667";"10,8";"0"
"UR ERTZA";"6508";"2025-11-12 04:44:00";"-38,0571666667";"-57,5088333333";"10,3";"5"
"UR ERTZA";"6508";"2025-11-12 04:59:00";"-38,0395";"-57,5236666667";"5,9";"225"
"UR ERTZA";"6508";"2025-11-12 05:14:00";"-38,0458333333";"-57,5361666667";"1,6";"235"
"UR ERTZA";"6508";"2025-11-12 05:29:00";"-38,0461666667";"-57,5366666667";"0,0";"265"
"UR ERTZA";"6508";"2025-11-12 05:44:00";"-38,0461666667";"-57,5366666667";"0,0";"265"
"UR ERTZA";"6508";"2025-11-12 05:59:00";"-38,0461666667";"-57,5366666667";"0,0";"265"
"UR ERTZA";"6508";"2025-11-12 06:14:00";"-38,0461666667";"-57,5366666667";"0,0";"265"
"UR ERTZA";"6508";"2025-11-12 06:29:00";"-38,0461666667";"-57,5366666667";"0,0";"265"
"UR ERTZA";"6508";"2025-11-12 06:44:00";"-38,0461666667";"-57,5366666667";"0,0";"265"
"UR ERTZA";"6508";"2025-11-12 07:00:00";"-38,0461666667";"-57,5366666667";"0,0";"265"
"UR ERTZA";"6508";"2025-11-12 07:15:00";"-38,0461666667";"-57,5366666667";"0,0";"265"
"UR ERTZA";"6508";"2025-11-12 07:30:00";"-38,0461666667";"-57,5366666667";"0,0";"265"
"UR ERTZA";"6508";"2025-11-12 07:45:00";"-38,0461666667";"-57,5366666667";"0,0";"265"
"UR ERTZA";"6508";"2025-11-12 07:59:00";"-38,0461666667";"-57,5366666667";"0,0";"15"
"UR ERTZA";"6508";"2025-11-12 08:14:00";"-38,0461666667";"-57,5366666667";"0,0";"30"
"UR ERTZA";"6508";"2025-11-12 08:30:00";"-38,0461666667";"-57,5366666667";"0,0";"25"
"UR ERTZA";"6508";"2025-11-12 08:45:00";"-38,0461666667";"-57,5366666667";"0,0";"25"
"UR ERTZA";"6508";"2025-11-12 09:00:00";"-38,0461666667";"-57,5366666667";"0,0";"25"
"UR ERTZA";"6508";"2025-11-12 09:14:00";"-38,0461666667";"-57,5366666667";"0,0";"10"
"UR ERTZA";"6508";"2025-11-12 09:30:00";"-38,0461666667";"-57,5366666667";"0,0";"10"
"UR ERTZA";"6508";"2025-11-12 09:45:00";"-38,0461666667";"-57,5366666667";"0,0";"10"
"UR ERTZA";"6508";"2025-11-12 10:00:00";"-38,0461666667";"-57,5366666667";"0,0";"10"
"UR ERTZA";"6508";"2025-11-12 10:15:00";"-38,0461666667";"-57,5366666667";"0,0";"10"
"UR ERTZA";"6508";"2025-11-12 10:30:00";"-38,0461666667";"-57,5366666667";"0,0";"10"
"UR ERTZA";"6508";"2025-11-12 10:45:00";"-38,0461666667";"-57,5366666667";"0,0";"10"
"UR ERTZA";"6508";"2025-11-12 11:00:00";"-38,0461666667";"-57,5366666667";"0,0";"10"
"UR ERTZA";"6508";"2025-11-12 11:14:00";"-38,0461666667";"-57,5366666667";"0,0";"10"
"UR ERTZA";"6508";"2025-11-12 11:29:00";"-38,0461666667";"-57,5366666667";"0,0";"10"
"UR ERTZA";"6508";"2025-11-12 11:44:00";"-38,0461666667";"-57,5366666667";"0,0";"130"
"UR ERTZA";"6508";"2025-11-12 12:00:00";"-38,0461666667";"-57,5366666667";"0,0";"130"
"UR ERTZA";"6508";"2025-11-12 12:14:00";"-38,0461666667";"-57,5366666667";"0,0";"130"
"UR ERTZA";"6508";"2025-11-12 12:30:00";"-38,0461666667";"-57,5366666667";"0,0";"170"
"UR ERTZA";"6508";"2025-11-12 12:45:00";"-38,0461666667";"-57,5366666667";"0,0";"170"
"UR ERTZA";"6508";"2025-11-12 13:00:00";"-38,0461666667";"-57,5366666667";"0,0";"170"
"UR ERTZA";"6508";"2025-11-12 13:15:00";"-38,0461666667";"-57,5366666667";"0,0";"170"
"UR ERTZA";"6508";"2025-11-12 13:30:00";"-38,0461666667";"-57,5366666667";"0,0";"170"
"UR ERTZA";"6508";"2025-11-12 13:45:00";"-38,0461666667";"-57,5366666667";"0,0";"170"
"UR ERTZA";"6508";"2025-11-12 14:00:00";"-38,0461666667";"-57,5366666667";"0,0";"170"
"UR ERTZA";"6508";"2025-11-12 14:15:00";"-38,0461666667";"-57,5366666667";"0,0";"170"
"UR ERTZA";"6508";"2025-11-12 14:30:00";"-38,0461666667";"-57,5366666667";"0,0";"170"
"UR ERTZA";"6508";"2025-11-12 14:45:00";"-38,0461666667";"-57,5366666667";"0,0";"170"
"UR ERTZA";"6508";"2025-11-12 15:00:00";"-38,0461666667";"-57,5366666667";"0,0";"170"
"UR ERTZA";"6508";"2025-11-12 15:15:00";"-38,0461666667";"-57,5366666667";"0,0";"170"
"UR ERTZA";"6508";"2025-11-12 15:30:00";"-38,0461666667";"-57,5366666667";"0,0";"170"
"UR ERTZA";"6508";"2025-11-12 15:45:00";"-38,0461666667";"-57,5366666667";"0,0";"170"
"UR ERTZA";"6508";"2025-11-12 16:00:00";"-38,0461666667";"-57,5366666667";"0,0";"35"
"UR ERTZA";"6508";"2025-11-12 16:15:00";"-38,0461666667";"-57,5366666667";"0,0";"35"
"UR ERTZA";"6508";"2025-11-12 16:30:00";"-38,0461666667";"-57,5366666667";"0,0";"35"
"UR ERTZA";"6508";"2025-11-12 16:45:00";"-38,0461666667";"-57,5366666667";"0,0";"35"
"UR ERTZA";"6508";"2025-11-12 17:00:00";"-38,0461666667";"-57,5366666667";"0,0";"35"
"UR ERTZA";"6508";"2025-11-12 17:15:00";"-38,0461666667";"-57,5366666667";"0,0";"35"
"UR ERTZA";"6508";"2025-11-12 17:30:00";"-38,0461666667";"-57,5366666667";"0,0";"35"
"UR ERTZA";"6508";"2025-11-12 17:45:00";"-38,0461666667";"-57,5366666667";"0,0";"35"
"UR ERTZA";"6508";"2025-11-12 18:00:00";"-38,0461666667";"-57,5366666667";"0,0";"35"
"UR ERTZA";"6508";"2025-11-12 18:15:00";"-38,0461666667";"-57,5366666667";"0,0";"35"
"UR ERTZA";"6508";"2025-11-12 18:30:00";"-38,0461666667";"-57,5366666667";"0,0";"35"
"UR ERTZA";"6508";"2025-11-12 18:45:00";"-38,0461666667";"-57,5366666667";"0,0";"35"
"UR ERTZA";"6508";"2025-11-12 19:00:00";"-38,0461666667";"-57,5366666667";"0,0";"35"
"UR ERTZA";"6508";"2025-11-12 19:15:00";"-38,0461666667";"-57,5366666667";"0,0";"35"
"UR ERTZA";"6508";"2025-11-12 19:30:00";"-38,0461666667";"-57,5366666667";"0,0";"35"
"UR ERTZA";"6508";"2025-11-12 19:45:00";"-38,0461666667";"-57,5366666667";"0,0";"165"
"UR ERTZA";"6508";"2025-11-12 20:00:00";"-38,0461666667";"-57,5366666667";"0,0";"165"
"UR ERTZA";"6508";"2025-11-12 20:15:00";"-38,0461666667";"-57,5366666667";"0,0";"165"
"UR ERTZA";"6508";"2025-11-12 20:30:00";"-38,0461666667";"-57,5366666667";"0,0";"165"
"UR ERTZA";"6508";"2025-11-12 20:45:00";"-38,0461666667";"-57,5366666667";"0,0";"165"
"UR ERTZA";"6508";"2025-11-12 21:00:00";"-38,0461666667";"-57,5366666667";"0,0";"165"
"UR ERTZA";"6508";"2025-11-12 21:15:00";"-38,0461666667";"-57,5366666667";"0,0";"165"
"UR ERTZA";"6508";"2025-11-12 21:30:00";"-38,0461666667";"-57,5366666667";"0,0";"165"
"UR ERTZA";"6508";"2025-11-12 21:45:00";"-38,0461666667";"-57,5366666667";"0,0";"165"
"UR ERTZA";"6508";"2025-11-12 22:00:00";"-38,0461666667";"-57,5366666667";"0,0";"165"
"UR ERTZA";"6508";"2025-11-12 22:15:00";"-38,0461666667";"-57,5366666667";"0,0";"165"
"UR ERTZA";"6508";"2025-11-12 22:30:00";"-38,0461666667";"-57,5366666667";"0,0";"165"
"UR ERTZA";"6508";"2025-11-12 22:45:00";"-38,0461666667";"-57,5366666667";"0,0";"165"
"UR ERTZA";"6508";"2025-11-12 23:00:00";"-38,0461666667";"-57,5366666667";"0,0";"165"
"UR ERTZA";"6508";"2025-11-12 23:15:00";"-38,0461666667";"-57,5366666667";"0,0";"165"
"UR ERTZA";"6508";"2025-11-12 23:30:00";"-38,0461666667";"-57,5366666667";"0,0";"165"
"UR ERTZA";"6508";"2025-11-12 23:45:00";"-38,0461666667";"-57,5366666667";"0,0";"165"
"UR ERTZA";"6508";"2025-11-13 00:00:00";"-38,0461666667";"-57,5366666667";"0,0";"165"
"UR ERTZA";"6508";"2025-11-13 00:15:00";"-38,0461666667";"-57,5366666667";"0,0";"165"
"UR ERTZA";"6508";"2025-11-13 00:30:00";"-38,0461666667";"-57,5366666667";"0,0";"165"
"UR ERTZA";"6508";"2025-11-13 00:45:00";"-38,0461666667";"-57,5366666667";"0,0";"165"
"UR ERTZA";"6508";"2025-11-13 01:00:00";"-38,0461666667";"-57,5366666667";"0,0";"165"
"UR ERTZA";"6508";"2025-11-13 01:15:00";"-38,0461666667";"-57,5366666667";"0,0";"165"
"UR ERTZA";"6508";"2025-11-13 01:30:00";"-38,0461666667";"-57,5366666667";"0,0";"165"
"UR ERTZA";"6508";"2025-11-13 01:45:00";"-38,0461666667";"-57,5366666667";"0,0";"165"
"UR ERTZA";"6508";"2025-11-13 02:00:00";"-38,0461666667";"-57,5366666667";"0,0";"165"
"UR ERTZA";"6508";"2025-11-13 02:15:00";"-38,0461666667";"-57,5366666667";"0,0";"10"
"UR ERTZA";"6508";"2025-11-13 02:30:00";"-38,0461666667";"-57,5366666667";"0,0";"55"
"UR ERTZA";"6508";"2025-11-13 02:45:00";"-38,0461666667";"-57,5366666667";"0,0";"55"
"UR ERTZA";"6508";"2025-11-13 03:00:00";"-38,0461666667";"-57,5366666667";"0,0";"55"
"UR ERTZA";"6508";"2025-11-13 03:15:00";"-38,0461666667";"-57,5366666667";"0,0";"55"
"UR ERTZA";"6508";"2025-11-13 03:30:00";"-38,0461666667";"-57,5366666667";"0,0";"55"
"UR ERTZA";"6508";"2025-11-13 03:45:00";"-38,0461666667";"-57,5366666667";"0,0";"55"
"UR ERTZA";"6508";"2025-11-13 04:00:00";"-38,0461666667";"-57,5366666667";"0,0";"55"
"UR ERTZA";"6508";"2025-11-13 04:15:00";"-38,0461666667";"-57,5366666667";"0,0";"55"
"UR ERTZA";"6508";"2025-11-13 04:30:00";"-38,0461666667";"-57,5366666667";"0,0";"55"
"UR ERTZA";"6508";"2025-11-13 04:45:00";"-38,0461666667";"-57,5366666667";"0,0";"170"
"UR ERTZA";"6508";"2025-11-13 05:00:00";"-38,0461666667";"-57,5366666667";"0,0";"170"
"UR ERTZA";"6508";"2025-11-13 05:15:00";"-38,0461666667";"-57,5366666667";"0,0";"170"
"UR ERTZA";"6508";"2025-11-13 05:30:00";"-38,0461666667";"-57,5366666667";"0,0";"170"
"UR ERTZA";"6508";"2025-11-13 05:45:00";"-38,0461666667";"-57,5366666667";"0,0";"170"
"UR ERTZA";"6508";"2025-11-13 06:00:00";"-38,0461666667";"-57,5366666667";"0,0";"170"
"UR ERTZA";"6508";"2025-11-13 06:15:00";"-38,0461666667";"-57,5366666667";"0,0";"170"
"UR ERTZA";"6508";"2025-11-13 06:30:00";"-38,0461666667";"-57,5366666667";"0,0";"170"
"UR ERTZA";"6508";"2025-11-13 06:45:00";"-38,0461666667";"-57,5366666667";"0,0";"170"
"UR ERTZA";"6508";"2025-11-13 07:00:00";"-38,0461666667";"-57,5366666667";"0,0";"170"
"UR ERTZA";"6508";"2025-11-13 07:15:00";"-38,0461666667";"-57,5366666667";"0,0";"170"
"UR ERTZA";"6508";"2025-11-13 07:30:00";"-38,0461666667";"-57,5366666667";"0,0";"170"
"UR ERTZA";"6508";"2025-11-13 07:45:00";"-38,0461666667";"-57,5366666667";"0,0";"25"
"UR ERTZA";"6508";"2025-11-13 08:00:00";"-38,0461666667";"-57,5366666667";"0,0";"25"
"UR ERTZA";"6508";"2025-11-13 08:15:00";"-38,0461666667";"-57,5366666667";"0,0";"25"
"UR ERTZA";"6508";"2025-11-13 08:30:00";"-38,0461666667";"-57,5366666667";"0,0";"25"
"UR ERTZA";"6508";"2025-11-13 08:45:00";"-38,0461666667";"-57,5366666667";"0,0";"25"
"UR ERTZA";"6508";"2025-11-13 09:00:00";"-38,0461666667";"-57,5366666667";"0,0";"25"
"UR ERTZA";"6508";"2025-11-13 09:15:00";"-38,0461666667";"-57,5366666667";"0,0";"25"
"UR ERTZA";"6508";"2025-11-13 09:30:00";"-38,0461666667";"-57,5366666667";"0,0";"25"
"UR ERTZA";"6508";"2025-11-13 09:45:00";"-38,0461666667";"-57,5366666667";"0,0";"25"
"UR ERTZA";"6508";"2025-11-13 10:00:00";"-38,0461666667";"-57,5366666667";"0,0";"25"
"UR ERTZA";"6508";"2025-11-13 10:15:00";"-38,0461666667";"-57,5366666667";"0,0";"25"
"UR ERTZA";"6508";"2025-11-13 10:30:00";"-38,0461666667";"-57,5366666667";"0,0";"335"
"UR ERTZA";"6508";"2025-11-13 10:45:00";"-38,0461666667";"-57,5366666667";"0,0";"335"
"UR ERTZA";"6508";"2025-11-13 11:00:00";"-38,0461666667";"-57,5366666667";"0,0";"335"
"UR ERTZA";"6508";"2025-11-13 11:15:00";"-38,0461666667";"-57,5366666667";"0,0";"335"
"UR ERTZA";"6508";"2025-11-13 11:30:00";"-38,0461666667";"-57,5366666667";"0,0";"335"
"UR ERTZA";"6508";"2025-11-13 11:45:00";"-38,0461666667";"-57,5366666667";"0,0";"335"
"UR ERTZA";"6508";"2025-11-13 12:00:00";"-38,0461666667";"-57,5366666667";"0,0";"335"
"UR ERTZA";"6508";"2025-11-13 12:15:00";"-38,0461666667";"-57,5366666667";"0,0";"335"
"UR ERTZA";"6508";"2025-11-13 12:30:00";"-38,0461666667";"-57,5366666667";"0,0";"335"
"UR ERTZA";"6508";"2025-11-13 12:45:00";"-38,0461666667";"-57,5366666667";"0,0";"335"
"UR ERTZA";"6508";"2025-11-13 13:00:00";"-38,0461666667";"-57,5366666667";"0,0";"335"
"UR ERTZA";"6508";"2025-11-13 13:15:00";"-38,0461666667";"-57,5366666667";"0,0";"335"
"UR ERTZA";"6508";"2025-11-13 13:30:00";"-38,0461666667";"-57,5366666667";"0,0";"335"
"UR ERTZA";"6508";"2025-11-13 13:45:00";"-38,0461666667";"-57,5366666667";"0,0";"205"
"UR ERTZA";"6508";"2025-11-13 14:00:00";"-38,0461666667";"-57,5366666667";"0,0";"205"
"UR ERTZA";"6508";"2025-11-13 14:15:00";"-38,0461666667";"-57,5366666667";"0,0";"205"
"UR ERTZA";"6508";"2025-11-13 14:30:00";"-38,0461666667";"-57,5366666667";"0,0";"205"
"UR ERTZA";"6508";"2025-11-13 14:45:00";"-38,0461666667";"-57,5366666667";"0,0";"205"
"UR ERTZA";"6508";"2025-11-13 15:00:00";"-38,0461666667";"-57,5366666667";"0,0";"205"
"UR ERTZA";"6508";"2025-11-13 15:15:00";"-38,0461666667";"-57,5366666667";"0,0";"205"
"UR ERTZA";"6508";"2025-11-13 15:30:00";"-38,0461666667";"-57,5366666667";"0,0";"175"
"UR ERTZA";"6508";"2025-11-13 15:45:00";"-38,0461666667";"-57,5366666667";"0,0";"175"
"UR ERTZA";"6508";"2025-11-13 16:00:00";"-38,0461666667";"-57,5366666667";"0,0";"175"
"UR ERTZA";"6508";"2025-11-13 16:15:00";"-38,0461666667";"-57,5366666667";"0,0";"175"
"UR ERTZA";"6508";"2025-11-13 16:30:00";"-38,0461666667";"-57,5366666667";"0,0";"175"
"UR ERTZA";"6508";"2025-11-13 16:45:00";"-38,0461666667";"-57,5366666667";"0,0";"175"
"UR ERTZA";"6508";"2025-11-13 17:00:00";"-38,0461666667";"-57,5366666667";"0,0";"175"
"UR ERTZA";"6508";"2025-11-13 17:15:00";"-38,0461666667";"-57,5366666667";"0,0";"175"
"UR ERTZA";"6508";"2025-11-13 17:30:00";"-38,0461666667";"-57,5366666667";"0,0";"175"
"UR ERTZA";"6508";"2025-11-13 17:45:00";"-38,0461666667";"-57,5366666667";"0,0";"175"
"UR ERTZA";"6508";"2025-11-13 18:00:00";"-38,0461666667";"-57,5366666667";"0,0";"175"
"UR ERTZA";"6508";"2025-11-13 18:15:00";"-38,0461666667";"-57,5366666667";"0,0";"175"
"UR ERTZA";"6508";"2025-11-13 18:30:00";"-38,0461666667";"-57,5366666667";"0,0";"175"
"UR ERTZA";"6508";"2025-11-13 18:45:00";"-38,0461666667";"-57,5366666667";"0,0";"175"
"UR ERTZA";"6508";"2025-11-13 19:00:00";"-38,0461666667";"-57,5366666667";"0,0";"175"
"UR ERTZA";"6508";"2025-11-13 19:15:00";"-38,0461666667";"-57,5366666667";"0,0";"175"
"UR ERTZA";"6508";"2025-11-13 19:30:00";"-38,0461666667";"-57,5366666667";"0,0";"175"
"UR ERTZA";"6508";"2025-11-13 19:45:00";"-38,0461666667";"-57,5366666667";"0,0";"175"
"UR ERTZA";"6508";"2025-11-13 20:00:00";"-38,0461666667";"-57,5366666667";"0,0";"175"
"UR ERTZA";"6508";"2025-11-13 20:15:00";"-38,0461666667";"-57,5366666667";"0,0";"175"
"UR ERTZA";"6508";"2025-11-13 20:30:00";"-38,0461666667";"-57,5366666667";"0,0";"175"
"UR ERTZA";"6508";"2025-11-13 20:45:00";"-38,0461666667";"-57,5366666667";"0,0";"175"
"UR ERTZA";"6508";"2025-11-13 21:00:00";"-38,0461666667";"-57,5366666667";"0,0";"175"
"UR ERTZA";"6508";"2025-11-13 21:15:00";"-38,0461666667";"-57,5366666667";"0,0";"175"
"UR ERTZA";"6508";"2025-11-13 21:30:00";"-38,0461666667";"-57,5366666667";"0,0";"175"
"UR ERTZA";"6508";"2025-11-13 21:45:00";"-38,0461666667";"-57,5366666667";"0,0";"175"
"UR ERTZA";"6508";"2025-11-13 22:00:00";"-38,0461666667";"-57,5366666667";"0,0";"175"
"UR ERTZA";"6508";"2025-11-13 22:15:00";"-38,0461666667";"-57,5366666667";"0,0";"175"
"UR ERTZA";"6508";"2025-11-13 22:30:00";"-38,0461666667";"-57,5366666667";"0,0";"175"
"UR ERTZA";"6508";"2025-11-13 22:45:00";"-38,0461666667";"-57,5366666667";"0,0";"175"
"UR ERTZA";"6508";"2025-11-13 23:00:00";"-38,0461666667";"-57,5366666667";"0,0";"175"
"UR ERTZA";"6508";"2025-11-13 23:15:00";"-38,0461666667";"-57,5366666667";"0,0";"175"
"UR ERTZA";"6508";"2025-11-13 23:30:00";"-38,0461666667";"-57,5366666667";"0,0";"175"
"UR ERTZA";"6508";"2025-11-13 23:45:00";"-38,0461666667";"-57,5366666667";"0,0";"175"
"UR ERTZA";"6508";"2025-11-14 00:00:00";"-38,0461666667";"-57,5366666667";"0,0";"175"
"UR ERTZA";"6508";"2025-11-14 00:15:00";"-38,0461666667";"-57,5366666667";"0,0";"175"
"UR ERTZA";"6508";"2025-11-14 00:30:00";"-38,0461666667";"-57,5366666667";"0,0";"175"
"UR ERTZA";"6508";"2025-11-14 00:45:00";"-38,0461666667";"-57,5366666667";"0,0";"175"
"UR ERTZA";"6508";"2025-11-14 01:00:00";"-38,0461666667";"-57,5366666667";"0,0";"175"
"UR ERTZA";"6508";"2025-11-14 01:15:00";"-38,0461666667";"-57,5366666667";"0,0";"175"
"UR ERTZA";"6508";"2025-11-14 01:30:00";"-38,0461666667";"-57,5366666667";"0,0";"175"
"UR ERTZA";"6508";"2025-11-14 01:45:00";"-38,0461666667";"-57,5366666667";"0,0";"175"
"UR ERTZA";"6508";"2025-11-14 02:00:00";"-38,0461666667";"-57,5366666667";"0,0";"175"
"UR ERTZA";"6508";"2025-11-14 02:15:00";"-38,0461666667";"-57,5366666667";"0,0";"175"
"UR ERTZA";"6508";"2025-11-14 02:30:00";"-38,0461666667";"-57,5366666667";"0,0";"175"
"UR ERTZA";"6508";"2025-11-14 02:45:00";"-38,0461666667";"-57,5366666667";"0,0";"175"
"UR ERTZA";"6508";"2025-11-14 03:00:00";"-38,0461666667";"-57,5366666667";"0,0";"175"
"UR ERTZA";"6508";"2025-11-14 03:15:00";"-38,0461666667";"-57,5366666667";"0,0";"175"
"UR ERTZA";"6508";"2025-11-14 03:30:00";"-38,0461666667";"-57,5366666667";"0,0";"30"
"UR ERTZA";"6508";"2025-11-14 03:45:00";"-38,0461666667";"-57,5366666667";"0,0";"30"
"UR ERTZA";"6508";"2025-11-14 04:00:00";"-38,0461666667";"-57,5366666667";"0,0";"30"
"UR ERTZA";"6508";"2025-11-14 04:15:00";"-38,0461666667";"-57,5366666667";"0,0";"30"
"UR ERTZA";"6508";"2025-11-14 04:30:00";"-38,0461666667";"-57,5366666667";"0,0";"30"
"UR ERTZA";"6508";"2025-11-14 04:45:00";"-38,0461666667";"-57,5366666667";"0,0";"30"
"UR ERTZA";"6508";"2025-11-14 05:00:00";"-38,0461666667";"-57,5366666667";"0,0";"30"
"UR ERTZA";"6508";"2025-11-14 05:15:00";"-38,0461666667";"-57,5366666667";"0,0";"30"
"UR ERTZA";"6508";"2025-11-14 05:30:00";"-38,0461666667";"-57,5366666667";"0,0";"30"
"UR ERTZA";"6508";"2025-11-14 05:45:00";"-38,0461666667";"-57,5366666667";"0,0";"30"
"UR ERTZA";"6508";"2025-11-14 06:00:00";"-38,0461666667";"-57,5366666667";"0,0";"30"
"UR ERTZA";"6508";"2025-11-14 06:15:00";"-38,0461666667";"-57,5366666667";"0,0";"30"
"UR ERTZA";"6508";"2025-11-14 06:30:00";"-38,0461666667";"-57,5366666667";"0,0";"30"
"UR ERTZA";"6508";"2025-11-14 06:45:00";"-38,0461666667";"-57,5366666667";"0,0";"30"
"UR ERTZA";"6508";"2025-11-14 07:00:00";"-38,0461666667";"-57,5366666667";"0,0";"30"
"UR ERTZA";"6508";"2025-11-14 07:15:00";"-38,0461666667";"-57,5366666667";"0,0";"30"
"UR ERTZA";"6508";"2025-11-14 07:30:00";"-38,0461666667";"-57,5366666667";"0,0";"30"
"UR ERTZA";"6508";"2025-11-14 07:45:00";"-38,0461666667";"-57,5366666667";"0,0";"30"
"UR ERTZA";"6508";"2025-11-14 08:00:00";"-38,0461666667";"-57,5366666667";"0,0";"30"
"UR ERTZA";"6508";"2025-11-14 08:15:00";"-38,0461666667";"-57,5366666667";"0,0";"30"
"UR ERTZA";"6508";"2025-11-14 08:30:00";"-38,0461666667";"-57,5366666667";"0,0";"30"
"UR ERTZA";"6508";"2025-11-14 08:45:00";"-38,0461666667";"-57,5366666667";"0,0";"30"
"UR ERTZA";"6508";"2025-11-14 09:00:00";"-38,0461666667";"-57,5366666667";"0,0";"30"
"UR ERTZA";"6508";"2025-11-14 09:15:00";"-38,0461666667";"-57,5366666667";"0,0";"30"
"UR ERTZA";"6508";"2025-11-14 09:30:00";"-38,0461666667";"-57,5366666667";"0,0";"30"
"UR ERTZA";"6508";"2025-11-14 09:45:00";"-38,0461666667";"-57,5366666667";"0,0";"30"
"UR ERTZA";"6508";"2025-11-14 10:00:00";"-38,0461666667";"-57,5366666667";"0,0";"30"
"UR ERTZA";"6508";"2025-11-14 10:15:00";"-38,0461666667";"-57,5366666667";"0,0";"30"
"UR ERTZA";"6508";"2025-11-14 10:30:00";"-38,0461666667";"-57,5366666667";"0,0";"30"
"UR ERTZA";"6508";"2025-11-14 10:45:00";"-38,0461666667";"-57,5366666667";"0,0";"30"
"UR ERTZA";"6508";"2025-11-14 11:00:00";"-38,0461666667";"-57,5366666667";"0,0";"30"
"UR ERTZA";"6508";"2025-11-14 11:15:00";"-38,0461666667";"-57,5366666667";"0,0";"30"
"UR ERTZA";"6508";"2025-11-14 11:30:00";"-38,0461666667";"-57,5366666667";"0,0";"30"
"UR ERTZA";"6508";"2025-11-14 11:45:00";"-38,0461666667";"-57,5366666667";"0,0";"30"
"UR ERTZA";"6508";"2025-11-14 12:00:00";"-38,0461666667";"-57,5366666667";"0,0";"30"
"UR ERTZA";"6508";"2025-11-14 12:15:00";"-38,0461666667";"-57,5366666667";"0,0";"30"
"UR ERTZA";"6508";"2025-11-14 12:30:00";"-38,0461666667";"-57,5366666667";"0,0";"30"
"UR ERTZA";"6508";"2025-11-14 12:45:00";"-38,0461666667";"-57,5366666667";"0,0";"30"
"UR ERTZA";"6508";"2025-11-14 13:00:00";"-38,0461666667";"-57,5366666667";"0,0";"30"
"UR ERTZA";"6508";"2025-11-14 13:15:00";"-38,0461666667";"-57,5366666667";"0,0";"30"
"UR ERTZA";"6508";"2025-11-14 13:30:00";"-38,0461666667";"-57,5363333333";"1,1";"50"
"UR ERTZA";"6508";"2025-11-14 13:45:00";"-38,0346666667";"-57,5083333333";"8,6";"130"
"UR ERTZA";"6508";"2025-11-14 14:00:00";"-38,0713333333";"-57,5095";"8,6";"180"
"UR ERTZA";"6508";"2025-11-14 14:15:00";"-38,1083333333";"-57,5125";"8,6";"180"
"UR ERTZA";"6508";"2025-11-14 14:30:00";"-38,1413333333";"-57,5225";"8,1";"210"
"UR ERTZA";"6508";"2025-11-14 14:45:00";"-38,17";"-57,5471666667";"8,1";"210"
"UR ERTZA";"6508";"2025-11-14 15:00:00";"-38,198";"-57,5721666667";"8,1";"210"
"UR ERTZA";"6508";"2025-11-14 15:15:00";"-38,2291666667";"-57,6005";"9,2";"210"
"UR ERTZA";"6508";"2025-11-14 15:30:00";"-38,2636666667";"-57,6313333333";"9,7";"215"
"UR ERTZA";"6508";"2025-11-14 15:45:00";"-38,2995";"-57,6621666667";"10,3";"210"
"UR ERTZA";"6508";"2025-11-14 16:00:00";"-38,3353333333";"-57,6928333333";"10,3";"210"
"UR ERTZA";"6508";"2025-11-14 16:15:00";"-38,3711666667";"-57,7233333333";"9,7";"210"
"UR ERTZA";"6508";"2025-11-14 16:30:00";"-38,4063333333";"-57,7545";"10,3";"210"
"UR ERTZA";"6508";"2025-11-14 16:45:00";"-38,4416666667";"-57,7853333333";"9,7";"215"
"UR ERTZA";"6508";"2025-11-14 17:00:00";"-38,4766666667";"-57,817";"9,7";"210"
"UR ERTZA";"6508";"2025-11-14 17:15:00";"-38,5113333333";"-57,8488333333";"10,3";"215"
"UR ERTZA";"6508";"2025-11-14 17:30:00";"-38,5461666667";"-57,8808333333";"10,3";"215"
"UR ERTZA";"6508";"2025-11-14 17:45:00";"-38,5811666667";"-57,913";"9,7";"210"
"UR ERTZA";"6508";"2025-11-14 18:00:00";"-38,615";"-57,9461666667";"10,3";"215"
"UR ERTZA";"6508";"2025-11-14 18:15:00";"-38,6486666667";"-57,9796666667";"9,7";"215"
"UR ERTZA";"6508";"2025-11-14 18:30:00";"-38,683";"-58,013";"10,3";"215"
"UR ERTZA";"6508";"2025-11-14 18:45:00";"-38,7188333333";"-58,0438333333";"10,8";"210"
"UR ERTZA";"6508";"2025-11-14 19:00:00";"-38,7553333333";"-58,0746666667";"9,7";"210"
"UR ERTZA";"6508";"2025-11-14 19:15:00";"-38,7911666667";"-58,1058333333";"9,7";"210"
"UR ERTZA";"6508";"2025-11-14 19:30:00";"-38,8271666667";"-58,1378333333";"9,7";"215"
"UR ERTZA";"6508";"2025-11-14 19:45:00";"-38,863";"-58,1695";"10,3";"215"
"UR ERTZA";"6508";"2025-11-14 20:00:00";"-38,8988333333";"-58,2016666667";"10,3";"215"
"UR ERTZA";"6508";"2025-11-14 20:15:00";"-38,9353333333";"-58,2346666667";"10,3";"215"
"UR ERTZA";"6508";"2025-11-14 20:30:00";"-38,9713333333";"-58,267";"10,3";"215"
"UR ERTZA";"6508";"2025-11-14 20:45:00";"-39,0075";"-58,2995";"10,3";"210"
"UR ERTZA";"6508";"2025-11-14 21:00:00";"-39,0433333333";"-58,3321666667";"10,3";"215"
"UR ERTZA";"6508";"2025-11-14 21:15:00";"-39,0791666667";"-58,365";"10,8";"215"
"UR ERTZA";"6508";"2025-11-14 21:30:00";"-39,115";"-58,398";"9,7";"215"
"UR ERTZA";"6508";"2025-11-14 21:45:00";"-39,1511666667";"-58,4308333333";"10,3";"215"
"UR ERTZA";"6508";"2025-11-14 22:00:00";"-39,188";"-58,4621666667";"9,7";"210"
"UR ERTZA";"6508";"2025-11-14 22:15:00";"-39,2245";"-58,493";"10,3";"210"
"UR ERTZA";"6508";"2025-11-14 22:30:00";"-39,2605";"-58,5246666667";"10,3";"210"
"UR ERTZA";"6508";"2025-11-14 22:45:00";"-39,2971666667";"-58,5571666667";"10,3";"210"
"UR ERTZA";"6508";"2025-11-14 23:00:00";"-39,3338333333";"-58,5908333333";"11,3";"215"
"UR ERTZA";"6508";"2025-11-14 23:15:00";"-39,3705";"-58,6246666667";"10,3";"215"
"UR ERTZA";"6508";"2025-11-14 23:30:00";"-39,4066666667";"-58,6588333333";"10,8";"215"
"UR ERTZA";"6508";"2025-11-14 23:45:00";"-39,4425";"-58,6933333333";"10,3";"215"
"UR ERTZA";"6508";"2025-11-15 00:00:00";"-39,4788333333";"-58,7283333333";"10,3";"210"
"UR ERTZA";"6508";"2025-11-15 00:15:00";"-39,5158333333";"-58,7621666667";"10,3";"215"
"UR ERTZA";"6508";"2025-11-15 00:30:00";"-39,553";"-58,7966666667";"10,3";"210"
"UR ERTZA";"6508";"2025-11-15 00:45:00";"-39,5908333333";"-58,8313333333";"11,3";"215"
"UR ERTZA";"6508";"2025-11-15 01:00:00";"-39,6295";"-58,8661666667";"10,8";"210"
"UR ERTZA";"6508";"2025-11-15 01:15:00";"-39,6688333333";"-58,9003333333";"11,3";"210"
"UR ERTZA";"6508";"2025-11-15 01:30:00";"-39,7091666667";"-58,9345";"11,3";"210"
"UR ERTZA";"6508";"2025-11-15 01:45:00";"-39,7491666667";"-58,9686666667";"10,8";"215"
"UR ERTZA";"6508";"2025-11-15 02:00:00";"-39,7891666667";"-59,0038333333";"11,3";"210"
"UR ERTZA";"6508";"2025-11-15 02:15:00";"-39,8295";"-59,0383333333";"11,3";"215"
"UR ERTZA";"6508";"2025-11-15 02:30:00";"-39,8696666667";"-59,0728333333";"11,3";"215"
"UR ERTZA";"6508";"2025-11-15 02:45:00";"-39,9103333333";"-59,1066666667";"11,9";"210"
"UR ERTZA";"6508";"2025-11-15 03:00:00";"-39,9513333333";"-59,14";"11,3";"210"
"UR ERTZA";"6508";"2025-11-15 03:15:00";"-39,9928333333";"-59,1728333333";"11,9";"210"
"UR ERTZA";"6508";"2025-11-15 03:30:00";"-40,033";"-59,2075";"11,3";"210"
"UR ERTZA";"6508";"2025-11-15 03:45:00";"-40,0736666667";"-59,2416666667";"11,3";"210"
"UR ERTZA";"6508";"2025-11-15 04:00:00";"-40,1145";"-59,2763333333";"11,9";"210"
"UR ERTZA";"6508";"2025-11-15 04:15:00";"-40,1555";"-59,3108333333";"11,3";"210"
"UR ERTZA";"6508";"2025-11-15 04:30:00";"-40,1958333333";"-59,3455";"11,3";"210"
"UR ERTZA";"6508";"2025-11-15 04:45:00";"-40,2346666667";"-59,382";"11,3";"210"
"UR ERTZA";"6508";"2025-11-15 05:00:00";"-40,2738333333";"-59,4166666667";"11,3";"210"
"UR ERTZA";"6508";"2025-11-15 05:15:00";"-40,3133333333";"-59,4508333333";"10,8";"210"
"UR ERTZA";"6508";"2025-11-15 05:30:00";"-40,3516666667";"-59,4866666667";"10,8";"215"
"UR ERTZA";"6508";"2025-11-15 05:45:00";"-40,3903333333";"-59,5221666667";"10,8";"215"
"UR ERTZA";"6508";"2025-11-15 06:00:00";"-40,4286666667";"-59,5575";"10,8";"215"
"UR ERTZA";"6508";"2025-11-15 06:15:00";"-40,4663333333";"-59,5921666667";"10,8";"215"
"UR ERTZA";"6508";"2025-11-15 06:30:00";"-40,5041666667";"-59,627";"10,8";"215"
"UR ERTZA";"6508";"2025-11-15 06:45:00";"-40,5413333333";"-59,6625";"10,3";"215"
"UR ERTZA";"6508";"2025-11-15 07:00:00";"-40,5786666667";"-59,698";"10,8";"210"
"UR ERTZA";"6508";"2025-11-15 07:15:00";"-40,6158333333";"-59,7336666667";"10,8";"215"
"UR ERTZA";"6508";"2025-11-15 07:31:00";"-40,653";"-59,7683333333";"10,8";"215"
"UR ERTZA";"6508";"2025-11-15 07:45:00";"-40,6896666667";"-59,8033333333";"10,8";"215"
"UR ERTZA";"6508";"2025-11-15 08:01:00";"-40,7258333333";"-59,8386666667";"10,3";"215"
"UR ERTZA";"6508";"2025-11-15 08:15:00";"-40,7608333333";"-59,8738333333";"10,3";"220"
"UR ERTZA";"6508";"2025-11-15 08:30:00";"-40,7958333333";"-59,9091666667";"10,3";"215"
"UR ERTZA";"6508";"2025-11-15 08:46:00";"-40,8308333333";"-59,945";"10,3";"215"
"UR ERTZA";"6508";"2025-11-15 09:01:00";"-40,8653333333";"-59,9811666667";"10,3";"215"
"UR ERTZA";"6508";"2025-11-15 09:16:00";"-40,9008333333";"-60,0155";"10,3";"210"
"UR ERTZA";"6508";"2025-11-15 09:31:00";"-40,9396666667";"-60,042";"9,7";"205"
"UR ERTZA";"6508";"2025-11-15 09:46:00";"-40,9805";"-60,0633333333";"10,8";"195"
"UR ERTZA";"6508";"2025-11-15 10:01:00";"-41,0238333333";"-60,0755";"10,3";"185"
"UR ERTZA";"6508";"2025-11-15 10:16:00";"-41,0675";"-60,08";"9,7";"180"
"UR ERTZA";"6508";"2025-11-15 10:31:00";"-41,1113333333";"-60,083";"10,3";"180"
"UR ERTZA";"6508";"2025-11-15 10:46:00";"-41,155";"-60,085";"10,3";"175"
"UR ERTZA";"6508";"2025-11-15 11:01:00";"-41,1986666667";"-60,0846666667";"9,7";"180"
"UR ERTZA";"6508";"2025-11-15 11:16:00";"-41,2266666667";"-60,0825";"5,9";"170"
"UR ERTZA";"6508";"2025-11-15 11:30:00";"-41,248";"-60,0786666667";"4,3";"170"
"UR ERTZA";"6508";"2025-11-15 11:46:00";"-41,2666666667";"-60,0778333333";"3,8";"180"
"UR ERTZA";"6508";"2025-11-15 12:00:00";"-41,285";"-60,08";"4,3";"190"
"UR ERTZA";"6508";"2025-11-15 12:16:00";"-41,3025";"-60,085";"4,3";"190"
"UR ERTZA";"6508";"2025-11-15 12:31:00";"-41,3195";"-60,0905";"4,3";"195"
"UR ERTZA";"6508";"2025-11-15 12:46:00";"-41,3371666667";"-60,0928333333";"3,8";"185"
"UR ERTZA";"6508";"2025-11-15 13:01:00";"-41,355";"-60,0928333333";"3,8";"180"
"UR ERTZA";"6508";"2025-11-15 13:16:00";"-41,373";"-60,093";"4,3";"180"
"UR ERTZA";"6508";"2025-11-15 13:31:00";"-41,3911666667";"-60,0928333333";"4,3";"175"
"UR ERTZA";"6508";"2025-11-15 13:46:00";"-41,4091666667";"-60,0928333333";"4,3";"180"
"UR ERTZA";"6508";"2025-11-15 14:01:00";"-41,4263333333";"-60,0928333333";"0,0";"325"
"UR ERTZA";"6508";"2025-11-15 14:16:00";"-41,4321666667";"-60,093";"3,2";"185"
"UR ERTZA";"6508";"2025-11-15 14:31:00";"-41,4211666667";"-60,0911666667";"4,3";"175"
"UR ERTZA";"6508";"2025-11-15 14:46:00";"-41,443";"-60,0925";"4,3";"180"
"UR ERTZA";"6508";"2025-11-15 15:01:00";"-41,462";"-60,0928333333";"3,8";"175"
"UR ERTZA";"6508";"2025-11-15 15:16:00";"-41,4808333333";"-60,0925";"3,8";"180"
"UR ERTZA";"6508";"2025-11-15 15:31:00";"-41,4996666667";"-60,0928333333";"4,9";"175"
"UR ERTZA";"6508";"2025-11-15 15:46:00";"-41,5183333333";"-60,0925";"4,9";"175"
"UR ERTZA";"6508";"2025-11-15 16:01:00";"-41,5371666667";"-60,0925";"4,3";"180"
"UR ERTZA";"6508";"2025-11-15 16:16:00";"-41,5558333333";"-60,0925";"3,8";"185"
"UR ERTZA";"6508";"2025-11-15 16:31:00";"-41,5746666667";"-60,093";"4,9";"170"
"UR ERTZA";"6508";"2025-11-15 16:46:00";"-41,5933333333";"-60,0928333333";"4,3";"175"
"UR ERTZA";"6508";"2025-11-15 17:01:00";"-41,612";"-60,0928333333";"3,8";"175"
"UR ERTZA";"6508";"2025-11-15 17:16:00";"-41,6308333333";"-60,0928333333";"4,3";"180"
"UR ERTZA";"6508";"2025-11-15 17:31:00";"-41,6496666667";"-60,093";"4,3";"180"
"UR ERTZA";"6508";"2025-11-15 17:46:00";"-41,6683333333";"-60,0933333333";"4,3";"170"
"UR ERTZA";"6508";"2025-11-15 18:01:00";"-41,6753333333";"-60,0953333333";"3,8";"185"
"UR ERTZA";"6508";"2025-11-15 18:16:00";"-41,6491666667";"-60,098";"10,3";"355"
"UR ERTZA";"6508";"2025-11-15 18:31:00";"-41,6713333333";"-60,0975";"5,9";"175"
"UR ERTZA";"6508";"2025-11-15 18:46:00";"-41,6913333333";"-60,0958333333";"3,8";"170"
"UR ERTZA";"6508";"2025-11-15 19:01:00";"-41,7103333333";"-60,0945";"3,8";"175"
"UR ERTZA";"6508";"2025-11-15 19:16:00";"-41,7288333333";"-60,0945";"4,3";"185"
"UR ERTZA";"6508";"2025-11-15 19:31:00";"-41,7478333333";"-60,0955";"4,3";"180"
"UR ERTZA";"6508";"2025-11-15 19:46:00";"-41,7666666667";"-60,0958333333";"4,3";"180"
"UR ERTZA";"6508";"2025-11-15 20:01:00";"-41,7858333333";"-60,0958333333";"3,8";"175"
"UR ERTZA";"6508";"2025-11-15 20:16:00";"-41,805";"-60,0945";"4,3";"170"
"UR ERTZA";"6508";"2025-11-15 20:31:00";"-41,8236666667";"-60,093";"4,3";"175"
"UR ERTZA";"6508";"2025-11-15 20:46:00";"-41,8425";"-60,092";"3,8";"175"
"UR ERTZA";"6508";"2025-11-15 21:01:00";"-41,8613333333";"-60,0913333333";"4,9";"175"
"UR ERTZA";"6508";"2025-11-15 21:16:00";"-41,88";"-60,0913333333";"4,3";"180"
"UR ERTZA";"6508";"2025-11-15 21:31:00";"-41,8988333333";"-60,092";"3,8";"175"
"UR ERTZA";"6508";"2025-11-15 21:46:00";"-41,9171666667";"-60,092";"4,3";"175"
"UR ERTZA";"6508";"2025-11-15 22:01:00";"-41,9358333333";"-60,0913333333";"3,8";"175"
"UR ERTZA";"6508";"2025-11-15 22:16:00";"-41,9541666667";"-60,0908333333";"4,3";"180"
"UR ERTZA";"6508";"2025-11-15 22:31:00";"-41,9725";"-60,0903333333";"3,8";"175"
"UR ERTZA";"6508";"2025-11-15 22:46:00";"-41,9828333333";"-60,0903333333";"2,2";"185"
"UR ERTZA";"6508";"2025-11-15 23:01:00";"-41,9895";"-60,0966666667";"4,3";"55"
"UR ERTZA";"6508";"2025-11-15 23:16:00";"-41,9896666667";"-60,0958333333";"3,2";"0"
"UR ERTZA";"6508";"2025-11-15 23:31:00";"-41,9891666667";"-60,0928333333";"2,7";"190"
"UR ERTZA";"6508";"2025-11-15 23:46:00";"-41,9878333333";"-60,092";"2,7";"55"
"UR ERTZA";"6508";"2025-11-16 00:01:00";"-41,9875";"-60,0703333333";"7,0";"85"
"UR ERTZA";"6508";"2025-11-16 00:16:00";"-41,9878333333";"-60,0283333333";"7,6";"90"
"UR ERTZA";"6508";"2025-11-16 00:31:00";"-41,9721666667";"-60,0061666667";"7,0";"355"
"UR ERTZA";"6508";"2025-11-16 00:46:00";"-41,9421666667";"-60,0096666667";"6,5";"355"
"UR ERTZA";"6508";"2025-11-16 01:01:00";"-41,9121666667";"-60,0116666667";"7,0";"355"
"UR ERTZA";"6508";"2025-11-16 01:16:00";"-41,8821666667";"-60,0133333333";"6,5";"0"
"UR ERTZA";"6508";"2025-11-16 01:31:00";"-41,8521666667";"-60,0138333333";"7,0";"355"
"UR ERTZA";"6508";"2025-11-16 01:46:00";"-41,8216666667";"-60,015";"7,0";"355"
"UR ERTZA";"6508";"2025-11-16 02:01:00";"-41,792";"-60,0225";"7,0";"345"
"UR ERTZA";"6508";"2025-11-16 02:16:00";"-41,762";"-60,0313333333";"6,5";"345"
"UR ERTZA";"6508";"2025-11-16 02:31:00";"-41,7638333333";"-60,0396666667";"5,4";"175"
"UR ERTZA";"6508";"2025-11-16 02:46:00";"-41,7888333333";"-60,0405";"5,9";"175"
"UR ERTZA";"6508";"2025-11-16 03:01:00";"-41,8138333333";"-60,04";"5,9";"175"
"UR ERTZA";"6508";"2025-11-16 03:16:00";"-41,8391666667";"-60,0391666667";"5,4";"180"
"UR ERTZA";"6508";"2025-11-16 03:31:00";"-41,8646666667";"-60,0396666667";"5,9";"180"
"UR ERTZA";"6508";"2025-11-16 03:46:00";"-41,8908333333";"-60,04";"5,9";"175"
"UR ERTZA";"6508";"2025-11-16 04:01:00";"-41,9171666667";"-60,0378333333";"6,5";"175"
"UR ERTZA";"6508";"2025-11-16 04:16:00";"-41,9433333333";"-60,037";"5,9";"180"
"UR ERTZA";"6508";"2025-11-16 04:31:00";"-41,9566666667";"-60,032";"2,7";"130"
"UR ERTZA";"6508";"2025-11-16 04:46:00";"-41,9638333333";"-60,028";"7,0";"350"
"UR ERTZA";"6508";"2025-11-16 05:01:00";"-41,9336666667";"-60,0295";"7,0";"0"
"UR ERTZA";"6508";"2025-11-16 05:16:00";"-41,9033333333";"-60,0303333333";"7,0";"0"
"UR ERTZA";"6508";"2025-11-16 05:31:00";"-41,8991666667";"-60,03";"4,3";"335"
"UR ERTZA";"6508";"2025-11-16 05:46:00";"-41,8696666667";"-60,0305";"7,0";"0"
"UR ERTZA";"6508";"2025-11-16 06:01:00";"-41,8433333333";"-60,0305";"5,9";"355"
"UR ERTZA";"6508";"2025-11-16 06:16:00";"-41,8175";"-60,0316666667";"5,9";"0"
"UR ERTZA";"6508";"2025-11-16 06:31:00";"-41,8086666667";"-60,032";"3,8";"180"
"UR ERTZA";"6508";"2025-11-16 06:46:00";"-41,8316666667";"-60,0316666667";"4,9";"175"
"UR ERTZA";"6508";"2025-11-16 07:01:00";"-41,8508333333";"-60,0313333333";"4,3";"180"
"UR ERTZA";"6508";"2025-11-16 07:16:00";"-41,8695";"-60,0313333333";"3,8";"175"
"UR ERTZA";"6508";"2025-11-16 07:31:00";"-41,8871666667";"-60,0305";"3,8";"180"
"UR ERTZA";"6508";"2025-11-16 07:46:00";"-41,9111666667";"-60,0303333333";"6,5";"175"
"UR ERTZA";"6508";"2025-11-16 08:01:00";"-41,9516666667";"-60,03";"9,7";"180"
"UR ERTZA";"6508";"2025-11-16 08:16:00";"-41,9916666667";"-60,0308333333";"7,0";"175"
"UR ERTZA";"6508";"2025-11-16 08:31:00";"-41,983";"-60,025";"5,9";"0"
"UR ERTZA";"6508";"2025-11-16 08:46:00";"-41,9586666667";"-60,0253333333";"3,8";"355"
"UR ERTZA";"6508";"2025-11-16 09:01:00";"-41,94";"-60,0261666667";"4,3";"350"
"UR ERTZA";"6508";"2025-11-16 09:16:00";"-41,9213333333";"-60,0271666667";"3,8";"355"
"UR ERTZA";"6508";"2025-11-16 09:31:00";"-41,9028333333";"-60,0275";"3,8";"355"
"UR ERTZA";"6508";"2025-11-16 09:46:00";"-41,8836666667";"-60,0271666667";"3,8";"5"
"UR ERTZA";"6508";"2025-11-16 10:01:00";"-41,865";"-60,0278333333";"4,3";"355"
"UR ERTZA";"6508";"2025-11-16 10:16:00";"-41,8495";"-60,028";"0,5";"45"
"UR ERTZA";"6508";"2025-11-16 10:31:00";"-41,8378333333";"-60,0313333333";"3,8";"310"
"UR ERTZA";"6508";"2025-11-16 10:46:00";"-41,8591666667";"-60,0308333333";"7,6";"170"
"UR ERTZA";"6508";"2025-11-16 11:01:00";"-41,8445";"-60,0295";"5,9";"355"
"UR ERTZA";"6508";"2025-11-16 11:16:00";"-41,8228333333";"-60,0303333333";"4,3";"355"
"UR ERTZA";"6508";"2025-11-16 11:31:00";"-41,8038333333";"-60,0305";"3,8";"0"
"UR ERTZA";"6508";"2025-11-16 11:46:00";"-41,7846666667";"-60,0305";"4,3";"355"
"UR ERTZA";"6508";"2025-11-16 12:01:00";"-41,7658333333";"-60,0305";"4,3";"355"
"UR ERTZA";"6508";"2025-11-16 12:16:00";"-41,747";"-60,0308333333";"4,3";"0"
"UR ERTZA";"6508";"2025-11-16 12:31:00";"-41,7283333333";"-60,0308333333";"3,8";"355"
"UR ERTZA";"6508";"2025-11-16 12:46:00";"-41,7091666667";"-60,0308333333";"3,8";"350"
"UR ERTZA";"6508";"2025-11-16 13:01:00";"-41,6905";"-60,0308333333";"3,8";"0"
"UR ERTZA";"6508";"2025-11-16 13:16:00";"-41,6716666667";"-60,0311666667";"3,8";"355"
"UR ERTZA";"6508";"2025-11-16 13:31:00";"-41,6628333333";"-60,0341666667";"2,2";"350"
"UR ERTZA";"6508";"2025-11-16 13:46:00";"-41,6613333333";"-60,0371666667";"8,6";"165"
"UR ERTZA";"6508";"2025-11-16 14:01:00";"-41,68";"-60,0313333333";"5,9";"355"
"UR ERTZA";"6508";"2025-11-16 14:16:00";"-41,655";"-60,0321666667";"4,3";"355"
"UR ERTZA";"6508";"2025-11-16 14:31:00";"-41,6355";"-60,0321666667";"4,3";"0"
"UR ERTZA";"6508";"2025-11-16 14:46:00";"-41,6163333333";"-60,032";"4,3";"5"
"UR ERTZA";"6508";"2025-11-16 15:01:00";"-41,5971666667";"-60,032";"4,3";"5"
"UR ERTZA";"6508";"2025-11-16 15:16:00";"-41,5783333333";"-60,0321666667";"4,3";"5"
"UR ERTZA";"6508";"2025-11-16 15:31:00";"-41,5591666667";"-60,0325";"3,8";"0"
"UR ERTZA";"6508";"2025-11-16 15:46:00";"-41,5403333333";"-60,0325";"4,3";"0"
"UR ERTZA";"6508";"2025-11-16 16:01:00";"-41,5213333333";"-60,0321666667";"4,3";"0"
"UR ERTZA";"6508";"2025-11-16 16:16:00";"-41,5025";"-60,0325";"4,9";"0"
"UR ERTZA";"6508";"2025-11-16 16:31:00";"-41,4836666667";"-60,033";"3,8";"350"
"UR ERTZA";"6508";"2025-11-16 16:46:00";"-41,465";"-60,0341666667";"4,3";"350"
"UR ERTZA";"6508";"2025-11-16 17:01:00";"-41,4463333333";"-60,0355";"4,3";"350"
"UR ERTZA";"6508";"2025-11-16 17:16:00";"-41,4371666667";"-60,0353333333";"2,7";"0"
"UR ERTZA";"6508";"2025-11-16 17:31:00";"-41,4425";"-60,0383333333";"6,5";"185"
"UR ERTZA";"6508";"2025-11-16 17:46:00";"-41,4745";"-60,0455";"6,5";"195"
"UR ERTZA";"6508";"2025-11-16 18:01:00";"-41,5058333333";"-60,0588333333";"6,5";"195"
"UR ERTZA";"6508";"2025-11-16 18:16:00";"-41,5366666667";"-60,073";"5,4";"195"
"UR ERTZA";"6508";"2025-11-16 18:31:00";"-41,5675";"-60,0858333333";"7,0";"185"
"UR ERTZA";"6508";"2025-11-16 18:46:00";"-41,6011666667";"-60,0903333333";"7,6";"170"
"UR ERTZA";"6508";"2025-11-16 19:01:00";"-41,6361666667";"-60,0855";"10,3";"165"
"UR ERTZA";"6508";"2025-11-16 19:16:00";"-41,655";"-60,0878333333";"4,3";"350"
"UR ERTZA";"6508";"2025-11-16 19:31:00";"-41,6325";"-60,0866666667";"6,5";"5"
"UR ERTZA";"6508";"2025-11-16 19:46:00";"-41,613";"-60,0838333333";"3,8";"5"
"UR ERTZA";"6508";"2025-11-16 20:01:00";"-41,5945";"-60,0816666667";"4,3";"15"
"UR ERTZA";"6508";"2025-11-16 20:16:00";"-41,5755";"-60,0805";"3,8";"355"
"UR ERTZA";"6508";"2025-11-16 20:31:00";"-41,5566666667";"-60,0796666667";"3,8";"350"
"UR ERTZA";"6508";"2025-11-16 20:46:00";"-41,5383333333";"-60,0786666667";"4,9";"5"
"UR ERTZA";"6508";"2025-11-16 21:01:00";"-41,5196666667";"-60,0778333333";"3,8";"355"
"UR ERTZA";"6508";"2025-11-16 21:16:00";"-41,5011666667";"-60,0771666667";"4,3";"345"
"UR ERTZA";"6508";"2025-11-16 21:31:00";"-41,4821666667";"-60,0778333333";"3,8";"5"
"UR ERTZA";"6508";"2025-11-16 21:46:00";"-41,4638333333";"-60,0783333333";"4,3";"355"
"UR ERTZA";"6508";"2025-11-16 22:01:00";"-41,4453333333";"-60,078";"3,8";"10"
"UR ERTZA";"6508";"2025-11-16 22:16:00";"-41,4266666667";"-60,0771666667";"4,3";"355"
"UR ERTZA";"6508";"2025-11-16 22:31:00";"-41,4078333333";"-60,0763333333";"4,3";"340"
"UR ERTZA";"6508";"2025-11-16 22:46:00";"-41,3895";"-60,0755";"4,3";"0"
"UR ERTZA";"6508";"2025-11-16 23:01:00";"-41,3708333333";"-60,0741666667";"4,3";"345"
"UR ERTZA";"6508";"2025-11-16 23:16:00";"-41,3613333333";"-60,0705";"1,1";"25"
"UR ERTZA";"6508";"2025-11-16 23:31:00";"-41,3521666667";"-60,0636666667";"3,2";"160"
"UR ERTZA";"6508";"2025-11-16 23:46:00";"-41,3628333333";"-60,0608333333";"2,2";"170"
"UR ERTZA";"6508";"2025-11-17 00:01:00";"-41,3728333333";"-60,0578333333";"2,7";"175"
"UR ERTZA";"6508";"2025-11-17 00:16:00";"-41,3828333333";"-60,055";"2,2";"145"
"UR ERTZA";"6508";"2025-11-17 00:31:00";"-41,37";"-60,0475";"5,4";"15"
"UR ERTZA";"6508";"2025-11-17 00:46:00";"-41,3466666667";"-60,0371666667";"4,3";"70"
"UR ERTZA";"6508";"2025-11-17 01:01:00";"-41,3538333333";"-60,0308333333";"2,7";"170"
"UR ERTZA";"6508";"2025-11-17 01:16:00";"-41,3638333333";"-60,0308333333";"2,7";"180"
"UR ERTZA";"6508";"2025-11-17 01:31:00";"-41,3745";"-60,0311666667";"2,7";"185"
"UR ERTZA";"6508";"2025-11-17 01:46:00";"-41,3575";"-60,0295";"5,4";"355"
"UR ERTZA";"6508";"2025-11-17 02:01:00";"-41,333";"-60,0295";"5,4";"0"
"UR ERTZA";"6508";"2025-11-17 02:16:00";"-41,3095";"-60,0305";"1,6";"275"
"UR ERTZA";"6508";"2025-11-17 02:31:00";"-41,3196666667";"-60,0308333333";"2,2";"180"
"UR ERTZA";"6508";"2025-11-17 02:46:00";"-41,3313333333";"-60,0311666667";"3,2";"180"
"UR ERTZA";"6508";"2025-11-17 03:01:00";"-41,3438333333";"-60,0305";"1,6";"205"
"UR ERTZA";"6508";"2025-11-17 03:16:00";"-41,3558333333";"-60,0286666667";"2,7";"170"
"UR ERTZA";"6508";"2025-11-17 03:31:00";"-41,3678333333";"-60,027";"2,7";"185"
"UR ERTZA";"6508";"2025-11-17 03:46:00";"-41,3805";"-60,0275";"3,2";"180"
"UR ERTZA";"6508";"2025-11-17 04:01:00";"-41,3933333333";"-60,0278333333";"2,7";"165"
"UR ERTZA";"6508";"2025-11-17 04:16:00";"-41,3978333333";"-60,0263333333";"4,9";"345"
"UR ERTZA";"6508";"2025-11-17 04:31:00";"-41,3753333333";"-60,028";"4,3";"355"
"UR ERTZA";"6508";"2025-11-17 04:46:00";"-41,3525";"-60,0288333333";"5,9";"355"
"UR ERTZA";"6508";"2025-11-17 05:01:00";"-41,33";"-60,0288333333";"5,4";"345"
"UR ERTZA";"6508";"2025-11-17 05:16:00";"-41,3078333333";"-60,0278333333";"5,4";"355"
"UR ERTZA";"6508";"2025-11-17 05:31:00";"-41,2855";"-60,027";"4,9";"0"
"UR ERTZA";"6508";"2025-11-17 05:46:00";"-41,2638333333";"-60,0266666667";"5,4";"0"
"UR ERTZA";"6508";"2025-11-17 06:01:00";"-41,243";"-60,0261666667";"4,3";"5"
"UR ERTZA";"6508";"2025-11-17 06:16:00";"-41,2225";"-60,0261666667";"4,3";"0"
"UR ERTZA";"6508";"2025-11-17 06:31:00";"-41,2025";"-60,0255";"4,3";"355"
"UR ERTZA";"6508";"2025-11-17 06:46:00";"-41,1828333333";"-60,0241666667";"4,3";"5"
"UR ERTZA";"6508";"2025-11-17 07:01:00";"-41,1838333333";"-60,0261666667";"4,9";"175"
"UR ERTZA";"6508";"2025-11-17 07:16:00";"-41,2011666667";"-60,0258333333";"3,8";"175"
"UR ERTZA";"6508";"2025-11-17 07:31:00";"-41,225";"-60,0263333333";"5,9";"175"
"UR ERTZA";"6508";"2025-11-17 07:46:00";"-41,2495";"-60,0263333333";"5,9";"165"
"UR ERTZA";"6508";"2025-11-17 08:01:00";"-41,2716666667";"-60,0261666667";"4,9";"185"
"UR ERTZA";"6508";"2025-11-17 08:16:00";"-41,268";"-60,0245";"5,4";"350"
"UR ERTZA";"6508";"2025-11-17 08:31:00";"-41,2858333333";"-60,0253333333";"5,4";"170"
"UR ERTZA";"6508";"2025-11-17 08:46:00";"-41,3086666667";"-60,0246666667";"5,4";"175"
"UR ERTZA";"6508";"2025-11-17 09:01:00";"-41,3275";"-60,0246666667";"4,3";"185"
"UR ERTZA";"6508";"2025-11-17 09:16:00";"-41,3466666667";"-60,025";"4,3";"180"
"UR ERTZA";"6508";"2025-11-17 09:31:00";"-41,3655";"-60,0246666667";"4,3";"180"
"UR ERTZA";"6508";"2025-11-17 09:46:00";"-41,3845";"-60,025";"3,8";"170"
"UR ERTZA";"6508";"2025-11-17 10:01:00";"-41,403";"-60,0246666667";"3,8";"185"
"UR ERTZA";"6508";"2025-11-17 10:16:00";"-41,4216666667";"-60,025";"4,3";"175"
"UR ERTZA";"6508";"2025-11-17 10:31:00";"-41,44";"-60,025";"4,3";"185"
"UR ERTZA";"6508";"2025-11-17 10:46:00";"-41,4583333333";"-60,0255";"2,2";"170"
"UR ERTZA";"6508";"2025-11-17 11:01:00";"-41,4653333333";"-60,02";"2,7";"155"
"UR ERTZA";"6508";"2025-11-17 11:16:00";"-41,4695";"-60,0111666667";"5,4";"320"
"UR ERTZA";"6508";"2025-11-17 11:31:00";"-41,4745";"-60,0125";"7,0";"150"
"UR ERTZA";"6508";"2025-11-17 11:46:00";"-41,4733333333";"-60,012";"1,6";"350"
"UR ERTZA";"6508";"2025-11-17 12:01:00";"-41,465";"-60,0186666667";"1,6";"325"
"UR ERTZA";"6508";"2025-11-17 12:16:00";"-41,4561666667";"-60,0263333333";"1,1";"320"
"UR ERTZA";"6508";"2025-11-17 12:31:00";"-41,4461666667";"-60,0325";"3,2";"345"
"UR ERTZA";"6508";"2025-11-17 12:46:00";"-41,4353333333";"-60,0388333333";"2,7";"340"
"UR ERTZA";"6508";"2025-11-17 13:01:00";"-41,4538333333";"-60,0366666667";"4,9";"160"
"UR ERTZA";"6508";"2025-11-17 13:16:00";"-41,4808333333";"-60,032";"6,5";"175"
"UR ERTZA";"6508";"2025-11-17 13:31:00";"-41,5078333333";"-60,0266666667";"6,5";"160"
"UR ERTZA";"6508";"2025-11-17 13:46:00";"-41,5346666667";"-60,02";"7,0";"165"
"UR ERTZA";"6508";"2025-11-17 14:01:00";"-41,5691666667";"-60,0203333333";"8,6";"170"
"UR ERTZA";"6508";"2025-11-17 14:16:00";"-41,6036666667";"-60,0203333333";"7,0";"190"
"UR ERTZA";"6508";"2025-11-17 14:31:00";"-41,6303333333";"-60,0211666667";"2,7";"180"
"UR ERTZA";"6508";"2025-11-17 14:46:00";"-41,6511666667";"-60,02";"5,4";"175"
"UR ERTZA";"6508";"2025-11-17 15:01:00";"-41,6705";"-60,0188333333";"4,9";"155"
"UR ERTZA";"6508";"2025-11-17 15:16:00";"-41,6891666667";"-60,02";"3,8";"195"
"UR ERTZA";"6508";"2025-11-17 15:31:00";"-41,7071666667";"-60,0213333333";"3,8";"175"
"UR ERTZA";"6508";"2025-11-17 15:46:00";"-41,7253333333";"-60,0221666667";"3,8";"195"
"UR ERTZA";"6508";"2025-11-17 16:01:00";"-41,7436666667";"-60,0233333333";"4,3";"170"
"UR ERTZA";"6508";"2025-11-17 16:16:00";"-41,762";"-60,0241666667";"4,3";"175"
"UR ERTZA";"6508";"2025-11-17 16:31:00";"-41,7803333333";"-60,0241666667";"3,2";"195"
"UR ERTZA";"6508";"2025-11-17 16:46:00";"-41,7983333333";"-60,0241666667";"4,3";"170"
"UR ERTZA";"6508";"2025-11-17 17:01:00";"-41,8163333333";"-60,0253333333";"3,8";"180"
"UR ERTZA";"6508";"2025-11-17 17:16:00";"-41,8345";"-60,0261666667";"4,3";"155"
"UR ERTZA";"6508";"2025-11-17 17:31:00";"-41,842";"-60,0195";"2,7";"85"
"UR ERTZA";"6508";"2025-11-17 17:46:00";"-41,8386666667";"-60,0166666667";"5,9";"345"
"UR ERTZA";"6508";"2025-11-17 18:01:00";"-41,81";"-60,0245";"3,8";"190"
"UR ERTZA";"6508";"2025-11-17 18:16:00";"-41,8305";"-60,0266666667";"5,4";"190"
"UR ERTZA";"6508";"2025-11-17 18:31:00";"-41,85";"-60,0253333333";"4,3";"180"
"UR ERTZA";"6508";"2025-11-17 18:46:00";"-41,8688333333";"-60,022";"4,3";"165"
"UR ERTZA";"6508";"2025-11-17 19:01:00";"-41,8871666667";"-60,0195";"4,3";"165"
"UR ERTZA";"6508";"2025-11-17 19:16:00";"-41,9058333333";"-60,0191666667";"4,3";"190"
"UR ERTZA";"6508";"2025-11-17 19:31:00";"-41,9241666667";"-60,0188333333";"4,3";"185"
"UR ERTZA";"6508";"2025-11-17 19:46:00";"-41,9428333333";"-60,0195";"4,3";"190"
"UR ERTZA";"6508";"2025-11-17 20:01:00";"-41,9616666667";"-60,02";"4,9";"175"
"UR ERTZA";"6508";"2025-11-17 20:16:00";"-41,9803333333";"-60,0196666667";"4,3";"175"
"UR ERTZA";"6508";"2025-11-17 20:31:00";"-41,9866666667";"-60,0146666667";"1,6";"165"
"UR ERTZA";"6508";"2025-11-17 20:46:00";"-42,0028333333";"-59,9945";"5,4";"80"
"UR ERTZA";"6508";"2025-11-17 21:01:00";"-42,0028333333";"-59,9638333333";"5,9";"75"
"UR ERTZA";"6508";"2025-11-17 21:16:00";"-42,0021666667";"-59,937";"4,3";"75"
"UR ERTZA";"6508";"2025-11-17 21:31:00";"-42,0021666667";"-59,9116666667";"4,3";"105"
"UR ERTZA";"6508";"2025-11-17 21:46:00";"-42,0021666667";"-59,8866666667";"3,8";"95"
"UR ERTZA";"6508";"2025-11-17 22:01:00";"-42,002";"-59,862";"4,3";"95"
"UR ERTZA";"6508";"2025-11-17 22:16:00";"-42,0033333333";"-59,8366666667";"3,8";"85"
"UR ERTZA";"6508";"2025-11-17 22:31:00";"-42,0021666667";"-59,8116666667";"4,9";"80"
"UR ERTZA";"6508";"2025-11-17 22:46:00";"-42,003";"-59,7866666667";"4,3";"75"
"UR ERTZA";"6508";"2025-11-17 23:01:00";"-42,007";"-59,7621666667";"4,3";"95"
"UR ERTZA";"6508";"2025-11-17 23:16:00";"-42,0141666667";"-59,7391666667";"4,3";"105"
"UR ERTZA";"6508";"2025-11-17 23:31:00";"-42,0216666667";"-59,7191666667";"0,5";"35"
"UR ERTZA";"6508";"2025-11-17 23:46:00";"-42,0191666667";"-59,7095";"2,7";"85"
"UR ERTZA";"6508";"2025-11-18 00:01:00";"-42,0133333333";"-59,7241666667";"5,4";"285"
"UR ERTZA";"6508";"2025-11-18 00:16:00";"-42,0075";"-59,757";"5,4";"275"
"UR ERTZA";"6508";"2025-11-18 00:31:00";"-42,0058333333";"-59,7903333333";"4,9";"260"
"UR ERTZA";"6508";"2025-11-18 00:46:00";"-42,0055";"-59,8246666667";"6,5";"270"
"UR ERTZA";"6508";"2025-11-18 01:01:00";"-42,0053333333";"-59,8591666667";"5,9";"290"
"UR ERTZA";"6508";"2025-11-18 01:16:00";"-42,0053333333";"-59,8938333333";"5,4";"245"
"UR ERTZA";"6508";"2025-11-18 01:31:00";"-42,005";"-59,9321666667";"5,4";"260"
"UR ERTZA";"6508";"2025-11-18 01:46:00";"-42,0033333333";"-59,9728333333";"4,9";"290"
"UR ERTZA";"6508";"2025-11-18 02:01:00";"-41,9963333333";"-60,0133333333";"7,6";"290"
"UR ERTZA";"6508";"2025-11-18 02:16:00";"-41,9853333333";"-60,0575";"8,1";"290"
"UR ERTZA";"6508";"2025-11-18 02:31:00";"-41,977";"-60,1038333333";"9,7";"275"
"UR ERTZA";"6508";"2025-11-18 02:46:00";"-41,968";"-60,1528333333";"8,6";"285"
"UR ERTZA";"6508";"2025-11-18 03:01:00";"-41,9611666667";"-60,2016666667";"8,6";"275"
"UR ERTZA";"6508";"2025-11-18 03:16:00";"-41,9555";"-60,2516666667";"9,2";"275"
"UR ERTZA";"6508";"2025-11-18 03:31:00";"-41,9511666667";"-60,3016666667";"8,6";"275"
"UR ERTZA";"6508";"2025-11-18 03:46:00";"-41,9505";"-60,3505";"9,2";"265"
"UR ERTZA";"6508";"2025-11-18 04:01:00";"-41,9538333333";"-60,3988333333";"9,2";"265"
"UR ERTZA";"6508";"2025-11-18 04:16:00";"-41,958";"-60,448";"8,1";"255"
"UR ERTZA";"6508";"2025-11-18 04:31:00";"-41,9596666667";"-60,49";"3,2";"265"
"UR ERTZA";"6508";"2025-11-18 04:46:00";"-41,96";"-60,5086666667";"2,2";"255"
"UR ERTZA";"6508";"2025-11-18 05:01:00";"-41,96";"-60,5261666667";"3,2";"275"
"UR ERTZA";"6508";"2025-11-18 05:16:00";"-41,96";"-60,5436666667";"4,3";"275"
"UR ERTZA";"6508";"2025-11-18 05:31:00";"-41,9611666667";"-60,5678333333";"3,2";"265"
"UR ERTZA";"6508";"2025-11-18 05:46:00";"-41,9621666667";"-60,5921666667";"5,4";"285"
"UR ERTZA";"6508";"2025-11-18 06:01:00";"-41,9613333333";"-60,6158333333";"3,8";"265"
"UR ERTZA";"6508";"2025-11-18 06:16:00";"-41,96";"-60,6383333333";"3,2";"280"
"UR ERTZA";"6508";"2025-11-18 06:31:00";"-41,9595";"-60,6605";"4,3";"270"
"UR ERTZA";"6508";"2025-11-18 06:46:00";"-41,9596666667";"-60,6413333333";"6,5";"95"
"UR ERTZA";"6508";"2025-11-18 07:01:00";"-41,958";"-60,6205";"1,6";"275"
"UR ERTZA";"6508";"2025-11-18 07:16:00";"-41,9588333333";"-60,6283333333";"1,6";"245"
"UR ERTZA";"6508";"2025-11-18 07:32:00";"-41,9596666667";"-60,6358333333";"2,2";"295"
"UR ERTZA";"6508";"2025-11-18 07:46:00";"-41,9603333333";"-60,6428333333";"1,1";"270"
"UR ERTZA";"6508";"2025-11-18 08:02:00";"-41,9588333333";"-60,6211666667";"6,5";"90"
"UR ERTZA";"6508";"2025-11-18 08:17:00";"-41,9675";"-60,6391666667";"2,7";"165"
"UR ERTZA";"6508";"2025-11-18 08:32:00";"-41,9733333333";"-60,6078333333";"6,5";"100"
"UR ERTZA";"6508";"2025-11-18 08:46:00";"-41,9761666667";"-60,5771666667";"4,3";"90"
"UR ERTZA";"6508";"2025-11-18 09:02:00";"-41,9763333333";"-60,5525";"4,3";"95"
"UR ERTZA";"6508";"2025-11-18 09:17:00";"-41,977";"-60,528";"3,8";"110"
"UR ERTZA";"6508";"2025-11-18 09:32:00";"-41,9778333333";"-60,5033333333";"5,4";"75"
"UR ERTZA";"6508";"2025-11-18 09:47:00";"-41,9783333333";"-60,4791666667";"3,8";"115"
"UR ERTZA";"6508";"2025-11-18 10:02:00";"-41,9786666667";"-60,455";"3,8";"95"
"UR ERTZA";"6508";"2025-11-18 10:17:00";"-41,9783333333";"-60,4313333333";"4,3";"85"
"UR ERTZA";"6508";"2025-11-18 10:32:00";"-41,9746666667";"-60,4153333333";"1,1";"25"
"UR ERTZA";"6508";"2025-11-18 10:47:00";"-41,963";"-60,4005";"4,3";"40"
"UR ERTZA";"6508";"2025-11-18 11:02:00";"-41,9553333333";"-60,4033333333";"1,1";"245"
"UR ERTZA";"6508";"2025-11-18 11:16:00";"-41,9583333333";"-60,4141666667";"1,1";"250"
"UR ERTZA";"6508";"2025-11-18 11:32:00";"-41,9613333333";"-60,4238333333";"2,7";"245"
"UR ERTZA";"6508";"2025-11-18 11:47:00";"-41,9396666667";"-60,3983333333";"8,1";"45"
"UR ERTZA";"6508";"2025-11-18 12:01:00";"-41,9166666667";"-60,3691666667";"8,1";"35"
"UR ERTZA";"6508";"2025-11-18 12:17:00";"-41,8933333333";"-60,3388333333";"7,0";"50"
"UR ERTZA";"6508";"2025-11-18 12:32:00";"-41,8705";"-60,3091666667";"7,0";"40"
"UR ERTZA";"6508";"2025-11-18 12:47:00";"-41,8458333333";"-60,28";"7,0";"35"
"UR ERTZA";"6508";"2025-11-18 13:02:00";"-41,8213333333";"-60,2505";"7,0";"35"
"UR ERTZA";"6508";"2025-11-18 13:17:00";"-41,8153333333";"-60,2496666667";"1,1";"230"
"UR ERTZA";"6508";"2025-11-18 13:32:00";"-41,8178333333";"-60,258";"1,1";"230"
"UR ERTZA";"6508";"2025-11-18 13:47:00";"-41,8203333333";"-60,268";"2,7";"225"
"UR ERTZA";"6508";"2025-11-18 14:02:00";"-41,8236666667";"-60,2795";"2,2";"255"
"UR ERTZA";"6508";"2025-11-18 14:17:00";"-41,827";"-60,2911666667";"2,7";"230"
"UR ERTZA";"6508";"2025-11-18 14:32:00";"-41,83";"-60,3021666667";"2,7";"240"
"UR ERTZA";"6508";"2025-11-18 14:47:00";"-41,8333333333";"-60,3121666667";"2,2";"205"
"UR ERTZA";"6508";"2025-11-18 15:02:00";"-41,837";"-60,322";"2,7";"255"
"UR ERTZA";"6508";"2025-11-18 15:17:00";"-41,8408333333";"-60,333";"1,1";"325"
"UR ERTZA";"6508";"2025-11-18 15:32:00";"-41,8445";"-60,3441666667";"2,7";"265"
"UR ERTZA";"6508";"2025-11-18 15:47:00";"-41,847";"-60,3558333333";"2,7";"255"
"UR ERTZA";"6508";"2025-11-18 16:02:00";"-41,8496666667";"-60,3683333333";"3,8";"200"
"UR ERTZA";"6508";"2025-11-18 16:17:00";"-41,853";"-60,3808333333";"4,3";"270"
"UR ERTZA";"6508";"2025-11-18 16:32:00";"-41,8571666667";"-60,3933333333";"3,8";"225"
"UR ERTZA";"6508";"2025-11-18 16:47:00";"-41,8625";"-60,4063333333";"1,6";"240"
"UR ERTZA";"6508";"2025-11-18 17:02:00";"-41,8678333333";"-60,4191666667";"1,1";"245"
"UR ERTZA";"6508";"2025-11-18 17:17:00";"-41,8721666667";"-60,4288333333";"1,1";"280"
"UR ERTZA";"6508";"2025-11-18 17:32:00";"-41,8763333333";"-60,4408333333";"2,2";"260"
"UR ERTZA";"6508";"2025-11-18 17:47:00";"-41,8808333333";"-60,4525";"1,6";"255"
"UR ERTZA";"6508";"2025-11-18 18:02:00";"-41,8658333333";"-60,4445";"7,6";"25"
"UR ERTZA";"6508";"2025-11-18 18:17:00";"-41,8441666667";"-60,42";"5,9";"30"
"UR ERTZA";"6508";"2025-11-18 18:32:00";"-41,8388333333";"-60,4186666667";"1,6";"280"
"UR ERTZA";"6508";"2025-11-18 18:47:00";"-41,8403333333";"-60,4245";"1,1";"225"
"UR ERTZA";"6508";"2025-11-18 19:02:00";"-41,8416666667";"-60,4288333333";"0,5";"165"
"UR ERTZA";"6508";"2025-11-18 19:17:00";"-41,8436666667";"-60,4345";"1,1";"40"
"UR ERTZA";"6508";"2025-11-18 19:32:00";"-41,8461666667";"-60,4403333333";"2,2";"190"
"UR ERTZA";"6508";"2025-11-18 19:47:00";"-41,848";"-60,4455";"0,5";"105"
"UR ERTZA";"6508";"2025-11-18 20:02:00";"-41,8508333333";"-60,4521666667";"0,5";"240"
"UR ERTZA";"6508";"2025-11-18 20:17:00";"-41,853";"-60,4586666667";"1,1";"255"
"UR ERTZA";"6508";"2025-11-18 20:32:00";"-41,8553333333";"-60,465";"0,5";"240"
"UR ERTZA";"6508";"2025-11-18 20:47:00";"-41,8578333333";"-60,4711666667";"2,2";"250"
"UR ERTZA";"6508";"2025-11-18 21:02:00";"-41,8608333333";"-60,4796666667";"1,1";"335"
"UR ERTZA";"6508";"2025-11-18 21:17:00";"-41,8653333333";"-60,488";"1,1";"270"
"UR ERTZA";"6508";"2025-11-18 21:32:00";"-41,8696666667";"-60,4961666667";"1,6";"215"
"UR ERTZA";"6508";"2025-11-18 21:47:00";"-41,875";"-60,5036666667";"1,6";"220"
"UR ERTZA";"6508";"2025-11-18 22:02:00";"-41,8816666667";"-60,5116666667";"0,5";"240"
"UR ERTZA";"6508";"2025-11-18 22:17:00";"-41,888";"-60,5195";"3,8";"200"
"UR ERTZA";"6508";"2025-11-18 22:32:00";"-41,8953333333";"-60,5278333333";"2,2";"215"
"UR ERTZA";"6508";"2025-11-18 22:47:00";"-41,9013333333";"-60,5361666667";"3,8";"230"
"UR ERTZA";"6508";"2025-11-18 23:02:00";"-41,907";"-60,5453333333";"1,6";"225"
"UR ERTZA";"6508";"2025-11-18 23:17:00";"-41,9136666667";"-60,5545";"3,2";"245"
"UR ERTZA";"6508";"2025-11-18 23:32:00";"-41,9211666667";"-60,5625";"3,2";"195"
"UR ERTZA";"6508";"2025-11-18 23:47:00";"-41,9291666667";"-60,5691666667";"2,2";"160"
"UR ERTZA";"6508";"2025-11-19 00:02:00";"-41,9378333333";"-60,5766666667";"2,7";"165"
"UR ERTZA";"6508";"2025-11-19 00:17:00";"-41,9463333333";"-60,5836666667";"3,8";"205"
"UR ERTZA";"6508";"2025-11-19 00:32:00";"-41,955";"-60,5903333333";"3,2";"205"
"UR ERTZA";"6508";"2025-11-19 00:47:00";"-41,9616666667";"-60,5996666667";"2,2";"270"
"UR ERTZA";"6508";"2025-11-19 01:02:00";"-41,9671666667";"-60,6103333333";"2,7";"255"
"UR ERTZA";"6508";"2025-11-19 01:17:00";"-41,9755";"-60,6186666667";"1,1";"195"
"UR ERTZA";"6508";"2025-11-19 01:32:00";"-41,9825";"-60,627";"6,5";"345"
"UR ERTZA";"6508";"2025-11-19 01:47:00";"-41,9578333333";"-60,6458333333";"7,0";"340"
"UR ERTZA";"6508";"2025-11-19 02:02:00";"-41,9321666667";"-60,6596666667";"7,6";"325"
"UR ERTZA";"6508";"2025-11-19 02:17:00";"-41,9396666667";"-60,682";"4,9";"225"
"UR ERTZA";"6508";"2025-11-19 02:32:00";"-41,9503333333";"-60,7055";"5,4";"240"
"UR ERTZA";"6508";"2025-11-19 02:47:00";"-41,9633333333";"-60,7321666667";"7,6";"210"
"UR ERTZA";"6508";"2025-11-19 03:02:00";"-41,9758333333";"-60,7608333333";"2,7";"245"
"UR ERTZA";"6508";"2025-11-19 03:17:00";"-41,9841666667";"-60,792";"4,9";"285"
"UR ERTZA";"6508";"2025-11-19 03:32:00";"-41,9833333333";"-60,8113333333";"3,8";"225"
"UR ERTZA";"6508";"2025-11-19 03:47:00";"-41,9913333333";"-60,832";"4,9";"230"
"UR ERTZA";"6508";"2025-11-19 04:02:00";"-41,975";"-60,8503333333";"5,4";"255"
"UR ERTZA";"6508";"2025-11-19 04:17:00";"-41,9836666667";"-60,8721666667";"4,3";"255"
"UR ERTZA";"6508";"2025-11-19 04:32:00";"-41,9921666667";"-60,8946666667";"5,9";"270"
"UR ERTZA";"6508";"2025-11-19 04:47:00";"-41,9746666667";"-60,9183333333";"4,9";"220"
"UR ERTZA";"6508";"2025-11-19 05:02:00";"-41,9796666667";"-60,9446666667";"5,4";"280"
"UR ERTZA";"6508";"2025-11-19 05:17:00";"-41,985";"-60,9721666667";"4,9";"255"
"UR ERTZA";"6508";"2025-11-19 05:32:00";"-41,9866666667";"-61,0045";"8,1";"295"
"UR ERTZA";"6508";"2025-11-19 05:47:00";"-41,9863333333";"-61,0386666667";"5,4";"275"
"UR ERTZA";"6508";"2025-11-19 06:02:00";"-41,9863333333";"-61,075";"5,9";"260"
"UR ERTZA";"6508";"2025-11-19 06:17:00";"-41,9891666667";"-61,1088333333";"5,4";"255"
"UR ERTZA";"6508";"2025-11-19 06:32:00";"-41,9886666667";"-61,1453333333";"6,5";"260"
"UR ERTZA";"6508";"2025-11-19 06:47:00";"-41,9771666667";"-61,1683333333";"3,2";"300"
"UR ERTZA";"6508";"2025-11-19 07:02:00";"-41,977";"-61,188";"2,7";"255"
"UR ERTZA";"6508";"2025-11-19 07:17:00";"-41,977";"-61,2113333333";"4,3";"260"
"UR ERTZA";"6508";"2025-11-19 07:32:00";"-41,9766666667";"-61,2363333333";"4,9";"280"
"UR ERTZA";"6508";"2025-11-19 07:47:00";"-41,975";"-61,2525";"4,3";"275"
"UR ERTZA";"6508";"2025-11-19 08:02:00";"-41,9741666667";"-61,2741666667";"4,3";"75"
"UR ERTZA";"6508";"2025-11-19 08:17:00";"-41,9728333333";"-61,257";"4,9";"105"
"UR ERTZA";"6508";"2025-11-19 08:32:00";"-41,975";"-61,2283333333";"5,4";"115"
"UR ERTZA";"6508";"2025-11-19 08:47:00";"-41,9758333333";"-61,2021666667";"4,3";"80"
"UR ERTZA";"6508";"2025-11-19 09:02:00";"-41,977";"-61,1775";"3,8";"85"
"UR ERTZA";"6508";"2025-11-19 09:17:00";"-41,9775";"-61,1533333333";"4,9";"130"
"UR ERTZA";"6508";"2025-11-19 09:32:00";"-41,9771666667";"-61,1291666667";"4,3";"85"
"UR ERTZA";"6508";"2025-11-19 09:47:00";"-41,9778333333";"-61,1053333333";"4,3";"95"
"UR ERTZA";"6508";"2025-11-19 10:02:00";"-41,9788333333";"-61,082";"4,9";"70"
"UR ERTZA";"6508";"2025-11-19 10:17:00";"-41,9788333333";"-61,0586666667";"4,3";"120"
"UR ERTZA";"6508";"2025-11-19 10:32:00";"-41,9786666667";"-61,0353333333";"3,8";"95"
"UR ERTZA";"6508";"2025-11-19 10:47:00";"-41,9778333333";"-61,012";"3,8";"80"
"UR ERTZA";"6508";"2025-11-19 11:02:00";"-41,9766666667";"-60,9886666667";"3,8";"110"
"UR ERTZA";"6508";"2025-11-19 11:17:00";"-41,9763333333";"-60,9653333333";"4,3";"130"
"UR ERTZA";"6508";"2025-11-19 11:32:00";"-41,9736666667";"-60,9525";"2,2";"45"
"UR ERTZA";"6508";"2025-11-19 11:47:00";"-41,963";"-60,9491666667";"1,1";"225"
"UR ERTZA";"6508";"2025-11-19 12:02:00";"-41,9753333333";"-60,9063333333";"9,2";"80"
"UR ERTZA";"6508";"2025-11-19 12:17:00";"-41,9788333333";"-60,8546666667";"4,9";"85"
"UR ERTZA";"6508";"2025-11-19 12:32:00";"-41,9786666667";"-60,8316666667";"4,9";"90"
"UR ERTZA";"6508";"2025-11-19 12:47:00";"-41,9783333333";"-60,8053333333";"3,8";"85"
"UR ERTZA";"6508";"2025-11-19 13:02:00";"-41,9791666667";"-60,7805";"5,4";"55"
"UR ERTZA";"6508";"2025-11-19 13:17:00";"-41,9788333333";"-60,7555";"4,3";"100"
"UR ERTZA";"6508";"2025-11-19 13:32:00";"-41,9788333333";"-60,7303333333";"5,4";"50"
"UR ERTZA";"6508";"2025-11-19 13:47:00";"-41,9783333333";"-60,705";"4,3";"80"
"UR ERTZA";"6508";"2025-11-19 14:02:00";"-41,9783333333";"-60,6795";"4,3";"95"
"UR ERTZA";"6508";"2025-11-19 14:17:00";"-41,9788333333";"-60,6538333333";"4,9";"75"
"UR ERTZA";"6508";"2025-11-19 14:32:00";"-41,9788333333";"-60,6283333333";"4,3";"80"
"UR ERTZA";"6508";"2025-11-19 14:47:00";"-41,9786666667";"-60,6021666667";"5,4";"75"
"UR ERTZA";"6508";"2025-11-19 15:02:00";"-41,9778333333";"-60,5763333333";"4,3";"90"
"UR ERTZA";"6508";"2025-11-19 15:17:00";"-41,977";"-60,5505";"3,8";"105"
"UR ERTZA";"6508";"2025-11-19 15:32:00";"-41,9761666667";"-60,5246666667";"4,9";"75"
"UR ERTZA";"6508";"2025-11-19 15:47:00";"-41,9725";"-60,5116666667";"1,6";"55"
"UR ERTZA";"6508";"2025-11-19 16:02:00";"-41,9695";"-60,5055";"7,6";"255"
"UR ERTZA";"6508";"2025-11-19 16:17:00";"-41,9753333333";"-60,5538333333";"6,5";"210"
"UR ERTZA";"6508";"2025-11-19 16:32:00";"-41,977";"-60,523";"6,5";"80"
"UR ERTZA";"6508";"2025-11-19 16:47:00";"-41,977";"-60,4953333333";"4,3";"95"
"UR ERTZA";"6508";"2025-11-19 17:02:00";"-41,977";"-60,47";"4,3";"65"
"UR ERTZA";"6508";"2025-11-19 17:17:00";"-41,9771666667";"-60,445";"4,9";"130"
"UR ERTZA";"6508";"2025-11-19 17:32:00";"-41,9775";"-60,42";"4,9";"80"
"UR ERTZA";"6508";"2025-11-19 17:47:00";"-41,9778333333";"-60,3941666667";"4,3";"85"
"UR ERTZA";"6508";"2025-11-19 18:02:00";"-41,9783333333";"-60,3683333333";"4,3";"65"
"UR ERTZA";"6508";"2025-11-19 18:17:00";"-41,9786666667";"-60,3425";"4,9";"105"
"UR ERTZA";"6508";"2025-11-19 18:32:00";"-41,9783333333";"-60,3163333333";"4,3";"95"
"UR ERTZA";"6508";"2025-11-19 18:47:00";"-41,9786666667";"-60,2905";"4,9";"125"
"UR ERTZA";"6508";"2025-11-19 19:02:00";"-41,978";"-60,2738333333";"1,6";"40"
"UR ERTZA";"6508";"2025-11-19 19:17:00";"-41,9775";"-60,26";"2,7";"100"
"UR ERTZA";"6508";"2025-11-19 19:32:00";"-41,977";"-60,2813333333";"5,4";"275"
"UR ERTZA";"6508";"2025-11-19 19:47:00";"-41,978";"-60,308";"4,9";"285"
"UR ERTZA";"6508";"2025-11-19 20:02:00";"-41,977";"-60,3111666667";"3,8";"345"
"UR ERTZA";"6508";"2025-11-19 20:17:00";"-41,9778333333";"-60,2896666667";"6,5";"75"
"UR ERTZA";"6508";"2025-11-19 20:32:00";"-41,9795";"-60,255";"5,4";"85"
"UR ERTZA";"6508";"2025-11-19 20:47:00";"-41,9796666667";"-60,2203333333";"7,0";"60"
"UR ERTZA";"6508";"2025-11-19 21:02:00";"-41,9791666667";"-60,1891666667";"4,9";"110"
"UR ERTZA";"6508";"2025-11-19 21:17:00";"-41,9786666667";"-60,1638333333";"3,8";"90"
"UR ERTZA";"6508";"2025-11-19 21:32:00";"-41,978";"-60,1388333333";"4,3";"100"
"UR ERTZA";"6508";"2025-11-19 21:47:00";"-41,9746666667";"-60,1138333333";"3,8";"85"
"UR ERTZA";"6508";"2025-11-19 22:02:00";"-41,968";"-60,0905";"4,9";"35"
"UR ERTZA";"6508";"2025-11-19 22:17:00";"-41,9563333333";"-60,0705";"4,3";"50"
"UR ERTZA";"6508";"2025-11-19 22:32:00";"-41,9413333333";"-60,0553333333";"3,8";"20"
"UR ERTZA";"6508";"2025-11-19 22:47:00";"-41,9245";"-60,0436666667";"4,3";"20"
"UR ERTZA";"6508";"2025-11-19 23:02:00";"-41,9066666667";"-60,0341666667";"4,9";"15"
"UR ERTZA";"6508";"2025-11-19 23:17:00";"-41,8888333333";"-60,0263333333";"4,3";"10"
"UR ERTZA";"6508";"2025-11-19 23:32:00";"-41,8711666667";"-60,0236666667";"1,6";"55"
"UR ERTZA";"6508";"2025-11-19 23:47:00";"-41,865";"-60,0188333333";"3,8";"35"
"UR ERTZA";"6508";"2025-11-20 00:02:00";"-41,8496666667";"-60,0178333333";"4,9";"350"
"UR ERTZA";"6508";"2025-11-20 00:17:00";"-41,8278333333";"-60,0221666667";"5,9";"355"
"UR ERTZA";"6508";"2025-11-20 00:32:00";"-41,805";"-60,0216666667";"5,9";"355"
"UR ERTZA";"6508";"2025-11-20 00:47:00";"-41,8011666667";"-60,0188333333";"3,2";"185"
"UR ERTZA";"6508";"2025-11-20 01:02:00";"-41,8171666667";"-60,0195";"4,3";"180"
"UR ERTZA";"6508";"2025-11-20 01:17:00";"-41,8321666667";"-60,0195";"3,8";"185"
"UR ERTZA";"6508";"2025-11-20 01:32:00";"-41,8478333333";"-60,0196666667";"4,3";"170"
"UR ERTZA";"6508";"2025-11-20 01:47:00";"-41,8641666667";"-60,02";"2,7";"170"
"UR ERTZA";"6508";"2025-11-20 02:02:00";"-41,8803333333";"-60,0203333333";"3,2";"180"
"UR ERTZA";"6508";"2025-11-20 02:17:00";"-41,8958333333";"-60,0205";"3,2";"180"
"UR ERTZA";"6508";"2025-11-20 02:32:00";"-41,912";"-60,0205";"3,2";"180"
"UR ERTZA";"6508";"2025-11-20 02:47:00";"-41,927";"-60,0203333333";"4,3";"180"
"UR ERTZA";"6508";"2025-11-20 03:02:00";"-41,9425";"-60,02";"3,8";"195"
"UR ERTZA";"6508";"2025-11-20 03:17:00";"-41,9588333333";"-60,02";"2,7";"185"
"UR ERTZA";"6508";"2025-11-20 03:32:00";"-41,9741666667";"-60,0195";"3,8";"175"
"UR ERTZA";"6508";"2025-11-20 03:47:00";"-41,9858333333";"-60,0203333333";"4,3";"350"
"UR ERTZA";"6508";"2025-11-20 04:02:00";"-41,9621666667";"-60,0225";"5,9";"5"
"UR ERTZA";"6508";"2025-11-20 04:17:00";"-41,9378333333";"-60,0203333333";"5,9";"0"
"UR ERTZA";"6508";"2025-11-20 04:32:00";"-41,913";"-60,0163333333";"5,9";"0"
"UR ERTZA";"6508";"2025-11-20 04:47:00";"-41,9216666667";"-60,017";"3,2";"185"
"UR ERTZA";"6508";"2025-11-20 05:02:00";"-41,9378333333";"-60,0183333333";"3,2";"180"
"UR ERTZA";"6508";"2025-11-20 05:17:00";"-41,9538333333";"-60,0203333333";"3,2";"180"
"UR ERTZA";"6508";"2025-11-20 05:32:00";"-41,9696666667";"-60,0221666667";"3,8";"180"
"UR ERTZA";"6508";"2025-11-20 05:47:00";"-41,9863333333";"-60,0238333333";"3,2";"180"
"UR ERTZA";"6508";"2025-11-20 06:02:00";"-41,9795";"-60,0336666667";"5,4";"350"
"UR ERTZA";"6508";"2025-11-20 06:17:00";"-41,9571666667";"-60,0203333333";"5,9";"30"
"UR ERTZA";"6508";"2025-11-20 06:32:00";"-41,9478333333";"-60,018";"3,2";"200"
"UR ERTZA";"6508";"2025-11-20 06:47:00";"-41,9683333333";"-60,0366666667";"5,9";"200"
"UR ERTZA";"6508";"2025-11-20 07:02:00";"-41,9871666667";"-60,058";"5,9";"225"
"UR ERTZA";"6508";"2025-11-20 07:17:00";"-41,9841666667";"-60,09";"5,9";"265"
"UR ERTZA";"6508";"2025-11-20 07:32:00";"-41,9821666667";"-60,1096666667";"7,0";"55"
"UR ERTZA";"6508";"2025-11-20 07:47:00";"-41,9821666667";"-60,08";"4,3";"70"
"UR ERTZA";"6508";"2025-11-20 08:02:00";"-41,9828333333";"-60,0438333333";"5,9";"75"
"UR ERTZA";"6508";"2025-11-20 08:17:00";"-41,9833333333";"-60,01";"5,9";"80"
"UR ERTZA";"6508";"2025-11-20 08:32:00";"-41,9863333333";"-60,0203333333";"3,8";"255"
"UR ERTZA";"6508";"2025-11-20 08:47:00";"-41,988";"-60,05";"4,3";"250"
"UR ERTZA";"6508";"2025-11-20 09:02:00";"-41,9883333333";"-60,0746666667";"4,3";"265"
"UR ERTZA";"6508";"2025-11-20 09:17:00";"-41,9896666667";"-60,0991666667";"4,3";"255"
"UR ERTZA";"6508";"2025-11-20 09:32:00";"-41,9905";"-60,1238333333";"4,3";"260"
"UR ERTZA";"6508";"2025-11-20 09:47:00";"-41,9905";"-60,1486666667";"4,9";"245"
"UR ERTZA";"6508";"2025-11-20 10:02:00";"-41,9908333333";"-60,1736666667";"3,8";"270"
"UR ERTZA";"6508";"2025-11-20 10:17:00";"-41,9896666667";"-60,1983333333";"4,3";"270"
"UR ERTZA";"6508";"2025-11-20 10:32:00";"-41,9896666667";"-60,2145";"1,6";"235"
"UR ERTZA";"6508";"2025-11-20 10:47:00";"-41,9871666667";"-60,2261666667";"2,7";"355"
"UR ERTZA";"6508";"2025-11-20 11:02:00";"-41,9955";"-60,1975";"8,6";"85"
"UR ERTZA";"6508";"2025-11-20 11:17:00";"-41,9946666667";"-60,21";"5,9";"270"
"UR ERTZA";"6508";"2025-11-20 11:32:00";"-41,995";"-60,238";"3,8";"265"
"UR ERTZA";"6508";"2025-11-20 11:47:00";"-41,9945";"-60,2625";"3,8";"270"
"UR ERTZA";"6508";"2025-11-20 12:02:00";"-41,9938333333";"-60,2875";"3,8";"285"
"UR ERTZA";"6508";"2025-11-20 12:17:00";"-41,9936666667";"-60,3121666667";"4,9";"305"
"UR ERTZA";"6508";"2025-11-20 12:32:00";"-41,993";"-60,337";"4,3";"275"
"UR ERTZA";"6508";"2025-11-20 12:47:00";"-41,9913333333";"-60,3611666667";"4,9";"255"
"UR ERTZA";"6508";"2025-11-20 13:02:00";"-41,993";"-60,3736666667";"2,7";"195"
"UR ERTZA";"6508";"2025-11-20 13:17:00";"-41,9911666667";"-60,387";"7,6";"15"
"UR ERTZA";"6508";"2025-11-20 13:32:00";"-41,9571666667";"-60,3621666667";"9,2";"30"
"UR ERTZA";"6508";"2025-11-20 13:47:00";"-41,9241666667";"-60,3355";"8,1";"30"
"UR ERTZA";"6508";"2025-11-20 14:02:00";"-41,8913333333";"-60,3083333333";"8,6";"35"
"UR ERTZA";"6508";"2025-11-20 14:17:00";"-41,8586666667";"-60,2816666667";"9,2";"25"
"UR ERTZA";"6508";"2025-11-20 14:32:00";"-41,8253333333";"-60,2545";"9,2";"30"
"UR ERTZA";"6508";"2025-11-20 14:47:00";"-41,7916666667";"-60,2286666667";"8,6";"20"
"UR ERTZA";"6508";"2025-11-20 15:02:00";"-41,7575";"-60,2038333333";"8,6";"30"
"UR ERTZA";"6508";"2025-11-20 15:17:00";"-41,7236666667";"-60,178";"10,3";"30"
"UR ERTZA";"6508";"2025-11-20 15:32:00";"-41,69";"-60,1516666667";"10,3";"30"
"UR ERTZA";"6508";"2025-11-20 15:47:00";"-41,6561666667";"-60,127";"9,2";"20"
"UR ERTZA";"6508";"2025-11-20 16:02:00";"-41,622";"-60,1021666667";"9,2";"25"
"UR ERTZA";"6508";"2025-11-20 16:17:00";"-41,5878333333";"-60,0763333333";"9,2";"35"
"UR ERTZA";"6508";"2025-11-20 16:32:00";"-41,5516666667";"-60,0595";"9,7";"5"
"UR ERTZA";"6508";"2025-11-20 16:47:00";"-41,5113333333";"-60,0555";"9,2";"15"
"UR ERTZA";"6508";"2025-11-20 17:02:00";"-41,4758333333";"-60,0325";"9,2";"20"
"UR ERTZA";"6508";"2025-11-20 17:17:00";"-41,442";"-60,0071666667";"9,7";"25"
"UR ERTZA";"6508";"2025-11-20 17:32:00";"-41,4088333333";"-59,9805";"7,0";"20"
"UR ERTZA";"6508";"2025-11-20 17:47:00";"-41,3753333333";"-59,9538333333";"7,6";"30"
"UR ERTZA";"6508";"2025-11-20 18:02:00";"-41,3421666667";"-59,9275";"9,2";"25"
"UR ERTZA";"6508";"2025-11-20 18:17:00";"-41,3083333333";"-59,9013333333";"8,1";"25"
"UR ERTZA";"6508";"2025-11-20 18:32:00";"-41,2733333333";"-59,878";"8,1";"20"
"UR ERTZA";"6508";"2025-11-20 18:47:00";"-41,2386666667";"-59,8521666667";"8,1";"35"
"UR ERTZA";"6508";"2025-11-20 19:02:00";"-41,2046666667";"-59,8258333333";"9,2";"35"
"UR ERTZA";"6508";"2025-11-20 19:17:00";"-41,1703333333";"-59,7995";"9,7";"25"
"UR ERTZA";"6508";"2025-11-20 19:32:00";"-41,1355";"-59,773";"11,9";"25"
"UR ERTZA";"6508";"2025-11-20 19:47:00";"-41,1008333333";"-59,747";"8,6";"30"
"UR ERTZA";"6508";"2025-11-20 20:02:00";"-41,0661666667";"-59,7208333333";"10,8";"20"
"UR ERTZA";"6508";"2025-11-20 20:17:00";"-41,0311666667";"-59,6953333333";"9,2";"30"
"UR ERTZA";"6508";"2025-11-20 20:32:00";"-40,9966666667";"-59,67";"10,3";"20"
"UR ERTZA";"6508";"2025-11-20 20:47:00";"-40,9616666667";"-59,6438333333";"9,2";"30"
"UR ERTZA";"6508";"2025-11-20 21:02:00";"-40,927";"-59,6175";"9,7";"25"
"UR ERTZA";"6508";"2025-11-20 21:17:00";"-40,8921666667";"-59,5916666667";"10,8";"25"
"UR ERTZA";"6508";"2025-11-20 21:32:00";"-40,857";"-59,5658333333";"9,2";"25"
"UR ERTZA";"6508";"2025-11-20 21:47:00";"-40,8213333333";"-59,54";"10,3";"25"
"UR ERTZA";"6508";"2025-11-20 22:02:00";"-40,7858333333";"-59,5138333333";"9,2";"25"
"UR ERTZA";"6508";"2025-11-20 22:17:00";"-40,75";"-59,4875";"9,7";"30"
"UR ERTZA";"6508";"2025-11-20 22:32:00";"-40,7146666667";"-59,4605";"9,2";"20"
"UR ERTZA";"6508";"2025-11-20 22:47:00";"-40,6786666667";"-59,4333333333";"10,3";"30"
"UR ERTZA";"6508";"2025-11-20 23:02:00";"-40,6428333333";"-59,4061666667";"9,2";"40"
"UR ERTZA";"6508";"2025-11-20 23:17:00";"-40,607";"-59,3786666667";"9,7";"15"
"UR ERTZA";"6508";"2025-11-20 23:32:00";"-40,5711666667";"-59,3513333333";"10,8";"25"
"UR ERTZA";"6508";"2025-11-20 23:47:00";"-40,535";"-59,3238333333";"9,7";"30"
"UR ERTZA";"6508";"2025-11-21 00:02:00";"-40,4991666667";"-59,2958333333";"10,3";"20"
"UR ERTZA";"6508";"2025-11-21 00:17:00";"-40,4638333333";"-59,2683333333";"8,6";"35"
"UR ERTZA";"6508";"2025-11-21 00:32:00";"-40,4283333333";"-59,2411666667";"10,8";"30"
"UR ERTZA";"6508";"2025-11-21 00:47:00";"-40,393";"-59,2138333333";"9,7";"25"
"UR ERTZA";"6508";"2025-11-21 01:02:00";"-40,3571666667";"-59,1858333333";"9,7";"30"
"UR ERTZA";"6508";"2025-11-21 01:17:00";"-40,3216666667";"-59,1583333333";"9,2";"35"
"UR ERTZA";"6508";"2025-11-21 01:32:00";"-40,2855";"-59,1303333333";"10,8";"35"
"UR ERTZA";"6508";"2025-11-21 01:47:00";"-40,2495";"-59,1021666667";"10,3";"30"
"UR ERTZA";"6508";"2025-11-21 02:02:00";"-40,213";"-59,0738333333";"9,7";"30"
"UR ERTZA";"6508";"2025-11-21 02:17:00";"-40,1766666667";"-59,045";"9,2";"30"
"UR ERTZA";"6508";"2025-11-21 02:32:00";"-40,1403333333";"-59,0161666667";"9,7";"30"
"UR ERTZA";"6508";"2025-11-21 02:47:00";"-40,1033333333";"-58,988";"9,7";"25"
"UR ERTZA";"6508";"2025-11-21 03:02:00";"-40,0655";"-58,9605";"10,3";"30"
"UR ERTZA";"6508";"2025-11-21 03:17:00";"-40,0278333333";"-58,9328333333";"10,3";"25"
"UR ERTZA";"6508";"2025-11-21 03:32:00";"-39,9903333333";"-58,905";"10,8";"20"
"UR ERTZA";"6508";"2025-11-21 03:47:00";"-39,9521666667";"-58,8763333333";"9,7";"35"
"UR ERTZA";"6508";"2025-11-21 04:02:00";"-39,9146666667";"-58,8486666667";"9,7";"30"
"UR ERTZA";"6508";"2025-11-21 04:17:00";"-39,877";"-58,8205";"10,8";"20"
"UR ERTZA";"6508";"2025-11-21 04:32:00";"-39,8395";"-58,7928333333";"10,8";"30"
"UR ERTZA";"6508";"2025-11-21 04:47:00";"-39,8013333333";"-58,7645";"9,2";"20"
"UR ERTZA";"6508";"2025-11-21 05:02:00";"-39,7636666667";"-58,7363333333";"10,8";"20"
"UR ERTZA";"6508";"2025-11-21 05:17:00";"-39,7258333333";"-58,7078333333";"10,3";"35"
"UR ERTZA";"6508";"2025-11-21 05:32:00";"-39,688";"-58,6788333333";"10,3";"25"
"UR ERTZA";"6508";"2025-11-21 05:47:00";"-39,6503333333";"-58,65";"9,7";"25"
"UR ERTZA";"6508";"2025-11-21 06:02:00";"-39,6128333333";"-58,62";"10,8";"30"
"UR ERTZA";"6508";"2025-11-21 06:17:00";"-39,5755";"-58,5888333333";"10,8";"25"
"UR ERTZA";"6508";"2025-11-21 06:33:00";"-39,538";"-58,5583333333";"9,7";"40"
"UR ERTZA";"6508";"2025-11-21 06:48:00";"-39,5008333333";"-58,5278333333";"10,8";"25"
"UR ERTZA";"6508";"2025-11-21 07:03:00";"-39,4633333333";"-58,4978333333";"10,3";"45"
"UR ERTZA";"6508";"2025-11-21 07:18:00";"-39,4261666667";"-58,4678333333";"9,7";"35"
"UR ERTZA";"6508";"2025-11-21 07:33:00";"-39,3886666667";"-58,437";"10,3";"30"
"UR ERTZA";"6508";"2025-11-21 07:48:00";"-39,3511666667";"-58,4058333333";"10,8";"30"
"UR ERTZA";"6508";"2025-11-21 08:03:00";"-39,3133333333";"-58,3753333333";"10,8";"35"
"UR ERTZA";"6508";"2025-11-21 08:18:00";"-39,2753333333";"-58,3455";"10,3";"30"
"UR ERTZA";"6508";"2025-11-21 08:33:00";"-39,237";"-58,3166666667";"10,8";"30"
"UR ERTZA";"6508";"2025-11-21 08:48:00";"-39,1986666667";"-58,2883333333";"10,8";"20"
"UR ERTZA";"6508";"2025-11-21 09:03:00";"-39,16";"-58,26";"10,3";"25"
"UR ERTZA";"6508";"2025-11-21 09:18:00";"-39,1216666667";"-58,2316666667";"10,8";"35"
"UR ERTZA";"6508";"2025-11-21 09:33:00";"-39,083";"-58,2028333333";"10,8";"30"
"UR ERTZA";"6508";"2025-11-21 09:48:00";"-39,0446666667";"-58,1741666667";"10,3";"25"
"UR ERTZA";"6508";"2025-11-21 10:03:00";"-39,0066666667";"-58,1458333333";"10,8";"25"
"UR ERTZA";"6508";"2025-11-21 10:18:00";"-38,9686666667";"-58,1175";"10,3";"35"
"UR ERTZA";"6508";"2025-11-21 10:33:00";"-38,9308333333";"-58,0888333333";"9,7";"25"
"UR ERTZA";"6508";"2025-11-21 10:48:00";"-38,8933333333";"-58,0603333333";"10,3";"25"
"UR ERTZA";"6508";"2025-11-21 11:03:00";"-38,8555";"-58,0316666667";"10,8";"30"
"UR ERTZA";"6508";"2025-11-21 11:18:00";"-38,8178333333";"-58,0025";"10,8";"20"
"UR ERTZA";"6508";"2025-11-21 11:33:00";"-38,7803333333";"-57,9736666667";"10,8";"25"
"UR ERTZA";"6508";"2025-11-21 11:47:00";"-38,743";"-57,9445";"10,3";"30"
"UR ERTZA";"6508";"2025-11-21 12:03:00";"-38,705";"-57,915";"10,3";"25"
"UR ERTZA";"6508";"2025-11-21 12:18:00";"-38,6678333333";"-57,8855";"10,8";"25"
"UR ERTZA";"6508";"2025-11-21 12:33:00";"-38,6305";"-57,8561666667";"10,8";"30"
"UR ERTZA";"6508";"2025-11-21 12:48:00";"-38,593";"-57,8258333333";"10,3";"25"
"UR ERTZA";"6508";"2025-11-21 13:03:00";"-38,5555";"-57,7963333333";"10,3";"25"
"UR ERTZA";"6508";"2025-11-21 13:18:00";"-38,5171666667";"-57,767";"11,3";"35"
"UR ERTZA";"6508";"2025-11-21 13:33:00";"-38,4771666667";"-57,7403333333";"10,8";"20"
"UR ERTZA";"6508";"2025-11-21 13:48:00";"-38,4366666667";"-57,7136666667";"10,8";"25"
"UR ERTZA";"6508";"2025-11-21 14:03:00";"-38,3961666667";"-57,6891666667";"10,8";"30"
"UR ERTZA";"6508";"2025-11-21 14:18:00";"-38,3553333333";"-57,665";"10,8";"30"
"UR ERTZA";"6508";"2025-11-21 14:33:00";"-38,3141666667";"-57,6436666667";"11,9";"10"
"UR ERTZA";"6508";"2025-11-21 14:48:00";"-38,275";"-57,6166666667";"10,3";"35"
"UR ERTZA";"6508";"2025-11-21 15:03:00";"-38,237";"-57,5883333333";"9,7";"25"
"UR ERTZA";"6508";"2025-11-21 15:18:00";"-38,1995";"-57,5596666667";"9,7";"35"
"UR ERTZA";"6508";"2025-11-21 15:33:00";"-38,1633333333";"-57,5291666667";"10,8";"20"
"UR ERTZA";"6508";"2025-11-21 15:48:00";"-38,1225";"-57,5125";"10,3";"0"
"UR ERTZA";"6508";"2025-11-21 16:03:00";"-38,0786666667";"-57,5108333333";"10,3";"0"
"UR ERTZA";"6508";"2025-11-21 16:18:00";"-38,0425";"-57,5063333333";"9,7";"5"
"UR ERTZA";"6508";"2025-11-21 16:33:00";"-38,0413333333";"-57,5271666667";"1,6";"230"
"UR ERTZA";"6508";"2025-11-21 16:48:00";"-38,0461666667";"-57,5355";"0,0";"5"
"UR ERTZA";"6508";"2025-11-21 17:03:00";"-38,0461666667";"-57,5355";"0,0";"295"
"UR ERTZA";"6508";"2025-11-21 17:18:00";"-38,0461666667";"-57,5355";"0,0";"295"
"UR ERTZA";"6508";"2025-11-21 17:33:00";"-38,0461666667";"-57,5355";"0,0";"295"
"UR ERTZA";"6508";"2025-11-21 17:48:00";"-38,0461666667";"-57,5355";"0,0";"295"
"UR ERTZA";"6508";"2025-11-21 18:03:00";"-38,0461666667";"-57,5355";"0,0";"195"
"UR ERTZA";"6508";"2025-11-21 18:18:00";"-38,0461666667";"-57,5355";"0,0";"195"
"UR ERTZA";"6508";"2025-11-21 18:33:00";"-38,0461666667";"-57,5355";"0,0";"195"
"UR ERTZA";"6508";"2025-11-21 18:48:00";"-38,0461666667";"-57,5355";"0,0";"195"
"UR ERTZA";"6508";"2025-11-21 19:03:00";"-38,0461666667";"-57,5355";"0,0";"195"
"UR ERTZA";"6508";"2025-11-21 19:18:00";"-38,0461666667";"-57,5355";"0,0";"195"
"UR ERTZA";"6508";"2025-11-21 19:33:00";"-38,0461666667";"-57,5355";"0,0";"195"
"UR ERTZA";"6508";"2025-11-21 19:48:00";"-38,0461666667";"-57,5355";"0,0";"195"
"UR ERTZA";"6508";"2025-11-21 20:03:00";"-38,0461666667";"-57,5355";"0,0";"195"
"UR ERTZA";"6508";"2025-11-21 20:18:00";"-38,0461666667";"-57,5355";"0,0";"195"
"UR ERTZA";"6508";"2025-11-21 20:33:00";"-38,0461666667";"-57,5355";"0,0";"195"
"UR ERTZA";"6508";"2025-11-21 20:48:00";"-38,0461666667";"-57,5355";"0,0";"195"
"UR ERTZA";"6508";"2025-11-21 21:03:00";"-38,0461666667";"-57,5355";"0,0";"195"
"UR ERTZA";"6508";"2025-11-21 21:18:00";"-38,0461666667";"-57,5355";"0,0";"195"
"UR ERTZA";"6508";"2025-11-21 21:33:00";"-38,0461666667";"-57,5355";"0,0";"185"
"UR ERTZA";"6508";"2025-11-21 21:48:00";"-38,0461666667";"-57,5355";"0,0";"185"
"UR ERTZA";"6508";"2025-11-21 22:03:00";"-38,0461666667";"-57,5355";"0,0";"185"
"UR ERTZA";"6508";"2025-11-21 22:18:00";"-38,0461666667";"-57,5355";"0,0";"185"
"UR ERTZA";"6508";"2025-11-21 22:33:00";"-38,0461666667";"-57,5355";"0,0";"215"
"UR ERTZA";"6508";"2025-11-21 22:48:00";"-38,0461666667";"-57,5355";"0,0";"230"
"UR ERTZA";"6508";"2025-11-21 23:03:00";"-38,0461666667";"-57,5355";"0,0";"195"
"UR ERTZA";"6508";"2025-11-21 23:18:00";"-38,0461666667";"-57,5355";"0,0";"210"
"UR ERTZA";"6508";"2025-11-21 23:33:00";"-38,0461666667";"-57,5355";"0,0";"180"
"UR ERTZA";"6508";"2025-11-21 23:48:00";"-38,0461666667";"-57,5355";"0,0";"25"
"UR ERTZA";"6508";"2025-11-22 00:03:00";"-38,0461666667";"-57,5355";"0,0";"165"
"UR ERTZA";"6508";"2025-11-22 00:18:00";"-38,0461666667";"-57,5355";"0,0";"185"
"UR ERTZA";"6508";"2025-11-22 00:33:00";"-38,0461666667";"-57,5355";"0,0";"305"
"UR ERTZA";"6508";"2025-11-22 00:48:00";"-38,0458333333";"-57,5355";"0,0";"265"
"UR ERTZA";"6508";"2025-11-22 01:03:00";"-38,0461666667";"-57,5355";"0,0";"265"
"UR ERTZA";"6508";"2025-11-22 01:18:00";"-38,0461666667";"-57,5355";"0,0";"270"
"UR ERTZA";"6508";"2025-11-22 01:33:00";"-38,0461666667";"-57,5355";"0,0";"180"
"UR ERTZA";"6508";"2025-11-22 01:48:00";"-38,0461666667";"-57,5355";"0,0";"180"
"UR ERTZA";"6508";"2025-11-22 02:03:00";"-38,0461666667";"-57,5355";"0,0";"175"
"UR ERTZA";"6508";"2025-11-22 02:18:00";"-38,0461666667";"-57,5355";"0,0";"175"
"UR ERTZA";"6508";"2025-11-22 02:33:00";"-38,0461666667";"-57,5355";"0,0";"175"
"UR ERTZA";"6508";"2025-11-22 02:48:00";"-38,0461666667";"-57,5355";"0,0";"175"
"UR ERTZA";"6508";"2025-11-22 03:03:00";"-38,0461666667";"-57,5355";"0,0";"175"
"UR ERTZA";"6508";"2025-11-22 03:18:00";"-38,0461666667";"-57,5355";"0,0";"175"
"UR ERTZA";"6508";"2025-11-22 03:33:00";"-38,0461666667";"-57,5355";"0,0";"175"
"UR ERTZA";"6508";"2025-11-22 03:48:00";"-38,0461666667";"-57,5355";"0,0";"175"
"UR ERTZA";"6508";"2025-11-22 04:03:00";"-38,0461666667";"-57,5355";"0,0";"175"
"UR ERTZA";"6508";"2025-11-22 04:18:00";"-38,0461666667";"-57,5355";"0,0";"175"
"UR ERTZA";"6508";"2025-11-22 04:33:00";"-38,0461666667";"-57,5355";"0,0";"175"
"UR ERTZA";"6508";"2025-11-22 04:48:00";"-38,0461666667";"-57,5355";"0,0";"175"
"UR ERTZA";"6508";"2025-11-22 05:03:00";"-38,0461666667";"-57,5355";"0,0";"175"
"UR ERTZA";"6508";"2025-11-22 05:18:00";"-38,0461666667";"-57,5355";"0,0";"175"
"UR ERTZA";"6508";"2025-11-22 05:33:00";"-38,0461666667";"-57,5355";"0,0";"175"
"UR ERTZA";"6508";"2025-11-22 05:48:00";"-38,0461666667";"-57,5355";"0,0";"175"
"UR ERTZA";"6508";"2025-11-22 06:03:00";"-38,0461666667";"-57,5355";"0,0";"175"
"UR ERTZA";"6508";"2025-11-22 06:18:00";"-38,0461666667";"-57,5355";"0,0";"175"
"UR ERTZA";"6508";"2025-11-22 06:33:00";"-38,0461666667";"-57,5355";"0,0";"175"
"UR ERTZA";"6508";"2025-11-22 06:48:00";"-38,0461666667";"-57,5355";"0,0";"175"
"UR ERTZA";"6508";"2025-11-22 07:03:00";"-38,0461666667";"-57,5355";"0,0";"175"
"UR ERTZA";"6508";"2025-11-22 07:18:00";"-38,0461666667";"-57,5355";"0,0";"175"
"UR ERTZA";"6508";"2025-11-22 07:33:00";"-38,0461666667";"-57,5355";"0,0";"175"
"UR ERTZA";"6508";"2025-11-22 07:48:00";"-38,0461666667";"-57,5355";"0,0";"175"
"UR ERTZA";"6508";"2025-11-22 08:03:00";"-38,0461666667";"-57,5355";"0,0";"175"
"UR ERTZA";"6508";"2025-11-22 08:18:00";"-38,0461666667";"-57,5355";"0,0";"175"
"UR ERTZA";"6508";"2025-11-22 08:33:00";"-38,0461666667";"-57,5355";"0,0";"175"
"UR ERTZA";"6508";"2025-11-22 08:48:00";"-38,0461666667";"-57,5355";"0,0";"175"
"UR ERTZA";"6508";"2025-11-22 09:03:00";"-38,0461666667";"-57,5355";"0,0";"20"
"UR ERTZA";"6508";"2025-11-22 09:18:00";"-38,0461666667";"-57,5355";"0,0";"20"
"UR ERTZA";"6508";"2025-11-22 09:33:00";"-38,0461666667";"-57,5355";"0,0";"20"
"UR ERTZA";"6508";"2025-11-22 09:48:00";"-38,0461666667";"-57,5355";"0,0";"20"
"UR ERTZA";"6508";"2025-11-22 10:03:00";"-38,0461666667";"-57,5355";"0,0";"20"
"UR ERTZA";"6508";"2025-11-22 10:18:00";"-38,0461666667";"-57,5355";"0,0";"300"
"UR ERTZA";"6508";"2025-11-22 10:33:00";"-38,0458333333";"-57,5355";"0,0";"325"
"UR ERTZA";"6508";"2025-11-22 10:48:00";"-38,0458333333";"-57,5355";"0,0";"345"
"UR ERTZA";"6508";"2025-11-22 11:03:00";"-38,0461666667";"-57,5355";"0,0";"345"
"UR ERTZA";"6508";"2025-11-22 11:18:00";"-38,0461666667";"-57,5355";"0,0";"275"
"UR ERTZA";"6508";"2025-11-22 11:33:00";"-38,0461666667";"-57,5355";"0,0";"135"
"UR ERTZA";"6508";"2025-11-22 11:48:00";"-38,0458333333";"-57,5355";"0,0";"205"
"UR ERTZA";"6508";"2025-11-22 12:03:00";"-38,0458333333";"-57,5355";"0,0";"205"
"UR ERTZA";"6508";"2025-11-22 12:18:00";"-38,0458333333";"-57,5355";"0,0";"205"
"UR ERTZA";"6508";"2025-11-22 12:33:00";"-38,0458333333";"-57,5355";"0,0";"205"
"UR ERTZA";"6508";"2025-11-22 12:48:00";"-38,0458333333";"-57,5355";"0,0";"205"
"UR ERTZA";"6508";"2025-11-22 13:03:00";"-38,0458333333";"-57,5355";"0,0";"205"
"UR ERTZA";"6508";"2025-11-22 13:18:00";"-38,0461666667";"-57,5355";"0,0";"200"
"UR ERTZA";"6508";"2025-11-22 13:33:00";"-38,0461666667";"-57,5355";"0,0";"200"
"UR ERTZA";"6508";"2025-11-22 13:48:00";"-38,0461666667";"-57,5355";"0,0";"200"
"UR ERTZA";"6508";"2025-11-22 14:03:00";"-38,0461666667";"-57,5355";"0,0";"200"
"UR ERTZA";"6508";"2025-11-22 14:18:00";"-38,0461666667";"-57,5355";"0,0";"200"
"UR ERTZA";"6508";"2025-11-22 14:33:00";"-38,0461666667";"-57,5355";"0,0";"200"
"UR ERTZA";"6508";"2025-11-22 14:48:00";"-38,0461666667";"-57,5355";"0,0";"200"
"UR ERTZA";"6508";"2025-11-22 15:03:00";"-38,0461666667";"-57,5355";"0,0";"200"
"UR ERTZA";"6508";"2025-11-22 15:18:00";"-38,0461666667";"-57,5355";"0,0";"200"
"UR ERTZA";"6508";"2025-11-22 15:33:00";"-38,0461666667";"-57,5355";"0,0";"200"
"UR ERTZA";"6508";"2025-11-22 15:48:00";"-38,0461666667";"-57,5355";"0,0";"200"
"UR ERTZA";"6508";"2025-11-22 16:03:00";"-38,0461666667";"-57,5355";"0,0";"200"
"UR ERTZA";"6508";"2025-11-22 16:18:00";"-38,0461666667";"-57,5355";"0,0";"200"
"UR ERTZA";"6508";"2025-11-22 16:33:00";"-38,0461666667";"-57,5355";"0,0";"200"
"UR ERTZA";"6508";"2025-11-22 16:48:00";"-38,0461666667";"-57,5355";"0,0";"200"
"UR ERTZA";"6508";"2025-11-22 17:03:00";"-38,0461666667";"-57,5355";"0,0";"200"
"UR ERTZA";"6508";"2025-11-22 17:18:00";"-38,0461666667";"-57,5355";"0,0";"200"
"UR ERTZA";"6508";"2025-11-22 17:33:00";"-38,0461666667";"-57,5355";"0,0";"200"
"UR ERTZA";"6508";"2025-11-22 17:48:00";"-38,0461666667";"-57,5355";"0,0";"200"
"UR ERTZA";"6508";"2025-11-22 18:03:00";"-38,0461666667";"-57,5355";"0,0";"200"
"UR ERTZA";"6508";"2025-11-22 18:18:00";"-38,0461666667";"-57,5355";"0,0";"200"
"UR ERTZA";"6508";"2025-11-22 18:33:00";"-38,0461666667";"-57,5355";"0,0";"200"
"UR ERTZA";"6508";"2025-11-22 18:48:00";"-38,0461666667";"-57,5355";"0,0";"200"
"UR ERTZA";"6508";"2025-11-22 19:03:00";"-38,0461666667";"-57,5355";"0,0";"200"
"UR ERTZA";"6508";"2025-11-22 19:18:00";"-38,0461666667";"-57,5355";"0,0";"330"
"UR ERTZA";"6508";"2025-11-22 19:33:00";"-38,0461666667";"-57,5355";"0,0";"330"
"UR ERTZA";"6508";"2025-11-22 19:48:00";"-38,0461666667";"-57,5355";"0,0";"330"
"UR ERTZA";"6508";"2025-11-22 20:03:00";"-38,0461666667";"-57,5355";"0,0";"330"
"UR ERTZA";"6508";"2025-11-22 20:18:00";"-38,0461666667";"-57,5355";"0,0";"330"
"UR ERTZA";"6508";"2025-11-22 20:33:00";"-38,0461666667";"-57,5355";"0,0";"330"
"UR ERTZA";"6508";"2025-11-22 20:48:00";"-38,0461666667";"-57,5355";"0,0";"330"
"UR ERTZA";"6508";"2025-11-22 21:03:00";"-38,0461666667";"-57,5355";"0,0";"330"
"UR ERTZA";"6508";"2025-11-22 21:18:00";"-38,0461666667";"-57,5355";"0,0";"330"
"UR ERTZA";"6508";"2025-11-22 21:33:00";"-38,0461666667";"-57,5355";"0,0";"330"
"UR ERTZA";"6508";"2025-11-22 21:48:00";"-38,0461666667";"-57,5355";"0,0";"330"
"UR ERTZA";"6508";"2025-11-22 22:03:00";"-38,0461666667";"-57,5355";"0,0";"330"
"UR ERTZA";"6508";"2025-11-22 22:18:00";"-38,0461666667";"-57,5355";"0,0";"5"
"UR ERTZA";"6508";"2025-11-22 22:33:00";"-38,0461666667";"-57,5355";"0,0";"5"
"UR ERTZA";"6508";"2025-11-22 22:48:00";"-38,0461666667";"-57,5355";"0,0";"25"
"UR ERTZA";"6508";"2025-11-22 23:03:00";"-38,0461666667";"-57,5355";"0,0";"25"
"UR ERTZA";"6508";"2025-11-22 23:18:00";"-38,0461666667";"-57,5355";"0,0";"25"
"UR ERTZA";"6508";"2025-11-22 23:33:00";"-38,0461666667";"-57,5355";"0,0";"10"
"UR ERTZA";"6508";"2025-11-22 23:48:00";"-38,0461666667";"-57,5355";"0,0";"10"
"UR ERTZA";"6508";"2025-11-23 00:03:00";"-38,0461666667";"-57,5355";"0,0";"10"
"UR ERTZA";"6508";"2025-11-23 00:18:00";"-38,0458333333";"-57,5355";"0,0";"10"
"UR ERTZA";"6508";"2025-11-23 00:33:00";"-38,0461666667";"-57,5355";"0,0";"5"
"UR ERTZA";"6508";"2025-11-23 00:48:00";"-38,0461666667";"-57,5355";"0,0";"5"
"UR ERTZA";"6508";"2025-11-23 01:03:00";"-38,0461666667";"-57,5355";"0,0";"5"
"UR ERTZA";"6508";"2025-11-23 01:18:00";"-38,0461666667";"-57,5355";"0,0";"5"
"UR ERTZA";"6508";"2025-11-23 01:33:00";"-38,0461666667";"-57,5355";"0,0";"5"
"UR ERTZA";"6508";"2025-11-23 01:48:00";"-38,0461666667";"-57,5355";"0,0";"5"
"UR ERTZA";"6508";"2025-11-23 02:03:00";"-38,0461666667";"-57,5355";"0,0";"10"
"UR ERTZA";"6508";"2025-11-23 02:18:00";"-38,0461666667";"-57,5355";"0,0";"10"
"UR ERTZA";"6508";"2025-11-23 02:33:00";"-38,0461666667";"-57,5355";"0,0";"10"
"UR ERTZA";"6508";"2025-11-23 02:48:00";"-38,0461666667";"-57,5355";"0,0";"10"
"UR ERTZA";"6508";"2025-11-23 03:03:00";"-38,0461666667";"-57,5355";"0,0";"10"
"UR ERTZA";"6508";"2025-11-23 03:18:00";"-38,0461666667";"-57,5355";"0,0";"10"
"UR ERTZA";"6508";"2025-11-23 03:33:00";"-38,0461666667";"-57,5355";"0,0";"10"
"UR ERTZA";"6508";"2025-11-23 03:48:00";"-38,0461666667";"-57,5355";"0,0";"10"
"UR ERTZA";"6508";"2025-11-23 04:03:00";"-38,0461666667";"-57,5355";"0,0";"10"
"UR ERTZA";"6508";"2025-11-23 04:18:00";"-38,0461666667";"-57,5355";"0,0";"10"
"UR ERTZA";"6508";"2025-11-23 04:33:00";"-38,0461666667";"-57,5355";"0,0";"10"
"UR ERTZA";"6508";"2025-11-23 04:48:00";"-38,0461666667";"-57,5355";"0,0";"10"
"UR ERTZA";"6508";"2025-11-23 05:03:00";"-38,0461666667";"-57,5355";"0,0";"10"
"UR ERTZA";"6508";"2025-11-23 05:18:00";"-38,0461666667";"-57,5355";"0,0";"10"
"UR ERTZA";"6508";"2025-11-23 05:33:00";"-38,0461666667";"-57,5355";"0,0";"10"
"UR ERTZA";"6508";"2025-11-23 05:48:00";"-38,0461666667";"-57,5355";"0,0";"10"
"UR ERTZA";"6508";"2025-11-23 06:03:00";"-38,0461666667";"-57,5355";"0,0";"10"
"UR ERTZA";"6508";"2025-11-23 06:18:00";"-38,0461666667";"-57,5355";"0,0";"10"
"UR ERTZA";"6508";"2025-11-23 06:33:00";"-38,0461666667";"-57,5355";"0,0";"10"
"UR ERTZA";"6508";"2025-11-23 06:48:00";"-38,0461666667";"-57,5355";"0,0";"10"
"UR ERTZA";"6508";"2025-11-23 07:03:00";"-38,0461666667";"-57,5355";"0,0";"10"
"UR ERTZA";"6508";"2025-11-23 07:18:00";"-38,0461666667";"-57,5355";"0,0";"10"
"UR ERTZA";"6508";"2025-11-23 07:33:00";"-38,0461666667";"-57,5355";"0,0";"15"
"UR ERTZA";"6508";"2025-11-23 07:48:00";"-38,0461666667";"-57,5355";"0,0";"15"
"UR ERTZA";"6508";"2025-11-23 08:03:00";"-38,0461666667";"-57,5355";"0,0";"15"
"UR ERTZA";"6508";"2025-11-23 08:18:00";"-38,0461666667";"-57,5355";"0,0";"15"
"UR ERTZA";"6508";"2025-11-23 08:33:00";"-38,0461666667";"-57,5355";"0,0";"15"
"UR ERTZA";"6508";"2025-11-23 08:48:00";"-38,0461666667";"-57,5355";"0,0";"20"
"UR ERTZA";"6508";"2025-11-23 09:03:00";"-38,0461666667";"-57,5355";"0,0";"20"
"UR ERTZA";"6508";"2025-11-23 09:18:00";"-38,0461666667";"-57,5355";"0,0";"5"
"UR ERTZA";"6508";"2025-11-23 09:33:00";"-38,0461666667";"-57,5355";"0,0";"110"
"UR ERTZA";"6508";"2025-11-23 09:48:00";"-38,0461666667";"-57,5355";"0,0";"160"
"UR ERTZA";"6508";"2025-11-23 10:03:00";"-38,0461666667";"-57,5355";"0,0";"160"
"UR ERTZA";"6508";"2025-11-23 10:18:00";"-38,0461666667";"-57,5355";"0,0";"60"
"UR ERTZA";"6508";"2025-11-23 10:33:00";"-38,0461666667";"-57,5355";"0,0";"15"
"UR ERTZA";"6508";"2025-11-23 10:48:00";"-38,0461666667";"-57,5355";"0,0";"30"
"UR ERTZA";"6508";"2025-11-23 11:03:00";"-38,0461666667";"-57,5355";"0,0";"30"
"UR ERTZA";"6508";"2025-11-23 11:18:00";"-38,0461666667";"-57,5355";"0,0";"350"
"UR ERTZA";"6508";"2025-11-23 11:33:00";"-38,0461666667";"-57,5355";"0,0";"350"
"UR ERTZA";"6508";"2025-11-23 11:48:00";"-38,0461666667";"-57,5355";"0,0";"350"
"UR ERTZA";"6508";"2025-11-23 12:03:00";"-38,0461666667";"-57,5355";"0,0";"225"
"UR ERTZA";"6508";"2025-11-23 12:18:00";"-38,0458333333";"-57,5355";"0,0";"225"
"UR ERTZA";"6508";"2025-11-23 12:33:00";"-38,0458333333";"-57,5355";"0,0";"225"
"UR ERTZA";"6508";"2025-11-23 12:48:00";"-38,0461666667";"-57,5355";"0,0";"315"
"UR ERTZA";"6508";"2025-11-23 13:03:00";"-38,0461666667";"-57,5355";"0,0";"265"
"UR ERTZA";"6508";"2025-11-23 13:18:00";"-38,0461666667";"-57,5355";"0,0";"265"
"UR ERTZA";"6508";"2025-11-23 13:33:00";"-38,0461666667";"-57,5355";"0,0";"265"
"UR ERTZA";"6508";"2025-11-23 13:48:00";"-38,0461666667";"-57,5355";"0,0";"265"
"UR ERTZA";"6508";"2025-11-23 14:03:00";"-38,0461666667";"-57,5355";"0,0";"265"
"UR ERTZA";"6508";"2025-11-23 14:18:00";"-38,0461666667";"-57,5355";"0,0";"265"
"UR ERTZA";"6508";"2025-11-23 14:33:00";"-38,0461666667";"-57,5355";"0,0";"195"
"UR ERTZA";"6508";"2025-11-23 14:48:00";"-38,0461666667";"-57,5355";"0,0";"195"
"UR ERTZA";"6508";"2025-11-23 15:03:00";"-38,0461666667";"-57,5355";"0,0";"195"
"UR ERTZA";"6508";"2025-11-23 15:18:00";"-38,0461666667";"-57,5355";"0,0";"195"
"UR ERTZA";"6508";"2025-11-23 15:33:00";"-38,0455";"-57,5346666667";"2,7";"50"
"UR ERTZA";"6508";"2025-11-23 15:48:00";"-38,0355";"-57,5078333333";"9,2";"160"
"UR ERTZA";"6508";"2025-11-23 16:03:00";"-38,0755";"-57,5091666667";"9,7";"185"
"UR ERTZA";"6508";"2025-11-23 16:18:00";"-38,1153333333";"-57,5136666667";"9,7";"180"
"UR ERTZA";"6508";"2025-11-23 16:33:00";"-38,152";"-57,5245";"8,6";"215"
"UR ERTZA";"6508";"2025-11-23 16:48:00";"-38,1853333333";"-57,552";"10,3";"205"
"UR ERTZA";"6508";"2025-11-23 17:03:00";"-38,2241666667";"-57,5821666667";"10,8";"210"
"UR ERTZA";"6508";"2025-11-23 17:18:00";"-38,265";"-57,6133333333";"11,3";"210"
"UR ERTZA";"6508";"2025-11-23 17:33:00";"-38,3063333333";"-57,6461666667";"11,9";"210"
"UR ERTZA";"6508";"2025-11-23 17:48:00";"-38,3458333333";"-57,6825";"11,3";"220"
"UR ERTZA";"6508";"2025-11-23 18:03:00";"-38,3871666667";"-57,7153333333";"11,3";"210"
"UR ERTZA";"6508";"2025-11-23 18:18:00";"-38,4291666667";"-57,7471666667";"11,3";"205"
"UR ERTZA";"6508";"2025-11-23 18:33:00";"-38,4721666667";"-57,7778333333";"11,3";"215"
"UR ERTZA";"6508";"2025-11-23 18:48:00";"-38,5136666667";"-57,812";"11,9";"210"
"UR ERTZA";"6508";"2025-11-23 19:03:00";"-38,5553333333";"-57,8458333333";"11,9";"210"
"UR ERTZA";"6508";"2025-11-23 19:18:00";"-38,5971666667";"-57,8791666667";"11,9";"210"
"UR ERTZA";"6508";"2025-11-23 19:33:00";"-38,6388333333";"-57,9133333333";"11,3";"210"
"UR ERTZA";"6508";"2025-11-23 19:48:00";"-38,6808333333";"-57,9478333333";"11,9";"210"
"UR ERTZA";"6508";"2025-11-23 20:03:00";"-38,7228333333";"-57,9828333333";"11,9";"215"
"UR ERTZA";"6508";"2025-11-23 20:18:00";"-38,7646666667";"-58,0178333333";"11,3";"210"
"UR ERTZA";"6508";"2025-11-23 20:33:00";"-38,8071666667";"-58,0513333333";"11,9";"205"
"UR ERTZA";"6508";"2025-11-23 20:48:00";"-38,8488333333";"-58,0861666667";"11,9";"215"
"UR ERTZA";"6508";"2025-11-23 21:03:00";"-38,89";"-58,1228333333";"11,3";"210"
"UR ERTZA";"6508";"2025-11-23 21:18:00";"-38,932";"-58,1566666667";"11,9";"210"
"UR ERTZA";"6508";"2025-11-23 21:33:00";"-38,9746666667";"-58,1886666667";"11,3";"210"
"UR ERTZA";"6508";"2025-11-23 21:48:00";"-39,0171666667";"-58,2196666667";"11,3";"210"
"UR ERTZA";"6508";"2025-11-23 22:03:00";"-39,0596666667";"-58,2508333333";"11,3";"205"
"UR ERTZA";"6508";"2025-11-23 22:18:00";"-39,1013333333";"-58,283";"11,3";"210"
"UR ERTZA";"6508";"2025-11-23 22:33:00";"-39,1425";"-58,3163333333";"11,3";"210"
"UR ERTZA";"6508";"2025-11-23 22:48:00";"-39,1836666667";"-58,3495";"11,3";"210"
"UR ERTZA";"6508";"2025-11-23 23:03:00";"-39,2245";"-58,3833333333";"10,8";"210"
"UR ERTZA";"6508";"2025-11-23 23:18:00";"-39,2646666667";"-58,4163333333";"11,3";"210"
"UR ERTZA";"6508";"2025-11-23 23:33:00";"-39,3058333333";"-58,448";"11,3";"210"
"UR ERTZA";"6508";"2025-11-23 23:48:00";"-39,347";"-58,4796666667";"11,3";"210"
"UR ERTZA";"6508";"2025-11-24 00:03:00";"-39,3863333333";"-58,5116666667";"10,8";"210"
"UR ERTZA";"6508";"2025-11-24 00:18:00";"-39,4261666667";"-58,5413333333";"10,8";"210"
"UR ERTZA";"6508";"2025-11-24 00:33:00";"-39,4646666667";"-58,573";"11,3";"205"
"UR ERTZA";"6508";"2025-11-24 00:48:00";"-39,5063333333";"-58,5971666667";"10,8";"200"
"UR ERTZA";"6508";"2025-11-24 01:03:00";"-39,5488333333";"-58,6191666667";"10,8";"200"
"UR ERTZA";"6508";"2025-11-24 01:18:00";"-39,5911666667";"-58,6403333333";"10,8";"200"
"UR ERTZA";"6508";"2025-11-24 01:33:00";"-39,6333333333";"-58,6625";"10,3";"200"
"UR ERTZA";"6508";"2025-11-24 01:48:00";"-39,675";"-58,6853333333";"10,3";"200"
"UR ERTZA";"6508";"2025-11-24 02:03:00";"-39,7166666667";"-58,7075";"10,3";"200"
"UR ERTZA";"6508";"2025-11-24 02:18:00";"-39,7583333333";"-58,73";"10,8";"200"
"UR ERTZA";"6508";"2025-11-24 02:33:00";"-39,7991666667";"-58,7528333333";"10,8";"200"
"UR ERTZA";"6508";"2025-11-24 02:48:00";"-39,8403333333";"-58,7763333333";"10,3";"200"
"UR ERTZA";"6508";"2025-11-24 03:03:00";"-39,8813333333";"-58,7996666667";"10,8";"200"
"UR ERTZA";"6508";"2025-11-24 03:18:00";"-39,9221666667";"-58,8225";"10,3";"200"
"UR ERTZA";"6508";"2025-11-24 03:33:00";"-39,9633333333";"-58,845";"10,8";"200"
"UR ERTZA";"6508";"2025-11-24 03:48:00";"-40,0045";"-58,8671666667";"10,8";"200"
"UR ERTZA";"6508";"2025-11-24 04:03:00";"-40,0453333333";"-58,8891666667";"10,3";"195"
"UR ERTZA";"6508";"2025-11-24 04:18:00";"-40,0863333333";"-58,9111666667";"10,8";"205"
"UR ERTZA";"6508";"2025-11-24 04:33:00";"-40,1275";"-58,933";"10,8";"195"
"UR ERTZA";"6508";"2025-11-24 04:48:00";"-40,1688333333";"-58,955";"10,3";"200"
"UR ERTZA";"6508";"2025-11-24 05:03:00";"-40,21";"-58,977";"10,8";"200"
"UR ERTZA";"6508";"2025-11-24 05:18:00";"-40,2513333333";"-58,9991666667";"10,3";"200"
"UR ERTZA";"6508";"2025-11-24 05:33:00";"-40,2928333333";"-59,0205";"10,3";"200"
"UR ERTZA";"6508";"2025-11-24 05:49:00";"-40,3341666667";"-59,042";"10,3";"200"
"UR ERTZA";"6508";"2025-11-24 06:04:00";"-40,3758333333";"-59,0633333333";"10,8";"200"
"UR ERTZA";"6508";"2025-11-24 06:19:00";"-40,4171666667";"-59,085";"10,3";"200"
"UR ERTZA";"6508";"2025-11-24 06:34:00";"-40,4583333333";"-59,107";"9,7";"200"
"UR ERTZA";"6508";"2025-11-24 06:49:00";"-40,4995";"-59,1288333333";"10,3";"205"
"UR ERTZA";"6508";"2025-11-24 07:04:00";"-40,54";"-59,1511666667";"10,3";"195"
"UR ERTZA";"6508";"2025-11-24 07:19:00";"-40,5808333333";"-59,173";"10,3";"200"
"UR ERTZA";"6508";"2025-11-24 07:34:00";"-40,6213333333";"-59,195";"10,3";"200"
"UR ERTZA";"6508";"2025-11-24 07:49:00";"-40,6625";"-59,2166666667";"10,3";"200"
"UR ERTZA";"6508";"2025-11-24 08:04:00";"-40,7033333333";"-59,2386666667";"10,3";"200"
"UR ERTZA";"6508";"2025-11-24 08:18:00";"-40,7438333333";"-59,2603333333";"9,7";"195"
"UR ERTZA";"6508";"2025-11-24 08:33:00";"-40,7845";"-59,2836666667";"10,3";"200"
"UR ERTZA";"6508";"2025-11-24 08:49:00";"-40,8255";"-59,3053333333";"10,8";"200"
"UR ERTZA";"6508";"2025-11-24 09:04:00";"-40,8663333333";"-59,3271666667";"10,3";"200"
"UR ERTZA";"6508";"2025-11-24 09:19:00";"-40,9075";"-59,3495";"10,8";"195"
"UR ERTZA";"6508";"2025-11-24 09:33:00";"-40,9486666667";"-59,372";"10,3";"200"
"UR ERTZA";"6508";"2025-11-24 09:48:00";"-40,9903333333";"-59,3941666667";"10,8";"200"
"UR ERTZA";"6508";"2025-11-24 10:03:00";"-41,032";"-59,417";"10,3";"205"
"UR ERTZA";"6508";"2025-11-24 10:19:00";"-41,0738333333";"-59,4396666667";"10,8";"205"
"UR ERTZA";"6508";"2025-11-24 10:34:00";"-41,1161666667";"-59,4621666667";"10,3";"200"
"UR ERTZA";"6508";"2025-11-24 10:49:00";"-41,1583333333";"-59,4853333333";"10,8";"205"
"UR ERTZA";"6508";"2025-11-24 11:04:00";"-41,2008333333";"-59,5086666667";"10,8";"195"
"UR ERTZA";"6508";"2025-11-24 11:19:00";"-41,2438333333";"-59,532";"10,8";"195"
"UR ERTZA";"6508";"2025-11-24 11:34:00";"-41,287";"-59,555";"10,8";"205"
"UR ERTZA";"6508";"2025-11-24 11:49:00";"-41,33";"-59,5778333333";"10,8";"205"
"UR ERTZA";"6508";"2025-11-24 12:04:00";"-41,3733333333";"-59,5996666667";"10,8";"200"
"UR ERTZA";"6508";"2025-11-24 12:19:00";"-41,417";"-59,6221666667";"11,3";"200"
"UR ERTZA";"6508";"2025-11-24 12:34:00";"-41,4608333333";"-59,6446666667";"10,8";"195"
"UR ERTZA";"6508";"2025-11-24 12:49:00";"-41,5046666667";"-59,667";"10,8";"195"
"UR ERTZA";"6508";"2025-11-24 13:04:00";"-41,5486666667";"-59,6895";"10,8";"195"
"UR ERTZA";"6508";"2025-11-24 13:19:00";"-41,5921666667";"-59,712";"10,8";"195"
"UR ERTZA";"6508";"2025-11-24 13:34:00";"-41,6358333333";"-59,7341666667";"10,8";"195"
"UR ERTZA";"6508";"2025-11-24 13:49:00";"-41,6788333333";"-59,7555";"10,8";"200"
"UR ERTZA";"6508";"2025-11-24 14:04:00";"-41,7221666667";"-59,7766666667";"10,8";"200"
"UR ERTZA";"6508";"2025-11-24 14:19:00";"-41,7653333333";"-59,7983333333";"10,8";"195"
"UR ERTZA";"6508";"2025-11-24 14:34:00";"-41,8095";"-59,8163333333";"10,8";"190"
"UR ERTZA";"6508";"2025-11-24 14:49:00";"-41,8538333333";"-59,8333333333";"10,8";"195"
"UR ERTZA";"6508";"2025-11-24 15:04:00";"-41,8983333333";"-59,85";"11,3";"195"
"UR ERTZA";"6508";"2025-11-24 15:19:00";"-41,9425";"-59,8666666667";"10,8";"195"
"UR ERTZA";"6508";"2025-11-24 15:34:00";"-41,9846666667";"-59,8883333333";"10,8";"185"
"UR ERTZA";"6508";"2025-11-24 15:49:00";"-42,0153333333";"-59,8975";"3,8";"195"
"UR ERTZA";"6508";"2025-11-24 16:04:00";"-42,0383333333";"-59,9053333333";"4,3";"190"
"UR ERTZA";"6508";"2025-11-24 16:19:00";"-42,0566666667";"-59,9105";"4,3";"195"
"UR ERTZA";"6508";"2025-11-24 16:34:00";"-42,075";"-59,912";"4,3";"180"
"UR ERTZA";"6508";"2025-11-24 16:49:00";"-42,0936666667";"-59,9116666667";"4,3";"180"
"UR ERTZA";"6508";"2025-11-24 17:04:00";"-42,1116666667";"-59,9088333333";"3,8";"165"
"UR ERTZA";"6508";"2025-11-24 17:19:00";"-42,13";"-59,9058333333";"4,3";"175"
"UR ERTZA";"6508";"2025-11-24 17:34:00";"-42,1483333333";"-59,9055";"4,3";"180"
"UR ERTZA";"6508";"2025-11-24 17:49:00";"-42,1663333333";"-59,9058333333";"3,8";"180"
"UR ERTZA";"6508";"2025-11-24 18:04:00";"-42,1845";"-59,9058333333";"3,8";"170"
"UR ERTZA";"6508";"2025-11-24 18:19:00";"-42,2021666667";"-59,9058333333";"3,8";"175"
"UR ERTZA";"6508";"2025-11-24 18:34:00";"-42,2183333333";"-59,9045";"0,5";"125"
"UR ERTZA";"6508";"2025-11-24 18:49:00";"-42,2255";"-59,8988333333";"3,2";"180"
"UR ERTZA";"6508";"2025-11-24 19:04:00";"-42,2391666667";"-59,9441666667";"9,2";"255"
"UR ERTZA";"6508";"2025-11-24 19:19:00";"-42,2488333333";"-60,0";"10,3";"255"
"UR ERTZA";"6508";"2025-11-24 19:34:00";"-42,2586666667";"-60,0561666667";"10,3";"250"
"UR ERTZA";"6508";"2025-11-24 19:49:00";"-42,2686666667";"-60,1125";"9,7";"250"
"UR ERTZA";"6508";"2025-11-24 20:04:00";"-42,2795";"-60,1683333333";"9,7";"255"
"UR ERTZA";"6508";"2025-11-24 20:19:00";"-42,2911666667";"-60,2238333333";"10,3";"255"
"UR ERTZA";"6508";"2025-11-24 20:34:00";"-42,3036666667";"-60,2795";"10,3";"250"
"UR ERTZA";"6508";"2025-11-24 20:49:00";"-42,3158333333";"-60,335";"10,3";"255"
"UR ERTZA";"6508";"2025-11-24 21:04:00";"-42,327";"-60,3913333333";"10,3";"250"
"UR ERTZA";"6508";"2025-11-24 21:19:00";"-42,3375";"-60,448";"9,7";"255"
"UR ERTZA";"6508";"2025-11-24 21:34:00";"-42,345";"-60,5061666667";"10,3";"260"
"UR ERTZA";"6508";"2025-11-24 21:49:00";"-42,3553333333";"-60,563";"10,3";"250"
"UR ERTZA";"6508";"2025-11-24 22:04:00";"-42,37";"-60,6183333333";"10,3";"250"
"UR ERTZA";"6508";"2025-11-24 22:19:00";"-42,3836666667";"-60,6738333333";"9,7";"250"
"UR ERTZA";"6508";"2025-11-24 22:34:00";"-42,3966666667";"-60,7305";"9,7";"250"
"UR ERTZA";"6508";"2025-11-24 22:49:00";"-42,4096666667";"-60,7878333333";"10,3";"250"
"UR ERTZA";"6508";"2025-11-24 23:04:00";"-42,423";"-60,8453333333";"10,3";"250"
"UR ERTZA";"6508";"2025-11-24 23:19:00";"-42,4363333333";"-60,9033333333";"10,8";"250"
"UR ERTZA";"6508";"2025-11-24 23:34:00";"-42,45";"-60,9616666667";"10,3";"250"
"UR ERTZA";"6508";"2025-11-24 23:49:00";"-42,4633333333";"-61,02";"10,3";"250"
"UR ERTZA";"6508";"2025-11-25 00:04:00";"-42,4766666667";"-61,0788333333";"10,8";"250"
"UR ERTZA";"6508";"2025-11-25 00:19:00";"-42,4908333333";"-61,138";"10,8";"250"
"UR ERTZA";"6508";"2025-11-25 00:34:00";"-42,5046666667";"-61,198";"11,3";"250"
"UR ERTZA";"6508";"2025-11-25 00:49:00";"-42,5188333333";"-61,2578333333";"10,8";"250"
"UR ERTZA";"6508";"2025-11-25 01:04:00";"-42,533";"-61,3178333333";"10,8";"250"
"UR ERTZA";"6508";"2025-11-25 01:19:00";"-42,5471666667";"-61,3778333333";"10,8";"250"
"UR ERTZA";"6508";"2025-11-25 01:34:00";"-42,5613333333";"-61,438";"10,8";"250"
"UR ERTZA";"6508";"2025-11-25 01:49:00";"-42,5753333333";"-61,4995";"11,3";"250"
"UR ERTZA";"6508";"2025-11-25 02:04:00";"-42,5891666667";"-61,5611666667";"11,3";"250"
"UR ERTZA";"6508";"2025-11-25 02:19:00";"-42,603";"-61,623";"11,3";"250"
"UR ERTZA";"6508";"2025-11-25 02:34:00";"-42,6175";"-61,6846666667";"11,3";"250"
"UR ERTZA";"6508";"2025-11-25 02:49:00";"-42,632";"-61,7455";"10,8";"250"
"UR ERTZA";"6508";"2025-11-25 03:04:00";"-42,6463333333";"-61,8061666667";"10,8";"250"
"UR ERTZA";"6508";"2025-11-25 03:19:00";"-42,6608333333";"-61,8658333333";"10,8";"250"
"UR ERTZA";"6508";"2025-11-25 03:34:00";"-42,6753333333";"-61,9255";"10,8";"250"
"UR ERTZA";"6508";"2025-11-25 03:49:00";"-42,6896666667";"-61,985";"10,8";"250"
"UR ERTZA";"6508";"2025-11-25 04:04:00";"-42,7041666667";"-62,0445";"10,8";"250"
"UR ERTZA";"6508";"2025-11-25 04:19:00";"-42,7191666667";"-62,1036666667";"10,8";"250"
"UR ERTZA";"6508";"2025-11-25 04:34:00";"-42,7346666667";"-62,1621666667";"10,8";"250"
"UR ERTZA";"6508";"2025-11-25 04:49:00";"-42,7496666667";"-62,2213333333";"10,8";"250"
"UR ERTZA";"6508";"2025-11-25 05:04:00";"-42,765";"-62,2803333333";"10,8";"245"
"UR ERTZA";"6508";"2025-11-25 05:19:00";"-42,7796666667";"-62,3396666667";"10,8";"250"
"UR ERTZA";"6508";"2025-11-25 05:34:00";"-42,7946666667";"-62,3988333333";"10,8";"250"
"UR ERTZA";"6508";"2025-11-25 05:49:00";"-42,8105";"-62,4583333333";"10,8";"245"
"UR ERTZA";"6508";"2025-11-26 00:04:00";"-42,7996666667";"-63,008";"3,8";"5"
"UR ERTZA";"6508";"2025-11-26 00:19:00";"-42,7811666667";"-63,0075";"4,3";"5"
"UR ERTZA";"6508";"2025-11-26 00:34:00";"-42,7633333333";"-63,0075";"4,9";"355"
"UR ERTZA";"6508";"2025-11-26 00:49:00";"-42,745";"-63,01";"4,3";"355"
"UR ERTZA";"6508";"2025-11-26 01:04:00";"-42,7266666667";"-63,0121666667";"3,8";"355"
"UR ERTZA";"6508";"2025-11-26 01:19:00";"-42,708";"-63,0138333333";"3,8";"0"
"UR ERTZA";"6508";"2025-11-26 01:34:00";"-42,6883333333";"-63,0158333333";"4,3";"355"
"UR ERTZA";"6508";"2025-11-26 01:49:00";"-42,6683333333";"-63,0175";"2,2";"350"
"UR ERTZA";"6508";"2025-11-26 02:04:00";"-42,6528333333";"-63,0178333333";"3,8";"0"
"UR ERTZA";"6508";"2025-11-26 02:19:00";"-42,647";"-63,0295";"4,9";"250"
"UR ERTZA";"6508";"2025-11-26 02:34:00";"-42,6583333333";"-63,0496666667";"3,8";"175"
"UR ERTZA";"6508";"2025-11-26 02:49:00";"-42,677";"-63,047";"4,3";"180"
"UR ERTZA";"6508";"2025-11-26 03:04:00";"-42,6961666667";"-63,0453333333";"4,9";"170"
"UR ERTZA";"6508";"2025-11-26 03:19:00";"-42,715";"-63,0436666667";"4,3";"180"
"UR ERTZA";"6508";"2025-11-26 03:34:00";"-42,7341666667";"-63,042";"4,3";"170"
"UR ERTZA";"6508";"2025-11-26 03:49:00";"-42,7538333333";"-63,042";"4,9";"180"
"UR ERTZA";"6508";"2025-11-26 04:04:00";"-42,7745";"-63,0428333333";"4,9";"175"
"UR ERTZA";"6508";"2025-11-26 04:19:00";"-42,7953333333";"-63,0438333333";"4,9";"180"
"UR ERTZA";"6508";"2025-11-26 04:34:00";"-42,8163333333";"-63,045";"4,3";"180"
"UR ERTZA";"6508";"2025-11-26 04:49:00";"-42,8378333333";"-63,0446666667";"4,9";"175"
"UR ERTZA";"6508";"2025-11-26 05:04:00";"-42,8561666667";"-63,0421666667";"2,2";"10"
"UR ERTZA";"6508";"2025-11-26 05:19:00";"-42,8403333333";"-63,0408333333";"4,3";"10"
"UR ERTZA";"6508";"2025-11-26 05:34:00";"-42,8261666667";"-63,0363333333";"3,8";"10"
"UR ERTZA";"6508";"2025-11-26 05:49:00";"-42,8105";"-63,0353333333";"3,2";"355"
"UR ERTZA";"6508";"2025-11-26 06:04:00";"-42,7966666667";"-63,0355";"3,2";"355"
"UR ERTZA";"6508";"2025-11-26 06:19:00";"-42,7821666667";"-63,0358333333";"2,2";"0"
"UR ERTZA";"6508";"2025-11-26 06:34:00";"-42,7696666667";"-63,0361666667";"1,6";"350"
"UR ERTZA";"6508";"2025-11-26 06:49:00";"-42,7571666667";"-63,0363333333";"2,7";"355"
"UR ERTZA";"6508";"2025-11-26 07:04:00";"-42,7461666667";"-63,0358333333";"1,6";"10"
"UR ERTZA";"6508";"2025-11-26 07:19:00";"-42,7363333333";"-63,0353333333";"2,2";"350"
"UR ERTZA";"6508";"2025-11-26 07:34:00";"-42,7258333333";"-63,0355";"2,7";"355"
"UR ERTZA";"6508";"2025-11-26 07:49:00";"-42,717";"-63,0345";"1,1";"30"
"UR ERTZA";"6508";"2025-11-26 08:04:00";"-42,735";"-63,0238333333";"7,0";"170"
"UR ERTZA";"6508";"2025-11-26 08:19:00";"-42,7641666667";"-63,0238333333";"6,5";"170"
"UR ERTZA";"6508";"2025-11-26 08:34:00";"-42,7936666667";"-63,0236666667";"6,5";"175"
"UR ERTZA";"6508";"2025-11-26 08:49:00";"-42,7975";"-63,018";"5,4";"15"
"UR ERTZA";"6508";"2025-11-26 09:04:00";"-42,78";"-63,0108333333";"3,8";"50"
"UR ERTZA";"6508";"2025-11-26 09:19:00";"-42,7628333333";"-63,0158333333";"3,8";"0"
"UR ERTZA";"6508";"2025-11-26 09:34:00";"-42,7758333333";"-63,0186666667";"6,5";"175"
"UR ERTZA";"6508";"2025-11-26 09:49:00";"-42,8011666667";"-63,0196666667";"6,5";"180"
"UR ERTZA";"6508";"2025-11-26 10:04:00";"-42,8236666667";"-63,0191666667";"4,9";"175"
"UR ERTZA";"6508";"2025-11-26 10:19:00";"-42,843";"-63,0166666667";"4,3";"165"
"UR ERTZA";"6508";"2025-11-26 10:34:00";"-42,862";"-63,0146666667";"3,8";"165"
"UR ERTZA";"6508";"2025-11-26 10:49:00";"-42,8808333333";"-63,0145";"3,8";"180"
"UR ERTZA";"6508";"2025-11-26 11:04:00";"-42,8995";"-63,015";"4,3";"165"
"UR ERTZA";"6508";"2025-11-26 11:19:00";"-42,9178333333";"-63,0163333333";"4,3";"180"
"UR ERTZA";"6508";"2025-11-26 11:34:00";"-42,932";"-63,0191666667";"0,5";"245"
"UR ERTZA";"6508";"2025-11-26 11:49:00";"-42,9425";"-63,0228333333";"3,2";"145"
"UR ERTZA";"6508";"2025-11-26 12:04:00";"-42,9405";"-63,0253333333";"4,3";"345"
"UR ERTZA";"6508";"2025-11-26 12:19:00";"-42,9325";"-63,033";"1,1";"305"
"UR ERTZA";"6508";"2025-11-26 12:34:00";"-42,935";"-63,042";"0,0";"255"
"UR ERTZA";"6508";"2025-11-26 12:49:00";"-42,9258333333";"-63,0446666667";"2,7";"10"
"UR ERTZA";"6508";"2025-11-26 13:04:00";"-42,9066666667";"-63,0378333333";"4,3";"10"
"UR ERTZA";"6508";"2025-11-26 13:19:00";"-42,8808333333";"-63,03";"7,0";"5"
"UR ERTZA";"6508";"2025-11-26 13:34:00";"-42,8516666667";"-63,0316666667";"5,9";"350"
"UR ERTZA";"6508";"2025-11-26 13:49:00";"-42,8221666667";"-63,032";"7,6";"0"
"UR ERTZA";"6508";"2025-11-26 14:04:00";"-42,7925";"-63,0278333333";"7,6";"0"
"UR ERTZA";"6508";"2025-11-26 14:19:00";"-42,7621666667";"-63,0213333333";"6,5";"355"
"UR ERTZA";"6508";"2025-11-26 14:34:00";"-42,7458333333";"-63,0213333333";"1,6";"150"
"UR ERTZA";"6508";"2025-11-26 14:49:00";"-42,7591666667";"-63,0228333333";"4,9";"185"
"UR ERTZA";"6508";"2025-11-26 15:04:00";"-42,7771666667";"-63,025";"3,2";"180"
"UR ERTZA";"6508";"2025-11-26 15:19:00";"-42,7933333333";"-63,0261666667";"3,2";"190"
"UR ERTZA";"6508";"2025-11-26 15:34:00";"-42,8083333333";"-63,0261666667";"3,2";"180"
"UR ERTZA";"6508";"2025-11-26 15:49:00";"-42,823";"-63,0263333333";"3,8";"180"
"UR ERTZA";"6508";"2025-11-26 16:04:00";"-42,8378333333";"-63,027";"3,2";"175"
"UR ERTZA";"6508";"2025-11-26 16:19:00";"-42,8528333333";"-63,0266666667";"3,2";"180"
"UR ERTZA";"6508";"2025-11-26 16:34:00";"-42,8558333333";"-63,0246666667";"1,6";"160"
"UR ERTZA";"6508";"2025-11-26 16:49:00";"-42,8591666667";"-63,0196666667";"1,6";"150"
"UR ERTZA";"6508";"2025-11-26 17:04:00";"-42,857";"-63,017";"2,7";"110"
"UR ERTZA";"6508";"2025-11-26 17:19:00";"-42,855";"-63,0141666667";"2,7";"60"
"UR ERTZA";"6508";"2025-11-26 17:34:00";"-42,8671666667";"-63,0278333333";"5,9";"205"
"UR ERTZA";"6508";"2025-11-26 17:49:00";"-42,8803333333";"-63,0341666667";"2,7";"305"
"UR ERTZA";"6508";"2025-11-26 18:04:00";"-42,8796666667";"-63,032";"1,6";"185"
"UR ERTZA";"6508";"2025-11-26 18:19:00";"-42,8796666667";"-63,0295";"2,7";"100"
"UR ERTZA";"6508";"2025-11-26 18:34:00";"-42,8786666667";"-63,027";"2,2";"20"
"UR ERTZA";"6508";"2025-11-26 18:49:00";"-42,8778333333";"-63,0255";"1,6";"265"
"UR ERTZA";"6508";"2025-11-26 19:04:00";"-42,8813333333";"-63,0253333333";"5,4";"210"
"UR ERTZA";"6508";"2025-11-26 19:19:00";"-42,9008333333";"-63,03";"2,2";"255"
"UR ERTZA";"6508";"2025-11-26 19:34:00";"-42,887";"-63,0291666667";"5,4";"355"
"UR ERTZA";"6508";"2025-11-26 19:49:00";"-42,867";"-63,0295";"3,2";"5"
"UR ERTZA";"6508";"2025-11-26 20:04:00";"-42,8496666667";"-63,03";"4,9";"355"
"UR ERTZA";"6508";"2025-11-26 20:19:00";"-42,8328333333";"-63,03";"3,8";"5"
"UR ERTZA";"6508";"2025-11-26 20:34:00";"-42,8166666667";"-63,0283333333";"3,2";"5"
"UR ERTZA";"6508";"2025-11-26 20:49:00";"-42,8011666667";"-63,0288333333";"2,7";"350"
"UR ERTZA";"6508";"2025-11-26 21:04:00";"-42,7933333333";"-63,0305";"1,1";"350"
"UR ERTZA";"6508";"2025-11-26 21:19:00";"-42,785";"-63,0288333333";"5,4";"30"
"UR ERTZA";"6508";"2025-11-26 21:34:00";"-42,7808333333";"-63,015";"4,9";"175"
"UR ERTZA";"6508";"2025-11-26 21:49:00";"-42,8046666667";"-63,0161666667";"4,9";"180"
"UR ERTZA";"6508";"2025-11-26 22:04:00";"-42,8245";"-63,0153333333";"4,3";"175"
"UR ERTZA";"6508";"2025-11-26 22:19:00";"-42,8438333333";"-63,0128333333";"4,3";"175"
"UR ERTZA";"6508";"2025-11-26 22:34:00";"-42,8621666667";"-63,0113333333";"3,8";"175"
"UR ERTZA";"6508";"2025-11-26 22:49:00";"-42,88";"-63,0116666667";"4,3";"170"
"UR ERTZA";"6508";"2025-11-26 23:04:00";"-42,8921666667";"-63,0121666667";"0,0";"320"
"UR ERTZA";"6508";"2025-11-26 23:19:00";"-42,9016666667";"-63,0183333333";"3,8";"250"
"UR ERTZA";"6508";"2025-11-26 23:34:00";"-42,9075";"-63,0596666667";"9,2";"260"
"UR ERTZA";"6508";"2025-11-26 23:49:00";"-42,9133333333";"-63,1145";"7,0";"260"
"UR ERTZA";"6508";"2025-11-27 00:04:00";"-42,9125";"-63,128";"0,0";"315"
"UR ERTZA";"6508";"2025-11-27 00:19:00";"-42,9121666667";"-63,1316666667";"0,0";"290"
"UR ERTZA";"6508";"2025-11-27 00:34:00";"-42,9108333333";"-63,1353333333";"0,5";"285"
"UR ERTZA";"6508";"2025-11-27 00:49:00";"-42,9078333333";"-63,1386666667";"0,5";"325"
"UR ERTZA";"6508";"2025-11-27 01:04:00";"-42,9005";"-63,1383333333";"4,3";"25"
"UR ERTZA";"6508";"2025-11-27 01:19:00";"-42,8828333333";"-63,1275";"3,8";"25"
"UR ERTZA";"6508";"2025-11-27 01:34:00";"-42,865";"-63,117";"2,7";"20"
"UR ERTZA";"6508";"2025-11-27 01:49:00";"-42,847";"-63,1063333333";"4,3";"20"
"UR ERTZA";"6508";"2025-11-27 02:04:00";"-42,828";"-63,095";"4,9";"25"
"UR ERTZA";"6508";"2025-11-27 02:19:00";"-42,8091666667";"-63,0836666667";"3,8";"25"
"UR ERTZA";"6508";"2025-11-27 02:34:00";"-42,7913333333";"-63,073";"4,9";"25"
"UR ERTZA";"6508";"2025-11-27 02:49:00";"-42,775";"-63,0605";"4,9";"25"
"UR ERTZA";"6508";"2025-11-27 03:04:00";"-42,7583333333";"-63,0405";"6,5";"85"
"UR ERTZA";"6508";"2025-11-27 03:19:00";"-42,7628333333";"-63,0141666667";"3,8";"175"
"UR ERTZA";"6508";"2025-11-27 03:34:00";"-42,7791666667";"-63,0155";"3,2";"185"
"UR ERTZA";"6508";"2025-11-27 03:49:00";"-42,7955";"-63,0146666667";"3,8";"165"
"UR ERTZA";"6508";"2025-11-27 04:04:00";"-42,8121666667";"-63,0155";"3,8";"180"
"UR ERTZA";"6508";"2025-11-27 04:19:00";"-42,8283333333";"-63,0166666667";"3,2";"180"
"UR ERTZA";"6508";"2025-11-27 04:34:00";"-42,8446666667";"-63,018";"3,8";"180"
"UR ERTZA";"6508";"2025-11-27 04:49:00";"-42,8613333333";"-63,0178333333";"3,8";"170"
"UR ERTZA";"6508";"2025-11-27 05:04:00";"-42,878";"-63,0155";"3,8";"160"
"UR ERTZA";"6508";"2025-11-27 05:19:00";"-42,8955";"-63,0146666667";"3,8";"180"
"UR ERTZA";"6508";"2025-11-27 05:35:00";"-42,9141666667";"-63,0163333333";"4,3";"190"
"UR ERTZA";"6508";"2025-11-27 05:50:00";"-42,9088333333";"-63,0138333333";"3,8";"5"
"UR ERTZA";"6508";"2025-11-27 06:05:00";"-42,8896666667";"-63,0116666667";"4,9";"10"
"UR ERTZA";"6508";"2025-11-27 06:20:00";"-42,8708333333";"-63,0091666667";"4,3";"5"
"UR ERTZA";"6508";"2025-11-27 06:35:00";"-42,8516666667";"-63,0075";"3,8";"355"
"UR ERTZA";"6508";"2025-11-27 06:50:00";"-42,8325";"-63,0083333333";"4,3";"5"
"UR ERTZA";"6508";"2025-11-27 07:05:00";"-42,8145";"-63,0088333333";"3,8";"5"
"UR ERTZA";"6508";"2025-11-27 07:20:00";"-42,7963333333";"-63,0096666667";"4,9";"340"
"UR ERTZA";"6508";"2025-11-27 07:35:00";"-42,7786666667";"-63,0088333333";"3,8";"5"
"UR ERTZA";"6508";"2025-11-27 07:50:00";"-42,7613333333";"-63,0071666667";"3,8";"0"
"UR ERTZA";"6508";"2025-11-27 08:05:00";"-42,7441666667";"-63,0071666667";"3,8";"355"
"UR ERTZA";"6508";"2025-11-27 08:20:00";"-42,7336666667";"-63,0055";"4,9";"185"
"UR ERTZA";"6508";"2025-11-27 08:35:00";"-42,7596666667";"-63,0063333333";"6,5";"180"
"UR ERTZA";"6508";"2025-11-27 08:50:00";"-42,7828333333";"-63,0058333333";"2,2";"5"
"UR ERTZA";"6508";"2025-11-27 09:05:00";"-42,768";"-63,0028333333";"3,8";"15"
"UR ERTZA";"6508";"2025-11-27 09:20:00";"-42,7521666667";"-63,0021666667";"3,2";"0"
"UR ERTZA";"6508";"2025-11-27 09:35:00";"-42,7483333333";"-63,0038333333";"5,4";"175"
"UR ERTZA";"6508";"2025-11-27 09:50:00";"-42,7745";"-63,002";"4,9";"170"
"UR ERTZA";"6508";"2025-11-27 10:05:00";"-42,795";"-63,0025";"4,3";"180"
"UR ERTZA";"6508";"2025-11-27 10:20:00";"-42,815";"-63,0021666667";"4,3";"180"
"UR ERTZA";"6508";"2025-11-27 10:35:00";"-42,835";"-63,002";"4,3";"180"
"UR ERTZA";"6508";"2025-11-27 10:50:00";"-42,855";"-63,0021666667";"4,3";"180"
"UR ERTZA";"6508";"2025-11-27 11:05:00";"-42,8741666667";"-63,0013333333";"4,3";"180"
"UR ERTZA";"6508";"2025-11-27 11:20:00";"-42,8933333333";"-63,0021666667";"4,3";"185"
"UR ERTZA";"6508";"2025-11-27 11:35:00";"-42,9075";"-63,0038333333";"0,0";"250"
"UR ERTZA";"6508";"2025-11-27 11:50:00";"-42,9205";"-63,005";"4,3";"145"
"UR ERTZA";"6508";"2025-11-27 12:05:00";"-42,8866666667";"-63,0021666667";"5,9";"65"
"UR ERTZA";"6508";"2025-11-27 12:20:00";"-42,9083333333";"-63,0016666667";"5,9";"175"
"UR ERTZA";"6508";"2025-11-27 12:35:00";"-42,9295";"-63,0013333333";"4,3";"175"
"UR ERTZA";"6508";"2025-11-27 12:50:00";"-42,948";"-63,0011666667";"3,8";"175"
"UR ERTZA";"6508";"2025-11-27 13:05:00";"-42,9658333333";"-63,0011666667";"3,8";"175"
"UR ERTZA";"6508";"2025-11-27 13:20:00";"-42,9825";"-63,008";"3,8";"210"
"UR ERTZA";"6508";"2025-11-27 13:35:00";"-42,9895";"-63,02";"1,6";"230"
"UR ERTZA";"6508";"2025-11-27 13:50:00";"-42,9896666667";"-63,0296666667";"8,1";"0"
"UR ERTZA";"6508";"2025-11-27 14:05:00";"-42,9833333333";"-63,0503333333";"5,9";"240"
"UR ERTZA";"6508";"2025-11-27 14:20:00";"-42,9903333333";"-63,0761666667";"4,3";"260"
"UR ERTZA";"6508";"2025-11-27 14:35:00";"-42,9908333333";"-63,1016666667";"4,3";"275"
"UR ERTZA";"6508";"2025-11-27 14:50:00";"-42,9895";"-63,1263333333";"4,3";"280"
"UR ERTZA";"6508";"2025-11-27 15:05:00";"-42,9841666667";"-63,1495";"3,8";"280"
"UR ERTZA";"6508";"2025-11-27 15:20:00";"-42,9791666667";"-63,1653333333";"1,6";"40"
"UR ERTZA";"6508";"2025-11-27 15:35:00";"-42,9686666667";"-63,1703333333";"3,2";"310"
"UR ERTZA";"6508";"2025-11-27 15:50:00";"-42,962";"-63,1686666667";"2,2";"290"
"UR ERTZA";"6508";"2025-11-27 16:05:00";"-42,9675";"-63,1613333333";"1,1";"140"
"UR ERTZA";"6508";"2025-11-27 16:20:00";"-42,9746666667";"-63,1545";"1,6";"140"
"UR ERTZA";"6508";"2025-11-27 16:35:00";"-42,9813333333";"-63,1475";"1,6";"140"
"UR ERTZA";"6508";"2025-11-27 16:50:00";"-42,9871666667";"-63,142";"1,1";"165"
"UR ERTZA";"6508";"2025-11-27 17:05:00";"-42,9891666667";"-63,128";"2,7";"80"
"UR ERTZA";"6508";"2025-11-27 17:20:00";"-42,9891666667";"-63,1116666667";"2,2";"95"
"UR ERTZA";"6508";"2025-11-27 17:35:00";"-42,9891666667";"-63,0963333333";"2,7";"100"
"UR ERTZA";"6508";"2025-11-27 17:50:00";"-42,9895";"-63,0816666667";"2,2";"80"
"UR ERTZA";"6508";"2025-11-27 18:05:00";"-42,9895";"-63,0675";"2,7";"80"
"UR ERTZA";"6508";"2025-11-27 18:20:00";"-42,9891666667";"-63,0555";"1,6";"85"
"UR ERTZA";"6508";"2025-11-27 18:35:00";"-42,9886666667";"-63,0458333333";"1,1";"40"
"UR ERTZA";"6508";"2025-11-27 18:50:00";"-42,988";"-63,0375";"1,1";"80"
"UR ERTZA";"6508";"2025-11-27 19:05:00";"-42,9816666667";"-63,0283333333";"2,7";"50"
"UR ERTZA";"6508";"2025-11-27 19:20:00";"-42,9803333333";"-63,0225";"1,1";"320"
"UR ERTZA";"6508";"2025-11-27 19:35:00";"-42,9813333333";"-63,0216666667";"1,1";"205"
"UR ERTZA";"6508";"2025-11-27 19:50:00";"-42,9816666667";"-63,0258333333";"2,2";"215"
"UR ERTZA";"6508";"2025-11-27 20:05:00";"-42,9878333333";"-63,035";"1,6";"205"
"UR ERTZA";"6508";"2025-11-27 20:20:00";"-42,9946666667";"-63,0421666667";"2,7";"355"
"UR ERTZA";"6508";"2025-11-27 20:35:00";"-42,9866666667";"-63,0308333333";"2,2";"55"
"UR ERTZA";"6508";"2025-11-27 20:50:00";"-42,988";"-63,0478333333";"5,4";"260"
"UR ERTZA";"6508";"2025-11-27 21:05:00";"-42,9913333333";"-63,07";"5,4";"260"
"UR ERTZA";"6508";"2025-11-27 21:20:00";"-42,993";"-63,0975";"4,3";"270"
"UR ERTZA";"6508";"2025-11-27 21:35:00";"-42,993";"-63,1228333333";"4,9";"255"
"UR ERTZA";"6508";"2025-11-27 21:50:00";"-42,9941666667";"-63,1478333333";"3,8";"270"
"UR ERTZA";"6508";"2025-11-27 22:05:00";"-42,9955";"-63,173";"3,8";"260"
"UR ERTZA";"6508";"2025-11-27 22:20:00";"-42,9938333333";"-63,198";"3,8";"280"
"UR ERTZA";"6508";"2025-11-27 22:35:00";"-42,9896666667";"-63,2225";"4,3";"280"
"UR ERTZA";"6508";"2025-11-27 22:50:00";"-42,9871666667";"-63,2371666667";"1,6";"275"
"UR ERTZA";"6508";"2025-11-27 23:05:00";"-42,9866666667";"-63,2546666667";"3,8";"305"
"UR ERTZA";"6508";"2025-11-27 23:20:00";"-42,9908333333";"-63,2358333333";"3,8";"115"
"UR ERTZA";"6508";"2025-11-27 23:35:00";"-42,9955";"-63,2133333333";"3,8";"95"
"UR ERTZA";"6508";"2025-11-27 23:50:00";"-42,9961666667";"-63,1903333333";"4,3";"90"
"UR ERTZA";"6508";"2025-11-28 00:05:00";"-42,9955";"-63,1646666667";"4,9";"90"
"UR ERTZA";"6508";"2025-11-28 00:20:00";"-42,9946666667";"-63,1403333333";"4,3";"85"
"UR ERTZA";"6508";"2025-11-28 00:35:00";"-42,9936666667";"-63,1155";"3,8";"70"
"UR ERTZA";"6508";"2025-11-28 00:50:00";"-42,9908333333";"-63,0916666667";"3,8";"70"
"UR ERTZA";"6508";"2025-11-28 01:05:00";"-42,9711666667";"-63,08";"4,3";"25"
"UR ERTZA";"6508";"2025-11-28 01:20:00";"-42,9521666667";"-63,0708333333";"4,9";"5"
"UR ERTZA";"6508";"2025-11-28 01:35:00";"-42,9333333333";"-63,0611666667";"4,9";"5"
"UR ERTZA";"6508";"2025-11-28 01:50:00";"-42,9205";"-63,0503333333";"2,2";"125"
"UR ERTZA";"6508";"2025-11-28 02:05:00";"-42,9246666667";"-63,0416666667";"1,6";"125"
"UR ERTZA";"6508";"2025-11-28 02:20:00";"-42,93";"-63,0328333333";"0,5";"135"
"UR ERTZA";"6508";"2025-11-28 02:35:00";"-42,9355";"-63,0245";"1,6";"135"
"UR ERTZA";"6508";"2025-11-28 02:50:00";"-42,9311666667";"-63,0205";"5,9";"345"
"UR ERTZA";"6508";"2025-11-28 03:05:00";"-42,9055";"-63,0238333333";"5,9";"350"
"UR ERTZA";"6508";"2025-11-28 03:20:00";"-42,8795";"-63,0258333333";"5,9";"355"
"UR ERTZA";"6508";"2025-11-28 03:35:00";"-42,8525";"-63,027";"5,9";"0"
"UR ERTZA";"6508";"2025-11-28 03:50:00";"-42,8275";"-63,0196666667";"5,4";"30"
"UR ERTZA";"6508";"2025-11-28 04:05:00";"-42,8063333333";"-63,0083333333";"5,4";"10"
"UR ERTZA";"6508";"2025-11-28 04:20:00";"-42,7805";"-63,0058333333";"6,5";"350"
"UR ERTZA";"6508";"2025-11-28 04:35:00";"-42,7536666667";"-63,005";"5,9";"5"
"UR ERTZA";"6508";"2025-11-28 04:50:00";"-42,7428333333";"-63,007";"2,7";"180"
"UR ERTZA";"6508";"2025-11-28 05:05:00";"-42,7513333333";"-63,0078333333";"1,6";"175"
"UR ERTZA";"6508";"2025-11-28 05:20:00";"-42,7603333333";"-63,008";"2,2";"185"
"UR ERTZA";"6508";"2025-11-28 05:35:00";"-42,7705";"-63,0075";"2,7";"175"
"UR ERTZA";"6508";"2025-11-28 05:50:00";"-42,7811666667";"-63,0086666667";"2,2";"175"
"UR ERTZA";"6508";"2025-11-28 06:05:00";"-42,793";"-63,0088333333";"3,2";"185"
"UR ERTZA";"6508";"2025-11-28 06:20:00";"-42,8053333333";"-63,0091666667";"2,7";"170"
"UR ERTZA";"6508";"2025-11-28 06:35:00";"-42,8175";"-63,0075";"2,7";"175"
"UR ERTZA";"6508";"2025-11-28 06:50:00";"-42,8311666667";"-63,008";"3,2";"180"
"UR ERTZA";"6508";"2025-11-28 07:05:00";"-42,8463333333";"-63,0078333333";"4,9";"180"
"UR ERTZA";"6508";"2025-11-28 07:20:00";"-42,8613333333";"-63,0071666667";"2,2";"170"
"UR ERTZA";"6508";"2025-11-28 07:35:00";"-42,86";"-63,0058333333";"4,9";"0"
"UR ERTZA";"6508";"2025-11-28 07:50:00";"-42,8388333333";"-63,0058333333";"4,9";"355"
"UR ERTZA";"6508";"2025-11-28 08:05:00";"-42,8183333333";"-63,0053333333";"4,9";"350"
"UR ERTZA";"6508";"2025-11-28 08:20:00";"-42,7991666667";"-63,0046666667";"3,8";"355"
"UR ERTZA";"6508";"2025-11-28 08:35:00";"-42,7808333333";"-63,0033333333";"3,8";"0"
"UR ERTZA";"6508";"2025-11-28 08:50:00";"-42,7625";"-63,0038333333";"4,9";"10"
"UR ERTZA";"6508";"2025-11-28 09:05:00";"-42,7441666667";"-63,0036666667";"4,3";"0"
"UR ERTZA";"6508";"2025-11-28 09:20:00";"-42,7266666667";"-63,0016666667";"3,8";"0"
"UR ERTZA";"6508";"2025-11-28 09:35:00";"-42,7096666667";"-63,0021666667";"3,8";"225"
"UR ERTZA";"6508";"2025-11-28 09:50:00";"-42,7336666667";"-63,002";"5,4";"170"
"UR ERTZA";"6508";"2025-11-28 10:05:00";"-42,7555";"-63,0016666667";"4,9";"170"
"UR ERTZA";"6508";"2025-11-28 10:20:00";"-42,7753333333";"-63,0013333333";"4,3";"180"
"UR ERTZA";"6508";"2025-11-28 10:35:00";"-42,7955";"-63,0013333333";"3,8";"180"
"UR ERTZA";"6508";"2025-11-28 10:50:00";"-42,8155";"-63,0011666667";"3,2";"180"
"UR ERTZA";"6508";"2025-11-28 11:05:00";"-42,8353333333";"-63,0008333333";"4,3";"185"
"UR ERTZA";"6508";"2025-11-28 11:20:00";"-42,8555";"-63,0008333333";"4,9";"195"
"UR ERTZA";"6508";"2025-11-28 11:35:00";"-42,875";"-63,0008333333";"5,4";"175"
"UR ERTZA";"6508";"2025-11-28 11:50:00";"-42,8941666667";"-63,0011666667";"3,2";"175"
"UR ERTZA";"6508";"2025-11-28 12:05:00";"-42,913";"-63,0011666667";"4,3";"185"
"UR ERTZA";"6508";"2025-11-28 12:20:00";"-42,9253333333";"-63,0045";"2,7";"200"
"UR ERTZA";"6508";"2025-11-28 12:35:00";"-42,94";"-63,01";"9,2";"170"
"UR ERTZA";"6508";"2025-11-28 12:50:00";"-42,9805";"-63,0036666667";"9,2";"170"
"UR ERTZA";"6508";"2025-11-28 13:05:00";"-42,9921666667";"-63,0233333333";"6,5";"270"
"UR ERTZA";"6508";"2025-11-28 13:20:00";"-42,9913333333";"-63,0545";"4,9";"265"
"UR ERTZA";"6508";"2025-11-28 13:35:00";"-42,99";"-63,0813333333";"4,9";"265"
"UR ERTZA";"6508";"2025-11-28 13:50:00";"-42,9886666667";"-63,108";"4,3";"270"
"UR ERTZA";"6508";"2025-11-28 14:05:00";"-42,988";"-63,1338333333";"4,9";"260"
"UR ERTZA";"6508";"2025-11-28 14:20:00";"-42,9875";"-63,1596666667";"4,3";"280"
"UR ERTZA";"6508";"2025-11-28 14:35:00";"-42,9866666667";"-63,1853333333";"4,3";"290"
"UR ERTZA";"6508";"2025-11-28 14:50:00";"-42,9866666667";"-63,2111666667";"4,3";"270"
"UR ERTZA";"6508";"2025-11-28 15:05:00";"-42,9863333333";"-63,2311666667";"0,0";"0"
"UR ERTZA";"6508";"2025-11-28 15:20:00";"-42,9871666667";"-63,2466666667";"7,6";"265"
"UR ERTZA";"6508";"2025-11-28 15:35:00";"-42,9688333333";"-63,2325";"4,9";"75"
"UR ERTZA";"6508";"2025-11-28 15:50:00";"-42,9678333333";"-63,2036666667";"5,4";"95"
"UR ERTZA";"6508";"2025-11-28 16:05:00";"-42,9675";"-63,1795";"3,8";"85"
"UR ERTZA";"6508";"2025-11-28 16:20:00";"-42,9666666667";"-63,1553333333";"3,2";"80"
"UR ERTZA";"6508";"2025-11-28 16:35:00";"-42,965";"-63,1313333333";"4,3";"80"
"UR ERTZA";"6508";"2025-11-28 16:50:00";"-42,9653333333";"-63,1075";"4,3";"75"
"UR ERTZA";"6508";"2025-11-28 17:05:00";"-42,965";"-63,0841666667";"4,3";"85"
"UR ERTZA";"6508";"2025-11-28 17:20:00";"-42,9638333333";"-63,0605";"4,3";"85"
"UR ERTZA";"6508";"2025-11-28 17:35:00";"-42,9541666667";"-63,0396666667";"4,3";"45"
"UR ERTZA";"6508";"2025-11-28 17:50:00";"-42,9378333333";"-63,0271666667";"4,3";"5"
"UR ERTZA";"6508";"2025-11-28 18:05:00";"-42,9183333333";"-63,0258333333";"4,3";"350"
"UR ERTZA";"6508";"2025-11-28 18:20:00";"-42,8988333333";"-63,0258333333";"4,3";"5"
"UR ERTZA";"6508";"2025-11-28 18:35:00";"-42,8796666667";"-63,0261666667";"4,3";"0"
"UR ERTZA";"6508";"2025-11-28 18:50:00";"-42,8608333333";"-63,0283333333";"4,3";"355"
"UR ERTZA";"6508";"2025-11-28 19:05:00";"-42,8505";"-63,0313333333";"1,6";"345"
"UR ERTZA";"6508";"2025-11-28 19:20:00";"-42,8361666667";"-63,0333333333";"9,7";"60"
"UR ERTZA";"6508";"2025-11-28 19:35:00";"-42,818";"-62,9816666667";"9,7";"60"
"UR ERTZA";"6508";"2025-11-28 19:50:00";"-42,8003333333";"-62,9295";"9,7";"65"
"UR ERTZA";"6508";"2025-11-28 20:05:00";"-42,7833333333";"-62,8783333333";"9,7";"60"
"UR ERTZA";"6508";"2025-11-28 20:20:00";"-42,7658333333";"-62,8283333333";"9,2";"55"
"UR ERTZA";"6508";"2025-11-28 20:35:00";"-42,7491666667";"-62,7778333333";"9,2";"70"
"UR ERTZA";"6508";"2025-11-28 20:50:00";"-42,733";"-62,7271666667";"9,2";"60"
"UR ERTZA";"6508";"2025-11-28 21:05:00";"-42,717";"-62,6758333333";"10,3";"65"
"UR ERTZA";"6508";"2025-11-28 21:20:00";"-42,7016666667";"-62,6246666667";"9,2";"70"
"UR ERTZA";"6508";"2025-11-28 21:35:00";"-42,6866666667";"-62,573";"10,3";"70"
"UR ERTZA";"6508";"2025-11-28 21:50:00";"-42,6691666667";"-62,523";"9,2";"65"
"UR ERTZA";"6508";"2025-11-28 22:05:00";"-42,6495";"-62,4746666667";"9,2";"55"
"UR ERTZA";"6508";"2025-11-28 22:20:00";"-42,6296666667";"-62,4258333333";"10,3";"60"
"UR ERTZA";"6508";"2025-11-28 22:35:00";"-42,6103333333";"-62,377";"8,1";"60"
"UR ERTZA";"6508";"2025-11-28 22:50:00";"-42,5908333333";"-62,3278333333";"9,2";"65"
"UR ERTZA";"6508";"2025-11-28 23:05:00";"-42,5708333333";"-62,2788333333";"9,2";"55"
"UR ERTZA";"6508";"2025-11-28 23:20:00";"-42,5508333333";"-62,23";"9,2";"60"
"UR ERTZA";"6508";"2025-11-28 23:35:00";"-42,5321666667";"-62,1796666667";"9,2";"60"
"UR ERTZA";"6508";"2025-11-28 23:50:00";"-42,5145";"-62,1283333333";"9,2";"60"
"UR ERTZA";"6508";"2025-11-29 00:05:00";"-42,4966666667";"-62,0778333333";"9,7";"65"
"UR ERTZA";"6508";"2025-11-29 00:20:00";"-42,4761666667";"-62,0286666667";"9,7";"55"
"UR ERTZA";"6508";"2025-11-29 00:35:00";"-42,4536666667";"-61,9811666667";"9,7";"55"
"UR ERTZA";"6508";"2025-11-29 00:50:00";"-42,4316666667";"-61,9338333333";"9,2";"55"
"UR ERTZA";"6508";"2025-11-29 01:05:00";"-42,4111666667";"-61,8845";"9,7";"60"
"UR ERTZA";"6508";"2025-11-29 01:20:00";"-42,3905";"-61,835";"9,7";"60"
"UR ERTZA";"6508";"2025-11-29 01:35:00";"-42,3713333333";"-61,7841666667";"9,2";"60"
"UR ERTZA";"6508";"2025-11-29 01:50:00";"-42,3528333333";"-61,733";"10,3";"70"
"UR ERTZA";"6508";"2025-11-29 02:05:00";"-42,3338333333";"-61,6825";"9,7";"60"
"UR ERTZA";"6508";"2025-11-29 02:20:00";"-42,3146666667";"-61,6321666667";"10,3";"60"
"UR ERTZA";"6508";"2025-11-29 02:35:00";"-42,2953333333";"-61,5816666667";"9,7";"55"
"UR ERTZA";"6508";"2025-11-29 02:50:00";"-42,2746666667";"-61,5321666667";"10,3";"55"
"UR ERTZA";"6508";"2025-11-29 03:05:00";"-42,2528333333";"-61,4838333333";"10,3";"50"
"UR ERTZA";"6508";"2025-11-29 03:20:00";"-42,23";"-61,4363333333";"9,7";"55"
"UR ERTZA";"6508";"2025-11-29 03:35:00";"-42,2066666667";"-61,3886666667";"10,3";"55"
"UR ERTZA";"6508";"2025-11-29 03:50:00";"-42,1833333333";"-61,3411666667";"9,7";"50"
"UR ERTZA";"6508";"2025-11-29 04:05:00";"-42,1596666667";"-61,2933333333";"10,3";"60"
"UR ERTZA";"6508";"2025-11-29 04:20:00";"-42,1361666667";"-61,2455";"10,3";"50"
"UR ERTZA";"6508";"2025-11-29 04:35:00";"-42,1105";"-61,1996666667";"9,7";"50"
"UR ERTZA";"6508";"2025-11-29 04:50:00";"-42,0858333333";"-61,1528333333";"9,2";"50"
"UR ERTZA";"6508";"2025-11-29 05:05:00";"-42,06";"-61,1078333333";"10,3";"50"
"UR ERTZA";"6508";"2025-11-29 05:20:00";"-42,0311666667";"-61,0663333333";"9,7";"40"
"UR ERTZA";"6508";"2025-11-29 05:35:00";"-42,0013333333";"-61,0261666667";"10,3";"45"
"UR ERTZA";"6508";"2025-11-29 05:50:00";"-41,9621666667";"-61,0253333333";"9,2";"350"
"UR ERTZA";"6508";"2025-11-29 06:05:00";"-41,95";"-61,055";"3,8";"110"
"UR ERTZA";"6508";"2025-11-29 06:20:00";"-41,953";"-61,017";"5,4";"85"
"UR ERTZA";"6508";"2025-11-29 06:35:00";"-41,953";"-60,9858333333";"5,4";"105"
"UR ERTZA";"6508";"2025-11-29 06:50:00";"-41,9541666667";"-60,9555";"5,4";"90"
"UR ERTZA";"6508";"2025-11-29 07:05:00";"-41,953";"-60,9238333333";"5,4";"90"
"UR ERTZA";"6508";"2025-11-29 07:20:00";"-41,9538333333";"-60,8913333333";"5,9";"115"
"UR ERTZA";"6508";"2025-11-29 07:35:00";"-41,9521666667";"-60,887";"8,6";"275"
"UR ERTZA";"6508";"2025-11-29 07:50:00";"-41,9538333333";"-60,9291666667";"6,5";"270"
"UR ERTZA";"6508";"2025-11-29 08:05:00";"-41,9525";"-60,967";"6,5";"270"
"UR ERTZA";"6508";"2025-11-29 08:20:00";"-41,9538333333";"-60,9433333333";"3,2";"70"
"UR ERTZA";"6508";"2025-11-29 08:35:00";"-41,9541666667";"-60,9155";"5,9";"105"
"UR ERTZA";"6508";"2025-11-29 08:50:00";"-41,955";"-60,89";"3,8";"95"
"UR ERTZA";"6508";"2025-11-29 09:05:00";"-41,955";"-60,8653333333";"4,3";"90"
"UR ERTZA";"6508";"2025-11-29 09:20:00";"-41,955";"-60,8405";"3,8";"90"
"UR ERTZA";"6508";"2025-11-29 09:35:00";"-41,955";"-60,8158333333";"4,3";"90"
"UR ERTZA";"6508";"2025-11-29 09:50:00";"-41,955";"-60,7908333333";"4,3";"105"
"UR ERTZA";"6508";"2025-11-29 10:05:00";"-41,955";"-60,7661666667";"4,3";"75"
"UR ERTZA";"6508";"2025-11-29 10:20:00";"-41,955";"-60,7413333333";"4,3";"90"
"UR ERTZA";"6508";"2025-11-29 10:35:00";"-41,9553333333";"-60,717";"4,3";"95"
"UR ERTZA";"6508";"2025-11-29 10:50:00";"-41,9555";"-60,6925";"4,3";"90"
"UR ERTZA";"6508";"2025-11-29 11:05:00";"-41,9558333333";"-60,6678333333";"3,8";"90"
"UR ERTZA";"6508";"2025-11-29 11:20:00";"-41,9561666667";"-60,6545";"2,2";"110"
"UR ERTZA";"6508";"2025-11-29 11:35:00";"-41,9555";"-60,6561666667";"9,7";"265"
"UR ERTZA";"6508";"2025-11-29 11:50:00";"-41,9558333333";"-60,6841666667";"5,4";"90"
"UR ERTZA";"6508";"2025-11-29 12:05:00";"-41,9566666667";"-60,653";"4,3";"90"
"UR ERTZA";"6508";"2025-11-29 12:20:00";"-41,9566666667";"-60,628";"4,3";"90"
"UR ERTZA";"6508";"2025-11-29 12:35:00";"-41,9566666667";"-60,603";"4,3";"80"
"UR ERTZA";"6508";"2025-11-29 12:50:00";"-41,9566666667";"-60,5786666667";"4,3";"80"
"UR ERTZA";"6508";"2025-11-29 13:05:00";"-41,9571666667";"-60,5541666667";"4,3";"80"
"UR ERTZA";"6508";"2025-11-29 13:20:00";"-41,9575";"-60,5296666667";"3,8";"100"
"UR ERTZA";"6508";"2025-11-29 13:35:00";"-41,9575";"-60,5053333333";"3,8";"95"
"UR ERTZA";"6508";"2025-11-29 13:50:00";"-41,958";"-60,4813333333";"4,3";"115"
"UR ERTZA";"6508";"2025-11-29 14:05:00";"-41,958";"-60,4575";"4,3";"100"
"UR ERTZA";"6508";"2025-11-29 14:20:00";"-41,9588333333";"-60,4336666667";"3,2";"85"
"UR ERTZA";"6508";"2025-11-29 14:35:00";"-41,9591666667";"-60,4188333333";"1,6";"80"
"UR ERTZA";"6508";"2025-11-29 14:50:00";"-41,9595";"-60,4191666667";"10,8";"260"
"UR ERTZA";"6508";"2025-11-29 15:05:00";"-41,9591666667";"-60,443";"4,9";"100"
"UR ERTZA";"6508";"2025-11-29 15:20:00";"-41,9605";"-60,4146666667";"3,2";"85"
"UR ERTZA";"6508";"2025-11-29 15:35:00";"-41,962";"-60,3911666667";"3,8";"90"
"UR ERTZA";"6508";"2025-11-29 15:50:00";"-41,9636666667";"-60,3678333333";"3,2";"100"
"UR ERTZA";"6508";"2025-11-29 16:05:00";"-41,9645";"-60,3445";"3,8";"85"
"UR ERTZA";"6508";"2025-11-29 16:20:00";"-41,965";"-60,3211666667";"3,8";"75"
"UR ERTZA";"6508";"2025-11-29 16:35:00";"-41,9653333333";"-60,298";"3,8";"95"
"UR ERTZA";"6508";"2025-11-29 16:50:00";"-41,9645";"-60,275";"3,8";"80"
"UR ERTZA";"6508";"2025-11-29 17:05:00";"-41,9645";"-60,2513333333";"3,8";"90"
"UR ERTZA";"6508";"2025-11-29 17:20:00";"-41,9645";"-60,228";"3,8";"80"
"UR ERTZA";"6508";"2025-11-29 17:35:00";"-41,9636666667";"-60,205";"3,8";"80"
"UR ERTZA";"6508";"2025-11-29 17:50:00";"-41,9621666667";"-60,182";"4,3";"80"
"UR ERTZA";"6508";"2025-11-29 18:05:00";"-41,9613333333";"-60,1586666667";"3,8";"80"
"UR ERTZA";"6508";"2025-11-29 18:20:00";"-41,9613333333";"-60,135";"4,3";"75"
"UR ERTZA";"6508";"2025-11-29 18:35:00";"-41,962";"-60,1111666667";"3,8";"85"
"UR ERTZA";"6508";"2025-11-29 18:50:00";"-41,9641666667";"-60,1041666667";"2,2";"100"
"UR ERTZA";"6508";"2025-11-29 19:05:00";"-41,9633333333";"-60,097";"5,4";"35"
"UR ERTZA";"6508";"2025-11-29 19:20:00";"-41,9445";"-60,0795";"5,4";"25"
"UR ERTZA";"6508";"2025-11-29 19:35:00";"-41,928";"-60,0646666667";"4,3";"30"
"UR ERTZA";"6508";"2025-11-29 19:50:00";"-41,91";"-60,0571666667";"4,3";"10"
"UR ERTZA";"6508";"2025-11-29 20:05:00";"-41,8913333333";"-60,0536666667";"4,3";"5"
"UR ERTZA";"6508";"2025-11-29 20:20:00";"-41,8725";"-60,0558333333";"4,3";"350"
"UR ERTZA";"6508";"2025-11-29 20:35:00";"-41,8536666667";"-60,057";"4,3";"345"
"UR ERTZA";"6508";"2025-11-29 20:50:00";"-41,8346666667";"-60,057";"4,3";"0"
"UR ERTZA";"6508";"2025-11-29 21:05:00";"-41,8155";"-60,0583333333";"4,3";"355"
"UR ERTZA";"6508";"2025-11-29 21:20:00";"-41,7963333333";"-60,0608333333";"4,3";"0"
"UR ERTZA";"6508";"2025-11-29 21:35:00";"-41,7775";"-60,0621666667";"4,9";"345"
"UR ERTZA";"6508";"2025-11-29 21:50:00";"-41,7586666667";"-60,0608333333";"3,8";"350"
"UR ERTZA";"6508";"2025-11-29 22:05:00";"-41,7395";"-60,0611666667";"4,3";"350"
"UR ERTZA";"6508";"2025-11-29 22:20:00";"-41,7205";"-60,0603333333";"4,3";"350"
"UR ERTZA";"6508";"2025-11-29 22:35:00";"-41,7016666667";"-60,0588333333";"4,3";"5"
"UR ERTZA";"6508";"2025-11-29 22:50:00";"-41,6828333333";"-60,0575";"3,8";"5"
"UR ERTZA";"6508";"2025-11-29 23:05:00";"-41,6641666667";"-60,057";"4,3";"5"
"UR ERTZA";"6508";"2025-11-29 23:20:00";"-41,6455";"-60,0561666667";"3,8";"355"
"UR ERTZA";"6508";"2025-11-29 23:35:00";"-41,6363333333";"-60,0553333333";"1,1";"0"
"UR ERTZA";"6508";"2025-11-29 23:50:00";"-41,6316666667";"-60,0616666667";"9,7";"230"
"UR ERTZA";"6508";"2025-11-30 00:05:00";"-41,6553333333";"-60,1083333333";"10,3";"235"
"UR ERTZA";"6508";"2025-11-30 00:20:00";"-41,677";"-60,1566666667";"9,7";"240"
"UR ERTZA";"6508";"2025-11-30 00:35:00";"-41,6933333333";"-60,2086666667";"9,2";"245"
"UR ERTZA";"6508";"2025-11-30 00:50:00";"-41,7095";"-60,2605";"9,7";"240"
"UR ERTZA";"6508";"2025-11-30 01:05:00";"-41,732";"-60,3083333333";"9,7";"235"
"UR ERTZA";"6508";"2025-11-30 01:20:00";"-41,752";"-60,358";"9,7";"240"
"UR ERTZA";"6508";"2025-11-30 01:35:00";"-41,7688333333";"-60,4103333333";"9,7";"245"
"UR ERTZA";"6508";"2025-11-30 01:50:00";"-41,7861666667";"-60,4625";"9,7";"245"
"UR ERTZA";"6508";"2025-11-30 02:05:00";"-41,8033333333";"-60,5153333333";"10,3";"245"
"UR ERTZA";"6508";"2025-11-30 02:20:00";"-41,8205";"-60,5683333333";"10,3";"245"
"UR ERTZA";"6508";"2025-11-30 02:35:00";"-41,8375";"-60,6216666667";"10,3";"245"
"UR ERTZA";"6508";"2025-11-30 02:50:00";"-41,8553333333";"-60,6755";"10,3";"240"
"UR ERTZA";"6508";"2025-11-30 03:05:00";"-41,8745";"-60,7291666667";"10,3";"240"
"UR ERTZA";"6508";"2025-11-30 03:20:00";"-41,8945";"-60,7825";"10,3";"240"
"UR ERTZA";"6508";"2025-11-30 03:35:00";"-41,9141666667";"-60,8366666667";"10,3";"240"
"UR ERTZA";"6508";"2025-11-30 03:50:00";"-41,9341666667";"-60,8905";"10,8";"240"
"UR ERTZA";"6508";"2025-11-30 04:05:00";"-41,9491666667";"-60,9471666667";"10,3";"255"
"UR ERTZA";"6508";"2025-11-30 04:20:00";"-41,962";"-61,0061666667";"10,8";"260"
"UR ERTZA";"6508";"2025-11-30 04:35:00";"-41,9678333333";"-61,0533333333";"8,6";"255"
"UR ERTZA";"6508";"2025-11-30 04:50:00";"-41,9746666667";"-61,1088333333";"9,7";"250"
"UR ERTZA";"6508";"2025-11-30 05:05:00";"-41,9795";"-61,1653333333";"9,7";"265"
"UR ERTZA";"6508";"2025-11-30 05:20:00";"-41,9805";"-61,2225";"10,3";"270"
"UR ERTZA";"6508";"2025-11-30 05:36:00";"-41,977";"-61,28";"9,7";"280"
"UR ERTZA";"6508";"2025-11-30 05:51:00";"-41,9708333333";"-61,2595";"7,6";"70"
"UR ERTZA";"6508";"2025-11-30 06:05:00";"-41,9661666667";"-61,218";"6,5";"80"
"UR ERTZA";"6508";"2025-11-30 06:20:00";"-41,9661666667";"-61,1791666667";"7,0";"90"
"UR ERTZA";"6508";"2025-11-30 06:36:00";"-41,963";"-61,2058333333";"5,9";"275"
"UR ERTZA";"6508";"2025-11-30 06:51:00";"-41,9625";"-61,2396666667";"5,9";"270"
"UR ERTZA";"6508";"2025-11-30 07:06:00";"-41,962";"-61,2736666667";"5,9";"270"
"UR ERTZA";"6508";"2025-11-30 07:20:00";"-41,9613333333";"-61,3075";"5,9";"270"
"UR ERTZA";"6508";"2025-11-30 07:36:00";"-41,962";"-61,3088333333";"4,3";"90"
"UR ERTZA";"6508";"2025-11-30 07:51:00";"-41,9621666667";"-61,283";"4,3";"90"
"UR ERTZA";"6508";"2025-11-30 08:06:00";"-41,963";"-61,2908333333";"8,1";"270"
"UR ERTZA";"6508";"2025-11-30 08:20:00";"-41,9628333333";"-61,3";"4,9";"85"
"UR ERTZA";"6508";"2025-11-30 08:36:00";"-41,9638333333";"-61,2705";"4,3";"90"
"UR ERTZA";"6508";"2025-11-30 08:50:00";"-41,9646666667";"-61,2458333333";"4,3";"90"
"UR ERTZA";"6508";"2025-11-30 09:06:00";"-41,9666666667";"-61,2213333333";"4,3";"95"
"UR ERTZA";"6508";"2025-11-30 09:21:00";"-41,968";"-61,197";"4,3";"90"
"UR ERTZA";"6508";"2025-11-30 09:36:00";"-41,9695";"-61,1721666667";"4,3";"90"
"UR ERTZA";"6508";"2025-11-30 09:50:00";"-41,9695";"-61,1475";"3,8";"95"
"UR ERTZA";"6508";"2025-11-30 10:06:00";"-41,97";"-61,1228333333";"3,8";"95"
"UR ERTZA";"6508";"2025-11-30 10:21:00";"-41,9711666667";"-61,0978333333";"3,8";"85"
"UR ERTZA";"6508";"2025-11-30 10:35:00";"-41,9713333333";"-61,073";"3,8";"85"
"UR ERTZA";"6508";"2025-11-30 10:50:00";"-41,9713333333";"-61,048";"4,3";"90"
"UR ERTZA";"6508";"2025-11-30 11:06:00";"-41,9703333333";"-61,0233333333";"4,3";"85"
"UR ERTZA";"6508";"2025-11-30 11:21:00";"-41,972";"-61,0113333333";"1,1";"135"
"UR ERTZA";"6508";"2025-11-30 11:36:00";"-41,9733333333";"-61,0141666667";"10,3";"285"
"UR ERTZA";"6508";"2025-11-30 11:51:00";"-41,9713333333";"-61,0333333333";"3,8";"90"
"UR ERTZA";"6508";"2025-11-30 12:06:00";"-41,972";"-61,003";"4,3";"85"
"UR ERTZA";"6508";"2025-11-30 12:21:00";"-41,9716666667";"-60,9778333333";"3,8";"90"
"UR ERTZA";"6508";"2025-11-30 12:36:00";"-41,9716666667";"-60,9528333333";"3,8";"85"
"UR ERTZA";"6508";"2025-11-30 12:51:00";"-41,9713333333";"-60,928";"3,8";"90"
"UR ERTZA";"6508";"2025-11-30 13:06:00";"-41,9713333333";"-60,9033333333";"3,8";"85"
"UR ERTZA";"6508";"2025-11-30 13:21:00";"-41,9716666667";"-60,8786666667";"3,8";"85"
"UR ERTZA";"6508";"2025-11-30 13:36:00";"-41,9716666667";"-60,8545";"4,3";"85"
"UR ERTZA";"6508";"2025-11-30 13:51:00";"-41,972";"-60,83";"4,3";"90"
"UR ERTZA";"6508";"2025-11-30 14:06:00";"-41,972";"-60,8063333333";"3,8";"95"
"UR ERTZA";"6508";"2025-11-30 14:21:00";"-41,972";"-60,7828333333";"3,8";"90"
"UR ERTZA";"6508";"2025-11-30 14:36:00";"-41,9716666667";"-60,7595";"3,8";"85"
"UR ERTZA";"6508";"2025-11-30 14:51:00";"-41,9705";"-60,7366666667";"4,3";"80"
"UR ERTZA";"6508";"2025-11-30 15:06:00";"-41,9696666667";"-60,7141666667";"3,8";"90"
"UR ERTZA";"6508";"2025-11-30 15:21:00";"-41,9725";"-60,7086666667";"3,2";"115"
"UR ERTZA";"6508";"2025-11-30 15:36:00";"-41,9646666667";"-60,6946666667";"10,3";"25"
"UR ERTZA";"6508";"2025-11-30 15:51:00";"-41,9286666667";"-60,665";"9,7";"30"
"UR ERTZA";"6508";"2025-11-30 16:06:00";"-41,8936666667";"-60,6363333333";"5,9";"25"
"UR ERTZA";"6508";"2025-11-30 16:21:00";"-41,8841666667";"-60,6283333333";"4,9";"55"
"UR ERTZA";"6508";"2025-11-30 16:36:00";"-41,8538333333";"-60,5996666667";"9,2";"30"
"UR ERTZA";"6508";"2025-11-30 16:51:00";"-41,8191666667";"-60,5703333333";"9,7";"30"
"UR ERTZA";"6508";"2025-11-30 17:06:00";"-41,7845";"-60,5405";"9,2";"30"
"UR ERTZA";"6508";"2025-11-30 17:21:00";"-41,7503333333";"-60,5108333333";"9,2";"30"
"UR ERTZA";"6508";"2025-11-30 17:36:00";"-41,7158333333";"-60,4813333333";"9,2";"35"
"UR ERTZA";"6508";"2025-11-30 17:51:00";"-41,6816666667";"-60,452";"9,2";"30"
"UR ERTZA";"6508";"2025-11-30 18:06:00";"-41,6471666667";"-60,4225";"9,2";"35"
"UR ERTZA";"6508";"2025-11-30 18:21:00";"-41,6128333333";"-60,3928333333";"9,7";"30"
"UR ERTZA";"6508";"2025-11-30 18:36:00";"-41,5778333333";"-60,363";"9,2";"30"
"UR ERTZA";"6508";"2025-11-30 18:51:00";"-41,5428333333";"-60,3338333333";"9,7";"30"
"UR ERTZA";"6508";"2025-11-30 19:06:00";"-41,5075";"-60,3038333333";"9,7";"30"
"UR ERTZA";"6508";"2025-11-30 19:21:00";"-41,4721666667";"-60,2736666667";"10,3";"30"
"UR ERTZA";"6508";"2025-11-30 19:36:00";"-41,4366666667";"-60,2436666667";"10,3";"30"
"UR ERTZA";"6508";"2025-11-30 19:51:00";"-41,4011666667";"-60,2136666667";"10,3";"25"
"UR ERTZA";"6508";"2025-11-30 20:06:00";"-41,3653333333";"-60,183";"9,7";"30"
"UR ERTZA";"6508";"2025-11-30 20:21:00";"-41,3295";"-60,153";"9,7";"30"
"UR ERTZA";"6508";"2025-11-30 20:36:00";"-41,2933333333";"-60,123";"9,7";"30"
"UR ERTZA";"6508";"2025-11-30 20:51:00";"-41,2575";"-60,0933333333";"9,7";"30"
"UR ERTZA";"6508";"2025-11-30 21:06:00";"-41,222";"-60,063";"10,3";"30"
"UR ERTZA";"6508";"2025-11-30 21:21:00";"-41,1858333333";"-60,0325";"9,7";"30"
"UR ERTZA";"6508";"2025-11-30 21:36:00";"-41,1496666667";"-60,0021666667";"9,7";"30"
"UR ERTZA";"6508";"2025-11-30 21:51:00";"-41,1133333333";"-59,9716666667";"9,7";"30"
"UR ERTZA";"6508";"2025-11-30 22:06:00";"-41,0766666667";"-59,9408333333";"10,3";"30"
"UR ERTZA";"6508";"2025-11-30 22:21:00";"-41,0396666667";"-59,91";"10,3";"30"
"UR ERTZA";"6508";"2025-11-30 22:36:00";"-41,0028333333";"-59,8788333333";"10,3";"30"
"UR ERTZA";"6508";"2025-11-30 22:51:00";"-40,9655";"-59,848";"10,8";"30"
"UR ERTZA";"6508";"2025-11-30 23:06:00";"-40,9286666667";"-59,8171666667";"10,3";"30"
"UR ERTZA";"6508";"2025-11-30 23:21:00";"-40,892";"-59,7866666667";"10,3";"30"
"UR ERTZA";"6508";"2025-11-30 23:36:00";"-40,8553333333";"-59,7555";"10,8";"30"
"UR ERTZA";"6508";"2025-11-30 23:51:00";"-40,8188333333";"-59,7241666667";"10,3";"30"
"UR ERTZA";"6508";"2025-12-01 00:06:00";"-40,7821666667";"-59,6928333333";"10,3";"30"
"UR ERTZA";"6508";"2025-12-01 00:21:00";"-40,7453333333";"-59,6613333333";"10,3";"30"
"UR ERTZA";"6508";"2025-12-01 00:36:00";"-40,7083333333";"-59,6296666667";"10,8";"30"
"UR ERTZA";"6508";"2025-12-01 00:51:00";"-40,6713333333";"-59,5983333333";"10,3";"30"
"UR ERTZA";"6508";"2025-12-01 01:06:00";"-40,6345";"-59,5675";"10,3";"30"
"UR ERTZA";"6508";"2025-12-01 01:21:00";"-40,598";"-59,5358333333";"10,3";"30"
"UR ERTZA";"6508";"2025-12-01 01:36:00";"-40,5613333333";"-59,5038333333";"10,3";"30"
"UR ERTZA";"6508";"2025-12-01 01:51:00";"-40,5246666667";"-59,4725";"10,8";"30"
"UR ERTZA";"6508";"2025-12-01 02:06:00";"-40,4878333333";"-59,4413333333";"10,3";"30"
"UR ERTZA";"6508";"2025-12-01 02:21:00";"-40,4511666667";"-59,4105";"10,3";"30"
"UR ERTZA";"6508";"2025-12-01 02:36:00";"-40,4145";"-59,3795";"10,3";"30"
"UR ERTZA";"6508";"2025-12-01 02:51:00";"-40,378";"-59,3486666667";"10,3";"30"
"UR ERTZA";"6508";"2025-12-01 03:06:00";"-40,3416666667";"-59,3171666667";"10,3";"35"
"UR ERTZA";"6508";"2025-12-01 03:21:00";"-40,305";"-59,2861666667";"10,3";"30"
"UR ERTZA";"6508";"2025-12-01 03:36:00";"-40,2686666667";"-59,2546666667";"10,3";"25"
"UR ERTZA";"6508";"2025-12-01 03:51:00";"-40,2321666667";"-59,2238333333";"10,8";"30"
"UR ERTZA";"6508";"2025-12-01 04:06:00";"-40,1953333333";"-59,1945";"10,3";"30"
"UR ERTZA";"6508";"2025-12-01 04:21:00";"-40,1583333333";"-59,1645";"9,7";"30"
"UR ERTZA";"6508";"2025-12-01 04:36:00";"-40,1216666667";"-59,1345";"10,3";"25"
"UR ERTZA";"6508";"2025-12-01 04:51:00";"-40,085";"-59,1045";"10,3";"30"
"UR ERTZA";"6508";"2025-12-01 05:06:00";"-40,0483333333";"-59,0745";"10,8";"30"
"UR ERTZA";"6508";"2025-12-01 05:21:00";"-40,0111666667";"-59,0445";"9,7";"30"
"UR ERTZA";"6508";"2025-12-01 05:36:00";"-39,9753333333";"-59,0133333333";"9,7";"35"
"UR ERTZA";"6508";"2025-12-01 05:51:00";"-39,9391666667";"-58,9811666667";"10,3";"25"
"UR ERTZA";"6508";"2025-12-01 06:06:00";"-39,9021666667";"-58,9505";"10,3";"30"
"UR ERTZA";"6508";"2025-12-01 06:21:00";"-39,8655";"-58,9196666667";"10,3";"30"
"UR ERTZA";"6508";"2025-12-01 06:36:00";"-39,8286666667";"-58,888";"10,8";"35"
"UR ERTZA";"6508";"2025-12-01 06:51:00";"-39,7916666667";"-58,8563333333";"10,3";"30"
"UR ERTZA";"6508";"2025-12-01 07:06:00";"-39,7545";"-58,8263333333";"9,7";"25"
"UR ERTZA";"6508";"2025-12-01 07:21:00";"-39,718";"-58,7963333333";"10,3";"25"
"UR ERTZA";"6508";"2025-12-01 07:36:00";"-39,6808333333";"-58,767";"9,7";"35"
"UR ERTZA";"6508";"2025-12-01 07:51:00";"-39,6436666667";"-58,7366666667";"10,8";"30"
"UR ERTZA";"6508";"2025-12-01 08:06:00";"-39,6063333333";"-58,7066666667";"9,7";"25"
"UR ERTZA";"6508";"2025-12-01 08:21:00";"-39,5688333333";"-58,6775";"9,7";"30"
"UR ERTZA";"6508";"2025-12-01 08:36:00";"-39,5308333333";"-58,648";"10,3";"30"
"UR ERTZA";"6508";"2025-12-01 08:51:00";"-39,4928333333";"-58,6186666667";"10,3";"30"
"UR ERTZA";"6508";"2025-12-01 09:06:00";"-39,4546666667";"-58,5891666667";"10,8";"25"
"UR ERTZA";"6508";"2025-12-01 09:21:00";"-39,4163333333";"-58,5596666667";"10,3";"30"
"UR ERTZA";"6508";"2025-12-01 09:36:00";"-39,3783333333";"-58,5296666667";"9,7";"30"
"UR ERTZA";"6508";"2025-12-01 09:51:00";"-39,34";"-58,4995";"10,3";"30"
"UR ERTZA";"6508";"2025-12-01 10:06:00";"-39,3016666667";"-58,4695";"10,8";"30"
"UR ERTZA";"6508";"2025-12-01 10:21:00";"-39,2638333333";"-58,4386666667";"10,8";"30"
"UR ERTZA";"6508";"2025-12-01 10:36:00";"-39,2261666667";"-58,4075";"10,8";"30"
"UR ERTZA";"6508";"2025-12-01 10:51:00";"-39,1883333333";"-58,377";"10,3";"35"
"UR ERTZA";"6508";"2025-12-01 11:06:00";"-39,1508333333";"-58,3471666667";"10,3";"25"
"UR ERTZA";"6508";"2025-12-01 11:21:00";"-39,1136666667";"-58,3171666667";"10,3";"30"
"UR ERTZA";"6508";"2025-12-01 11:36:00";"-39,0763333333";"-58,2861666667";"10,3";"30"
"UR ERTZA";"6508";"2025-12-01 11:51:00";"-39,0396666667";"-58,2553333333";"9,7";"35"
"UR ERTZA";"6508";"2025-12-01 12:06:00";"-39,0033333333";"-58,2253333333";"10,3";"30"
"UR ERTZA";"6508";"2025-12-01 12:21:00";"-38,967";"-58,1958333333";"9,7";"25"
"UR ERTZA";"6508";"2025-12-01 12:36:00";"-38,9303333333";"-58,167";"9,7";"30"
"UR ERTZA";"6508";"2025-12-01 12:51:00";"-38,8936666667";"-58,1383333333";"10,3";"30"
"UR ERTZA";"6508";"2025-12-01 13:06:00";"-38,8575";"-58,1095";"9,7";"35"
"UR ERTZA";"6508";"2025-12-01 13:21:00";"-38,8216666667";"-58,0808333333";"9,7";"30"
"UR ERTZA";"6508";"2025-12-01 13:36:00";"-38,7855";"-58,052";"10,3";"30"
"UR ERTZA";"6508";"2025-12-01 13:51:00";"-38,7503333333";"-58,0221666667";"9,7";"35"
"UR ERTZA";"6508";"2025-12-01 14:06:00";"-38,715";"-57,9925";"9,7";"35"
"UR ERTZA";"6508";"2025-12-01 14:21:00";"-38,68";"-57,9628333333";"9,7";"30"
"UR ERTZA";"6508";"2025-12-01 14:36:00";"-38,6455";"-57,9328333333";"9,7";"35"
"UR ERTZA";"6508";"2025-12-01 14:51:00";"-38,6111666667";"-57,9021666667";"10,3";"35"
"UR ERTZA";"6508";"2025-12-01 15:06:00";"-38,577";"-57,872";"9,7";"35"
"UR ERTZA";"6508";"2025-12-01 15:21:00";"-38,543";"-57,8416666667";"9,2";"35"
"UR ERTZA";"6508";"2025-12-01 15:36:00";"-38,5091666667";"-57,8113333333";"9,7";"35"
"UR ERTZA";"6508";"2025-12-01 15:51:00";"-38,4753333333";"-57,782";"10,3";"25"
"UR ERTZA";"6508";"2025-12-01 16:06:00";"-38,4405";"-57,7538333333";"9,2";"35"
"UR ERTZA";"6508";"2025-12-01 16:21:00";"-38,4055";"-57,7271666667";"9,7";"30"
"UR ERTZA";"6508";"2025-12-01 16:36:00";"-38,3708333333";"-57,7013333333";"9,2";"30"
"UR ERTZA";"6508";"2025-12-01 16:51:00";"-38,3363333333";"-57,6738333333";"9,2";"30"
"UR ERTZA";"6508";"2025-12-01 17:06:00";"-38,302";"-57,6461666667";"9,7";"30"
"UR ERTZA";"6508";"2025-12-01 17:21:00";"-38,2678333333";"-57,618";"9,2";"30"
"UR ERTZA";"6508";"2025-12-01 17:36:00";"-38,2338333333";"-57,59";"9,7";"25"
"UR ERTZA";"6508";"2025-12-01 17:51:00";"-38,1996666667";"-57,5621666667";"9,2";"25"
"UR ERTZA";"6508";"2025-12-01 18:06:00";"-38,1646666667";"-57,535";"9,2";"30"
"UR ERTZA";"6508";"2025-12-01 18:21:00";"-38,1288333333";"-57,5145";"8,6";"0"
"UR ERTZA";"6508";"2025-12-01 18:36:00";"-38,0886666667";"-57,5113333333";"9,2";"5"
"UR ERTZA";"6508";"2025-12-01 18:51:00";"-38,0566666667";"-57,5028333333";"8,6";"355"
"UR ERTZA";"6508";"2025-12-01 19:06:00";"-38,0345";"-57,518";"9,2";"205"
"UR ERTZA";"6508";"2025-12-01 19:21:00";"-38,0458333333";"-57,5355";"2,2";"235"
"UR ERTZA";"6508";"2025-12-01 19:36:00";"-38,0461666667";"-57,537";"0,0";"295"
"UR ERTZA";"6508";"2025-12-01 19:51:00";"-38,0461666667";"-57,5366666667";"0,0";"260"
"UR ERTZA";"6508";"2025-12-01 20:06:00";"-38,0461666667";"-57,5366666667";"0,0";"75"
"UR ERTZA";"6508";"2025-12-01 20:21:00";"-38,0461666667";"-57,5366666667";"0,0";"185"
"UR ERTZA";"6508";"2025-12-01 20:36:00";"-38,0461666667";"-57,5366666667";"0,0";"165"
"UR ERTZA";"6508";"2025-12-01 20:51:00";"-38,0461666667";"-57,5366666667";"0,0";"300"
"UR ERTZA";"6508";"2025-12-01 21:06:00";"-38,0461666667";"-57,5366666667";"0,0";"270"
"UR ERTZA";"6508";"2025-12-01 21:21:00";"-38,0461666667";"-57,5366666667";"0,0";"225"
"UR ERTZA";"6508";"2025-12-01 21:36:00";"-38,0461666667";"-57,5366666667";"0,0";"215"
"UR ERTZA";"6508";"2025-12-01 21:51:00";"-38,0461666667";"-57,5366666667";"0,0";"355"
"UR ERTZA";"6508";"2025-12-01 22:06:00";"-38,0461666667";"-57,537";"0,0";"350"
"UR ERTZA";"6508";"2025-12-01 22:21:00";"-38,0461666667";"-57,5366666667";"0,0";"20"
"UR ERTZA";"6508";"2025-12-01 22:36:00";"-38,0461666667";"-57,5366666667";"0,0";"260"
"UR ERTZA";"6508";"2025-12-01 22:51:00";"-38,0461666667";"-57,5366666667";"0,0";"30"
"UR ERTZA";"6508";"2025-12-01 23:06:00";"-38,0461666667";"-57,537";"0,0";"290"
"UR ERTZA";"6508";"2025-12-01 23:21:00";"-38,0461666667";"-57,537";"0,0";"290"
"UR ERTZA";"6508";"2025-12-01 23:36:00";"-38,0461666667";"-57,5366666667";"0,0";"290"
"UR ERTZA";"6508";"2025-12-01 23:51:00";"-38,0461666667";"-57,537";"0,0";"30"
"UR ERTZA";"6508";"2025-12-02 00:06:00";"-38,0461666667";"-57,537";"0,0";"30"
"UR ERTZA";"6508";"2025-12-02 00:21:00";"-38,0461666667";"-57,537";"0,0";"285"
"UR ERTZA";"6508";"2025-12-02 00:36:00";"-38,0461666667";"-57,5366666667";"0,0";"355"
"UR ERTZA";"6508";"2025-12-02 00:51:00";"-38,0461666667";"-57,5366666667";"0,0";"330"
"UR ERTZA";"6508";"2025-12-02 01:06:00";"-38,0461666667";"-57,5366666667";"0,0";"330"
"UR ERTZA";"6508";"2025-12-02 01:21:00";"-38,0461666667";"-57,5366666667";"0,0";"280"
"UR ERTZA";"6508";"2025-12-02 01:36:00";"-38,0461666667";"-57,5366666667";"0,0";"280"
"UR ERTZA";"6508";"2025-12-02 01:51:00";"-38,0461666667";"-57,5366666667";"0,0";"305"
"UR ERTZA";"6508";"2025-12-02 02:06:00";"-38,0461666667";"-57,5366666667";"0,0";"305"
"UR ERTZA";"6508";"2025-12-02 02:21:00";"-38,0461666667";"-57,5366666667";"0,0";"305"
"UR ERTZA";"6508";"2025-12-02 02:36:00";"-38,0461666667";"-57,5366666667";"0,0";"305"
"UR ERTZA";"6508";"2025-12-02 02:51:00";"-38,0461666667";"-57,5366666667";"0,0";"305"
"UR ERTZA";"6508";"2025-12-02 03:06:00";"-38,0461666667";"-57,5366666667";"0,0";"80"
"UR ERTZA";"6508";"2025-12-02 03:21:00";"-38,0461666667";"-57,537";"0,0";"80"
"UR ERTZA";"6508";"2025-12-02 03:36:00";"-38,0461666667";"-57,537";"0,0";"80"
"UR ERTZA";"6508";"2025-12-02 23:21:00";"-38,0461666667";"-57,5366666667";"0,0";"180"
"UR ERTZA";"6508";"2025-12-02 23:36:00";"-38,0461666667";"-57,5366666667";"0,0";"180"
"UR ERTZA";"6508";"2025-12-02 23:51:00";"-38,0461666667";"-57,5366666667";"0,0";"180"
"UR ERTZA";"6508";"2025-12-03 00:06:00";"-38,0461666667";"-57,5366666667";"0,0";"180"
"UR ERTZA";"6508";"2025-12-03 00:21:00";"-38,0461666667";"-57,5366666667";"0,0";"180"
"UR ERTZA";"6508";"2025-12-03 00:36:00";"-38,0461666667";"-57,5366666667";"0,0";"180"
"UR ERTZA";"6508";"2025-12-03 00:51:00";"-38,0461666667";"-57,5366666667";"0,0";"180"
"UR ERTZA";"6508";"2025-12-03 01:06:00";"-38,0461666667";"-57,5366666667";"0,0";"180"
"UR ERTZA";"6508";"2025-12-03 01:21:00";"-38,0461666667";"-57,5366666667";"0,0";"180"
"UR ERTZA";"6508";"2025-12-03 01:36:00";"-38,0461666667";"-57,5366666667";"0,0";"180"
"UR ERTZA";"6508";"2025-12-03 01:51:00";"-38,0461666667";"-57,5366666667";"0,0";"180"
"UR ERTZA";"6508";"2025-12-03 02:06:00";"-38,0461666667";"-57,5366666667";"0,0";"180"
"UR ERTZA";"6508";"2025-12-03 02:21:00";"-38,0461666667";"-57,5366666667";"0,0";"180"
"UR ERTZA";"6508";"2025-12-03 02:36:00";"-38,0461666667";"-57,5366666667";"0,0";"180"
"UR ERTZA";"6508";"2025-12-03 02:51:00";"-38,0461666667";"-57,5366666667";"0,0";"180"
"UR ERTZA";"6508";"2025-12-03 03:06:00";"-38,0461666667";"-57,5366666667";"0,0";"180"
"UR ERTZA";"6508";"2025-12-03 03:21:00";"-38,0461666667";"-57,5366666667";"0,0";"180"
"UR ERTZA";"6508";"2025-12-03 03:36:00";"-38,0461666667";"-57,537";"0,0";"180"
"UR ERTZA";"6508";"2025-12-03 03:51:00";"-38,0461666667";"-57,5366666667";"0,0";"180"
"UR ERTZA";"6508";"2025-12-03 04:06:00";"-38,0461666667";"-57,5366666667";"0,0";"180"
"UR ERTZA";"6508";"2025-12-03 04:21:00";"-38,0461666667";"-57,5366666667";"0,0";"180"
"UR ERTZA";"6508";"2025-12-03 04:36:00";"-38,0461666667";"-57,5366666667";"0,0";"180"
"UR ERTZA";"6508";"2025-12-03 04:51:00";"-38,0461666667";"-57,5366666667";"0,0";"180"
"UR ERTZA";"6508";"2025-12-03 05:06:00";"-38,0461666667";"-57,5366666667";"0,0";"180"
"UR ERTZA";"6508";"2025-12-03 05:21:00";"-38,0461666667";"-57,5366666667";"0,0";"180"
"UR ERTZA";"6508";"2025-12-03 05:37:00";"-38,0461666667";"-57,5366666667";"0,0";"180"
"UR ERTZA";"6508";"2025-12-03 05:52:00";"-38,0461666667";"-57,5366666667";"0,0";"180"
"UR ERTZA";"6508";"2025-12-03 06:07:00";"-38,0461666667";"-57,5366666667";"0,0";"180"
"UR ERTZA";"6508";"2025-12-03 06:22:00";"-38,0461666667";"-57,5366666667";"0,0";"180"
"UR ERTZA";"6508";"2025-12-03 06:37:00";"-38,0461666667";"-57,5366666667";"0,0";"180"
"UR ERTZA";"6508";"2025-12-03 06:52:00";"-38,0461666667";"-57,5366666667";"0,0";"180"
"UR ERTZA";"6508";"2025-12-03 07:07:00";"-38,0461666667";"-57,5366666667";"0,0";"180"
"UR ERTZA";"6508";"2025-12-03 07:22:00";"-38,0461666667";"-57,5366666667";"0,0";"205"
"UR ERTZA";"6508";"2025-12-03 07:37:00";"-38,0461666667";"-57,5366666667";"0,0";"235"
"UR ERTZA";"6508";"2025-12-03 07:52:00";"-38,0461666667";"-57,5366666667";"0,0";"235"
"UR ERTZA";"6508";"2025-12-03 08:07:00";"-38,0461666667";"-57,5366666667";"0,0";"235"
"UR ERTZA";"6508";"2025-12-03 08:22:00";"-38,0461666667";"-57,5366666667";"0,0";"235"
"UR ERTZA";"6508";"2025-12-03 08:36:00";"-38,0461666667";"-57,5366666667";"0,0";"235"
"UR ERTZA";"6508";"2025-12-03 08:52:00";"-38,0461666667";"-57,5366666667";"0,0";"235"
"UR ERTZA";"6508";"2025-12-03 09:06:00";"-38,0461666667";"-57,5366666667";"0,0";"235"
"UR ERTZA";"6508";"2025-12-03 09:22:00";"-38,0461666667";"-57,5366666667";"0,0";"235"
"UR ERTZA";"6508";"2025-12-03 09:37:00";"-38,0461666667";"-57,5366666667";"0,0";"235"
"UR ERTZA";"6508";"2025-12-03 09:52:00";"-38,0461666667";"-57,5366666667";"0,0";"235"
"UR ERTZA";"6508";"2025-12-03 10:07:00";"-38,0461666667";"-57,5366666667";"0,0";"235"
"UR ERTZA";"6508";"2025-12-03 10:22:00";"-38,0461666667";"-57,5366666667";"0,0";"235"
"UR ERTZA";"6508";"2025-12-03 10:37:00";"-38,0461666667";"-57,5366666667";"0,0";"235"
"UR ERTZA";"6508";"2025-12-03 10:52:00";"-38,0461666667";"-57,5366666667";"0,0";"235"
"UR ERTZA";"6508";"2025-12-03 11:06:00";"-38,0461666667";"-57,5366666667";"0,0";"235"
"UR ERTZA";"6508";"2025-12-03 11:21:00";"-38,0461666667";"-57,5366666667";"0,0";"235"
"UR ERTZA";"6508";"2025-12-03 11:37:00";"-38,0461666667";"-57,5366666667";"0,0";"325"
"UR ERTZA";"6508";"2025-12-03 11:52:00";"-38,0461666667";"-57,5366666667";"0,0";"325"
"UR ERTZA";"6508";"2025-12-03 12:07:00";"-38,0461666667";"-57,5366666667";"0,0";"325"
"UR ERTZA";"6508";"2025-12-03 12:22:00";"-38,0461666667";"-57,5366666667";"0,0";"325"
"UR ERTZA";"6508";"2025-12-03 12:37:00";"-38,0461666667";"-57,5366666667";"0,0";"0"
"UR ERTZA";"6508";"2025-12-03 12:52:00";"-38,0461666667";"-57,5366666667";"0,0";"0"
"UR ERTZA";"6508";"2025-12-03 13:07:00";"-38,0461666667";"-57,5366666667";"0,0";"0"
"UR ERTZA";"6508";"2025-12-03 13:22:00";"-38,0461666667";"-57,5366666667";"0,0";"0"
"UR ERTZA";"6508";"2025-12-03 13:37:00";"-38,0461666667";"-57,5366666667";"0,0";"0"
"UR ERTZA";"6508";"2025-12-03 13:52:00";"-38,0461666667";"-57,5366666667";"0,0";"0"
"UR ERTZA";"6508";"2025-12-03 14:07:00";"-38,0461666667";"-57,5366666667";"0,0";"0"
"UR ERTZA";"6508";"2025-12-03 14:22:00";"-38,0461666667";"-57,537";"0,0";"0"
"UR ERTZA";"6508";"2025-12-03 14:37:00";"-38,0461666667";"-57,5366666667";"0,0";"0"
"UR ERTZA";"6508";"2025-12-03 14:52:00";"-38,0461666667";"-57,5366666667";"0,0";"0"
"UR ERTZA";"6508";"2025-12-03 15:07:00";"-38,0461666667";"-57,5366666667";"0,0";"0"
"UR ERTZA";"6508";"2025-12-03 15:22:00";"-38,0461666667";"-57,5366666667";"0,0";"0"
"UR ERTZA";"6508";"2025-12-03 15:37:00";"-38,0461666667";"-57,5366666667";"0,0";"0"
"UR ERTZA";"6508";"2025-12-03 15:52:00";"-38,0461666667";"-57,5366666667";"0,0";"0"
"UR ERTZA";"6508";"2025-12-03 16:07:00";"-38,0461666667";"-57,5366666667";"0,0";"0"
"UR ERTZA";"6508";"2025-12-03 16:22:00";"-38,0461666667";"-57,5366666667";"0,0";"0"
"UR ERTZA";"6508";"2025-12-03 16:37:00";"-38,0461666667";"-57,5366666667";"0,0";"0"
"UR ERTZA";"6508";"2025-12-03 16:52:00";"-38,0461666667";"-57,5366666667";"0,0";"0"
"UR ERTZA";"6508";"2025-12-03 17:07:00";"-38,0461666667";"-57,5366666667";"0,0";"0"
"UR ERTZA";"6508";"2025-12-03 17:22:00";"-38,0461666667";"-57,5366666667";"0,0";"0"
"UR ERTZA";"6508";"2025-12-03 17:37:00";"-38,0461666667";"-57,5366666667";"0,0";"0"
"UR ERTZA";"6508";"2025-12-03 17:52:00";"-38,0461666667";"-57,5366666667";"0,0";"0"
"UR ERTZA";"6508";"2025-12-03 18:07:00";"-38,0461666667";"-57,5366666667";"0,0";"0"
"UR ERTZA";"6508";"2025-12-03 18:22:00";"-38,0461666667";"-57,5366666667";"0,0";"0"
"UR ERTZA";"6508";"2025-12-03 18:37:00";"-38,0461666667";"-57,5366666667";"0,0";"0"
"UR ERTZA";"6508";"2025-12-03 18:52:00";"-38,0461666667";"-57,5366666667";"0,0";"0"
"UR ERTZA";"6508";"2025-12-03 19:07:00";"-38,0461666667";"-57,5366666667";"0,0";"0"
"UR ERTZA";"6508";"2025-12-03 19:22:00";"-38,0461666667";"-57,5366666667";"0,0";"0"
"UR ERTZA";"6508";"2025-12-03 19:37:00";"-38,0461666667";"-57,5366666667";"0,0";"0"
"UR ERTZA";"6508";"2025-12-03 19:52:00";"-38,0461666667";"-57,5366666667";"0,0";"0"
"UR ERTZA";"6508";"2025-12-03 20:07:00";"-38,0461666667";"-57,5366666667";"0,0";"0"
"UR ERTZA";"6508";"2025-12-03 20:22:00";"-38,0461666667";"-57,5366666667";"0,0";"0"
"UR ERTZA";"6508";"2025-12-03 20:37:00";"-38,0461666667";"-57,5366666667";"0,0";"0"
"UR ERTZA";"6508";"2025-12-03 20:52:00";"-38,0461666667";"-57,5366666667";"0,0";"40"
"UR ERTZA";"6508";"2025-12-03 21:07:00";"-38,0461666667";"-57,5366666667";"0,0";"40"
"UR ERTZA";"6508";"2025-12-03 21:22:00";"-38,0461666667";"-57,5366666667";"0,0";"40"
"UR ERTZA";"6508";"2025-12-03 21:37:00";"-38,0461666667";"-57,5366666667";"0,0";"40"
"UR ERTZA";"6508";"2025-12-03 21:52:00";"-38,0461666667";"-57,5366666667";"0,0";"40"
"UR ERTZA";"6508";"2025-12-03 22:07:00";"-38,0461666667";"-57,5363333333";"1,1";"65"
"UR ERTZA";"6508";"2025-12-03 22:22:00";"-38,0321666667";"-57,5161666667";"8,1";"55"
"UR ERTZA";"6508";"2025-12-03 22:37:00";"-38,0595";"-57,5066666667";"8,6";"180"
"UR ERTZA";"6508";"2025-12-03 22:52:00";"-38,0975";"-57,5113333333";"9,2";"185"
"UR ERTZA";"6508";"2025-12-03 23:07:00";"-38,1355";"-57,5155";"9,2";"190"
"UR ERTZA";"6508";"2025-12-03 23:22:00";"-38,1686666667";"-57,538";"9,2";"215"
"UR ERTZA";"6508";"2025-12-03 23:37:00";"-38,2003333333";"-57,5661666667";"9,2";"210"
"UR ERTZA";"6508";"2025-12-03 23:52:00";"-38,2325";"-57,5936666667";"9,2";"215"
"UR ERTZA";"6508";"2025-12-04 00:07:00";"-38,27";"-57,6253333333";"10,8";"210"
"UR ERTZA";"6508";"2025-12-04 00:22:00";"-38,3088333333";"-57,6591666667";"10,8";"215"
"UR ERTZA";"6508";"2025-12-04 00:37:00";"-38,3471666667";"-57,693";"10,8";"215"
"UR ERTZA";"6508";"2025-12-04 00:52:00";"-38,3855";"-57,727";"10,8";"215"
"UR ERTZA";"6508";"2025-12-04 01:07:00";"-38,4241666667";"-57,7611666667";"10,8";"215"
"UR ERTZA";"6508";"2025-12-04 01:22:00";"-38,4625";"-57,7953333333";"10,8";"210"
"UR ERTZA";"6508";"2025-12-04 01:37:00";"-38,5008333333";"-57,8288333333";"10,8";"210"
"UR ERTZA";"6508";"2025-12-04 02:07:00";"-38,577";"-57,8955";"10,8";"210"
"UR ERTZA";"6508";"2025-12-04 02:22:00";"-38,6153333333";"-57,927";"10,8";"210"
"UR ERTZA";"6508";"2025-12-04 02:37:00";"-38,6545";"-57,9571666667";"10,8";"210"
"UR ERTZA";"6508";"2025-12-04 02:52:00";"-38,6936666667";"-57,988";"10,8";"210"
"UR ERTZA";"6508";"2025-12-04 03:07:00";"-38,7311666667";"-58,0208333333";"10,8";"210"
"UR ERTZA";"6508";"2025-12-04 03:22:00";"-38,7688333333";"-58,0541666667";"10,8";"210"
"UR ERTZA";"6508";"2025-12-04 03:37:00";"-38,8066666667";"-58,0866666667";"10,8";"210"
"UR ERTZA";"6508";"2025-12-04 03:52:00";"-38,8441666667";"-58,12";"10,3";"210"
"UR ERTZA";"6508";"2025-12-04 04:07:00";"-38,8813333333";"-58,1538333333";"10,3";"215"
"UR ERTZA";"6508";"2025-12-04 04:22:00";"-38,918";"-58,1875";"10,8";"215"
"UR ERTZA";"6508";"2025-12-04 04:37:00";"-38,955";"-58,2211666667";"10,8";"215"
"UR ERTZA";"6508";"2025-12-04 04:52:00";"-38,9913333333";"-58,255";"10,3";"215"
"UR ERTZA";"6508";"2025-12-04 05:07:00";"-39,0278333333";"-58,2888333333";"10,8";"215"
"UR ERTZA";"6508";"2025-12-04 05:22:00";"-39,0646666667";"-58,3216666667";"10,3";"210"
"UR ERTZA";"6508";"2025-12-04 05:37:00";"-39,1021666667";"-58,3538333333";"10,3";"210"
"UR ERTZA";"6508";"2025-12-04 05:52:00";"-39,1391666667";"-58,3858333333";"10,8";"210"
"UR ERTZA";"6508";"2025-12-04 06:07:00";"-39,1766666667";"-58,4178333333";"10,8";"210"
"UR ERTZA";"6508";"2025-12-04 06:22:00";"-39,2138333333";"-58,4495";"10,3";"215"
"UR ERTZA";"6508";"2025-12-04 06:37:00";"-39,25";"-58,4833333333";"10,3";"215"
"UR ERTZA";"6508";"2025-12-04 06:52:00";"-39,2858333333";"-58,518";"10,8";"215"
"UR ERTZA";"6508";"2025-12-04 07:07:00";"-39,322";"-58,5525";"10,8";"215"
"UR ERTZA";"6508";"2025-12-04 07:22:00";"-39,3578333333";"-58,5863333333";"10,3";"215"
"UR ERTZA";"6508";"2025-12-04 07:37:00";"-39,3936666667";"-58,6203333333";"10,3";"210"
"UR ERTZA";"6508";"2025-12-04 07:52:00";"-39,4296666667";"-58,6538333333";"10,3";"215"
"UR ERTZA";"6508";"2025-12-04 08:07:00";"-39,4661666667";"-58,6871666667";"10,3";"215"
"UR ERTZA";"6508";"2025-12-04 08:22:00";"-39,503";"-58,72";"10,3";"215"
"UR ERTZA";"6508";"2025-12-04 08:37:00";"-39,5405";"-58,7521666667";"10,8";"210"
"UR ERTZA";"6508";"2025-12-04 08:52:00";"-39,5791666667";"-58,783";"10,3";"210"
"UR ERTZA";"6508";"2025-12-04 09:07:00";"-39,618";"-58,8145";"10,8";"205"
"UR ERTZA";"6508";"2025-12-04 09:22:00";"-39,6575";"-58,8455";"10,8";"210"
"UR ERTZA";"6508";"2025-12-04 09:37:00";"-39,6971666667";"-58,8775";"10,8";"210"
"UR ERTZA";"6508";"2025-12-04 09:52:00";"-39,7363333333";"-58,9105";"10,8";"215"
"UR ERTZA";"6508";"2025-12-04 10:07:00";"-39,7753333333";"-58,9441666667";"10,8";"215"
"UR ERTZA";"6508";"2025-12-04 10:22:00";"-39,8136666667";"-58,9783333333";"10,8";"215"
"UR ERTZA";"6508";"2025-12-04 10:37:00";"-39,852";"-59,0125";"10,8";"215"
"UR ERTZA";"6508";"2025-12-04 10:52:00";"-39,8896666667";"-59,0466666667";"10,8";"210"
"UR ERTZA";"6508";"2025-12-04 11:07:00";"-39,9271666667";"-59,0808333333";"10,8";"215"
"UR ERTZA";"6508";"2025-12-04 11:22:00";"-39,965";"-59,115";"10,8";"215"
"UR ERTZA";"6508";"2025-12-04 11:37:00";"-40,0021666667";"-59,1491666667";"10,8";"210"
"UR ERTZA";"6508";"2025-12-04 11:52:00";"-40,0395";"-59,1838333333";"10,8";"215"
"UR ERTZA";"6508";"2025-12-04 12:07:00";"-40,0771666667";"-59,2188333333";"10,8";"215"
"UR ERTZA";"6508";"2025-12-04 12:22:00";"-40,1146666667";"-59,253";"10,8";"215"
"UR ERTZA";"6508";"2025-12-04 12:37:00";"-40,1521666667";"-59,2871666667";"10,8";"210"
"UR ERTZA";"6508";"2025-12-04 12:52:00";"-40,1895";"-59,3211666667";"10,8";"215"
"UR ERTZA";"6508";"2025-12-04 13:07:00";"-40,2266666667";"-59,355";"10,8";"210"
"UR ERTZA";"6508";"2025-12-04 13:22:00";"-40,2636666667";"-59,3886666667";"10,3";"215"
"UR ERTZA";"6508";"2025-12-04 13:37:00";"-40,3003333333";"-59,4221666667";"10,3";"215"
"UR ERTZA";"6508";"2025-12-04 13:52:00";"-40,337";"-59,4558333333";"10,3";"210"
"UR ERTZA";"6508";"2025-12-04 14:07:00";"-40,3738333333";"-59,4891666667";"10,3";"215"
"UR ERTZA";"6508";"2025-12-04 14:22:00";"-40,4111666667";"-59,522";"10,8";"215"
"UR ERTZA";"6508";"2025-12-04 14:37:00";"-40,4478333333";"-59,5538333333";"10,3";"210"
"UR ERTZA";"6508";"2025-12-04 14:52:00";"-40,4841666667";"-59,5861666667";"10,3";"210"
"UR ERTZA";"6508";"2025-12-04 15:07:00";"-40,5196666667";"-59,618";"10,3";"215"
"UR ERTZA";"6508";"2025-12-04 15:22:00";"-40,5558333333";"-59,6488333333";"10,3";"210"
"UR ERTZA";"6508";"2025-12-04 15:37:00";"-40,5925";"-59,6783333333";"9,7";"210"
"UR ERTZA";"6508";"2025-12-04 15:52:00";"-40,6288333333";"-59,708";"9,7";"210"
"UR ERTZA";"6508";"2025-12-04 16:07:00";"-40,6646666667";"-59,7378333333";"9,7";"210"
"UR ERTZA";"6508";"2025-12-04 16:22:00";"-40,7005";"-59,7671666667";"9,7";"210"
"UR ERTZA";"6508";"2025-12-04 16:37:00";"-40,7361666667";"-59,7966666667";"9,7";"210"
"UR ERTZA";"6508";"2025-12-04 16:52:00";"-40,7713333333";"-59,8263333333";"9,7";"215"
"UR ERTZA";"6508";"2025-12-04 17:07:00";"-40,8058333333";"-59,8566666667";"9,7";"210"
"UR ERTZA";"6508";"2025-12-04 17:22:00";"-40,842";"-59,8836666667";"9,7";"205"
"UR ERTZA";"6508";"2025-12-04 17:37:00";"-40,8783333333";"-59,9096666667";"9,7";"205"
"UR ERTZA";"6508";"2025-12-04 17:52:00";"-40,915";"-59,9355";"9,2";"205"
"UR ERTZA";"6508";"2025-12-04 18:07:00";"-40,9516666667";"-59,9625";"10,3";"210"
"UR ERTZA";"6508";"2025-12-04 18:22:00";"-40,987";"-59,993";"9,7";"210"
"UR ERTZA";"6508";"2025-12-04 18:37:00";"-41,0228333333";"-60,0213333333";"9,7";"210"
"UR ERTZA";"6508";"2025-12-04 18:52:00";"-41,0608333333";"-60,0433333333";"10,3";"195"
"UR ERTZA";"6508";"2025-12-04 19:07:00";"-41,1005";"-60,0583333333";"9,7";"190"
"UR ERTZA";"6508";"2025-12-04 19:22:00";"-41,1411666667";"-60,0671666667";"9,2";"185"
"UR ERTZA";"6508";"2025-12-04 19:37:00";"-41,1825";"-60,07";"9,7";"175"
"UR ERTZA";"6508";"2025-12-04 19:52:00";"-41,2246666667";"-60,0675";"9,7";"170"
"UR ERTZA";"6508";"2025-12-04 20:07:00";"-41,2605";"-60,0628333333";"4,3";"180"
"UR ERTZA";"6508";"2025-12-04 20:22:00";"-41,2808333333";"-60,0636666667";"4,3";"180"
"UR ERTZA";"6508";"2025-12-04 20:37:00";"-41,2991666667";"-60,0638333333";"4,3";"180"
"UR ERTZA";"6508";"2025-12-04 20:52:00";"-41,3175";"-60,0641666667";"3,8";"180"
"UR ERTZA";"6508";"2025-12-04 21:07:00";"-41,3355";"-60,065";"3,8";"180"
"UR ERTZA";"6508";"2025-12-04 21:22:00";"-41,3536666667";"-60,0655";"4,3";"180"
"UR ERTZA";"6508";"2025-12-04 21:37:00";"-41,3716666667";"-60,065";"4,3";"170"
"UR ERTZA";"6508";"2025-12-04 21:52:00";"-41,3896666667";"-60,065";"3,8";"180"
"UR ERTZA";"6508";"2025-12-04 22:07:00";"-41,4078333333";"-60,065";"4,3";"175"
"UR ERTZA";"6508";"2025-12-04 22:22:00";"-41,4261666667";"-60,065";"4,3";"175"
"UR ERTZA";"6508";"2025-12-04 22:37:00";"-41,4445";"-60,0655";"4,3";"175"
"UR ERTZA";"6508";"2025-12-04 22:52:00";"-41,4625";"-60,068";"3,8";"185"
"UR ERTZA";"6508";"2025-12-04 23:07:00";"-41,4805";"-60,0736666667";"4,3";"190"
"UR ERTZA";"6508";"2025-12-04 23:22:00";"-41,4961666667";"-60,0788333333";"0,5";"290"
"UR ERTZA";"6508";"2025-12-04 23:37:00";"-41,5021666667";"-60,0866666667";"3,8";"210"
"UR ERTZA";"6508";"2025-12-04 23:52:00";"-41,5221666667";"-60,1405";"10,8";"240"
"UR ERTZA";"6508";"2025-12-05 00:07:00";"-41,5438333333";"-60,1975";"11,3";"240"
"UR ERTZA";"6508";"2025-12-05 00:22:00";"-41,565";"-60,2546666667";"10,8";"240"
"UR ERTZA";"6508";"2025-12-05 00:37:00";"-41,5863333333";"-60,312";"10,8";"240"
"UR ERTZA";"6508";"2025-12-05 00:52:00";"-41,6083333333";"-60,3688333333";"11,3";"240"
"UR ERTZA";"6508";"2025-12-05 01:07:00";"-41,632";"-60,425";"11,3";"240"
"UR ERTZA";"6508";"2025-12-05 01:22:00";"-41,6558333333";"-60,4811666667";"10,8";"230"
"UR ERTZA";"6508";"2025-12-05 01:37:00";"-41,6838333333";"-60,5325";"11,3";"240"
"UR ERTZA";"6508";"2025-12-05 01:52:00";"-41,708";"-60,5878333333";"11,3";"235"
"UR ERTZA";"6508";"2025-12-05 02:07:00";"-41,7336666667";"-60,6411666667";"11,3";"235"
"UR ERTZA";"6508";"2025-12-05 02:22:00";"-41,7588333333";"-60,695";"10,8";"235"
"UR ERTZA";"6508";"2025-12-05 02:37:00";"-41,7838333333";"-60,7475";"11,3";"235"
"UR ERTZA";"6508";"2025-12-05 02:52:00";"-41,8096666667";"-60,7995";"10,8";"235"
"UR ERTZA";"6508";"2025-12-05 03:07:00";"-41,8346666667";"-60,852";"10,8";"235"
"UR ERTZA";"6508";"2025-12-05 03:22:00";"-41,8591666667";"-60,9046666667";"10,8";"235"
"UR ERTZA";"6508";"2025-12-05 03:37:00";"-41,8808333333";"-60,9595";"10,8";"240"
"UR ERTZA";"6508";"2025-12-05 03:52:00";"-41,9021666667";"-61,0141666667";"10,8";"235"
"UR ERTZA";"6508";"2025-12-05 04:07:00";"-41,92";"-61,0691666667";"10,8";"260"
"UR ERTZA";"6508";"2025-12-05 04:22:00";"-41,9261666667";"-61,1286666667";"10,3";"260"
"UR ERTZA";"6508";"2025-12-05 04:37:00";"-41,9325";"-61,1878333333";"10,3";"260"
"UR ERTZA";"6508";"2025-12-05 04:52:00";"-41,9386666667";"-61,247";"10,3";"260"
"UR ERTZA";"6508";"2025-12-05 05:07:00";"-41,9438333333";"-61,3055";"10,3";"265"
"UR ERTZA";"6508";"2025-12-05 05:22:00";"-41,9466666667";"-61,3641666667";"10,3";"265"
"UR ERTZA";"6508";"2025-12-05 05:37:00";"-41,9486666667";"-61,4216666667";"8,1";"270"
"UR ERTZA";"6508";"2025-12-05 05:52:00";"-41,9463333333";"-61,4683333333";"8,1";"270"
"UR ERTZA";"6508";"2025-12-05 06:07:00";"-41,9436666667";"-61,5146666667";"8,1";"275"
"UR ERTZA";"6508";"2025-12-05 06:22:00";"-41,942";"-61,5613333333";"8,1";"270"
"UR ERTZA";"6508";"2025-12-05 06:37:00";"-41,9438333333";"-61,6086666667";"8,1";"255"
"UR ERTZA";"6508";"2025-12-05 06:52:00";"-41,9575";"-61,6533333333";"8,6";"240"
"UR ERTZA";"6508";"2025-12-05 07:07:00";"-41,977";"-61,6945";"8,6";"245"
"UR ERTZA";"6508";"2025-12-05 07:22:00";"-41,993";"-61,6808333333";"9,2";"90"
"UR ERTZA";"6508";"2025-12-05 07:37:00";"-41,9933333333";"-61,6311666667";"6,5";"350"
"UR ERTZA";"6508";"2025-12-05 07:52:00";"-41,9753333333";"-61,6271666667";"8,1";"85"
"UR ERTZA";"6508";"2025-12-05 08:07:00";"-41,9745";"-61,5891666667";"7,0";"255"
"UR ERTZA";"6508";"2025-12-05 08:22:00";"-41,9783333333";"-61,6375";"9,7";"250"
"UR ERTZA";"6508";"2025-12-05 08:37:00";"-41,9858333333";"-61,6838333333";"5,4";"260"
"UR ERTZA";"6508";"2025-12-05 08:52:00";"-41,988";"-61,685";"3,8";"80"
"UR ERTZA";"6508";"2025-12-05 09:07:00";"-41,9861666667";"-61,657";"3,8";"85"
"UR ERTZA";"6508";"2025-12-05 09:22:00";"-41,9878333333";"-61,633";"3,8";"90"
"UR ERTZA";"6508";"2025-12-05 09:37:00";"-41,9886666667";"-61,6091666667";"4,3";"90"
"UR ERTZA";"6508";"2025-12-05 09:52:00";"-41,9895";"-61,5858333333";"3,8";"95"
"UR ERTZA";"6508";"2025-12-05 10:07:00";"-41,99";"-61,5625";"3,8";"90"
"UR ERTZA";"6508";"2025-12-05 10:22:00";"-41,9903333333";"-61,5388333333";"3,8";"85"
"UR ERTZA";"6508";"2025-12-05 10:37:00";"-41,9903333333";"-61,5158333333";"3,2";"85"
"UR ERTZA";"6508";"2025-12-05 10:52:00";"-41,9908333333";"-61,493";"3,8";"85"
"UR ERTZA";"6508";"2025-12-05 11:07:00";"-41,9905";"-61,47";"3,8";"85"
"UR ERTZA";"6508";"2025-12-05 11:22:00";"-41,99";"-61,4471666667";"3,8";"85"
"UR ERTZA";"6508";"2025-12-05 11:37:00";"-41,9903333333";"-61,4245";"3,8";"85"
"UR ERTZA";"6508";"2025-12-05 11:52:00";"-41,9903333333";"-61,4016666667";"3,8";"85"
"UR ERTZA";"6508";"2025-12-05 12:07:00";"-41,9903333333";"-61,3786666667";"3,8";"90"
"UR ERTZA";"6508";"2025-12-05 12:22:00";"-41,9903333333";"-61,3555";"3,8";"85"
"UR ERTZA";"6508";"2025-12-05 12:37:00";"-41,9886666667";"-61,3441666667";"1,1";"45"
"UR ERTZA";"6508";"2025-12-05 12:52:00";"-41,9863333333";"-61,3513333333";"9,2";"255"
"UR ERTZA";"6508";"2025-12-05 13:07:00";"-41,9895";"-61,362";"5,4";"80"
"UR ERTZA";"6508";"2025-12-05 13:22:00";"-41,9888333333";"-61,3338333333";"4,3";"85"
"UR ERTZA";"6508";"2025-12-05 13:37:00";"-41,9891666667";"-61,3086666667";"4,3";"85"
"UR ERTZA";"6508";"2025-12-05 13:52:00";"-41,9896666667";"-61,2833333333";"4,3";"85"
"UR ERTZA";"6508";"2025-12-05 14:07:00";"-41,9896666667";"-61,2578333333";"4,3";"90"
"UR ERTZA";"6508";"2025-12-05 14:22:00";"-41,9895";"-61,232";"4,3";"90"
"UR ERTZA";"6508";"2025-12-05 14:37:00";"-41,9891666667";"-61,2058333333";"4,3";"85"
"UR ERTZA";"6508";"2025-12-05 14:52:00";"-41,9891666667";"-61,1795";"4,3";"90"
"UR ERTZA";"6508";"2025-12-05 15:07:00";"-41,9891666667";"-61,1528333333";"4,3";"85"
"UR ERTZA";"6508";"2025-12-05 15:22:00";"-41,9888333333";"-61,1261666667";"4,9";"90"
"UR ERTZA";"6508";"2025-12-05 15:37:00";"-41,9886666667";"-61,0991666667";"4,3";"85"
"UR ERTZA";"6508";"2025-12-05 15:52:00";"-41,9883333333";"-61,072";"3,8";"90"
"UR ERTZA";"6508";"2025-12-05 16:07:00";"-41,9883333333";"-61,0453333333";"5,4";"90"
"UR ERTZA";"6508";"2025-12-05 16:22:00";"-41,9886666667";"-61,018";"4,9";"90"
"UR ERTZA";"6508";"2025-12-05 16:37:00";"-41,9895";"-60,9913333333";"4,9";"90"
"UR ERTZA";"6508";"2025-12-05 16:52:00";"-41,9895";"-60,9646666667";"3,2";"80"
"UR ERTZA";"6508";"2025-12-05 17:07:00";"-41,9853333333";"-60,9545";"3,8";"70"
"UR ERTZA";"6508";"2025-12-05 17:22:00";"-41,9883333333";"-60,9853333333";"8,6";"275"
"UR ERTZA";"6508";"2025-12-05 17:37:00";"-41,9866666667";"-60,9645";"5,9";"90"
"UR ERTZA";"6508";"2025-12-05 17:52:00";"-41,9866666667";"-60,935";"4,9";"85"
"UR ERTZA";"6508";"2025-12-05 18:07:00";"-41,9871666667";"-60,907";"4,9";"95"
"UR ERTZA";"6508";"2025-12-05 18:22:00";"-41,9883333333";"-60,8796666667";"4,9";"90"
"UR ERTZA";"6508";"2025-12-05 18:37:00";"-41,9883333333";"-60,853";"4,3";"85"
"UR ERTZA";"6508";"2025-12-05 18:52:00";"-41,9883333333";"-60,8266666667";"4,9";"90"
"UR ERTZA";"6508";"2025-12-05 19:07:00";"-41,9883333333";"-60,8003333333";"4,3";"90"
"UR ERTZA";"6508";"2025-12-05 19:22:00";"-41,9886666667";"-60,7746666667";"4,3";"90"
"UR ERTZA";"6508";"2025-12-05 19:37:00";"-41,9883333333";"-60,7491666667";"4,3";"85"
"UR ERTZA";"6508";"2025-12-05 19:52:00";"-41,988";"-60,7241666667";"4,3";"85"
"UR ERTZA";"6508";"2025-12-05 20:07:00";"-41,9878333333";"-60,6996666667";"4,3";"85"
"UR ERTZA";"6508";"2025-12-05 20:22:00";"-41,9871666667";"-60,6766666667";"0,5";"340"
"UR ERTZA";"6508";"2025-12-05 20:37:00";"-41,9803333333";"-60,6691666667";"3,8";"60"
"UR ERTZA";"6508";"2025-12-05 20:52:00";"-41,9771666667";"-60,7013333333";"4,9";"275"
"UR ERTZA";"6508";"2025-12-05 21:07:00";"-41,9755";"-60,7313333333";"4,3";"275"
"UR ERTZA";"6508";"2025-12-05 21:22:00";"-41,9753333333";"-60,7575";"4,3";"270"
"UR ERTZA";"6508";"2025-12-05 21:37:00";"-41,9755";"-60,7841666667";"4,3";"265"
"UR ERTZA";"6508";"2025-12-05 21:52:00";"-41,9766666667";"-60,8105";"4,3";"265"
"UR ERTZA";"6508";"2025-12-05 22:07:00";"-41,9771666667";"-60,8371666667";"4,3";"265"
"UR ERTZA";"6508";"2025-12-05 22:22:00";"-41,9775";"-60,8641666667";"4,3";"270"
"UR ERTZA";"6508";"2025-12-05 22:37:00";"-41,9771666667";"-60,8911666667";"4,3";"265"
"UR ERTZA";"6508";"2025-12-05 22:52:00";"-41,9771666667";"-60,9178333333";"4,3";"265"
"UR ERTZA";"6508";"2025-12-05 23:07:00";"-41,9771666667";"-60,9445";"4,3";"270"
"UR ERTZA";"6508";"2025-12-05 23:22:00";"-41,9771666667";"-60,9705";"4,3";"270"
"UR ERTZA";"6508";"2025-12-05 23:37:00";"-41,9775";"-60,9971666667";"4,9";"265"
"UR ERTZA";"6508";"2025-12-05 23:52:00";"-41,9778333333";"-61,0241666667";"4,9";"265"
"UR ERTZA";"6508";"2025-12-06 00:07:00";"-41,9771666667";"-61,0466666667";"0,0";"20"
"UR ERTZA";"6508";"2025-12-06 00:22:00";"-41,975";"-61,0603333333";"3,8";"265"
"UR ERTZA";"6508";"2025-12-06 00:37:00";"-41,9836666667";"-61,0396666667";"6,5";"285"
"UR ERTZA";"6508";"2025-12-06 00:52:00";"-41,9816666667";"-61,0888333333";"8,6";"265"
"UR ERTZA";"6508";"2025-12-06 01:07:00";"-41,9808333333";"-61,1383333333";"9,2";"275"
"UR ERTZA";"6508";"2025-12-06 01:22:00";"-41,98";"-61,1878333333";"8,1";"270"
"UR ERTZA";"6508";"2025-12-06 01:37:00";"-41,9791666667";"-61,2358333333";"8,6";"270"
"UR ERTZA";"6508";"2025-12-06 01:52:00";"-41,9791666667";"-61,28";"6,5";"265"
"UR ERTZA";"6508";"2025-12-06 02:07:00";"-41,9795";"-61,3216666667";"7,0";"265"
"UR ERTZA";"6508";"2025-12-06 02:22:00";"-41,9796666667";"-61,3625";"6,5";"270"
"UR ERTZA";"6508";"2025-12-06 02:37:00";"-41,9786666667";"-61,403";"6,5";"275"
"UR ERTZA";"6508";"2025-12-06 02:52:00";"-41,9778333333";"-61,4428333333";"6,5";"270"
"UR ERTZA";"6508";"2025-12-06 03:07:00";"-41,977";"-61,4825";"7,6";"270"
"UR ERTZA";"6508";"2025-12-06 03:22:00";"-41,977";"-61,5216666667";"6,5";"265"
"UR ERTZA";"6508";"2025-12-06 03:37:00";"-41,9766666667";"-61,56";"7,0";"270"
"UR ERTZA";"6508";"2025-12-06 03:52:00";"-41,9758333333";"-61,5978333333";"5,9";"260"
"UR ERTZA";"6508";"2025-12-06 04:07:00";"-41,9758333333";"-61,6346666667";"5,9";"265"
"UR ERTZA";"6508";"2025-12-06 04:22:00";"-41,9753333333";"-61,6711666667";"6,5";"270"
"UR ERTZA";"6508";"2025-12-06 04:37:00";"-41,9753333333";"-61,7075";"5,9";"270"
"UR ERTZA";"6508";"2025-12-06 04:52:00";"-41,9775";"-61,7188333333";"8,6";"95"
"UR ERTZA";"6508";"2025-12-06 05:07:00";"-41,9738333333";"-61,6703333333";"8,6";"90"
"UR ERTZA";"6508";"2025-12-06 05:22:00";"-41,9666666667";"-61,6345";"6,5";"355"
"UR ERTZA";"6508";"2025-12-06 05:38:00";"-41,9638333333";"-61,6655";"6,5";"265"
"UR ERTZA";"6508";"2025-12-06 05:52:00";"-41,9653333333";"-61,6996666667";"5,4";"260"
"UR ERTZA";"6508";"2025-12-06 06:08:00";"-41,9703333333";"-61,7345";"6,5";"250"
"UR ERTZA";"6508";"2025-12-06 06:23:00";"-41,9778333333";"-61,7688333333";"5,9";"250"
"UR ERTZA";"6508";"2025-12-06 06:38:00";"-41,9845";"-61,743";"8,6";"90"
"UR ERTZA";"6508";"2025-12-06 06:53:00";"-41,9858333333";"-61,6936666667";"8,1";"90"
"UR ERTZA";"6508";"2025-12-06 07:07:00";"-41,9883333333";"-61,6525";"4,3";"130"
"UR ERTZA";"6508";"2025-12-06 07:23:00";"-41,9888333333";"-61,6633333333";"3,8";"265"
"UR ERTZA";"6508";"2025-12-06 07:38:00";"-41,9871666667";"-61,665";"4,3";"265"
"UR ERTZA";"6508";"2025-12-06 07:53:00";"-41,9875";"-61,6811666667";"1,6";"325"
"UR ERTZA";"6508";"2025-12-06 08:08:00";"-41,9886666667";"-61,667";"2,2";"170"
"UR ERTZA";"6508";"2025-12-06 08:23:00";"-41,99";"-61,663";"2,2";"55"
"UR ERTZA";"6508";"2025-12-06 08:38:00";"-41,9896666667";"-61,6691666667";"4,3";"275"
"UR ERTZA";"6508";"2025-12-06 08:53:00";"-41,99";"-61,658";"5,9";"90"
"UR ERTZA";"6508";"2025-12-06 09:07:00";"-41,99";"-61,6295";"4,3";"90"
"UR ERTZA";"6508";"2025-12-06 09:23:00";"-41,99";"-61,6038333333";"4,3";"90"
"UR ERTZA";"6508";"2025-12-06 09:38:00";"-41,9896666667";"-61,5791666667";"4,3";"85"
"UR ERTZA";"6508";"2025-12-06 09:53:00";"-41,99";"-61,5546666667";"3,8";"85"
"UR ERTZA";"6508";"2025-12-06 10:08:00";"-41,99";"-61,5305";"3,8";"90"
"UR ERTZA";"6508";"2025-12-06 10:22:00";"-41,99";"-61,507";"4,3";"85"
"UR ERTZA";"6508";"2025-12-06 10:37:00";"-41,99";"-61,4836666667";"3,8";"90"
"UR ERTZA";"6508";"2025-12-06 10:53:00";"-41,99";"-61,4603333333";"3,8";"85"
"UR ERTZA";"6508";"2025-12-06 11:07:00";"-41,99";"-61,4375";"3,8";"95"
"UR ERTZA";"6508";"2025-12-06 11:23:00";"-41,9903333333";"-61,4146666667";"3,8";"95"
"UR ERTZA";"6508";"2025-12-06 11:38:00";"-41,9905";"-61,3921666667";"3,8";"85"
"UR ERTZA";"6508";"2025-12-06 11:53:00";"-41,9905";"-61,3691666667";"3,8";"95"
"UR ERTZA";"6508";"2025-12-06 12:07:00";"-41,9905";"-61,347";"3,2";"90"
"UR ERTZA";"6508";"2025-12-06 12:23:00";"-41,9896666667";"-61,3241666667";"3,8";"80"
"UR ERTZA";"6508";"2025-12-06 12:38:00";"-41,988";"-61,3145";"0,0";"10"
"UR ERTZA";"6508";"2025-12-06 12:52:00";"-41,9886666667";"-61,3225";"10,3";"245"
"UR ERTZA";"6508";"2025-12-06 13:08:00";"-41,993";"-61,3416666667";"4,3";"90"
"UR ERTZA";"6508";"2025-12-06 13:23:00";"-41,9925";"-61,3145";"4,3";"85"
"UR ERTZA";"6508";"2025-12-06 13:38:00";"-41,9911666667";"-61,2895";"4,3";"90"
"UR ERTZA";"6508";"2025-12-06 13:53:00";"-41,993";"-61,2646666667";"4,3";"100"
"UR ERTZA";"6508";"2025-12-06 14:08:00";"-41,9945";"-61,2395";"4,3";"85"
"UR ERTZA";"6508";"2025-12-06 14:23:00";"-41,9946666667";"-61,2136666667";"3,8";"90"
"UR ERTZA";"6508";"2025-12-06 14:38:00";"-41,9946666667";"-61,1871666667";"4,3";"90"
"UR ERTZA";"6508";"2025-12-06 14:53:00";"-41,9946666667";"-61,1613333333";"4,3";"85"
"UR ERTZA";"6508";"2025-12-06 15:08:00";"-41,9946666667";"-61,1346666667";"4,9";"85"
"UR ERTZA";"6508";"2025-12-06 15:23:00";"-41,9946666667";"-61,1078333333";"4,9";"85"
"UR ERTZA";"6508";"2025-12-06 15:38:00";"-41,9945";"-61,0803333333";"4,9";"90"
"UR ERTZA";"6508";"2025-12-06 15:53:00";"-41,9941666667";"-61,0525";"4,3";"90"
"UR ERTZA";"6508";"2025-12-06 16:08:00";"-41,9945";"-61,025";"4,9";"90"
"UR ERTZA";"6508";"2025-12-06 16:23:00";"-41,9938333333";"-60,997";"4,9";"80"
"UR ERTZA";"6508";"2025-12-06 16:38:00";"-41,9925";"-60,9816666667";"1,1";"70"
"UR ERTZA";"6508";"2025-12-06 16:53:00";"-41,9908333333";"-60,9786666667";"8,1";"255"
"UR ERTZA";"6508";"2025-12-06 17:08:00";"-41,9928333333";"-61,0083333333";"5,4";"95"
"UR ERTZA";"6508";"2025-12-06 17:23:00";"-41,9933333333";"-60,9761666667";"4,9";"85"
"UR ERTZA";"6508";"2025-12-06 17:38:00";"-41,9938333333";"-60,9486666667";"4,9";"90"
"UR ERTZA";"6508";"2025-12-06 17:53:00";"-41,9941666667";"-60,9213333333";"4,3";"90"
"UR ERTZA";"6508";"2025-12-06 18:08:00";"-41,9941666667";"-60,8941666667";"4,3";"85"
"UR ERTZA";"6508";"2025-12-06 18:23:00";"-41,9941666667";"-60,8671666667";"4,9";"80"
"UR ERTZA";"6508";"2025-12-06 18:38:00";"-41,9938333333";"-60,8405";"4,3";"85"
"UR ERTZA";"6508";"2025-12-06 18:53:00";"-41,9938333333";"-60,8138333333";"4,3";"90"
"UR ERTZA";"6508";"2025-12-06 19:08:00";"-41,9938333333";"-60,7871666667";"4,3";"85"
"UR ERTZA";"6508";"2025-12-06 19:23:00";"-41,9938333333";"-60,7611666667";"4,3";"90"
"UR ERTZA";"6508";"2025-12-06 19:38:00";"-41,9941666667";"-60,7346666667";"4,3";"90"
"UR ERTZA";"6508";"2025-12-06 19:53:00";"-41,9938333333";"-60,7083333333";"4,3";"85"
"UR ERTZA";"6508";"2025-12-06 20:08:00";"-41,993";"-60,6825";"4,3";"85"
"UR ERTZA";"6508";"2025-12-06 20:23:00";"-41,9916666667";"-60,6591666667";"0,0";"350"
"UR ERTZA";"6508";"2025-12-06 20:38:00";"-41,9886666667";"-60,6483333333";"3,2";"90"
"UR ERTZA";"6508";"2025-12-06 20:53:00";"-41,9695";"-60,6591666667";"5,9";"300"
"UR ERTZA";"6508";"2025-12-06 21:08:00";"-41,9641666667";"-60,6861666667";"3,8";"280"
"UR ERTZA";"6508";"2025-12-06 21:23:00";"-41,9636666667";"-60,7108333333";"4,3";"270"
"UR ERTZA";"6508";"2025-12-06 21:38:00";"-41,963";"-60,7361666667";"3,8";"270"
"UR ERTZA";"6508";"2025-12-06 21:53:00";"-41,963";"-60,7608333333";"4,3";"270"
"UR ERTZA";"6508";"2025-12-06 22:08:00";"-41,963";"-60,7858333333";"4,3";"265"
"UR ERTZA";"6508";"2025-12-06 22:23:00";"-41,963";"-60,8108333333";"4,3";"265"
"UR ERTZA";"6508";"2025-12-06 22:38:00";"-41,963";"-60,8363333333";"4,3";"270"
"UR ERTZA";"6508";"2025-12-06 22:53:00";"-41,963";"-60,862";"4,3";"265"
"UR ERTZA";"6508";"2025-12-06 23:08:00";"-41,963";"-60,8875";"4,3";"265"
"UR ERTZA";"6508";"2025-12-06 23:23:00";"-41,9628333333";"-60,9133333333";"4,3";"270"
"UR ERTZA";"6508";"2025-12-06 23:38:00";"-41,963";"-60,9391666667";"4,3";"265"
"UR ERTZA";"6508";"2025-12-06 23:53:00";"-41,9633333333";"-60,9653333333";"4,3";"265"
"UR ERTZA";"6508";"2025-12-07 00:08:00";"-41,962";"-60,9766666667";"3,2";"275"
"UR ERTZA";"6508";"2025-12-07 00:23:00";"-41,975";"-60,9936666667";"5,4";"180"
"UR ERTZA";"6508";"2025-12-07 00:38:00";"-41,9921666667";"-60,9725";"5,4";"105"
"UR ERTZA";"6508";"2025-12-07 00:53:00";"-41,9955";"-60,937";"7,6";"90"
"UR ERTZA";"6508";"2025-12-07 01:08:00";"-41,9963333333";"-60,8936666667";"7,6";"90"
"UR ERTZA";"6508";"2025-12-07 01:23:00";"-41,9963333333";"-60,8503333333";"7,6";"85"
"UR ERTZA";"6508";"2025-12-07 01:38:00";"-41,9966666667";"-60,8063333333";"8,1";"90"
"UR ERTZA";"6508";"2025-12-07 01:53:00";"-41,997";"-60,7555";"8,6";"90"
"UR ERTZA";"6508";"2025-12-07 02:08:00";"-41,997";"-60,7028333333";"9,2";"90"
"UR ERTZA";"6508";"2025-12-07 02:23:00";"-41,9945";"-60,6508333333";"9,2";"60"
"UR ERTZA";"6508";"2025-12-07 02:38:00";"-41,9903333333";"-60,5983333333";"9,2";"85"
"UR ERTZA";"6508";"2025-12-07 02:53:00";"-41,9896666667";"-60,5446666667";"9,7";"90"
"UR ERTZA";"6508";"2025-12-07 03:08:00";"-41,9891666667";"-60,4916666667";"8,1";"90"
"UR ERTZA";"6508";"2025-12-07 03:23:00";"-41,9891666667";"-60,4371666667";"9,2";"90"
"UR ERTZA";"6508";"2025-12-07 03:38:00";"-41,9603333333";"-60,4325";"9,2";"325"
"UR ERTZA";"6508";"2025-12-07 03:53:00";"-41,9488333333";"-60,4733333333";"8,1";"280"
"UR ERTZA";"6508";"2025-12-07 04:08:00";"-41,9453333333";"-60,5186666667";"7,6";"265"
"UR ERTZA";"6508";"2025-12-07 04:23:00";"-41,9433333333";"-60,5638333333";"7,6";"265"
"UR ERTZA";"6508";"2025-12-07 04:38:00";"-41,9433333333";"-60,6095";"8,1";"265"
"UR ERTZA";"6508";"2025-12-07 04:53:00";"-41,9436666667";"-60,6541666667";"7,6";"265"
"UR ERTZA";"6508";"2025-12-07 05:08:00";"-41,9438333333";"-60,6986666667";"8,1";"265"
"UR ERTZA";"6508";"2025-12-07 05:23:00";"-41,9433333333";"-60,7425";"7,6";"270"
"UR ERTZA";"6508";"2025-12-07 05:38:00";"-41,942";"-60,7861666667";"7,6";"270"
"UR ERTZA";"6508";"2025-12-07 05:53:00";"-41,9408333333";"-60,8303333333";"7,6";"265"
"UR ERTZA";"6508";"2025-12-07 06:08:00";"-41,9405";"-60,8738333333";"7,6";"265"
"UR ERTZA";"6508";"2025-12-07 06:23:00";"-41,9405";"-60,9136666667";"7,0";"265"
"UR ERTZA";"6508";"2025-12-07 06:38:00";"-41,9405";"-60,953";"6,5";"270"
"UR ERTZA";"6508";"2025-12-07 06:53:00";"-41,9396666667";"-60,9913333333";"6,5";"270"
"UR ERTZA";"6508";"2025-12-07 07:08:00";"-41,9605";"-61,0";"7,0";"170"
"UR ERTZA";"6508";"2025-12-07 07:23:00";"-41,9855";"-61,0161666667";"5,9";"230"
"UR ERTZA";"6508";"2025-12-07 07:38:00";"-41,9896666667";"-61,043";"4,3";"270"
"UR ERTZA";"6508";"2025-12-07 07:53:00";"-41,9916666667";"-61,0671666667";"4,3";"150"
"UR ERTZA";"6508";"2025-12-07 08:08:00";"-41,993";"-61,0366666667";"5,4";"90"
"UR ERTZA";"6508";"2025-12-07 08:23:00";"-41,9925";"-61,0228333333";"4,9";"260"
"UR ERTZA";"6508";"2025-12-07 08:38:00";"-41,9945";"-61,0205";"4,9";"85"
"UR ERTZA";"6508";"2025-12-07 08:53:00";"-41,9941666667";"-60,9905";"4,3";"85"
"UR ERTZA";"6508";"2025-12-07 09:08:00";"-41,9941666667";"-60,9655";"4,3";"85"
"UR ERTZA";"6508";"2025-12-07 09:23:00";"-41,9945";"-60,9411666667";"4,3";"90"
"UR ERTZA";"6508";"2025-12-07 09:38:00";"-41,9945";"-60,917";"3,8";"85"
"UR ERTZA";"6508";"2025-12-07 09:53:00";"-41,9941666667";"-60,8933333333";"3,8";"90"
"UR ERTZA";"6508";"2025-12-07 10:08:00";"-41,9946666667";"-60,8696666667";"3,8";"85"
"UR ERTZA";"6508";"2025-12-07 10:23:00";"-41,995";"-60,8461666667";"4,3";"95"
"UR ERTZA";"6508";"2025-12-07 10:38:00";"-41,995";"-60,8225";"3,8";"85"
"UR ERTZA";"6508";"2025-12-07 10:53:00";"-41,9953333333";"-60,7988333333";"3,8";"90"
"UR ERTZA";"6508";"2025-12-07 11:08:00";"-41,9955";"-60,7761666667";"3,8";"85"
"UR ERTZA";"6508";"2025-12-07 11:23:00";"-41,9925";"-60,7566666667";"0,5";"235"
"UR ERTZA";"6508";"2025-12-07 11:38:00";"-41,9941666667";"-60,7496666667";"2,7";"95"
"UR ERTZA";"6508";"2025-12-07 11:53:00";"-41,992";"-60,7496666667";"5,9";"275"
"UR ERTZA";"6508";"2025-12-07 12:08:00";"-41,9908333333";"-60,782";"4,3";"270"
"UR ERTZA";"6508";"2025-12-07 12:23:00";"-41,9908333333";"-60,8095";"4,3";"270"
"UR ERTZA";"6508";"2025-12-07 12:38:00";"-41,9905";"-60,8363333333";"4,9";"270"
"UR ERTZA";"6508";"2025-12-07 12:53:00";"-41,9905";"-60,8636666667";"4,3";"265"
"UR ERTZA";"6508";"2025-12-07 13:08:00";"-41,9903333333";"-60,8903333333";"4,3";"265"
"UR ERTZA";"6508";"2025-12-07 13:23:00";"-41,9903333333";"-60,9171666667";"4,3";"270"
"UR ERTZA";"6508";"2025-12-07 13:38:00";"-41,9903333333";"-60,9441666667";"4,9";"265"
"UR ERTZA";"6508";"2025-12-07 13:53:00";"-41,9911666667";"-60,9711666667";"4,9";"260"
"UR ERTZA";"6508";"2025-12-07 14:08:00";"-41,9928333333";"-60,9978333333";"4,3";"260"
"UR ERTZA";"6508";"2025-12-07 14:23:00";"-41,9938333333";"-61,0241666667";"4,3";"265"
"UR ERTZA";"6508";"2025-12-07 14:38:00";"-41,9941666667";"-61,0505";"4,3";"270"
"UR ERTZA";"6508";"2025-12-07 14:53:00";"-41,9933333333";"-61,0766666667";"4,3";"270"
"UR ERTZA";"6508";"2025-12-07 15:08:00";"-41,9928333333";"-61,1021666667";"4,3";"265"
"UR ERTZA";"6508";"2025-12-07 15:23:00";"-41,9921666667";"-61,128";"4,3";"275"
"UR ERTZA";"6508";"2025-12-07 15:38:00";"-41,9925";"-61,1461666667";"1,1";"200"
"UR ERTZA";"6508";"2025-12-07 15:53:00";"-41,9961666667";"-61,16";"8,1";"270"
"UR ERTZA";"6508";"2025-12-07 16:08:00";"-41,9971666667";"-61,1605";"5,4";"85"
"UR ERTZA";"6508";"2025-12-07 16:23:00";"-41,9978333333";"-61,1321666667";"4,3";"90"
"UR ERTZA";"6508";"2025-12-07 16:38:00";"-41,9975";"-61,1061666667";"4,3";"85"
"UR ERTZA";"6508";"2025-12-07 16:53:00";"-41,9971666667";"-61,0796666667";"4,3";"85"
"UR ERTZA";"6508";"2025-12-07 17:08:00";"-41,9966666667";"-61,0528333333";"4,9";"85"
"UR ERTZA";"6508";"2025-12-07 17:23:00";"-41,997";"-61,0258333333";"4,9";"90"
"UR ERTZA";"6508";"2025-12-07 17:38:00";"-41,997";"-60,9988333333";"4,3";"85"
"UR ERTZA";"6508";"2025-12-07 17:53:00";"-41,9958333333";"-60,972";"4,9";"85"
"UR ERTZA";"6508";"2025-12-07 18:08:00";"-41,9963333333";"-60,9446666667";"4,3";"90"
"UR ERTZA";"6508";"2025-12-07 18:23:00";"-41,997";"-60,9175";"4,9";"85"
"UR ERTZA";"6508";"2025-12-07 18:38:00";"-41,997";"-60,89";"4,9";"85"
"UR ERTZA";"6508";"2025-12-07 18:53:00";"-41,9975";"-60,8628333333";"4,3";"90"
"UR ERTZA";"6508";"2025-12-07 19:08:00";"-41,9975";"-60,835";"4,3";"85"
"UR ERTZA";"6508";"2025-12-07 19:23:00";"-41,9966666667";"-60,8078333333";"4,3";"85"
"UR ERTZA";"6508";"2025-12-07 19:38:00";"-41,9966666667";"-60,7805";"4,3";"90"
"UR ERTZA";"6508";"2025-12-07 19:53:00";"-41,9955";"-60,7536666667";"4,3";"85"
"UR ERTZA";"6508";"2025-12-07 20:08:00";"-41,9946666667";"-60,7358333333";"2,7";"105"
"UR ERTZA";"6508";"2025-12-07 20:23:00";"-41,9941666667";"-60,7088333333";"10,8";"90"
"UR ERTZA";"6508";"2025-12-07 20:38:00";"-41,9888333333";"-60,702";"4,9";"290"
"UR ERTZA";"6508";"2025-12-07 20:53:00";"-41,9833333333";"-60,7266666667";"3,8";"270"
"UR ERTZA";"6508";"2025-12-07 21:08:00";"-41,9833333333";"-60,7503333333";"3,8";"265"
"UR ERTZA";"6508";"2025-12-07 21:23:00";"-41,9833333333";"-60,7736666667";"3,8";"270"
"UR ERTZA";"6508";"2025-12-07 21:38:00";"-41,9833333333";"-60,7971666667";"3,8";"270"
"UR ERTZA";"6508";"2025-12-07 21:53:00";"-41,9833333333";"-60,8208333333";"3,8";"270"
"UR ERTZA";"6508";"2025-12-07 22:08:00";"-41,9836666667";"-60,8446666667";"4,3";"265"
"UR ERTZA";"6508";"2025-12-07 22:23:00";"-41,9833333333";"-60,8688333333";"4,3";"265"
"UR ERTZA";"6508";"2025-12-07 22:38:00";"-41,983";"-60,8933333333";"4,3";"265"
"UR ERTZA";"6508";"2025-12-07 22:53:00";"-41,9838333333";"-60,918";"3,8";"265"
"UR ERTZA";"6508";"2025-12-07 23:08:00";"-41,9841666667";"-60,9421666667";"3,8";"265"
"UR ERTZA";"6508";"2025-12-07 23:23:00";"-41,9841666667";"-60,9671666667";"4,3";"270"
"UR ERTZA";"6508";"2025-12-07 23:38:00";"-41,9838333333";"-60,992";"3,8";"270"
"UR ERTZA";"6508";"2025-12-07 23:53:00";"-41,9836666667";"-61,0171666667";"4,3";"265"
"UR ERTZA";"6508";"2025-12-08 00:08:00";"-41,9833333333";"-61,0403333333";"0,0";"25"
"UR ERTZA";"6508";"2025-12-08 00:23:00";"-41,9836666667";"-61,05";"3,2";"265"
"UR ERTZA";"6508";"2025-12-08 00:38:00";"-41,982";"-61,0858333333";"6,5";"265"
"UR ERTZA";"6508";"2025-12-08 00:53:00";"-41,9836666667";"-61,1238333333";"6,5";"265"
"UR ERTZA";"6508";"2025-12-08 01:08:00";"-41,9878333333";"-61,163";"7,0";"255"
"UR ERTZA";"6508";"2025-12-08 01:23:00";"-41,9946666667";"-61,2038333333";"7,6";"260"
"UR ERTZA";"6508";"2025-12-08 01:38:00";"-41,9971666667";"-61,2508333333";"9,7";"270"
"UR ERTZA";"6508";"2025-12-08 01:53:00";"-41,9966666667";"-61,3091666667";"10,3";"270"
"UR ERTZA";"6508";"2025-12-08 02:08:00";"-41,9963333333";"-61,3683333333";"10,3";"270"
"UR ERTZA";"6508";"2025-12-08 02:23:00";"-41,9953333333";"-61,4271666667";"10,3";"265"
"UR ERTZA";"6508";"2025-12-08 02:38:00";"-41,9946666667";"-61,4863333333";"10,3";"270"
"UR ERTZA";"6508";"2025-12-08 02:53:00";"-41,9955";"-61,5455";"10,8";"265"
"UR ERTZA";"6508";"2025-12-08 03:08:00";"-41,9953333333";"-61,6045";"10,3";"265"
"UR ERTZA";"6508";"2025-12-08 03:23:00";"-41,9945";"-61,663";"10,3";"270"
"UR ERTZA";"6508";"2025-12-08 03:38:00";"-41,995";"-61,6995";"5,4";"85"
"UR ERTZA";"6508";"2025-12-08 03:53:00";"-41,9953333333";"-61,6611666667";"7,0";"85"
"UR ERTZA";"6508";"2025-12-08 04:08:00";"-41,9955";"-61,6213333333";"7,6";"90"
"UR ERTZA";"6508";"2025-12-08 04:23:00";"-41,9953333333";"-61,5813333333";"7,0";"90"
"UR ERTZA";"6508";"2025-12-08 04:38:00";"-41,9955";"-61,5411666667";"7,0";"85"
"UR ERTZA";"6508";"2025-12-08 04:53:00";"-41,9945";"-61,5025";"3,2";"315"
"UR ERTZA";"6508";"2025-12-08 05:08:00";"-41,9946666667";"-61,5361666667";"4,3";"260"
"UR ERTZA";"6508";"2025-12-08 05:23:00";"-41,995";"-61,5633333333";"4,3";"270"
"UR ERTZA";"6508";"2025-12-08 05:38:00";"-41,9953333333";"-61,5903333333";"4,3";"270"
"UR ERTZA";"6508";"2025-12-08 05:53:00";"-41,9955";"-61,6163333333";"4,3";"275"
"UR ERTZA";"6508";"2025-12-08 06:08:00";"-41,995";"-61,6421666667";"3,8";"270"
"UR ERTZA";"6508";"2025-12-08 06:23:00";"-41,9945";"-61,667";"4,3";"270"
"UR ERTZA";"6508";"2025-12-08 06:38:00";"-41,9941666667";"-61,6913333333";"3,8";"265"
"UR ERTZA";"6508";"2025-12-08 06:53:00";"-41,9955";"-61,6721666667";"4,9";"90"
"UR ERTZA";"6508";"2025-12-08 07:08:00";"-41,9955";"-61,643";"5,4";"90"
"UR ERTZA";"6508";"2025-12-08 07:23:00";"-41,9955";"-61,6138333333";"5,4";"90"
"UR ERTZA";"6508";"2025-12-08 07:38:00";"-41,9955";"-61,5883333333";"1,6";"235"
"UR ERTZA";"6508";"2025-12-08 07:53:00";"-41,9953333333";"-61,6103333333";"3,8";"265"
"UR ERTZA";"6508";"2025-12-08 08:08:00";"-41,9953333333";"-61,6338333333";"3,8";"260"
"UR ERTZA";"6508";"2025-12-08 08:23:00";"-41,997";"-61,6578333333";"3,8";"265"
"UR ERTZA";"6508";"2025-12-08 08:38:00";"-41,9988333333";"-61,6436666667";"5,9";"85"
"UR ERTZA";"6508";"2025-12-08 08:53:00";"-41,9986666667";"-61,6136666667";"4,9";"85"
"UR ERTZA";"6508";"2025-12-08 09:08:00";"-41,9986666667";"-61,588";"4,3";"80"
"UR ERTZA";"6508";"2025-12-08 09:23:00";"-41,9986666667";"-61,5628333333";"3,8";"90"
"UR ERTZA";"6508";"2025-12-08 09:38:00";"-41,9986666667";"-61,5371666667";"4,3";"85"
"UR ERTZA";"6508";"2025-12-08 09:53:00";"-41,9983333333";"-61,5121666667";"4,3";"85"
"UR ERTZA";"6508";"2025-12-08 10:08:00";"-41,9983333333";"-61,4871666667";"4,3";"85"
"UR ERTZA";"6508";"2025-12-08 10:23:00";"-41,9983333333";"-61,4628333333";"3,8";"75"
"UR ERTZA";"6508";"2025-12-08 10:38:00";"-41,9986666667";"-61,4386666667";"4,3";"90"
"UR ERTZA";"6508";"2025-12-08 10:53:00";"-41,9986666667";"-61,4146666667";"3,8";"90"
"UR ERTZA";"6508";"2025-12-08 11:08:00";"-41,9986666667";"-61,3913333333";"3,8";"85"
"UR ERTZA";"6508";"2025-12-08 11:23:00";"-41,9986666667";"-61,3683333333";"3,8";"85"
"UR ERTZA";"6508";"2025-12-08 11:38:00";"-41,9986666667";"-61,3458333333";"3,8";"85"
"UR ERTZA";"6508";"2025-12-08 11:53:00";"-41,9966666667";"-61,3238333333";"2,7";"65"
"UR ERTZA";"6508";"2025-12-08 12:08:00";"-41,992";"-61,3091666667";"1,1";"230"
"UR ERTZA";"6508";"2025-12-08 12:23:00";"-41,9928333333";"-61,302";"4,3";"120"
"UR ERTZA";"6508";"2025-12-08 12:38:00";"-41,9983333333";"-61,3516666667";"3,8";"165"
"UR ERTZA";"6508";"2025-12-08 12:53:00";"-41,9988333333";"-61,3261666667";"4,3";"80"
"UR ERTZA";"6508";"2025-12-08 13:08:00";"-41,9988333333";"-61,3028333333";"3,8";"85"
"UR ERTZA";"6508";"2025-12-08 13:23:00";"-41,9988333333";"-61,28";"4,3";"90"
"UR ERTZA";"6508";"2025-12-08 13:38:00";"-41,9988333333";"-61,2578333333";"4,3";"95"
"UR ERTZA";"6508";"2025-12-08 13:53:00";"-41,9988333333";"-61,2355";"3,8";"90"
"UR ERTZA";"6508";"2025-12-08 14:08:00";"-41,9988333333";"-61,2133333333";"3,2";"80"
"UR ERTZA";"6508";"2025-12-08 14:23:00";"-41,9988333333";"-61,1911666667";"3,8";"75"
"UR ERTZA";"6508";"2025-12-08 14:38:00";"-41,9988333333";"-61,1686666667";"2,7";"85"
"UR ERTZA";"6508";"2025-12-08 14:53:00";"-41,9988333333";"-61,1461666667";"3,2";"95"
"UR ERTZA";"6508";"2025-12-08 15:08:00";"-41,9988333333";"-61,123";"3,8";"90"
"UR ERTZA";"6508";"2025-12-08 15:23:00";"-41,9988333333";"-61,1003333333";"3,8";"95"
"UR ERTZA";"6508";"2025-12-08 15:38:00";"-41,9988333333";"-61,0771666667";"3,8";"90"
"UR ERTZA";"6508";"2025-12-08 15:53:00";"-41,9963333333";"-61,0545";"3,8";"70"
"UR ERTZA";"6508";"2025-12-08 16:08:00";"-41,9941666667";"-61,0433333333";"0,0";"110"
"UR ERTZA";"6508";"2025-12-08 16:23:00";"-41,9963333333";"-61,048";"8,6";"255"
"UR ERTZA";"6508";"2025-12-08 16:38:00";"-41,9986666667";"-61,0711666667";"4,9";"90"
"UR ERTZA";"6508";"2025-12-08 16:53:00";"-41,9986666667";"-61,0428333333";"3,8";"90"
"UR ERTZA";"6508";"2025-12-08 17:08:00";"-41,9988333333";"-61,0175";"4,3";"85"
"UR ERTZA";"6508";"2025-12-08 17:23:00";"-41,9986666667";"-60,992";"4,3";"85"
"UR ERTZA";"6508";"2025-12-08 17:38:00";"-41,9986666667";"-60,9661666667";"3,8";"85"
"UR ERTZA";"6508";"2025-12-08 17:53:00";"-41,9986666667";"-60,9405";"4,3";"90"
"UR ERTZA";"6508";"2025-12-08 18:08:00";"-41,9986666667";"-60,9145";"4,9";"100"
"UR ERTZA";"6508";"2025-12-08 18:23:00";"-41,9986666667";"-60,8886666667";"4,3";"90"
"UR ERTZA";"6508";"2025-12-08 18:38:00";"-41,9986666667";"-60,8625";"4,9";"85"
"UR ERTZA";"6508";"2025-12-08 18:53:00";"-41,9986666667";"-60,8361666667";"4,3";"80"
"UR ERTZA";"6508";"2025-12-08 19:08:00";"-41,9986666667";"-60,81";"4,3";"90"
"UR ERTZA";"6508";"2025-12-08 19:23:00";"-41,9986666667";"-60,7838333333";"3,8";"90"
"UR ERTZA";"6508";"2025-12-08 19:38:00";"-41,9986666667";"-60,7578333333";"4,3";"85"
"UR ERTZA";"6508";"2025-12-08 19:53:00";"-41,9971666667";"-60,7321666667";"4,3";"75"
"UR ERTZA";"6508";"2025-12-08 20:08:00";"-41,9941666667";"-60,7186666667";"0,5";"90"
"UR ERTZA";"6508";"2025-12-08 20:23:00";"-41,997";"-60,7221666667";"8,6";"260"
"UR ERTZA";"6508";"2025-12-08 20:38:00";"-41,9986666667";"-60,7396666667";"4,9";"90"
"UR ERTZA";"6508";"2025-12-08 20:53:00";"-41,9986666667";"-60,7083333333";"4,3";"85"
"UR ERTZA";"6508";"2025-12-08 21:08:00";"-41,9988333333";"-60,6811666667";"4,9";"90"
"UR ERTZA";"6508";"2025-12-08 21:23:00";"-41,9986666667";"-60,6541666667";"4,3";"85"
"UR ERTZA";"6508";"2025-12-08 21:38:00";"-41,9988333333";"-60,6275";"4,9";"95"
"UR ERTZA";"6508";"2025-12-08 21:53:00";"-41,9988333333";"-60,6008333333";"4,9";"85"
"UR ERTZA";"6508";"2025-12-08 22:08:00";"-41,9988333333";"-60,5745";"4,9";"95"
"UR ERTZA";"6508";"2025-12-08 22:23:00";"-41,9986666667";"-60,5483333333";"3,8";"90"
"UR ERTZA";"6508";"2025-12-08 22:38:00";"-41,9988333333";"-60,5225";"4,3";"85"
"UR ERTZA";"6508";"2025-12-08 22:53:00";"-41,9983333333";"-60,4966666667";"4,3";"80"
"UR ERTZA";"6508";"2025-12-08 23:08:00";"-41,9986666667";"-60,4713333333";"4,3";"85"
"UR ERTZA";"6508";"2025-12-08 23:23:00";"-41,9988333333";"-60,4461666667";"4,9";"90"
"UR ERTZA";"6508";"2025-12-08 23:38:00";"-41,9983333333";"-60,4205";"4,3";"95"
"UR ERTZA";"6508";"2025-12-08 23:53:00";"-41,9983333333";"-60,3946666667";"4,3";"80"
"UR ERTZA";"6508";"2025-12-09 00:08:00";"-41,9946666667";"-60,3788333333";"2,7";"55"
"UR ERTZA";"6508";"2025-12-09 00:23:00";"-41,9888333333";"-60,37";"9,2";"255"
"UR ERTZA";"6508";"2025-12-09 00:38:00";"-41,9961666667";"-60,4266666667";"10,3";"270"
"UR ERTZA";"6508";"2025-12-09 00:53:00";"-41,9955";"-60,4866666667";"10,3";"265"
"UR ERTZA";"6508";"2025-12-09 01:08:00";"-41,995";"-60,547";"10,3";"270"
"UR ERTZA";"6508";"2025-12-09 01:23:00";"-41,9953333333";"-60,6078333333";"10,8";"265"
"UR ERTZA";"6508";"2025-12-09 01:38:00";"-41,9955";"-60,6691666667";"10,8";"270"
"UR ERTZA";"6508";"2025-12-09 01:53:00";"-41,9958333333";"-60,7313333333";"10,3";"270"
"UR ERTZA";"6508";"2025-12-09 02:08:00";"-41,9958333333";"-60,7938333333";"10,8";"270"
"UR ERTZA";"6508";"2025-12-09 02:23:00";"-41,9958333333";"-60,8561666667";"10,8";"265"
"UR ERTZA";"6508";"2025-12-09 02:38:00";"-41,9958333333";"-60,9191666667";"11,3";"270"
"UR ERTZA";"6508";"2025-12-09 02:53:00";"-41,9961666667";"-60,983";"10,8";"270"
"UR ERTZA";"6508";"2025-12-09 03:08:00";"-41,9961666667";"-61,0461666667";"10,8";"270"
"UR ERTZA";"6508";"2025-12-09 03:23:00";"-41,9955";"-61,1096666667";"10,8";"270"
"UR ERTZA";"6508";"2025-12-09 03:38:00";"-41,9946666667";"-61,1725";"11,3";"270"
"UR ERTZA";"6508";"2025-12-09 03:53:00";"-41,9945";"-61,2353333333";"10,8";"265"
"UR ERTZA";"6508";"2025-12-09 04:08:00";"-41,9953333333";"-61,2975";"10,8";"270"
"UR ERTZA";"6508";"2025-12-09 04:23:00";"-41,9958333333";"-61,3595";"10,8";"270"
"UR ERTZA";"6508";"2025-12-09 04:38:00";"-41,997";"-61,4205";"10,3";"265"
"UR ERTZA";"6508";"2025-12-09 04:53:00";"-41,9955";"-61,4813333333";"10,3";"265"
"UR ERTZA";"6508";"2025-12-09 05:08:00";"-41,9945";"-61,542";"10,8";"270"
"UR ERTZA";"6508";"2025-12-09 05:23:00";"-41,9946666667";"-61,6016666667";"10,3";"270"
"UR ERTZA";"6508";"2025-12-09 05:38:00";"-41,9955";"-61,6611666667";"10,8";"270"
"UR ERTZA";"6508";"2025-12-09 05:54:00";"-41,9958333333";"-61,7108333333";"4,9";"275"
"UR ERTZA";"6508";"2025-12-09 06:08:00";"-41,9946666667";"-61,7386666667";"4,9";"270"
"UR ERTZA";"6508";"2025-12-09 06:24:00";"-41,9946666667";"-61,7658333333";"4,3";"270"
"UR ERTZA";"6508";"2025-12-09 06:39:00";"-41,9953333333";"-61,7921666667";"4,3";"265"
"UR ERTZA";"6508";"2025-12-09 06:53:00";"-41,995";"-61,7628333333";"7,6";"85"
"UR ERTZA";"6508";"2025-12-09 07:09:00";"-41,995";"-61,7228333333";"5,9";"85"
"UR ERTZA";"6508";"2025-12-09 07:24:00";"-41,9958333333";"-61,6896666667";"5,4";"95"
"UR ERTZA";"6508";"2025-12-09 07:39:00";"-41,997";"-61,6941666667";"4,3";"255"
"UR ERTZA";"6508";"2025-12-09 07:54:00";"-41,9966666667";"-61,717";"3,2";"70"
"UR ERTZA";"6508";"2025-12-09 08:09:00";"-41,9975";"-61,703";"4,9";"260"
"UR ERTZA";"6508";"2025-12-09 08:24:00";"-41,9988333333";"-61,6978333333";"3,8";"85"
"UR ERTZA";"6508";"2025-12-09 08:39:00";"-41,9988333333";"-61,665";"4,9";"90"
"UR ERTZA";"6508";"2025-12-09 08:54:00";"-41,9988333333";"-61,6383333333";"4,9";"85"
"UR ERTZA";"6508";"2025-12-09 09:09:00";"-41,9988333333";"-61,6111666667";"4,3";"85"
"UR ERTZA";"6508";"2025-12-09 09:23:00";"-41,9986666667";"-61,5845";"4,9";"90"
"UR ERTZA";"6508";"2025-12-09 09:39:00";"-41,9986666667";"-61,5575";"4,9";"90"
"UR ERTZA";"6508";"2025-12-09 09:54:00";"-41,9986666667";"-61,5308333333";"4,9";"85"
"UR ERTZA";"6508";"2025-12-09 10:09:00";"-41,9988333333";"-61,5045";"4,9";"85"
"UR ERTZA";"6508";"2025-12-09 10:24:00";"-41,9986666667";"-61,4788333333";"4,3";"90"
"UR ERTZA";"6508";"2025-12-09 10:39:00";"-41,9988333333";"-61,4536666667";"4,3";"80"
"UR ERTZA";"6508";"2025-12-09 10:54:00";"-41,9986666667";"-61,4291666667";"3,8";"85"
"UR ERTZA";"6508";"2025-12-09 11:09:00";"-41,9988333333";"-61,4053333333";"3,8";"90"
"UR ERTZA";"6508";"2025-12-09 11:24:00";"-41,9988333333";"-61,3811666667";"3,8";"85"
"UR ERTZA";"6508";"2025-12-09 11:39:00";"-41,9988333333";"-61,358";"3,8";"85"
"UR ERTZA";"6508";"2025-12-09 11:54:00";"-41,9971666667";"-61,3355";"3,2";"85"
"UR ERTZA";"6508";"2025-12-09 12:09:00";"-41,9953333333";"-61,323";"1,6";"85"
"UR ERTZA";"6508";"2025-12-09 12:24:00";"-41,997";"-61,3213333333";"8,6";"265"
"UR ERTZA";"6508";"2025-12-09 12:39:00";"-41,9986666667";"-61,3583333333";"5,4";"80"
"UR ERTZA";"6508";"2025-12-09 12:54:00";"-41,9988333333";"-61,3313333333";"3,8";"85"
"UR ERTZA";"6508";"2025-12-09 13:09:00";"-41,9986666667";"-61,308";"3,8";"80"
"UR ERTZA";"6508";"2025-12-09 13:24:00";"-41,9986666667";"-61,2846666667";"3,8";"90"
"UR ERTZA";"6508";"2025-12-09 13:39:00";"-41,9986666667";"-61,262";"3,8";"90"
"UR ERTZA";"6508";"2025-12-09 13:54:00";"-41,9986666667";"-61,2395";"4,3";"90"
"UR ERTZA";"6508";"2025-12-09 14:09:00";"-41,9988333333";"-61,217";"3,8";"80"
"UR ERTZA";"6508";"2025-12-09 14:24:00";"-41,9988333333";"-61,1946666667";"3,8";"90"
"UR ERTZA";"6508";"2025-12-09 14:39:00";"-41,9988333333";"-61,1725";"3,8";"90"
"UR ERTZA";"6508";"2025-12-09 14:54:00";"-41,9971666667";"-61,1513333333";"3,8";"75"
"UR ERTZA";"6508";"2025-12-09 15:09:00";"-41,9963333333";"-61,1471666667";"1,1";"70"
"UR ERTZA";"6508";"2025-12-09 15:24:00";"-41,997";"-61,1696666667";"8,6";"265"
"UR ERTZA";"6508";"2025-12-09 15:39:00";"-41,9983333333";"-61,1866666667";"2,7";"95"
"UR ERTZA";"6508";"2025-12-09 15:54:00";"-41,9986666667";"-61,16";"4,3";"85"
"UR ERTZA";"6508";"2025-12-09 16:09:00";"-41,9986666667";"-61,1361666667";"4,3";"95"
"UR ERTZA";"6508";"2025-12-09 16:24:00";"-41,9988333333";"-61,1121666667";"3,8";"90"
"UR ERTZA";"6508";"2025-12-09 16:39:00";"-41,9988333333";"-61,0883333333";"3,8";"85"
"UR ERTZA";"6508";"2025-12-09 16:54:00";"-41,9988333333";"-61,0646666667";"3,8";"85"
"UR ERTZA";"6508";"2025-12-09 17:09:00";"-41,9988333333";"-61,0411666667";"4,3";"85"
"UR ERTZA";"6508";"2025-12-09 17:24:00";"-41,9988333333";"-61,017";"3,8";"85"
"UR ERTZA";"6508";"2025-12-09 17:39:00";"-41,9988333333";"-60,9921666667";"3,8";"90"
"UR ERTZA";"6508";"2025-12-09 17:54:00";"-41,9988333333";"-60,9678333333";"4,3";"85"
"UR ERTZA";"6508";"2025-12-09 18:09:00";"-41,9988333333";"-60,943";"4,3";"90"
"UR ERTZA";"6508";"2025-12-09 18:24:00";"-41,9988333333";"-60,9183333333";"4,3";"90"
"UR ERTZA";"6508";"2025-12-09 18:39:00";"-41,9991666667";"-60,893";"4,3";"90"
"UR ERTZA";"6508";"2025-12-09 18:54:00";"-41,9978333333";"-60,8683333333";"4,9";"75"
"UR ERTZA";"6508";"2025-12-09 19:09:00";"-41,9955";"-60,8546666667";"0,5";"75"
"UR ERTZA";"6508";"2025-12-09 19:24:00";"-41,997";"-60,8566666667";"8,6";"265"
"UR ERTZA";"6508";"2025-12-09 19:39:00";"-41,9988333333";"-60,8603333333";"5,9";"85"
"UR ERTZA";"6508";"2025-12-09 19:54:00";"-41,9986666667";"-60,8308333333";"4,3";"90"
"UR ERTZA";"6508";"2025-12-09 20:09:00";"-41,9988333333";"-60,8046666667";"4,3";"80"
"UR ERTZA";"6508";"2025-12-09 20:24:00";"-41,9986666667";"-60,7783333333";"4,3";"90"
"UR ERTZA";"6508";"2025-12-09 20:39:00";"-41,9988333333";"-60,7516666667";"4,9";"90"
"UR ERTZA";"6508";"2025-12-09 20:54:00";"-41,9988333333";"-60,725";"4,3";"85"
"UR ERTZA";"6508";"2025-12-09 21:09:00";"-41,9988333333";"-60,6986666667";"4,3";"90"
"UR ERTZA";"6508";"2025-12-09 21:24:00";"-41,9983333333";"-60,6721666667";"4,3";"90"
"UR ERTZA";"6508";"2025-12-09 21:39:00";"-41,9988333333";"-60,6458333333";"4,9";"85"
"UR ERTZA";"6508";"2025-12-09 21:54:00";"-41,9986666667";"-60,6195";"4,3";"85"
"UR ERTZA";"6508";"2025-12-09 22:09:00";"-41,9986666667";"-60,5933333333";"4,3";"80"
"UR ERTZA";"6508";"2025-12-09 22:24:00";"-41,9986666667";"-60,5675";"4,3";"85"
"UR ERTZA";"6508";"2025-12-09 22:39:00";"-41,9983333333";"-60,5411666667";"4,3";"90"
"UR ERTZA";"6508";"2025-12-09 22:54:00";"-41,9986666667";"-60,515";"4,3";"85"
"UR ERTZA";"6508";"2025-12-09 23:09:00";"-41,9986666667";"-60,4888333333";"4,9";"80"
"UR ERTZA";"6508";"2025-12-09 23:24:00";"-41,9986666667";"-60,4633333333";"4,3";"85"
"UR ERTZA";"6508";"2025-12-09 23:39:00";"-41,9978333333";"-60,438";"4,3";"75"
"UR ERTZA";"6508";"2025-12-09 23:54:00";"-41,9941666667";"-60,4228333333";"1,6";"60"
"UR ERTZA";"6508";"2025-12-10 00:09:00";"-41,9913333333";"-60,4063333333";"4,9";"100"
"UR ERTZA";"6508";"2025-12-10 00:24:00";"-41,9928333333";"-60,36";"9,2";"90"
"UR ERTZA";"6508";"2025-12-10 00:39:00";"-41,9925";"-60,3021666667";"10,3";"85"
"UR ERTZA";"6508";"2025-12-10 00:54:00";"-41,9945";"-60,243";"10,3";"90"
"UR ERTZA";"6508";"2025-12-10 01:09:00";"-41,9936666667";"-60,1841666667";"10,3";"85"
"UR ERTZA";"6508";"2025-12-10 01:24:00";"-41,9928333333";"-60,1261666667";"10,3";"85"
"UR ERTZA";"6508";"2025-12-10 01:39:00";"-41,9925";"-60,068";"10,3";"90"
"UR ERTZA";"6508";"2025-12-10 01:54:00";"-41,9928333333";"-60,0158333333";"8,1";"85"
"UR ERTZA";"6508";"2025-12-10 02:09:00";"-41,967";"-60,0078333333";"7,6";"0"
"UR ERTZA";"6508";"2025-12-10 02:24:00";"-41,9371666667";"-60,0075";"7,0";"350"
"UR ERTZA";"6508";"2025-12-10 02:39:00";"-41,9063333333";"-60,0086666667";"7,6";"355"
"UR ERTZA";"6508";"2025-12-10 02:54:00";"-41,8755";"-60,008";"7,0";"0"
"UR ERTZA";"6508";"2025-12-10 03:09:00";"-41,8453333333";"-60,0071666667";"7,6";"355"
"UR ERTZA";"6508";"2025-12-10 03:24:00";"-41,8336666667";"-60,0183333333";"7,0";"190"
"UR ERTZA";"6508";"2025-12-10 03:39:00";"-41,8655";"-60,0213333333";"7,6";"190"
"UR ERTZA";"6508";"2025-12-10 03:54:00";"-41,8975";"-60,0313333333";"7,6";"180"
"UR ERTZA";"6508";"2025-12-10 04:09:00";"-41,9305";"-60,0338333333";"7,6";"170"
"UR ERTZA";"6508";"2025-12-10 04:24:00";"-41,9678333333";"-60,0238333333";"9,2";"150"
"UR ERTZA";"6508";"2025-12-10 04:39:00";"-42,0028333333";"-59,9933333333";"9,7";"140"
"UR ERTZA";"6508";"2025-12-10 04:54:00";"-42,012";"-59,9413333333";"9,7";"95"
"UR ERTZA";"6508";"2025-12-10 05:09:00";"-42,0166666667";"-59,8858333333";"10,3";"90"
"UR ERTZA";"6508";"2025-12-10 05:24:00";"-42,0121666667";"-59,8305";"9,2";"60"
"UR ERTZA";"6508";"2025-12-10 05:39:00";"-42,0096666667";"-59,8771666667";"9,2";"265"
"UR ERTZA";"6508";"2025-12-10 05:54:00";"-42,0146666667";"-59,9211666667";"5,9";"245"
"UR ERTZA";"6508";"2025-12-10 06:09:00";"-42,0233333333";"-59,9545";"5,9";"245"
"UR ERTZA";"6508";"2025-12-10 06:24:00";"-42,0195";"-59,9838333333";"5,9";"70"
"UR ERTZA";"6508";"2025-12-10 06:39:00";"-42,0216666667";"-59,9411666667";"7,0";"90"
"UR ERTZA";"6508";"2025-12-10 06:54:00";"-42,0225";"-59,8961666667";"8,1";"85"
"UR ERTZA";"6508";"2025-12-10 07:09:00";"-42,0258333333";"-59,8755";"6,5";"260"
"UR ERTZA";"6508";"2025-12-10 07:24:00";"-42,0263333333";"-59,9128333333";"5,4";"275"
"UR ERTZA";"6508";"2025-12-10 07:39:00";"-42,0183333333";"-59,9441666667";"5,9";"285"
"UR ERTZA";"6508";"2025-12-10 07:54:00";"-42,0111666667";"-59,9825";"6,5";"275"
"UR ERTZA";"6508";"2025-12-10 08:09:00";"-42,0108333333";"-59,9911666667";"2,2";"10"
"UR ERTZA";"6508";"2025-12-10 08:24:00";"-42,0111666667";"-59,9708333333";"5,4";"95"
"UR ERTZA";"6508";"2025-12-10 08:39:00";"-42,0116666667";"-59,94";"4,3";"90"
"UR ERTZA";"6508";"2025-12-10 08:54:00";"-42,0116666667";"-59,9146666667";"3,8";"85"
"UR ERTZA";"6508";"2025-12-10 09:09:00";"-42,012";"-59,89";"3,8";"85"
"UR ERTZA";"6508";"2025-12-10 09:24:00";"-42,0116666667";"-59,8655";"4,3";"85"
"UR ERTZA";"6508";"2025-12-10 09:39:00";"-42,0116666667";"-59,8413333333";"4,3";"85"
"UR ERTZA";"6508";"2025-12-10 09:54:00";"-42,0116666667";"-59,8171666667";"3,8";"95"
"UR ERTZA";"6508";"2025-12-10 10:09:00";"-42,0116666667";"-59,793";"3,8";"90"
"UR ERTZA";"6508";"2025-12-10 10:24:00";"-42,012";"-59,7688333333";"3,8";"85"
"UR ERTZA";"6508";"2025-12-10 10:39:00";"-42,0121666667";"-59,7445";"3,8";"95"
"UR ERTZA";"6508";"2025-12-10 10:54:00";"-42,0125";"-59,7196666667";"3,8";"85"
"UR ERTZA";"6508";"2025-12-10 11:09:00";"-42,013";"-59,6946666667";"3,8";"95"
"UR ERTZA";"6508";"2025-12-10 11:24:00";"-42,0136666667";"-59,6695";"3,8";"85"
"UR ERTZA";"6508";"2025-12-10 11:39:00";"-42,0133333333";"-59,6445";"3,8";"95"
"UR ERTZA";"6508";"2025-12-10 11:54:00";"-42,0138333333";"-59,6195";"4,3";"90"
"UR ERTZA";"6508";"2025-12-10 12:09:00";"-42,0133333333";"-59,603";"1,6";"65"
"UR ERTZA";"6508";"2025-12-10 12:24:00";"-42,0113333333";"-59,5903333333";"4,9";"180"
"UR ERTZA";"6508";"2025-12-10 12:39:00";"-42,0258333333";"-59,6103333333";"5,9";"255"
"UR ERTZA";"6508";"2025-12-10 12:54:00";"-42,0291666667";"-59,6375";"4,3";"260"
"UR ERTZA";"6508";"2025-12-10 13:09:00";"-42,0316666667";"-59,663";"4,3";"260"
"UR ERTZA";"6508";"2025-12-10 13:24:00";"-42,0338333333";"-59,688";"4,3";"265"
"UR ERTZA";"6508";"2025-12-10 13:39:00";"-42,0353333333";"-59,7133333333";"4,3";"260"
"UR ERTZA";"6508";"2025-12-10 13:54:00";"-42,0371666667";"-59,7386666667";"4,3";"260"
"UR ERTZA";"6508";"2025-12-10 14:09:00";"-42,04";"-59,7641666667";"4,3";"260"
"UR ERTZA";"6508";"2025-12-10 14:24:00";"-42,0416666667";"-59,7903333333";"4,3";"265"
"UR ERTZA";"6508";"2025-12-10 14:39:00";"-42,0433333333";"-59,8161666667";"4,3";"260"
"UR ERTZA";"6508";"2025-12-10 14:54:00";"-42,0445";"-59,8421666667";"4,3";"265"
"UR ERTZA";"6508";"2025-12-10 15:09:00";"-42,045";"-59,8683333333";"4,3";"265"
"UR ERTZA";"6508";"2025-12-10 15:24:00";"-42,0455";"-59,8945";"4,3";"265"
"UR ERTZA";"6508";"2025-12-10 15:39:00";"-42,045";"-59,9095";"2,7";"275"
"UR ERTZA";"6508";"2025-12-10 15:54:00";"-42,0386666667";"-59,932";"10,8";"305"
"UR ERTZA";"6508";"2025-12-10 16:09:00";"-42,0103333333";"-59,9803333333";"10,8";"305"
"UR ERTZA";"6508";"2025-12-10 16:24:00";"-41,985";"-60,0121666667";"5,9";"325"
"UR ERTZA";"6508";"2025-12-10 16:39:00";"-41,9666666667";"-60,0261666667";"4,3";"345"
"UR ERTZA";"6508";"2025-12-10 16:54:00";"-41,9478333333";"-60,0271666667";"4,3";"0"
"UR ERTZA";"6508";"2025-12-10 17:09:00";"-41,9291666667";"-60,0261666667";"4,3";"355"
"UR ERTZA";"6508";"2025-12-10 17:24:00";"-41,9105";"-60,0255";"3,8";"0"
"UR ERTZA";"6508";"2025-12-10 17:39:00";"-41,892";"-60,0253333333";"4,3";"355"
"UR ERTZA";"6508";"2025-12-10 17:54:00";"-41,8736666667";"-60,0255";"3,2";"0"
"UR ERTZA";"6508";"2025-12-10 18:09:00";"-41,867";"-60,028";"0,5";"320"
"UR ERTZA";"6508";"2025-12-10 18:24:00";"-41,8421666667";"-60,023";"10,3";"25"
"UR ERTZA";"6508";"2025-12-10 18:39:00";"-41,8041666667";"-59,9961666667";"9,7";"25"
"UR ERTZA";"6508";"2025-12-10 18:54:00";"-41,7658333333";"-59,9688333333";"9,7";"25"
"UR ERTZA";"6508";"2025-12-10 19:09:00";"-41,7275";"-59,9421666667";"10,8";"25"
"UR ERTZA";"6508";"2025-12-10 19:24:00";"-41,6886666667";"-59,9146666667";"10,8";"25"
"UR ERTZA";"6508";"2025-12-10 19:39:00";"-41,6496666667";"-59,8871666667";"10,3";"25"
"UR ERTZA";"6508";"2025-12-10 19:54:00";"-41,6103333333";"-59,8603333333";"10,8";"25"
"UR ERTZA";"6508";"2025-12-10 20:09:00";"-41,5711666667";"-59,8333333333";"10,3";"25"
"UR ERTZA";"6508";"2025-12-10 20:24:00";"-41,532";"-59,8063333333";"10,3";"25"
"UR ERTZA";"6508";"2025-12-10 20:39:00";"-41,4936666667";"-59,78";"9,7";"25"
"UR ERTZA";"6508";"2025-12-10 20:54:00";"-41,4546666667";"-59,7528333333";"9,7";"25"
"UR ERTZA";"6508";"2025-12-10 21:09:00";"-41,4163333333";"-59,7258333333";"9,7";"25"
"UR ERTZA";"6508";"2025-12-10 21:24:00";"-41,378";"-59,6988333333";"9,7";"25"
"UR ERTZA";"6508";"2025-12-10 21:39:00";"-41,3396666667";"-59,6716666667";"9,7";"25"
"UR ERTZA";"6508";"2025-12-10 21:54:00";"-41,3013333333";"-59,6446666667";"10,8";"25"
"UR ERTZA";"6508";"2025-12-10 22:09:00";"-41,263";"-59,6178333333";"10,3";"25"
"UR ERTZA";"6508";"2025-12-10 22:24:00";"-41,2246666667";"-59,5905";"10,3";"25"
"UR ERTZA";"6508";"2025-12-10 22:39:00";"-41,1863333333";"-59,5628333333";"10,3";"25"
"UR ERTZA";"6508";"2025-12-10 22:54:00";"-41,1483333333";"-59,5353333333";"10,3";"25"
"UR ERTZA";"6508";"2025-12-10 23:09:00";"-41,1095";"-59,5083333333";"10,3";"20"
"UR ERTZA";"6508";"2025-12-10 23:24:00";"-41,0705";"-59,4805";"10,3";"25"
"UR ERTZA";"6508";"2025-12-10 23:39:00";"-41,0311666667";"-59,453";"10,3";"25"
"UR ERTZA";"6508";"2025-12-10 23:54:00";"-40,992";"-59,4258333333";"9,7";"25"
"UR ERTZA";"6508";"2025-12-11 00:09:00";"-40,9525";"-59,3988333333";"10,3";"25"
"UR ERTZA";"6508";"2025-12-11 00:24:00";"-40,913";"-59,3716666667";"10,8";"25"
"UR ERTZA";"6508";"2025-12-11 00:39:00";"-40,873";"-59,3436666667";"10,3";"25"
"UR ERTZA";"6508";"2025-12-11 00:54:00";"-40,8325";"-59,3155";"10,8";"25"
"UR ERTZA";"6508";"2025-12-11 01:09:00";"-40,792";"-59,287";"11,3";"25"
"UR ERTZA";"6508";"2025-12-11 01:24:00";"-40,7513333333";"-59,2583333333";"10,3";"25"
"UR ERTZA";"6508";"2025-12-11 01:39:00";"-40,7108333333";"-59,2311666667";"10,8";"25"
"UR ERTZA";"6508";"2025-12-11 01:54:00";"-40,67";"-59,2045";"10,3";"20"
"UR ERTZA";"6508";"2025-12-11 02:09:00";"-40,6288333333";"-59,1778333333";"10,8";"20"
"UR ERTZA";"6508";"2025-12-11 02:24:00";"-40,5878333333";"-59,1505";"11,3";"25"
"UR ERTZA";"6508";"2025-12-11 02:39:00";"-40,5466666667";"-59,123";"11,3";"25"
"UR ERTZA";"6508";"2025-12-11 02:54:00";"-40,5055";"-59,0955";"11,3";"25"
"UR ERTZA";"6508";"2025-12-11 03:09:00";"-40,465";"-59,0675";"10,8";"25"
"UR ERTZA";"6508";"2025-12-11 03:24:00";"-40,4238333333";"-59,0391666667";"10,8";"25"
"UR ERTZA";"6508";"2025-12-11 03:39:00";"-40,383";"-59,0108333333";"10,8";"25"
"UR ERTZA";"6508";"2025-12-11 03:54:00";"-40,3421666667";"-58,9825";"10,8";"25"
"UR ERTZA";"6508";"2025-12-11 04:09:00";"-40,3013333333";"-58,9541666667";"10,8";"25"
"UR ERTZA";"6508";"2025-12-11 04:24:00";"-40,26";"-58,9261666667";"10,8";"25"
"UR ERTZA";"6508";"2025-12-11 04:39:00";"-40,2186666667";"-58,8988333333";"11,3";"25"
"UR ERTZA";"6508";"2025-12-11 04:54:00";"-40,177";"-58,872";"10,8";"25"
"UR ERTZA";"6508";"2025-12-11 05:09:00";"-40,1358333333";"-58,8445";"10,8";"25"
"UR ERTZA";"6508";"2025-12-11 05:24:00";"-40,0945";"-58,817";"10,8";"25"
"UR ERTZA";"6508";"2025-12-11 05:39:00";"-40,0528333333";"-58,7896666667";"10,8";"25"
"UR ERTZA";"6508";"2025-12-11 05:54:00";"-40,0113333333";"-58,7628333333";"10,8";"25"
"UR ERTZA";"6508";"2025-12-11 06:09:00";"-39,9703333333";"-58,7346666667";"11,3";"25"
"UR ERTZA";"6508";"2025-12-11 06:24:00";"-39,9295";"-58,7058333333";"10,8";"25"
"UR ERTZA";"6508";"2025-12-11 06:39:00";"-39,8883333333";"-58,6771666667";"10,8";"25"
"UR ERTZA";"6508";"2025-12-11 06:54:00";"-39,8471666667";"-58,6496666667";"10,3";"25"
"UR ERTZA";"6508";"2025-12-11 07:09:00";"-39,8066666667";"-58,622";"10,3";"25"
"UR ERTZA";"6508";"2025-12-11 07:24:00";"-39,7658333333";"-58,5941666667";"11,3";"25"
"UR ERTZA";"6508";"2025-12-11 07:39:00";"-39,7246666667";"-58,5666666667";"10,3";"25"
"UR ERTZA";"6508";"2025-12-11 07:54:00";"-39,6838333333";"-58,5388333333";"10,8";"30"
"UR ERTZA";"6508";"2025-12-11 08:09:00";"-39,6433333333";"-58,5105";"10,8";"25"
"UR ERTZA";"6508";"2025-12-11 08:24:00";"-39,6025";"-58,483";"10,3";"25"
"UR ERTZA";"6508";"2025-12-11 08:39:00";"-39,5613333333";"-58,4558333333";"11,3";"25"
"UR ERTZA";"6508";"2025-12-11 08:54:00";"-39,5203333333";"-58,4283333333";"10,8";"25"
"UR ERTZA";"6508";"2025-12-11 09:09:00";"-39,48";"-58,4008333333";"11,3";"25"
"UR ERTZA";"6508";"2025-12-11 09:24:00";"-39,4391666667";"-58,373";"10,3";"25"
"UR ERTZA";"6508";"2025-12-11 09:39:00";"-39,3983333333";"-58,3455";"10,8";"25"
"UR ERTZA";"6508";"2025-12-11 09:54:00";"-39,358";"-58,3175";"10,8";"25"
"UR ERTZA";"6508";"2025-12-11 10:09:00";"-39,3171666667";"-58,2888333333";"10,8";"30"
"UR ERTZA";"6508";"2025-12-11 10:24:00";"-39,2766666667";"-58,26";"10,3";"25"
"UR ERTZA";"6508";"2025-12-11 10:39:00";"-39,2361666667";"-58,2313333333";"11,9";"25"
"UR ERTZA";"6508";"2025-12-11 10:54:00";"-39,1946666667";"-58,203";"10,8";"25"
"UR ERTZA";"6508";"2025-12-11 11:09:00";"-39,1538333333";"-58,175";"10,8";"25"
"UR ERTZA";"6508";"2025-12-11 11:24:00";"-39,1195";"-58,152";"4,3";"25"
"UR ERTZA";"6508";"2025-12-11 11:39:00";"-39,0953333333";"-58,1363333333";"10,8";"25"
"UR ERTZA";"6508";"2025-12-11 11:54:00";"-39,0541666667";"-58,1088333333";"11,3";"25"
"UR ERTZA";"6508";"2025-12-11 12:09:00";"-39,0138333333";"-58,0811666667";"10,3";"25"
"UR ERTZA";"6508";"2025-12-11 12:24:00";"-38,9733333333";"-58,0533333333";"10,8";"25"
"UR ERTZA";"6508";"2025-12-11 12:39:00";"-38,9316666667";"-58,0258333333";"10,8";"25"
"UR ERTZA";"6508";"2025-12-11 12:54:00";"-38,8905";"-57,9991666667";"11,3";"25"
"UR ERTZA";"6508";"2025-12-11 13:09:00";"-38,8496666667";"-57,9716666667";"10,8";"25"
"UR ERTZA";"6508";"2025-12-11 13:24:00";"-38,8091666667";"-57,9433333333";"10,8";"30"
"UR ERTZA";"6508";"2025-12-11 13:39:00";"-38,7688333333";"-57,9153333333";"10,8";"30"
"UR ERTZA";"6508";"2025-12-11 13:54:00";"-38,728";"-57,888";"10,8";"25"
"UR ERTZA";"6508";"2025-12-11 14:09:00";"-38,6875";"-57,8605";"11,3";"35"
"UR ERTZA";"6508";"2025-12-11 14:24:00";"-38,6471666667";"-57,832";"11,3";"25"
"UR ERTZA";"6508";"2025-12-11 14:39:00";"-38,6061666667";"-57,805";"10,8";"25"
"UR ERTZA";"6508";"2025-12-11 14:54:00";"-38,5653333333";"-57,7778333333";"10,8";"25"
"UR ERTZA";"6508";"2025-12-11 15:09:00";"-38,5241666667";"-57,7513333333";"10,8";"25"
"UR ERTZA";"6508";"2025-12-11 15:24:00";"-38,483";"-57,725";"10,8";"25"
"UR ERTZA";"6508";"2025-12-11 15:39:00";"-38,442";"-57,6991666667";"9,7";"20"
"UR ERTZA";"6508";"2025-12-11 15:54:00";"-38,4008333333";"-57,6738333333";"10,8";"30"
"UR ERTZA";"6508";"2025-12-11 16:09:00";"-38,36";"-57,6478333333";"10,8";"25"
"UR ERTZA";"6508";"2025-12-11 16:24:00";"-38,3191666667";"-57,6216666667";"10,8";"25"
"UR ERTZA";"6508";"2025-12-11 16:39:00";"-38,2788333333";"-57,5963333333";"10,3";"20"
"UR ERTZA";"6508";"2025-12-11 16:54:00";"-38,2386666667";"-57,5711666667";"10,3";"30"
"UR ERTZA";"6508";"2025-12-11 17:09:00";"-38,1983333333";"-57,5461666667";"10,8";"20"
"UR ERTZA";"6508";"2025-12-11 17:24:00";"-38,158";"-57,5233333333";"9,2";"25"
"UR ERTZA";"6508";"2025-12-11 17:39:00";"-38,1228333333";"-57,5133333333";"10,3";"10"
"UR ERTZA";"6508";"2025-12-11 17:54:00";"-38,0795";"-57,5096666667";"8,6";"0"
"UR ERTZA";"6508";"2025-12-11 18:09:00";"-38,0461666667";"-57,5045";"4,9";"0"
"UR ERTZA";"6508";"2025-12-11 18:24:00";"-38,0308333333";"-57,5108333333";"6,5";"275"
"UR ERTZA";"6508";"2025-12-11 18:39:00";"-38,0441666667";"-57,5336666667";"1,6";"235"
"UR ERTZA";"6508";"2025-12-11 18:54:00";"-38,0461666667";"-57,5366666667";"0,0";"275"
"UR ERTZA";"6508";"2025-12-11 19:09:00";"-38,0461666667";"-57,5366666667";"0,0";"230"
"UR ERTZA";"6508";"2025-12-11 19:24:00";"-38,0461666667";"-57,5366666667";"0,0";"230"
"UR ERTZA";"6508";"2025-12-11 19:39:00";"-38,0461666667";"-57,5366666667";"0,0";"230"
"UR ERTZA";"6508";"2025-12-11 19:54:00";"-38,0461666667";"-57,5366666667";"0,0";"230"
"UR ERTZA";"6508";"2025-12-11 20:09:00";"-38,0461666667";"-57,5366666667";"0,0";"230"
"UR ERTZA";"6508";"2025-12-11 20:24:00";"-38,0461666667";"-57,5366666667";"0,0";"270"
"UR ERTZA";"6508";"2025-12-11 20:39:00";"-38,0461666667";"-57,5366666667";"0,0";"270"
"UR ERTZA";"6508";"2025-12-11 20:54:00";"-38,0461666667";"-57,5366666667";"0,0";"230"
"UR ERTZA";"6508";"2025-12-11 21:09:00";"-38,0461666667";"-57,5366666667";"0,0";"230"
"UR ERTZA";"6508";"2025-12-11 21:24:00";"-38,0461666667";"-57,5366666667";"0,0";"110"
"UR ERTZA";"6508";"2025-12-11 21:39:00";"-38,0461666667";"-57,5366666667";"0,0";"30"
"UR ERTZA";"6508";"2025-12-11 21:54:00";"-38,0461666667";"-57,5366666667";"0,0";"25"
"UR ERTZA";"6508";"2025-12-11 22:09:00";"-38,0461666667";"-57,5366666667";"0,0";"25"
"UR ERTZA";"6508";"2025-12-11 22:24:00";"-38,0461666667";"-57,5366666667";"0,0";"25"
"UR ERTZA";"6508";"2025-12-11 22:39:00";"-38,0461666667";"-57,5366666667";"0,0";"5"
"UR ERTZA";"6508";"2025-12-11 22:54:00";"-38,0461666667";"-57,5366666667";"0,0";"30"
"UR ERTZA";"6508";"2025-12-11 23:09:00";"-38,0461666667";"-57,5366666667";"0,0";"125"
"UR ERTZA";"6508";"2025-12-11 23:24:00";"-38,0461666667";"-57,5366666667";"0,0";"20"
"UR ERTZA";"6508";"2025-12-11 23:39:00";"-38,0461666667";"-57,5366666667";"0,0";"215"
"UR ERTZA";"6508";"2025-12-11 23:54:00";"-38,0461666667";"-57,5366666667";"0,0";"70"
