"Buque";"Matricula";"Fecha";"Latitud";"Longitud";"Velocidad";"Rumbo"
"PIONEROS";"02735";"2025-01-07 00:02:00";"-49,1521666667";"-67,1825";"0,5";"355"
"PIONEROS";"02735";"2025-01-07 00:17:00";"-49,1486666667";"-67,1783333333";"0,5";"20"
"PIONEROS";"02735";"2025-01-07 00:32:00";"-49,1453333333";"-67,1746666667";"0,5";"200"
"PIONEROS";"02735";"2025-01-07 00:47:00";"-49,1413333333";"-67,173";"0,5";"10"
"PIONEROS";"02735";"2025-01-07 01:02:00";"-49,1378333333";"-67,1703333333";"1,1";"60"
"PIONEROS";"02735";"2025-01-07 01:17:00";"-49,1345";"-67,1678333333";"1,6";"35"
"PIONEROS";"02735";"2025-01-07 01:32:00";"-49,1311666667";"-67,1645";"1,1";"25"
"PIONEROS";"02735";"2025-01-07 01:47:00";"-49,138";"-67,1633333333";"8,1";"175"
"PIONEROS";"02735";"2025-01-07 02:02:00";"-49,1411666667";"-67,1625";"1,1";"25"
"PIONEROS";"02735";"2025-01-07 02:17:00";"-49,1366666667";"-67,1583333333";"2,7";"10"
"PIONEROS";"02735";"2025-01-07 02:32:00";"-49,1328333333";"-67,1538333333";"1,1";"5"
"PIONEROS";"02735";"2025-01-07 02:47:00";"-49,1288333333";"-67,1495";"1,1";"30"
"PIONEROS";"02735";"2025-01-07 03:02:00";"-49,128";"-67,1513333333";"6,5";"230"
"PIONEROS";"02735";"2025-01-07 03:17:00";"-49,1613333333";"-67,1738333333";"2,7";"105"
"PIONEROS";"02735";"2025-01-07 03:32:00";"-49,1586666667";"-67,1696666667";"1,1";"10"
"PIONEROS";"02735";"2025-01-07 03:47:00";"-49,1538333333";"-67,1645";"2,2";"50"
"PIONEROS";"02735";"2025-01-07 04:02:00";"-49,1491666667";"-67,1591666667";"1,6";"25"
"PIONEROS";"02735";"2025-01-07 04:17:00";"-49,1445";"-67,1541666667";"1,1";"25"
"PIONEROS";"02735";"2025-01-07 04:32:00";"-49,15";"-67,1575";"9,2";"195"
"PIONEROS";"02735";"2025-01-07 04:47:00";"-49,1628333333";"-67,1553333333";"0,0";"355"
"PIONEROS";"02735";"2025-01-07 05:02:00";"-49,1578333333";"-67,1503333333";"1,1";"35"
"PIONEROS";"02735";"2025-01-07 05:17:00";"-49,1525";"-67,1466666667";"1,1";"0"
"PIONEROS";"02735";"2025-01-07 05:32:00";"-49,1466666667";"-67,1425";"1,6";"35"
"PIONEROS";"02735";"2025-01-07 05:47:00";"-49,1416666667";"-67,1396666667";"0,5";"340"
"PIONEROS";"02735";"2025-01-07 06:02:00";"-49,1425";"-67,1666666667";"9,7";"260"
"PIONEROS";"02735";"2025-01-07 06:17:00";"-49,1486666667";"-67,2258333333";"9,2";"260"
"PIONEROS";"02735";"2025-01-07 06:32:00";"-49,1545";"-67,2838333333";"9,2";"260"
"PIONEROS";"02735";"2025-01-07 06:47:00";"-49,16";"-67,3408333333";"8,6";"260"
"PIONEROS";"02735";"2025-01-07 07:02:00";"-49,1658333333";"-67,3958333333";"8,1";"255"
"PIONEROS";"02735";"2025-01-07 07:17:00";"-49,1736666667";"-67,4483333333";"8,6";"250"
"PIONEROS";"02735";"2025-01-07 07:32:00";"-49,1821666667";"-67,5016666667";"8,1";"245"
"PIONEROS";"02735";"2025-01-07 07:47:00";"-49,1916666667";"-67,5546666667";"8,1";"255"
"PIONEROS";"02735";"2025-01-07 08:02:00";"-49,21";"-67,5986666667";"8,1";"210"
"PIONEROS";"02735";"2025-01-07 08:17:00";"-49,2328333333";"-67,6355";"9,2";"230"
"PIONEROS";"02735";"2025-01-07 08:32:00";"-49,2603333333";"-67,6803333333";"9,7";"200"
"PIONEROS";"02735";"2025-01-07 08:47:00";"-49,2925";"-67,7108333333";"8,6";"225"
"PIONEROS";"02735";"2025-01-07 09:02:00";"-49,2996666667";"-67,7203333333";"0,0";"150"
"PIONEROS";"02735";"2025-01-07 09:17:00";"-49,2996666667";"-67,7203333333";"0,0";"150"
"PIONEROS";"02735";"2025-01-07 09:32:00";"-49,2996666667";"-67,7203333333";"0,0";"150"
"PIONEROS";"02735";"2025-01-07 09:47:00";"-49,2996666667";"-67,7203333333";"0,0";"150"
"PIONEROS";"02735";"2025-01-07 10:02:00";"-49,2996666667";"-67,7203333333";"0,0";"150"
"PIONEROS";"02735";"2025-01-07 10:17:00";"-49,2996666667";"-67,7203333333";"0,0";"150"
"PIONEROS";"02735";"2025-01-07 10:32:00";"-49,2996666667";"-67,7203333333";"0,0";"150"
"PIONEROS";"02735";"2025-01-07 10:47:00";"-49,2996666667";"-67,7203333333";"0,0";"150"
"PIONEROS";"02735";"2025-01-07 11:02:00";"-49,2996666667";"-67,7203333333";"0,0";"150"
"PIONEROS";"02735";"2025-01-07 11:17:00";"-49,2996666667";"-67,7203333333";"0,0";"150"
"PIONEROS";"02735";"2025-01-07 11:32:00";"-49,2996666667";"-67,7203333333";"0,0";"290"
"PIONEROS";"02735";"2025-01-07 11:47:00";"-49,2996666667";"-67,7203333333";"0,0";"290"
"PIONEROS";"02735";"2025-01-07 12:02:00";"-49,2996666667";"-67,7203333333";"0,0";"290"
"PIONEROS";"02735";"2025-01-07 12:17:00";"-49,2996666667";"-67,7203333333";"0,0";"290"
"PIONEROS";"02735";"2025-01-07 12:32:00";"-49,2996666667";"-67,7203333333";"0,0";"290"
"PIONEROS";"02735";"2025-01-07 12:47:00";"-49,2996666667";"-67,7203333333";"0,0";"290"
"PIONEROS";"02735";"2025-01-07 13:02:00";"-49,2996666667";"-67,7203333333";"0,0";"290"
"PIONEROS";"02735";"2025-01-07 13:17:00";"-49,2996666667";"-67,7203333333";"0,0";"290"
"PIONEROS";"02735";"2025-01-07 13:32:00";"-49,2996666667";"-67,7203333333";"0,0";"290"
"PIONEROS";"02735";"2025-01-07 13:47:00";"-49,2996666667";"-67,7203333333";"0,0";"290"
"PIONEROS";"02735";"2025-01-07 14:02:00";"-49,2996666667";"-67,7203333333";"0,0";"290"
"PIONEROS";"02735";"2025-01-07 14:17:00";"-49,2996666667";"-67,7203333333";"0,0";"290"
"PIONEROS";"02735";"2025-01-07 14:32:00";"-49,2996666667";"-67,7203333333";"0,0";"290"
"PIONEROS";"02735";"2025-01-07 14:47:00";"-49,2996666667";"-67,7203333333";"0,0";"290"
"PIONEROS";"02735";"2025-01-07 15:02:00";"-49,2996666667";"-67,7203333333";"0,0";"205"
"PIONEROS";"02735";"2025-01-07 15:17:00";"-49,2996666667";"-67,7203333333";"0,0";"205"
"PIONEROS";"02735";"2025-01-07 15:32:00";"-49,2996666667";"-67,7203333333";"0,0";"205"
"PIONEROS";"02735";"2025-01-07 15:47:00";"-49,2996666667";"-67,7203333333";"0,0";"205"
"PIONEROS";"02735";"2025-01-07 16:02:00";"-49,2996666667";"-67,7203333333";"0,0";"205"
"PIONEROS";"02735";"2025-01-07 16:17:00";"-49,2996666667";"-67,7203333333";"0,0";"205"
"PIONEROS";"02735";"2025-01-07 16:32:00";"-49,2996666667";"-67,7203333333";"0,0";"205"
"PIONEROS";"02735";"2025-01-07 16:47:00";"-49,2996666667";"-67,7203333333";"0,0";"205"
"PIONEROS";"02735";"2025-01-07 17:02:00";"-49,2996666667";"-67,7203333333";"0,0";"205"
"PIONEROS";"02735";"2025-01-07 17:17:00";"-49,2996666667";"-67,7203333333";"0,0";"205"
"PIONEROS";"02735";"2025-01-07 17:32:00";"-49,2996666667";"-67,7203333333";"0,0";"205"
"PIONEROS";"02735";"2025-01-07 17:47:00";"-49,2996666667";"-67,7203333333";"0,0";"205"
"PIONEROS";"02735";"2025-01-07 18:02:00";"-49,2996666667";"-67,7203333333";"0,0";"205"
"PIONEROS";"02735";"2025-01-07 18:17:00";"-49,2996666667";"-67,7203333333";"0,0";"205"
"PIONEROS";"02735";"2025-01-07 18:32:00";"-49,2996666667";"-67,7203333333";"0,0";"205"
"PIONEROS";"02735";"2025-01-07 18:47:00";"-49,2996666667";"-67,7203333333";"0,0";"205"
"PIONEROS";"02735";"2025-01-07 18:56:00";"-49,2996666667";"-67,7203333333";"0,0";"0"
"PIONEROS";"02735";"2025-01-07 19:11:00";"-49,2996666667";"-67,7203333333";"0,0";"305"
"PIONEROS";"02735";"2025-01-07 19:26:00";"-49,2938333333";"-67,7138333333";"6,5";"50"
"PIONEROS";"02735";"2025-01-07 19:41:00";"-49,2728333333";"-67,688";"6,5";"25"
"PIONEROS";"02735";"2025-01-07 19:56:00";"-49,2491666667";"-67,6688333333";"7,0";"50"
"PIONEROS";"02735";"2025-01-07 20:11:00";"-49,2311666667";"-67,633";"7,6";"50"
"PIONEROS";"02735";"2025-01-07 20:26:00";"-49,2163333333";"-67,592";"7,0";"80"
"PIONEROS";"02735";"2025-01-07 20:41:00";"-49,2125";"-67,5436666667";"4,3";"85"
"PIONEROS";"02735";"2025-01-07 20:56:00";"-49,2086666667";"-67,4953333333";"6,5";"85"
"PIONEROS";"02735";"2025-01-07 21:11:00";"-49,203";"-67,4486666667";"9,7";"90"
"PIONEROS";"02735";"2025-01-07 21:26:00";"-49,198";"-67,4";"5,4";"70"
"PIONEROS";"02735";"2025-01-07 21:41:00";"-49,1961666667";"-67,3488333333";"5,4";"95"
"PIONEROS";"02735";"2025-01-07 21:56:00";"-49,1983333333";"-67,2996666667";"8,1";"95"
"PIONEROS";"02735";"2025-01-07 22:11:00";"-49,2053333333";"-67,2496666667";"7,0";"95"
"PIONEROS";"02735";"2025-01-07 22:26:00";"-49,2045";"-67,2138333333";"4,9";"15"
"PIONEROS";"02735";"2025-01-07 22:41:00";"-49,2263333333";"-67,2213333333";"5,4";"205"
"PIONEROS";"02735";"2025-01-07 22:56:00";"-49,2491666667";"-67,235";"5,9";"215"
"PIONEROS";"02735";"2025-01-07 23:11:00";"-49,2521666667";"-67,22";"5,4";"65"
"PIONEROS";"02735";"2025-01-07 23:26:00";"-49,2471666667";"-67,1936666667";"3,8";"80"
"PIONEROS";"02735";"2025-01-07 23:41:00";"-49,2336666667";"-67,1805";"4,3";"10"
"PIONEROS";"02735";"2025-01-07 23:56:00";"-49,2183333333";"-67,1696666667";"3,2";"85"
"PIONEROS";"02735";"2025-01-08 00:11:00";"-49,2441666667";"-67,1811666667";"5,9";"195"
"PIONEROS";"02735";"2025-01-08 00:26:00";"-49,2433333333";"-67,2025";"3,2";"345"
"PIONEROS";"02735";"2025-01-08 00:41:00";"-49,232";"-67,1958333333";"3,2";"30"
"PIONEROS";"02735";"2025-01-08 00:56:00";"-49,2203333333";"-67,187";"4,3";"35"
"PIONEROS";"02735";"2025-01-08 01:11:00";"-49,2091666667";"-67,1771666667";"4,9";"45"
"PIONEROS";"02735";"2025-01-08 01:26:00";"-49,1983333333";"-67,168";"3,2";"20"
"PIONEROS";"02735";"2025-01-08 01:41:00";"-49,1886666667";"-67,1591666667";"4,3";"20"
"PIONEROS";"02735";"2025-01-08 01:56:00";"-49,2063333333";"-67,1746666667";"7,6";"205"
"PIONEROS";"02735";"2025-01-08 02:11:00";"-49,2345";"-67,1986666667";"7,0";"195"
"PIONEROS";"02735";"2025-01-08 02:26:00";"-49,2505";"-67,2103333333";"4,3";"15"
"PIONEROS";"02735";"2025-01-08 02:41:00";"-49,2355";"-67,1938333333";"2,7";"35"
"PIONEROS";"02735";"2025-01-08 02:56:00";"-49,23";"-67,1845";"7,0";"185"
"PIONEROS";"02735";"2025-01-08 03:11:00";"-49,2463333333";"-67,1995";"2,2";"85"
"PIONEROS";"02735";"2025-01-08 03:26:00";"-49,2403333333";"-67,1855";"4,3";"60"
"PIONEROS";"02735";"2025-01-08 03:41:00";"-49,2325";"-67,1695";"2,7";"40"
"PIONEROS";"02735";"2025-01-08 03:56:00";"-49,2238333333";"-67,1688333333";"5,4";"210"
"PIONEROS";"02735";"2025-01-08 04:11:00";"-49,24";"-67,19";"3,2";"340"
"PIONEROS";"02735";"2025-01-08 04:26:00";"-49,2358333333";"-67,1896666667";"2,2";"45"
"PIONEROS";"02735";"2025-01-08 04:41:00";"-49,2311666667";"-67,187";"1,6";"355"
"PIONEROS";"02735";"2025-01-08 04:56:00";"-49,2255";"-67,1841666667";"3,2";"5"
"PIONEROS";"02735";"2025-01-08 05:11:00";"-49,22";"-67,1808333333";"1,1";"85"
"PIONEROS";"02735";"2025-01-08 05:26:00";"-49,2171666667";"-67,18";"2,7";"65"
"PIONEROS";"02735";"2025-01-08 05:41:00";"-49,2396666667";"-67,2055";"3,8";"240"
"PIONEROS";"02735";"2025-01-08 05:56:00";"-49,2333333333";"-67,2046666667";"1,1";"55"
"PIONEROS";"02735";"2025-01-08 06:11:00";"-49,2291666667";"-67,202";"2,2";"60"
"PIONEROS";"02735";"2025-01-08 06:26:00";"-49,2245";"-67,1988333333";"1,1";"30"
"PIONEROS";"02735";"2025-01-08 06:41:00";"-49,2188333333";"-67,1961666667";"2,7";"60"
"PIONEROS";"02735";"2025-01-08 06:56:00";"-49,2158333333";"-67,1963333333";"1,1";"240"
"PIONEROS";"02735";"2025-01-08 07:11:00";"-49,2083333333";"-67,19";"0,5";"80"
"PIONEROS";"02735";"2025-01-08 07:26:00";"-49,2033333333";"-67,187";"2,7";"25"
"PIONEROS";"02735";"2025-01-08 07:41:00";"-49,198";"-67,1833333333";"2,2";"5"
"PIONEROS";"02735";"2025-01-08 07:56:00";"-49,1928333333";"-67,1803333333";"0,5";"15"
"PIONEROS";"02735";"2025-01-08 08:11:00";"-49,1875";"-67,1771666667";"3,2";"355"
"PIONEROS";"02735";"2025-01-08 08:26:00";"-49,1888333333";"-67,2066666667";"8,6";"260"
"PIONEROS";"02735";"2025-01-08 08:41:00";"-49,1921666667";"-67,2583333333";"7,6";"265"
"PIONEROS";"02735";"2025-01-08 08:56:00";"-49,195";"-67,3105";"8,1";"265"
"PIONEROS";"02735";"2025-01-08 09:11:00";"-49,1975";"-67,3628333333";"7,6";"265"
"PIONEROS";"02735";"2025-01-08 09:26:00";"-49,1991666667";"-67,415";"7,6";"265"
"PIONEROS";"02735";"2025-01-08 09:41:00";"-49,2016666667";"-67,468";"8,1";"260"
"PIONEROS";"02735";"2025-01-08 09:56:00";"-49,2045";"-67,5225";"7,0";"265"
"PIONEROS";"02735";"2025-01-08 10:11:00";"-49,2086666667";"-67,5761666667";"8,6";"255"
"PIONEROS";"02735";"2025-01-08 10:26:00";"-49,2253333333";"-67,622";"8,1";"215"
"PIONEROS";"02735";"2025-01-08 10:41:00";"-49,2436666667";"-67,6578333333";"6,5";"230"
"PIONEROS";"02735";"2025-01-08 10:56:00";"-49,2628333333";"-67,6816666667";"5,4";"200"
"PIONEROS";"02735";"2025-01-08 11:11:00";"-49,2855";"-67,6995";"5,9";"230"
"PIONEROS";"02735";"2025-01-08 11:26:00";"-49,2988333333";"-67,7211666667";"1,6";"160"
"PIONEROS";"02735";"2025-01-08 11:41:00";"-49,2996666667";"-67,7203333333";"0,0";"170"
"PIONEROS";"02735";"2025-01-08 11:56:00";"-49,2996666667";"-67,7203333333";"0,0";"170"
"PIONEROS";"02735";"2025-01-08 12:11:00";"-49,2996666667";"-67,7203333333";"0,0";"170"
"PIONEROS";"02735";"2025-01-08 12:26:00";"-49,2996666667";"-67,7203333333";"0,0";"170"
"PIONEROS";"02735";"2025-01-08 12:41:00";"-49,2996666667";"-67,7203333333";"0,0";"170"
"PIONEROS";"02735";"2025-01-08 12:56:00";"-49,2996666667";"-67,7203333333";"0,0";"170"
"PIONEROS";"02735";"2025-01-08 13:11:00";"-49,2996666667";"-67,7203333333";"0,0";"170"
"PIONEROS";"02735";"2025-01-08 13:26:00";"-49,2996666667";"-67,7203333333";"0,0";"170"
"PIONEROS";"02735";"2025-01-08 13:41:00";"-49,2996666667";"-67,7203333333";"0,0";"170"
"PIONEROS";"02735";"2025-01-08 13:56:00";"-49,2996666667";"-67,7203333333";"0,0";"170"
"PIONEROS";"02735";"2025-01-08 14:11:00";"-49,2996666667";"-67,7203333333";"0,0";"170"
"PIONEROS";"02735";"2025-01-08 14:26:00";"-49,2996666667";"-67,7203333333";"0,0";"170"
"PIONEROS";"02735";"2025-01-08 14:41:00";"-49,2996666667";"-67,7203333333";"0,0";"170"
"PIONEROS";"02735";"2025-01-08 14:56:00";"-49,2996666667";"-67,7203333333";"0,0";"170"
"PIONEROS";"02735";"2025-01-08 15:11:00";"-49,2996666667";"-67,7203333333";"0,0";"170"
"PIONEROS";"02735";"2025-01-08 15:26:00";"-49,2996666667";"-67,7203333333";"0,0";"170"
"PIONEROS";"02735";"2025-01-08 15:41:00";"-49,2996666667";"-67,7203333333";"0,0";"170"
"PIONEROS";"02735";"2025-01-08 15:56:00";"-49,2996666667";"-67,7203333333";"0,0";"170"
"PIONEROS";"02735";"2025-01-08 16:11:00";"-49,2996666667";"-67,7203333333";"0,0";"170"
"PIONEROS";"02735";"2025-01-08 16:26:00";"-49,2996666667";"-67,7203333333";"0,0";"170"
"PIONEROS";"02735";"2025-01-08 16:41:00";"-49,2996666667";"-67,7203333333";"0,0";"170"
"PIONEROS";"02735";"2025-01-08 16:56:00";"-49,2996666667";"-67,7203333333";"0,0";"170"
"PIONEROS";"02735";"2025-01-08 17:11:00";"-49,2996666667";"-67,7203333333";"0,0";"170"
"PIONEROS";"02735";"2025-01-08 17:26:00";"-49,2996666667";"-67,7203333333";"0,0";"170"
"PIONEROS";"02735";"2025-01-08 17:41:00";"-49,2996666667";"-67,7203333333";"0,0";"170"
"PIONEROS";"02735";"2025-01-08 17:56:00";"-49,2996666667";"-67,7203333333";"0,0";"170"
"PIONEROS";"02735";"2025-01-08 18:11:00";"-49,2996666667";"-67,7203333333";"0,0";"170"
"PIONEROS";"02735";"2025-01-08 18:26:00";"-49,2996666667";"-67,7203333333";"0,0";"170"
"PIONEROS";"02735";"2025-01-08 18:41:00";"-49,2996666667";"-67,7203333333";"0,0";"170"
"PIONEROS";"02735";"2025-01-08 18:56:00";"-49,2996666667";"-67,7203333333";"0,0";"170"
"PIONEROS";"02735";"2025-01-08 19:11:00";"-49,2996666667";"-67,7203333333";"0,0";"170"
"PIONEROS";"02735";"2025-01-08 19:26:00";"-49,2996666667";"-67,7203333333";"0,0";"170"
"PIONEROS";"02735";"2025-01-08 19:41:00";"-49,2996666667";"-67,7203333333";"0,0";"170"
"PIONEROS";"02735";"2025-01-08 19:56:00";"-49,2996666667";"-67,7203333333";"0,0";"170"
"PIONEROS";"02735";"2025-01-08 20:11:00";"-49,2996666667";"-67,7203333333";"0,0";"170"
"PIONEROS";"02735";"2025-01-08 20:26:00";"-49,2996666667";"-67,7203333333";"0,0";"170"
"PIONEROS";"02735";"2025-01-08 20:41:00";"-49,2996666667";"-67,7203333333";"0,0";"120"
"PIONEROS";"02735";"2025-01-08 20:56:00";"-49,2996666667";"-67,7203333333";"0,0";"120"
"PIONEROS";"02735";"2025-01-08 21:11:00";"-49,2996666667";"-67,7203333333";"0,0";"120"
"PIONEROS";"02735";"2025-01-08 21:26:00";"-49,2996666667";"-67,7203333333";"0,0";"120"
"PIONEROS";"02735";"2025-01-08 21:41:00";"-49,2996666667";"-67,7203333333";"0,0";"120"
"PIONEROS";"02735";"2025-01-08 21:56:00";"-49,2996666667";"-67,7203333333";"0,0";"120"
"PIONEROS";"02735";"2025-01-08 22:11:00";"-49,2996666667";"-67,7203333333";"0,0";"120"
"PIONEROS";"02735";"2025-01-08 22:26:00";"-49,2996666667";"-67,7203333333";"0,0";"120"
"PIONEROS";"02735";"2025-01-08 22:41:00";"-49,2996666667";"-67,7203333333";"0,0";"120"
"PIONEROS";"02735";"2025-01-08 22:56:00";"-49,2996666667";"-67,7203333333";"0,0";"120"
"PIONEROS";"02735";"2025-01-08 23:11:00";"-49,2996666667";"-67,7203333333";"0,0";"0"
"PIONEROS";"02735";"2025-01-08 23:26:00";"-49,2996666667";"-67,7203333333";"0,0";"0"
"PIONEROS";"02735";"2025-01-08 23:41:00";"-49,2996666667";"-67,7203333333";"0,0";"0"
"PIONEROS";"02735";"2025-01-08 23:56:00";"-49,2996666667";"-67,7203333333";"0,0";"0"
"PIONEROS";"02735";"2025-01-09 00:11:00";"-49,2996666667";"-67,7203333333";"0,0";"0"
"PIONEROS";"02735";"2025-01-09 00:26:00";"-49,2996666667";"-67,7203333333";"0,0";"0"
"PIONEROS";"02735";"2025-01-09 00:41:00";"-49,2996666667";"-67,7203333333";"0,0";"0"
"PIONEROS";"02735";"2025-01-09 00:56:00";"-49,2996666667";"-67,7203333333";"0,0";"0"
"PIONEROS";"02735";"2025-01-09 01:11:00";"-49,2996666667";"-67,7203333333";"0,0";"0"
"PIONEROS";"02735";"2025-01-09 01:26:00";"-49,2996666667";"-67,7203333333";"0,0";"0"
"PIONEROS";"02735";"2025-01-09 01:41:00";"-49,2996666667";"-67,7203333333";"0,0";"0"
"PIONEROS";"02735";"2025-01-09 01:56:00";"-49,2996666667";"-67,7203333333";"0,0";"0"
"PIONEROS";"02735";"2025-01-09 02:11:00";"-49,2996666667";"-67,7203333333";"0,0";"0"
"PIONEROS";"02735";"2025-01-09 02:26:00";"-49,2996666667";"-67,7203333333";"0,0";"0"
"PIONEROS";"02735";"2025-01-09 02:41:00";"-49,2996666667";"-67,7203333333";"0,0";"215"
"PIONEROS";"02735";"2025-01-09 02:56:00";"-49,2996666667";"-67,7203333333";"0,0";"215"
"PIONEROS";"02735";"2025-01-09 03:11:00";"-49,2996666667";"-67,7203333333";"0,0";"215"
"PIONEROS";"02735";"2025-01-09 03:26:00";"-49,2996666667";"-67,7203333333";"0,0";"215"
"PIONEROS";"02735";"2025-01-09 03:41:00";"-49,2996666667";"-67,7203333333";"0,0";"215"
"PIONEROS";"02735";"2025-01-09 03:56:00";"-49,2996666667";"-67,7203333333";"0,0";"215"
"PIONEROS";"02735";"2025-01-09 04:11:00";"-49,2996666667";"-67,7203333333";"0,0";"215"
"PIONEROS";"02735";"2025-01-09 04:26:00";"-49,2996666667";"-67,7203333333";"0,0";"215"
"PIONEROS";"02735";"2025-01-09 04:41:00";"-49,2996666667";"-67,7203333333";"0,0";"215"
"PIONEROS";"02735";"2025-01-09 04:56:00";"-49,2996666667";"-67,7203333333";"0,0";"215"
"PIONEROS";"02735";"2025-01-09 05:11:00";"-49,2996666667";"-67,7203333333";"0,0";"215"
"PIONEROS";"02735";"2025-01-09 05:26:00";"-49,2996666667";"-67,7203333333";"0,0";"215"
"PIONEROS";"02735";"2025-01-09 05:41:00";"-49,2996666667";"-67,7203333333";"0,0";"215"
"PIONEROS";"02735";"2025-01-09 05:56:00";"-49,2996666667";"-67,7203333333";"0,0";"215"
"PIONEROS";"02735";"2025-01-09 06:11:00";"-49,2996666667";"-67,7203333333";"0,0";"215"
"PIONEROS";"02735";"2025-01-09 06:26:00";"-49,2996666667";"-67,7203333333";"0,0";"215"
"PIONEROS";"02735";"2025-01-09 06:41:00";"-49,2996666667";"-67,7203333333";"0,0";"215"
"PIONEROS";"02735";"2025-01-09 06:56:00";"-49,2996666667";"-67,7203333333";"0,0";"215"
"PIONEROS";"02735";"2025-01-09 07:11:00";"-49,2996666667";"-67,7203333333";"0,0";"215"
"PIONEROS";"02735";"2025-01-09 07:26:00";"-49,2996666667";"-67,7203333333";"0,0";"215"
"PIONEROS";"02735";"2025-01-09 07:41:00";"-49,2996666667";"-67,7203333333";"0,0";"215"
"PIONEROS";"02735";"2025-01-09 07:56:00";"-49,2996666667";"-67,7203333333";"0,0";"215"
"PIONEROS";"02735";"2025-01-09 08:11:00";"-49,2996666667";"-67,7203333333";"0,0";"215"
"PIONEROS";"02735";"2025-01-09 08:26:00";"-49,2996666667";"-67,7203333333";"0,0";"215"
"PIONEROS";"02735";"2025-01-09 08:41:00";"-49,2996666667";"-67,7203333333";"0,0";"215"
"PIONEROS";"02735";"2025-01-09 08:56:00";"-49,2996666667";"-67,7203333333";"0,0";"215"
"PIONEROS";"02735";"2025-01-09 09:11:00";"-49,2996666667";"-67,7203333333";"0,0";"215"
"PIONEROS";"02735";"2025-01-09 09:26:00";"-49,2996666667";"-67,7203333333";"0,0";"215"
"PIONEROS";"02735";"2025-01-09 09:41:00";"-49,2996666667";"-67,7203333333";"0,0";"205"
"PIONEROS";"02735";"2025-01-09 09:56:00";"-49,2996666667";"-67,7203333333";"0,0";"205"
"PIONEROS";"02735";"2025-01-09 10:11:00";"-49,2996666667";"-67,7203333333";"0,0";"205"
"PIONEROS";"02735";"2025-01-09 10:26:00";"-49,2996666667";"-67,7203333333";"0,0";"205"
"PIONEROS";"02735";"2025-01-09 10:41:00";"-49,2996666667";"-67,7203333333";"0,0";"205"
"PIONEROS";"02735";"2025-01-09 10:56:00";"-49,2996666667";"-67,7203333333";"0,0";"205"
"PIONEROS";"02735";"2025-01-09 11:11:00";"-49,2996666667";"-67,7203333333";"0,0";"205"
"PIONEROS";"02735";"2025-01-09 11:26:00";"-49,2996666667";"-67,7203333333";"0,0";"205"
"PIONEROS";"02735";"2025-01-09 11:41:00";"-49,2996666667";"-67,7203333333";"0,0";"205"
"PIONEROS";"02735";"2025-01-09 11:56:00";"-49,2996666667";"-67,7203333333";"0,0";"205"
"PIONEROS";"02735";"2025-01-09 12:11:00";"-49,2996666667";"-67,7203333333";"0,0";"205"
"PIONEROS";"02735";"2025-01-09 12:26:00";"-49,2996666667";"-67,7203333333";"0,0";"205"
"PIONEROS";"02735";"2025-01-09 12:41:00";"-49,2996666667";"-67,7203333333";"0,0";"205"
"PIONEROS";"02735";"2025-01-09 12:56:00";"-49,2996666667";"-67,7203333333";"0,0";"205"
"PIONEROS";"02735";"2025-01-09 13:11:00";"-49,2996666667";"-67,7203333333";"0,0";"205"
"PIONEROS";"02735";"2025-01-09 13:26:00";"-49,2996666667";"-67,7203333333";"0,0";"205"
"PIONEROS";"02735";"2025-01-09 13:41:00";"-49,2996666667";"-67,7203333333";"0,0";"205"
"PIONEROS";"02735";"2025-01-09 13:56:00";"-49,2996666667";"-67,7203333333";"0,0";"205"
"PIONEROS";"02735";"2025-01-09 14:11:00";"-49,2996666667";"-67,7203333333";"0,0";"205"
"PIONEROS";"02735";"2025-01-09 14:26:00";"-49,2996666667";"-67,7203333333";"0,0";"210"
"PIONEROS";"02735";"2025-01-09 14:41:00";"-49,2996666667";"-67,7203333333";"0,0";"350"
"PIONEROS";"02735";"2025-01-09 14:56:00";"-49,2996666667";"-67,7203333333";"0,0";"350"
"PIONEROS";"02735";"2025-01-09 15:11:00";"-49,2996666667";"-67,7203333333";"0,0";"350"
"PIONEROS";"02735";"2025-01-09 15:26:00";"-49,2996666667";"-67,7203333333";"0,0";"350"
"PIONEROS";"02735";"2025-01-09 15:41:00";"-49,2996666667";"-67,7203333333";"0,0";"350"
"PIONEROS";"02735";"2025-01-09 15:56:00";"-49,2996666667";"-67,7203333333";"0,0";"350"
"PIONEROS";"02735";"2025-01-09 16:11:00";"-49,2996666667";"-67,7203333333";"0,0";"350"
"PIONEROS";"02735";"2025-01-09 16:26:00";"-49,2996666667";"-67,7203333333";"0,0";"350"
"PIONEROS";"02735";"2025-01-09 16:41:00";"-49,2996666667";"-67,7203333333";"0,0";"350"
"PIONEROS";"02735";"2025-01-09 16:56:00";"-49,2996666667";"-67,7203333333";"0,0";"350"
"PIONEROS";"02735";"2025-01-09 17:11:00";"-49,2996666667";"-67,7203333333";"0,0";"350"
"PIONEROS";"02735";"2025-01-09 17:26:00";"-49,2996666667";"-67,7203333333";"0,0";"350"
"PIONEROS";"02735";"2025-01-09 17:41:00";"-49,2996666667";"-67,7203333333";"0,0";"350"
"PIONEROS";"02735";"2025-01-09 17:56:00";"-49,2996666667";"-67,7203333333";"0,0";"350"
"PIONEROS";"02735";"2025-01-09 18:11:00";"-49,2996666667";"-67,7203333333";"0,0";"350"
"PIONEROS";"02735";"2025-01-09 18:26:00";"-49,2996666667";"-67,7203333333";"0,0";"350"
"PIONEROS";"02735";"2025-01-09 18:41:00";"-49,2996666667";"-67,7203333333";"0,0";"350"
"PIONEROS";"02735";"2025-01-09 18:56:00";"-49,2996666667";"-67,7203333333";"0,0";"350"
"PIONEROS";"02735";"2025-01-09 19:11:00";"-49,2996666667";"-67,7203333333";"0,0";"350"
"PIONEROS";"02735";"2025-01-09 19:26:00";"-49,2996666667";"-67,7203333333";"0,0";"350"
"PIONEROS";"02735";"2025-01-09 19:41:00";"-49,2996666667";"-67,7203333333";"0,0";"350"
"PIONEROS";"02735";"2025-01-09 19:56:00";"-49,2996666667";"-67,7203333333";"0,0";"350"
"PIONEROS";"02735";"2025-01-09 20:07:00";"-49,2996666667";"-67,7203333333";"0,0";"0"
"PIONEROS";"02735";"2025-01-09 20:22:00";"-49,2996666667";"-67,7203333333";"0,0";"15"
"PIONEROS";"02735";"2025-01-09 20:37:00";"-49,2996666667";"-67,7203333333";"0,0";"15"
"PIONEROS";"02735";"2025-01-09 20:52:00";"-49,2996666667";"-67,7203333333";"0,0";"15"
"PIONEROS";"02735";"2025-01-09 21:07:00";"-49,2996666667";"-67,7203333333";"0,0";"15"
"PIONEROS";"02735";"2025-01-09 21:22:00";"-49,2996666667";"-67,7203333333";"0,0";"15"
"PIONEROS";"02735";"2025-01-09 21:37:00";"-49,2996666667";"-67,7203333333";"0,0";"15"
"PIONEROS";"02735";"2025-01-09 21:52:00";"-49,2996666667";"-67,7203333333";"0,0";"15"
"PIONEROS";"02735";"2025-01-09 22:07:00";"-49,2996666667";"-67,7203333333";"0,0";"15"
"PIONEROS";"02735";"2025-01-09 22:10:00";"-49,2996666667";"-67,7203333333";"0,0";"0"
"PIONEROS";"02735";"2025-01-09 22:25:00";"-49,2996666667";"-67,7203333333";"0,0";"200"
"PIONEROS";"02735";"2025-01-09 22:40:00";"-49,2996666667";"-67,7203333333";"0,0";"200"
"PIONEROS";"02735";"2025-01-09 22:55:00";"-49,2996666667";"-67,7203333333";"0,0";"200"
"PIONEROS";"02735";"2025-01-09 23:10:00";"-49,2996666667";"-67,7203333333";"0,0";"200"
"PIONEROS";"02735";"2025-01-09 23:25:00";"-49,2996666667";"-67,7203333333";"0,0";"200"
"PIONEROS";"02735";"2025-01-09 23:40:00";"-49,2996666667";"-67,7203333333";"0,0";"200"
"PIONEROS";"02735";"2025-01-09 23:55:00";"-49,2996666667";"-67,7196666667";"0,0";"125"
"PIONEROS";"02735";"2025-01-10 00:10:00";"-49,2996666667";"-67,7196666667";"0,0";"125"
"PIONEROS";"02735";"2025-01-10 00:25:00";"-49,2996666667";"-67,7196666667";"0,0";"125"
"PIONEROS";"02735";"2025-01-10 00:40:00";"-49,2996666667";"-67,7196666667";"0,0";"140"
"PIONEROS";"02735";"2025-01-10 00:55:00";"-49,2996666667";"-67,7196666667";"0,0";"75"
"PIONEROS";"02735";"2025-01-10 01:10:00";"-49,2996666667";"-67,7196666667";"0,0";"85"
"PIONEROS";"02735";"2025-01-10 01:25:00";"-49,2996666667";"-67,7196666667";"0,0";"290"
"PIONEROS";"02735";"2025-01-10 01:40:00";"-49,2996666667";"-67,7196666667";"0,0";"180"
"PIONEROS";"02735";"2025-01-10 01:55:00";"-49,2996666667";"-67,7196666667";"0,0";"140"
"PIONEROS";"02735";"2025-01-10 02:10:00";"-49,2996666667";"-67,7196666667";"0,0";"200"
"PIONEROS";"02735";"2025-01-10 02:25:00";"-49,2996666667";"-67,7196666667";"0,0";"245"
"PIONEROS";"02735";"2025-01-10 02:40:00";"-49,2996666667";"-67,7196666667";"0,0";"345"
"PIONEROS";"02735";"2025-01-10 02:55:00";"-49,2996666667";"-67,7196666667";"0,0";"315"
"PIONEROS";"02735";"2025-01-10 03:10:00";"-49,2996666667";"-67,7196666667";"0,0";"260"
"PIONEROS";"02735";"2025-01-10 03:25:00";"-49,2996666667";"-67,7196666667";"0,0";"135"
"PIONEROS";"02735";"2025-01-10 03:40:00";"-49,2996666667";"-67,7196666667";"0,0";"220"
"PIONEROS";"02735";"2025-01-10 03:55:00";"-49,2996666667";"-67,7196666667";"0,0";"245"
"PIONEROS";"02735";"2025-01-10 04:10:00";"-49,2996666667";"-67,7196666667";"0,0";"0"
"PIONEROS";"02735";"2025-01-10 04:25:00";"-49,2996666667";"-67,7196666667";"0,0";"95"
"PIONEROS";"02735";"2025-01-10 04:40:00";"-49,2996666667";"-67,7196666667";"0,0";"175"
"PIONEROS";"02735";"2025-01-10 04:55:00";"-49,2996666667";"-67,7196666667";"0,0";"100"
"PIONEROS";"02735";"2025-01-10 05:10:00";"-49,2996666667";"-67,7196666667";"0,0";"260"
"PIONEROS";"02735";"2025-01-10 05:25:00";"-49,2996666667";"-67,7196666667";"0,0";"280"
"PIONEROS";"02735";"2025-01-10 05:40:00";"-49,2996666667";"-67,7196666667";"0,0";"335"
"PIONEROS";"02735";"2025-01-10 05:55:00";"-49,2996666667";"-67,7196666667";"0,0";"255"
"PIONEROS";"02735";"2025-01-10 06:10:00";"-49,2996666667";"-67,7196666667";"0,0";"255"
"PIONEROS";"02735";"2025-01-10 06:25:00";"-49,2996666667";"-67,7196666667";"0,0";"255"
"PIONEROS";"02735";"2025-01-10 06:40:00";"-49,2996666667";"-67,7196666667";"0,0";"255"
"PIONEROS";"02735";"2025-01-10 06:55:00";"-49,2996666667";"-67,7196666667";"0,0";"255"
"PIONEROS";"02735";"2025-01-10 07:10:00";"-49,2996666667";"-67,7196666667";"0,0";"255"
"PIONEROS";"02735";"2025-01-10 07:25:00";"-49,2996666667";"-67,7196666667";"0,0";"255"
"PIONEROS";"02735";"2025-01-10 07:40:00";"-49,2996666667";"-67,7196666667";"0,0";"255"
"PIONEROS";"02735";"2025-01-10 07:55:00";"-49,2996666667";"-67,7196666667";"0,0";"255"
"PIONEROS";"02735";"2025-01-10 08:10:00";"-49,2996666667";"-67,7196666667";"0,0";"255"
"PIONEROS";"02735";"2025-01-10 08:25:00";"-49,2996666667";"-67,7196666667";"0,0";"255"
"PIONEROS";"02735";"2025-01-10 08:40:00";"-49,2996666667";"-67,7196666667";"0,0";"255"
"PIONEROS";"02735";"2025-01-10 08:55:00";"-49,2996666667";"-67,7196666667";"0,0";"255"
"PIONEROS";"02735";"2025-01-10 09:10:00";"-49,2996666667";"-67,7196666667";"0,0";"255"
"PIONEROS";"02735";"2025-01-10 09:25:00";"-49,2996666667";"-67,7196666667";"0,0";"255"
"PIONEROS";"02735";"2025-01-10 09:40:00";"-49,2996666667";"-67,7196666667";"0,0";"255"
"PIONEROS";"02735";"2025-01-10 09:55:00";"-49,2996666667";"-67,7196666667";"0,0";"255"
"PIONEROS";"02735";"2025-01-10 10:10:00";"-49,2996666667";"-67,7196666667";"0,0";"255"
"PIONEROS";"02735";"2025-01-10 10:25:00";"-49,2996666667";"-67,7196666667";"0,0";"255"
"PIONEROS";"02735";"2025-01-10 10:40:00";"-49,2996666667";"-67,7196666667";"0,0";"255"
"PIONEROS";"02735";"2025-01-10 10:55:00";"-49,2996666667";"-67,7196666667";"0,0";"255"
"PIONEROS";"02735";"2025-01-10 11:10:00";"-49,2996666667";"-67,7196666667";"0,0";"255"
"PIONEROS";"02735";"2025-01-10 11:25:00";"-49,2996666667";"-67,7196666667";"0,0";"255"
"PIONEROS";"02735";"2025-01-10 11:40:00";"-49,2996666667";"-67,7196666667";"0,0";"255"
"PIONEROS";"02735";"2025-01-10 11:55:00";"-49,2996666667";"-67,7196666667";"0,0";"255"
"PIONEROS";"02735";"2025-01-10 12:10:00";"-49,2996666667";"-67,7196666667";"0,0";"255"
"PIONEROS";"02735";"2025-01-10 12:25:00";"-49,2996666667";"-67,7196666667";"0,0";"255"
"PIONEROS";"02735";"2025-01-10 12:40:00";"-49,2996666667";"-67,7196666667";"0,0";"255"
"PIONEROS";"02735";"2025-01-10 12:55:00";"-49,2996666667";"-67,7196666667";"0,0";"255"
"PIONEROS";"02735";"2025-01-10 13:10:00";"-49,2996666667";"-67,7196666667";"0,0";"255"
"PIONEROS";"02735";"2025-01-10 13:25:00";"-49,2996666667";"-67,7196666667";"0,0";"255"
"PIONEROS";"02735";"2025-01-10 13:40:00";"-49,2996666667";"-67,7196666667";"0,0";"255"
"PIONEROS";"02735";"2025-01-10 13:55:00";"-49,2996666667";"-67,7196666667";"0,0";"255"
"PIONEROS";"02735";"2025-01-10 14:10:00";"-49,2996666667";"-67,7196666667";"0,0";"255"
"PIONEROS";"02735";"2025-01-10 14:25:00";"-49,3";"-67,7196666667";"0,0";"255"
"PIONEROS";"02735";"2025-01-10 14:40:00";"-49,3";"-67,7196666667";"0,0";"255"
"PIONEROS";"02735";"2025-01-10 14:55:00";"-49,3";"-67,7196666667";"0,0";"255"
"PIONEROS";"02735";"2025-01-10 15:10:00";"-49,3";"-67,7196666667";"0,0";"255"
"PIONEROS";"02735";"2025-01-10 15:25:00";"-49,2996666667";"-67,7196666667";"0,0";"255"
"PIONEROS";"02735";"2025-01-10 15:40:00";"-49,3";"-67,7196666667";"0,0";"255"
"PIONEROS";"02735";"2025-01-10 15:55:00";"-49,2996666667";"-67,7196666667";"0,0";"255"
"PIONEROS";"02735";"2025-01-10 16:10:00";"-49,3";"-67,7196666667";"0,0";"255"
"PIONEROS";"02735";"2025-01-10 16:25:00";"-49,3";"-67,7196666667";"0,0";"255"
"PIONEROS";"02735";"2025-01-10 16:40:00";"-49,3";"-67,7196666667";"0,0";"255"
"PIONEROS";"02735";"2025-01-10 17:00:00";"-49,3";"-67,7196666667";"0,0";"0"
"PIONEROS";"02735";"2025-01-10 17:15:00";"-49,3";"-67,7196666667";"0,0";"0"
"PIONEROS";"02735";"2025-01-10 17:30:00";"-49,3";"-67,7196666667";"0,0";"0"
"PIONEROS";"02735";"2025-01-10 17:45:00";"-49,3";"-67,7196666667";"0,0";"0"
"PIONEROS";"02735";"2025-01-10 18:00:00";"-49,2996666667";"-67,7196666667";"0,0";"0"
"PIONEROS";"02735";"2025-01-10 18:15:00";"-49,2996666667";"-67,7196666667";"0,0";"0"
"PIONEROS";"02735";"2025-01-10 18:30:00";"-49,2996666667";"-67,7196666667";"0,0";"0"
"PIONEROS";"02735";"2025-01-10 18:45:00";"-49,2996666667";"-67,7196666667";"0,0";"0"
"PIONEROS";"02735";"2025-01-10 19:00:00";"-49,2996666667";"-67,7196666667";"0,0";"0"
"PIONEROS";"02735";"2025-01-10 19:15:00";"-49,2996666667";"-67,7196666667";"0,0";"0"
"PIONEROS";"02735";"2025-01-10 19:30:00";"-49,2996666667";"-67,7196666667";"0,0";"0"
"PIONEROS";"02735";"2025-01-10 19:45:00";"-49,2996666667";"-67,7196666667";"0,0";"0"
"PIONEROS";"02735";"2025-01-10 20:00:00";"-49,2996666667";"-67,7196666667";"0,0";"0"
"PIONEROS";"02735";"2025-01-10 20:15:00";"-49,3";"-67,7196666667";"0,0";"0"
"PIONEROS";"02735";"2025-01-10 20:30:00";"-49,3";"-67,7196666667";"0,0";"0"
"PIONEROS";"02735";"2025-01-10 20:45:00";"-49,2996666667";"-67,7196666667";"0,0";"0"
"PIONEROS";"02735";"2025-01-10 21:00:00";"-49,2996666667";"-67,7196666667";"0,0";"0"
"PIONEROS";"02735";"2025-01-10 21:15:00";"-49,2996666667";"-67,7196666667";"0,0";"0"
"PIONEROS";"02735";"2025-01-10 21:30:00";"-49,2996666667";"-67,7196666667";"0,0";"0"
"PIONEROS";"02735";"2025-01-10 21:45:00";"-49,2996666667";"-67,7196666667";"0,0";"0"
"PIONEROS";"02735";"2025-01-10 22:00:00";"-49,2996666667";"-67,7196666667";"0,0";"0"
"PIONEROS";"02735";"2025-01-10 22:15:00";"-49,2996666667";"-67,7196666667";"0,0";"20"
"PIONEROS";"02735";"2025-01-10 22:30:00";"-49,2996666667";"-67,7196666667";"0,0";"20"
"PIONEROS";"02735";"2025-01-10 22:45:00";"-49,2996666667";"-67,7196666667";"0,0";"20"
"PIONEROS";"02735";"2025-01-10 23:00:00";"-49,2996666667";"-67,7196666667";"0,0";"20"
"PIONEROS";"02735";"2025-01-10 23:15:00";"-49,2996666667";"-67,7196666667";"0,0";"20"
"PIONEROS";"02735";"2025-01-10 23:30:00";"-49,2996666667";"-67,7196666667";"0,0";"20"
"PIONEROS";"02735";"2025-01-10 23:45:00";"-49,2996666667";"-67,7196666667";"0,0";"20"
"PIONEROS";"02735";"2025-01-11 00:00:00";"-49,2996666667";"-67,7196666667";"0,0";"20"
"PIONEROS";"02735";"2025-01-11 00:15:00";"-49,2996666667";"-67,7196666667";"0,0";"20"
"PIONEROS";"02735";"2025-01-11 00:30:00";"-49,2996666667";"-67,7196666667";"0,0";"20"
"PIONEROS";"02735";"2025-01-11 00:45:00";"-49,2996666667";"-67,7196666667";"0,0";"20"
"PIONEROS";"02735";"2025-01-11 01:00:00";"-49,2996666667";"-67,7196666667";"0,0";"20"
"PIONEROS";"02735";"2025-01-11 01:15:00";"-49,2996666667";"-67,7196666667";"0,0";"20"
"PIONEROS";"02735";"2025-01-11 01:30:00";"-49,2996666667";"-67,7196666667";"0,0";"185"
"PIONEROS";"02735";"2025-01-11 01:45:00";"-49,2996666667";"-67,7196666667";"0,0";"240"
"PIONEROS";"02735";"2025-01-11 02:00:00";"-49,2996666667";"-67,7196666667";"0,0";"275"
"PIONEROS";"02735";"2025-01-11 02:15:00";"-49,2996666667";"-67,7196666667";"0,0";"215"
"PIONEROS";"02735";"2025-01-11 02:30:00";"-49,2996666667";"-67,7196666667";"0,0";"275"
"PIONEROS";"02735";"2025-01-11 02:45:00";"-49,2996666667";"-67,7196666667";"0,0";"285"
"PIONEROS";"02735";"2025-01-11 03:00:00";"-49,2996666667";"-67,7196666667";"0,0";"215"
"PIONEROS";"02735";"2025-01-11 03:15:00";"-49,2996666667";"-67,7196666667";"0,0";"335"
"PIONEROS";"02735";"2025-01-11 03:30:00";"-49,2996666667";"-67,7196666667";"0,0";"335"
"PIONEROS";"02735";"2025-01-11 03:45:00";"-49,2996666667";"-67,7196666667";"0,0";"335"
"PIONEROS";"02735";"2025-01-11 04:00:00";"-49,2996666667";"-67,7196666667";"0,0";"335"
"PIONEROS";"02735";"2025-01-11 04:15:00";"-49,2996666667";"-67,7196666667";"0,0";"335"
"PIONEROS";"02735";"2025-01-11 04:30:00";"-49,2996666667";"-67,7196666667";"0,0";"335"
"PIONEROS";"02735";"2025-01-11 04:45:00";"-49,2996666667";"-67,7196666667";"0,0";"335"
"PIONEROS";"02735";"2025-01-11 05:00:00";"-49,2996666667";"-67,7196666667";"0,0";"335"
"PIONEROS";"02735";"2025-01-11 05:15:00";"-49,2996666667";"-67,7196666667";"0,0";"335"
"PIONEROS";"02735";"2025-01-11 05:30:00";"-49,2996666667";"-67,7196666667";"0,0";"335"
"PIONEROS";"02735";"2025-01-11 05:45:00";"-49,2996666667";"-67,7196666667";"0,0";"335"
"PIONEROS";"02735";"2025-01-11 06:00:00";"-49,2996666667";"-67,7196666667";"0,0";"335"
"PIONEROS";"02735";"2025-01-11 06:15:00";"-49,2996666667";"-67,7196666667";"0,0";"335"
"PIONEROS";"02735";"2025-01-11 06:30:00";"-49,2996666667";"-67,7196666667";"0,0";"335"
"PIONEROS";"02735";"2025-01-11 06:45:00";"-49,2996666667";"-67,7196666667";"0,0";"335"
"PIONEROS";"02735";"2025-01-11 07:00:00";"-49,2996666667";"-67,7196666667";"0,0";"335"
"PIONEROS";"02735";"2025-01-11 07:15:00";"-49,2996666667";"-67,7196666667";"0,0";"335"
"PIONEROS";"02735";"2025-01-11 07:30:00";"-49,2996666667";"-67,7196666667";"0,0";"335"
"PIONEROS";"02735";"2025-01-11 07:45:00";"-49,2996666667";"-67,7196666667";"0,0";"335"
"PIONEROS";"02735";"2025-01-11 08:00:00";"-49,2996666667";"-67,7196666667";"0,0";"335"
"PIONEROS";"02735";"2025-01-11 08:15:00";"-49,2996666667";"-67,7196666667";"0,0";"335"
"PIONEROS";"02735";"2025-01-11 08:30:00";"-49,2996666667";"-67,7196666667";"0,0";"335"
"PIONEROS";"02735";"2025-01-11 08:45:00";"-49,2996666667";"-67,7196666667";"0,0";"335"
"PIONEROS";"02735";"2025-01-11 09:00:00";"-49,2996666667";"-67,7196666667";"0,0";"335"
"PIONEROS";"02735";"2025-01-11 09:15:00";"-49,2996666667";"-67,7196666667";"0,0";"335"
"PIONEROS";"02735";"2025-01-11 09:30:00";"-49,2996666667";"-67,7196666667";"0,0";"335"
"PIONEROS";"02735";"2025-01-11 09:45:00";"-49,2996666667";"-67,7196666667";"0,0";"335"
"PIONEROS";"02735";"2025-01-11 10:00:00";"-49,2996666667";"-67,72";"0,0";"20"
"PIONEROS";"02735";"2025-01-11 10:15:00";"-49,2996666667";"-67,7196666667";"0,0";"80"
"PIONEROS";"02735";"2025-01-11 10:30:00";"-49,2996666667";"-67,7196666667";"0,0";"80"
"PIONEROS";"02735";"2025-01-11 10:45:00";"-49,2986666667";"-67,7186666667";"5,4";"0"
"PIONEROS";"02735";"2025-01-11 11:00:00";"-49,278";"-67,6913333333";"6,5";"25"
"PIONEROS";"02735";"2025-01-11 11:15:00";"-49,2533333333";"-67,675";"5,4";"35"
"PIONEROS";"02735";"2025-01-11 11:30:00";"-49,2353333333";"-67,6411666667";"7,6";"50"
"PIONEROS";"02735";"2025-01-11 11:45:00";"-49,217";"-67,5991666667";"9,2";"70"
"PIONEROS";"02735";"2025-01-11 12:00:00";"-49,2063333333";"-67,5471666667";"8,1";"70"
"PIONEROS";"02735";"2025-01-11 12:15:00";"-49,1963333333";"-67,4945";"9,2";"70"
"PIONEROS";"02735";"2025-01-11 12:30:00";"-49,1858333333";"-67,4403333333";"7,0";"70"
"PIONEROS";"02735";"2025-01-11 12:45:00";"-49,1753333333";"-67,3858333333";"8,6";"70"
"PIONEROS";"02735";"2025-01-11 13:00:00";"-49,165";"-67,3308333333";"9,2";"75"
"PIONEROS";"02735";"2025-01-11 13:15:00";"-49,1533333333";"-67,275";"8,6";"70"
"PIONEROS";"02735";"2025-01-11 13:30:00";"-49,143";"-67,2178333333";"9,7";"70"
"PIONEROS";"02735";"2025-01-11 13:45:00";"-49,1325";"-67,1603333333";"9,7";"75"
"PIONEROS";"02735";"2025-01-11 14:00:00";"-49,122";"-67,1021666667";"9,7";"70"
"PIONEROS";"02735";"2025-01-11 14:15:00";"-49,115";"-67,0755";"0,5";"335"
"PIONEROS";"02735";"2025-01-11 14:30:00";"-49,1116666667";"-67,0691666667";"1,6";"30"
"PIONEROS";"02735";"2025-01-11 14:45:00";"-49,1078333333";"-67,0608333333";"1,6";"35"
"PIONEROS";"02735";"2025-01-11 15:00:00";"-49,1038333333";"-67,0521666667";"1,6";"60"
"PIONEROS";"02735";"2025-01-11 15:15:00";"-49,1075";"-67,0378333333";"7,6";"130"
"PIONEROS";"02735";"2025-01-11 15:30:00";"-49,1055";"-67,0346666667";"1,1";"350"
"PIONEROS";"02735";"2025-01-11 15:45:00";"-49,0988333333";"-67,0311666667";"0,5";"15"
"PIONEROS";"02735";"2025-01-11 16:00:00";"-49,0925";"-67,0278333333";"1,6";"10"
"PIONEROS";"02735";"2025-01-11 16:15:00";"-49,0878333333";"-67,025";"1,6";"0"
"PIONEROS";"02735";"2025-01-11 16:30:00";"-49,098";"-67,0005";"1,6";"175"
"PIONEROS";"02735";"2025-01-11 16:45:00";"-49,1038333333";"-67,0025";"1,1";"195"
"PIONEROS";"02735";"2025-01-11 17:00:00";"-49,1095";"-67,0053333333";"1,1";"155"
"PIONEROS";"02735";"2025-01-11 17:15:00";"-49,1153333333";"-67,008";"1,1";"150"
"PIONEROS";"02735";"2025-01-11 17:30:00";"-49,1208333333";"-67,0105";"1,1";"210"
"PIONEROS";"02735";"2025-01-11 17:45:00";"-49,1263333333";"-66,9961666667";"9,2";"105"
"PIONEROS";"02735";"2025-01-11 18:00:00";"-49,1266666667";"-66,9666666667";"1,1";"345"
"PIONEROS";"02735";"2025-01-11 18:15:00";"-49,1213333333";"-66,9658333333";"2,2";"335"
"PIONEROS";"02735";"2025-01-11 18:31:00";"-49,1161666667";"-66,9638333333";"1,1";"35"
"PIONEROS";"02735";"2025-01-11 18:46:00";"-49,1105";"-66,962";"1,1";"15"
"PIONEROS";"02735";"2025-01-11 19:01:00";"-49,1066666667";"-66,9613333333";"8,1";"20"
"PIONEROS";"02735";"2025-01-11 19:16:00";"-49,1";"-66,9588333333";"1,1";"25"
"PIONEROS";"02735";"2025-01-11 19:31:00";"-49,0958333333";"-66,9571666667";"1,1";"70"
"PIONEROS";"02735";"2025-01-11 19:46:00";"-49,0911666667";"-66,9563333333";"1,1";"10"
"PIONEROS";"02735";"2025-01-11 20:01:00";"-49,0863333333";"-66,955";"0,0";"30"
"PIONEROS";"02735";"2025-01-11 20:16:00";"-49,0821666667";"-66,9546666667";"1,1";"320"
"PIONEROS";"02735";"2025-01-11 20:31:00";"-49,0821666667";"-66,9678333333";"8,1";"280"
"PIONEROS";"02735";"2025-01-11 20:46:00";"-49,0938333333";"-67,0263333333";"9,7";"255"
"PIONEROS";"02735";"2025-01-11 21:01:00";"-49,108";"-67,0861666667";"9,7";"245"
"PIONEROS";"02735";"2025-01-11 21:16:00";"-49,1216666667";"-67,1458333333";"9,7";"250"
"PIONEROS";"02735";"2025-01-11 21:31:00";"-49,1338333333";"-67,2046666667";"9,7";"250"
"PIONEROS";"02735";"2025-01-11 21:46:00";"-49,1461666667";"-67,2641666667";"9,2";"250"
"PIONEROS";"02735";"2025-01-11 22:01:00";"-49,1586666667";"-67,3228333333";"9,2";"250"
"PIONEROS";"02735";"2025-01-11 22:16:00";"-49,1703333333";"-67,3808333333";"9,2";"245"
"PIONEROS";"02735";"2025-01-11 22:31:00";"-49,1821666667";"-67,4378333333";"9,2";"250"
"PIONEROS";"02735";"2025-01-11 22:46:00";"-49,1945";"-67,4938333333";"8,6";"255"
"PIONEROS";"02735";"2025-01-11 23:01:00";"-49,2055";"-67,5495";"9,2";"250"
"PIONEROS";"02735";"2025-01-11 23:16:00";"-49,2171666667";"-67,6061666667";"9,2";"250"
"PIONEROS";"02735";"2025-01-11 23:31:00";"-49,2436666667";"-67,6575";"11,9";"230"
"PIONEROS";"02735";"2025-01-11 23:46:00";"-49,285";"-67,6975";"11,9";"215"
"PIONEROS";"02735";"2025-01-12 00:01:00";"-49,2996666667";"-67,7203333333";"0,0";"195"
"PIONEROS";"02735";"2025-01-12 00:16:00";"-49,2996666667";"-67,7203333333";"0,0";"195"
"PIONEROS";"02735";"2025-01-12 00:18:00";"-49,2996666667";"-67,7203333333";"0,0";"0"
"PIONEROS";"02735";"2025-01-12 00:33:00";"-49,2996666667";"-67,7203333333";"0,0";"330"
"PIONEROS";"02735";"2025-01-12 00:48:00";"-49,2996666667";"-67,7203333333";"0,0";"330"
"PIONEROS";"02735";"2025-01-12 01:03:00";"-49,2996666667";"-67,7203333333";"0,0";"330"
"PIONEROS";"02735";"2025-01-12 01:18:00";"-49,2996666667";"-67,7203333333";"0,0";"330"
"PIONEROS";"02735";"2025-01-12 01:33:00";"-49,2996666667";"-67,7203333333";"0,0";"330"
"PIONEROS";"02735";"2025-01-12 01:48:00";"-49,2996666667";"-67,7203333333";"0,0";"330"
"PIONEROS";"02735";"2025-01-12 02:03:00";"-49,2996666667";"-67,7203333333";"0,0";"330"
"PIONEROS";"02735";"2025-01-12 02:18:00";"-49,2996666667";"-67,7203333333";"0,0";"330"
"PIONEROS";"02735";"2025-01-12 02:33:00";"-49,2996666667";"-67,7203333333";"0,0";"330"
"PIONEROS";"02735";"2025-01-12 02:48:00";"-49,2996666667";"-67,7203333333";"0,0";"330"
"PIONEROS";"02735";"2025-01-12 03:03:00";"-49,2996666667";"-67,7203333333";"0,0";"330"
"PIONEROS";"02735";"2025-01-12 03:18:00";"-49,2996666667";"-67,7203333333";"0,0";"330"
"PIONEROS";"02735";"2025-01-12 03:33:00";"-49,2996666667";"-67,7203333333";"0,0";"330"
"PIONEROS";"02735";"2025-01-12 03:48:00";"-49,2996666667";"-67,7203333333";"0,0";"330"
"PIONEROS";"02735";"2025-01-12 04:03:00";"-49,2996666667";"-67,7203333333";"0,0";"330"
"PIONEROS";"02735";"2025-01-12 04:18:00";"-49,2996666667";"-67,7203333333";"0,0";"330"
"PIONEROS";"02735";"2025-01-12 04:33:00";"-49,2996666667";"-67,7203333333";"0,0";"330"
"PIONEROS";"02735";"2025-01-12 04:48:00";"-49,2996666667";"-67,7203333333";"0,0";"330"
"PIONEROS";"02735";"2025-01-12 05:03:00";"-49,2996666667";"-67,7203333333";"0,0";"330"
"PIONEROS";"02735";"2025-01-12 05:18:00";"-49,2996666667";"-67,7203333333";"0,0";"330"
"PIONEROS";"02735";"2025-01-12 05:33:00";"-49,2996666667";"-67,7203333333";"0,0";"330"
"PIONEROS";"02735";"2025-01-12 05:48:00";"-49,2996666667";"-67,7203333333";"0,0";"330"
"PIONEROS";"02735";"2025-01-12 06:03:00";"-49,2996666667";"-67,7203333333";"0,0";"330"
"PIONEROS";"02735";"2025-01-12 06:18:00";"-49,2996666667";"-67,7203333333";"0,0";"330"
"PIONEROS";"02735";"2025-01-12 06:33:00";"-49,2996666667";"-67,7203333333";"0,0";"330"
"PIONEROS";"02735";"2025-01-12 06:48:00";"-49,2996666667";"-67,7203333333";"0,0";"330"
"PIONEROS";"02735";"2025-01-12 07:03:00";"-49,2996666667";"-67,7203333333";"0,0";"330"
"PIONEROS";"02735";"2025-01-12 07:18:00";"-49,2996666667";"-67,7203333333";"0,0";"330"
"PIONEROS";"02735";"2025-01-12 07:33:00";"-49,2996666667";"-67,7203333333";"0,0";"330"
"PIONEROS";"02735";"2025-01-12 07:48:00";"-49,2996666667";"-67,7203333333";"0,0";"330"
"PIONEROS";"02735";"2025-01-12 08:03:00";"-49,2996666667";"-67,7203333333";"0,0";"320"
"PIONEROS";"02735";"2025-01-12 08:18:00";"-49,2996666667";"-67,7203333333";"0,0";"320"
"PIONEROS";"02735";"2025-01-12 08:33:00";"-49,2996666667";"-67,7203333333";"0,0";"320"
"PIONEROS";"02735";"2025-01-12 08:48:00";"-49,2996666667";"-67,7203333333";"0,0";"320"
"PIONEROS";"02735";"2025-01-12 09:03:00";"-49,2996666667";"-67,7203333333";"0,0";"320"
"PIONEROS";"02735";"2025-01-12 09:18:00";"-49,2996666667";"-67,7203333333";"0,0";"320"
"PIONEROS";"02735";"2025-01-12 09:33:00";"-49,2996666667";"-67,7203333333";"0,0";"320"
"PIONEROS";"02735";"2025-01-12 09:48:00";"-49,2996666667";"-67,7203333333";"0,0";"320"
"PIONEROS";"02735";"2025-01-12 10:03:00";"-49,2996666667";"-67,7203333333";"0,0";"320"
"PIONEROS";"02735";"2025-01-12 10:18:00";"-49,2996666667";"-67,7203333333";"0,0";"320"
"PIONEROS";"02735";"2025-01-12 10:33:00";"-49,2996666667";"-67,7203333333";"0,0";"320"
"PIONEROS";"02735";"2025-01-12 10:48:00";"-49,2996666667";"-67,7203333333";"0,0";"265"
"PIONEROS";"02735";"2025-01-12 11:03:00";"-49,2996666667";"-67,7203333333";"0,0";"265"
"PIONEROS";"02735";"2025-01-12 11:18:00";"-49,2996666667";"-67,7203333333";"0,0";"265"
"PIONEROS";"02735";"2025-01-12 11:33:00";"-49,2996666667";"-67,7203333333";"0,0";"265"
"PIONEROS";"02735";"2025-01-12 11:48:00";"-49,2996666667";"-67,7203333333";"0,0";"285"
"PIONEROS";"02735";"2025-01-12 12:03:00";"-49,2996666667";"-67,7203333333";"0,0";"305"
"PIONEROS";"02735";"2025-01-12 12:18:00";"-49,2996666667";"-67,7203333333";"0,0";"340"
"PIONEROS";"02735";"2025-01-12 12:33:00";"-49,2996666667";"-67,7203333333";"0,0";"340"
"PIONEROS";"02735";"2025-01-12 12:48:00";"-49,2996666667";"-67,7203333333";"0,0";"340"
"PIONEROS";"02735";"2025-01-12 13:03:00";"-49,2996666667";"-67,7203333333";"0,0";"340"
"PIONEROS";"02735";"2025-01-12 13:18:00";"-49,2996666667";"-67,7203333333";"0,0";"205"
"PIONEROS";"02735";"2025-01-12 13:33:00";"-49,2996666667";"-67,7203333333";"0,0";"255"
"PIONEROS";"02735";"2025-01-12 13:48:00";"-49,2996666667";"-67,7203333333";"0,0";"345"
"PIONEROS";"02735";"2025-01-12 14:03:00";"-49,2996666667";"-67,7203333333";"0,0";"345"
"PIONEROS";"02735";"2025-01-12 14:18:00";"-49,2996666667";"-67,7203333333";"0,0";"230"
"PIONEROS";"02735";"2025-01-12 14:33:00";"-49,2996666667";"-67,7203333333";"0,0";"200"
"PIONEROS";"02735";"2025-01-12 14:48:00";"-49,2996666667";"-67,7203333333";"0,0";"140"
"PIONEROS";"02735";"2025-01-12 15:03:00";"-49,2996666667";"-67,7203333333";"0,0";"85"
"PIONEROS";"02735";"2025-01-12 15:18:00";"-49,2996666667";"-67,7203333333";"0,0";"85"
"PIONEROS";"02735";"2025-01-12 15:33:00";"-49,2996666667";"-67,7203333333";"0,0";"280"
"PIONEROS";"02735";"2025-01-12 15:48:00";"-49,2996666667";"-67,7203333333";"0,0";"205"
"PIONEROS";"02735";"2025-01-12 16:03:00";"-49,2996666667";"-67,7203333333";"0,0";"205"
"PIONEROS";"02735";"2025-01-12 16:18:00";"-49,2996666667";"-67,7203333333";"0,0";"205"
"PIONEROS";"02735";"2025-01-12 16:33:00";"-49,2996666667";"-67,7203333333";"0,0";"205"
"PIONEROS";"02735";"2025-01-12 16:48:00";"-49,2996666667";"-67,7203333333";"0,0";"205"
"PIONEROS";"02735";"2025-01-12 17:03:00";"-49,2996666667";"-67,7203333333";"0,0";"205"
"PIONEROS";"02735";"2025-01-12 17:18:00";"-49,2996666667";"-67,7203333333";"0,0";"205"
"PIONEROS";"02735";"2025-01-12 17:37:00";"-49,2996666667";"-67,7203333333";"0,0";"0"
"PIONEROS";"02735";"2025-01-12 17:52:00";"-49,2996666667";"-67,7203333333";"0,0";"0"
"PIONEROS";"02735";"2025-01-12 18:07:00";"-49,2996666667";"-67,7203333333";"0,0";"20"
"PIONEROS";"02735";"2025-01-12 18:22:00";"-49,2996666667";"-67,7203333333";"0,0";"110"
"PIONEROS";"02735";"2025-01-12 18:37:00";"-49,2996666667";"-67,7203333333";"0,0";"135"
"PIONEROS";"02735";"2025-01-12 18:52:00";"-49,2996666667";"-67,7203333333";"0,0";"135"
"PIONEROS";"02735";"2025-01-12 19:07:00";"-49,2996666667";"-67,7203333333";"0,0";"200"
"PIONEROS";"02735";"2025-01-12 19:22:00";"-49,2996666667";"-67,7203333333";"0,0";"200"
"PIONEROS";"02735";"2025-01-12 19:37:00";"-49,2996666667";"-67,7203333333";"0,0";"200"
"PIONEROS";"02735";"2025-01-12 19:52:00";"-49,2996666667";"-67,7203333333";"0,0";"200"
"PIONEROS";"02735";"2025-01-12 20:07:00";"-49,2996666667";"-67,7203333333";"0,0";"200"
"PIONEROS";"02735";"2025-01-12 20:22:00";"-49,2996666667";"-67,7203333333";"0,0";"200"
"PIONEROS";"02735";"2025-01-12 20:37:00";"-49,2996666667";"-67,7203333333";"0,0";"200"
"PIONEROS";"02735";"2025-01-12 20:52:00";"-49,2996666667";"-67,7203333333";"0,0";"200"
"PIONEROS";"02735";"2025-01-12 21:04:00";"-49,2996666667";"-67,7203333333";"0,0";"0"
"PIONEROS";"02735";"2025-01-12 21:19:00";"-49,2996666667";"-67,7203333333";"0,0";"0"
"PIONEROS";"02735";"2025-01-12 21:34:00";"-49,2996666667";"-67,7203333333";"0,0";"0"
"PIONEROS";"02735";"2025-01-12 21:49:00";"-49,2996666667";"-67,7203333333";"0,0";"0"
"PIONEROS";"02735";"2025-01-12 22:04:00";"-49,2996666667";"-67,7203333333";"0,0";"0"
"PIONEROS";"02735";"2025-01-12 22:19:00";"-49,2996666667";"-67,7203333333";"0,0";"0"
"PIONEROS";"02735";"2025-01-12 22:34:00";"-49,2996666667";"-67,7203333333";"0,0";"0"
"PIONEROS";"02735";"2025-01-12 22:49:00";"-49,2996666667";"-67,7203333333";"0,0";"0"
"PIONEROS";"02735";"2025-01-12 23:04:00";"-49,2996666667";"-67,7203333333";"0,0";"0"
"PIONEROS";"02735";"2025-01-12 23:19:00";"-49,2996666667";"-67,7203333333";"0,0";"0"
"PIONEROS";"02735";"2025-01-12 23:34:00";"-49,2996666667";"-67,7203333333";"0,0";"0"
"PIONEROS";"02735";"2025-01-12 23:49:00";"-49,2996666667";"-67,7203333333";"0,0";"175"
"PIONEROS";"02735";"2025-01-13 00:04:00";"-49,2996666667";"-67,7203333333";"0,0";"95"
"PIONEROS";"02735";"2025-01-13 00:19:00";"-49,2996666667";"-67,7203333333";"0,0";"95"
"PIONEROS";"02735";"2025-01-13 00:34:00";"-49,2996666667";"-67,7203333333";"0,0";"95"
"PIONEROS";"02735";"2025-01-13 00:49:00";"-49,2996666667";"-67,7203333333";"0,0";"95"
"PIONEROS";"02735";"2025-01-13 01:04:00";"-49,2996666667";"-67,7203333333";"0,0";"95"
"PIONEROS";"02735";"2025-01-13 01:19:00";"-49,2996666667";"-67,7203333333";"0,0";"95"
"PIONEROS";"02735";"2025-01-13 01:34:00";"-49,2996666667";"-67,7203333333";"0,0";"95"
"PIONEROS";"02735";"2025-01-13 01:49:00";"-49,2996666667";"-67,7203333333";"0,0";"95"
"PIONEROS";"02735";"2025-01-13 02:04:00";"-49,2996666667";"-67,7203333333";"0,0";"95"
"PIONEROS";"02735";"2025-01-13 02:19:00";"-49,2996666667";"-67,7203333333";"0,0";"95"
"PIONEROS";"02735";"2025-01-13 02:34:00";"-49,2996666667";"-67,7203333333";"0,0";"95"
"PIONEROS";"02735";"2025-01-13 02:49:00";"-49,2996666667";"-67,7203333333";"0,0";"95"
"PIONEROS";"02735";"2025-01-13 03:04:00";"-49,2996666667";"-67,7203333333";"0,0";"95"
"PIONEROS";"02735";"2025-01-13 03:19:00";"-49,2996666667";"-67,7203333333";"0,0";"95"
"PIONEROS";"02735";"2025-01-13 03:34:00";"-49,2996666667";"-67,7203333333";"0,0";"95"
"PIONEROS";"02735";"2025-01-13 03:49:00";"-49,2996666667";"-67,7203333333";"0,0";"95"
"PIONEROS";"02735";"2025-01-13 04:04:00";"-49,2996666667";"-67,7203333333";"0,0";"95"
"PIONEROS";"02735";"2025-01-13 04:19:00";"-49,2996666667";"-67,7203333333";"0,0";"95"
"PIONEROS";"02735";"2025-01-13 04:34:00";"-49,2996666667";"-67,7203333333";"0,0";"95"
"PIONEROS";"02735";"2025-01-13 04:49:00";"-49,2996666667";"-67,7203333333";"0,0";"95"
"PIONEROS";"02735";"2025-01-13 05:04:00";"-49,2996666667";"-67,7203333333";"0,0";"95"
"PIONEROS";"02735";"2025-01-13 05:19:00";"-49,2996666667";"-67,7203333333";"0,0";"95"
"PIONEROS";"02735";"2025-01-13 05:34:00";"-49,2996666667";"-67,7203333333";"0,0";"95"
"PIONEROS";"02735";"2025-01-13 05:49:00";"-49,2996666667";"-67,7203333333";"0,0";"95"
"PIONEROS";"02735";"2025-01-13 06:04:00";"-49,2996666667";"-67,7203333333";"0,0";"95"
"PIONEROS";"02735";"2025-01-13 06:19:00";"-49,2996666667";"-67,7203333333";"0,0";"95"
"PIONEROS";"02735";"2025-01-13 06:34:00";"-49,2996666667";"-67,7203333333";"0,0";"95"
"PIONEROS";"02735";"2025-01-13 06:49:00";"-49,2996666667";"-67,7203333333";"0,0";"95"
"PIONEROS";"02735";"2025-01-13 07:04:00";"-49,2996666667";"-67,7203333333";"0,0";"95"
"PIONEROS";"02735";"2025-01-13 07:19:00";"-49,2996666667";"-67,7203333333";"0,0";"95"
"PIONEROS";"02735";"2025-01-13 07:34:00";"-49,2996666667";"-67,7203333333";"0,0";"95"
"PIONEROS";"02735";"2025-01-13 07:49:00";"-49,2996666667";"-67,7203333333";"0,0";"95"
"PIONEROS";"02735";"2025-01-13 08:04:00";"-49,2996666667";"-67,7203333333";"0,0";"95"
"PIONEROS";"02735";"2025-01-13 08:19:00";"-49,2996666667";"-67,7203333333";"0,0";"95"
"PIONEROS";"02735";"2025-01-13 08:34:00";"-49,2996666667";"-67,7203333333";"0,0";"95"
"PIONEROS";"02735";"2025-01-13 08:49:00";"-49,2996666667";"-67,7203333333";"0,0";"95"
"PIONEROS";"02735";"2025-01-13 09:04:00";"-49,2996666667";"-67,7203333333";"0,0";"95"
"PIONEROS";"02735";"2025-01-13 09:19:00";"-49,2996666667";"-67,7203333333";"0,0";"95"
"PIONEROS";"02735";"2025-01-13 09:34:00";"-49,2996666667";"-67,7203333333";"0,0";"95"
"PIONEROS";"02735";"2025-01-13 09:49:00";"-49,2996666667";"-67,7203333333";"0,0";"95"
"PIONEROS";"02735";"2025-01-13 10:04:00";"-49,2996666667";"-67,7203333333";"0,0";"95"
"PIONEROS";"02735";"2025-01-13 10:19:00";"-49,2996666667";"-67,7203333333";"0,0";"95"
"PIONEROS";"02735";"2025-01-13 10:34:00";"-49,2996666667";"-67,7203333333";"0,0";"95"
"PIONEROS";"02735";"2025-01-13 10:49:00";"-49,2996666667";"-67,7203333333";"0,0";"95"
"PIONEROS";"02735";"2025-01-13 11:04:00";"-49,2996666667";"-67,7203333333";"0,0";"95"
"PIONEROS";"02735";"2025-01-13 11:19:00";"-49,2996666667";"-67,7203333333";"0,0";"95"
"PIONEROS";"02735";"2025-01-13 11:34:00";"-49,2996666667";"-67,7203333333";"0,0";"95"
"PIONEROS";"02735";"2025-01-13 11:49:00";"-49,2996666667";"-67,7203333333";"0,0";"95"
"PIONEROS";"02735";"2025-01-13 12:04:00";"-49,2996666667";"-67,7203333333";"0,0";"95"
"PIONEROS";"02735";"2025-01-13 12:19:00";"-49,2996666667";"-67,7203333333";"0,0";"95"
"PIONEROS";"02735";"2025-01-13 12:34:00";"-49,2996666667";"-67,7203333333";"0,0";"95"
"PIONEROS";"02735";"2025-01-13 12:49:00";"-49,2996666667";"-67,7203333333";"0,0";"95"
"PIONEROS";"02735";"2025-01-13 13:04:00";"-49,2996666667";"-67,7203333333";"0,0";"95"
"PIONEROS";"02735";"2025-01-13 13:19:00";"-49,2996666667";"-67,7203333333";"0,0";"95"
"PIONEROS";"02735";"2025-01-13 13:34:00";"-49,2996666667";"-67,7203333333";"0,0";"95"
"PIONEROS";"02735";"2025-01-13 13:49:00";"-49,2996666667";"-67,7203333333";"0,0";"95"
"PIONEROS";"02735";"2025-01-13 14:04:00";"-49,2996666667";"-67,7203333333";"0,0";"95"
"PIONEROS";"02735";"2025-01-13 14:19:00";"-49,2996666667";"-67,7203333333";"0,0";"95"
"PIONEROS";"02735";"2025-01-13 14:34:00";"-49,2996666667";"-67,7203333333";"0,0";"95"
"PIONEROS";"02735";"2025-01-13 14:49:00";"-49,2996666667";"-67,7203333333";"0,0";"95"
"PIONEROS";"02735";"2025-01-13 15:04:00";"-49,2996666667";"-67,7203333333";"0,0";"95"
"PIONEROS";"02735";"2025-01-13 15:19:00";"-49,2996666667";"-67,7196666667";"0,0";"285"
"PIONEROS";"02735";"2025-01-13 15:34:00";"-49,2996666667";"-67,7196666667";"0,0";"280"
"PIONEROS";"02735";"2025-01-13 15:49:00";"-49,3";"-67,7196666667";"0,0";"280"
"PIONEROS";"02735";"2025-01-13 16:04:00";"-49,2996666667";"-67,7196666667";"0,0";"280"
"PIONEROS";"02735";"2025-01-13 16:19:00";"-49,3";"-67,7196666667";"0,0";"280"
"PIONEROS";"02735";"2025-01-13 16:34:00";"-49,3";"-67,7196666667";"0,0";"280"
"PIONEROS";"02735";"2025-01-13 16:49:00";"-49,3";"-67,7196666667";"0,0";"280"
"PIONEROS";"02735";"2025-01-13 17:05:00";"-49,3";"-67,7196666667";"0,0";"280"
"PIONEROS";"02735";"2025-01-13 17:20:00";"-49,3";"-67,7196666667";"0,0";"280"
"PIONEROS";"02735";"2025-01-13 17:35:00";"-49,3";"-67,7196666667";"0,0";"280"
"PIONEROS";"02735";"2025-01-13 17:50:00";"-49,3";"-67,7196666667";"0,0";"280"
"PIONEROS";"02735";"2025-01-13 18:05:00";"-49,2996666667";"-67,7196666667";"0,0";"280"
"PIONEROS";"02735";"2025-01-13 18:23:00";"-49,3";"-67,7196666667";"0,0";"0"
"PIONEROS";"02735";"2025-01-13 18:38:00";"-49,3";"-67,7196666667";"0,0";"0"
"PIONEROS";"02735";"2025-01-13 18:53:00";"-49,2996666667";"-67,7196666667";"0,0";"0"
"PIONEROS";"02735";"2025-01-13 19:08:00";"-49,3";"-67,7196666667";"0,0";"0"
"PIONEROS";"02735";"2025-01-13 19:23:00";"-49,3";"-67,7196666667";"0,0";"0"
"PIONEROS";"02735";"2025-01-13 19:38:00";"-49,3";"-67,7196666667";"0,0";"0"
"PIONEROS";"02735";"2025-01-13 19:53:00";"-49,3";"-67,7196666667";"0,0";"175"
"PIONEROS";"02735";"2025-01-13 20:08:00";"-49,3";"-67,7196666667";"0,0";"90"
"PIONEROS";"02735";"2025-01-13 20:23:00";"-49,2996666667";"-67,7196666667";"0,0";"145"
"PIONEROS";"02735";"2025-01-13 20:38:00";"-49,2996666667";"-67,7196666667";"0,0";"90"
"PIONEROS";"02735";"2025-01-13 20:53:00";"-49,2996666667";"-67,7196666667";"0,0";"90"
"PIONEROS";"02735";"2025-01-13 21:08:00";"-49,2996666667";"-67,7196666667";"0,0";"90"
"PIONEROS";"02735";"2025-01-13 21:23:00";"-49,2996666667";"-67,7196666667";"0,0";"90"
"PIONEROS";"02735";"2025-01-13 21:38:00";"-49,2996666667";"-67,7196666667";"0,0";"90"
"PIONEROS";"02735";"2025-01-13 21:53:00";"-49,2996666667";"-67,7196666667";"0,0";"90"
"PIONEROS";"02735";"2025-01-13 22:08:00";"-49,2996666667";"-67,7196666667";"0,0";"90"
"PIONEROS";"02735";"2025-01-13 22:23:00";"-49,2996666667";"-67,7196666667";"0,0";"90"
"PIONEROS";"02735";"2025-01-13 22:38:00";"-49,2996666667";"-67,7196666667";"0,0";"90"
"PIONEROS";"02735";"2025-01-13 22:53:00";"-49,2996666667";"-67,7196666667";"0,0";"90"
"PIONEROS";"02735";"2025-01-13 23:08:00";"-49,2996666667";"-67,7196666667";"0,0";"90"
"PIONEROS";"02735";"2025-01-13 23:23:00";"-49,2996666667";"-67,7196666667";"0,0";"90"
"PIONEROS";"02735";"2025-01-13 23:38:00";"-49,2996666667";"-67,7196666667";"0,0";"90"
"PIONEROS";"02735";"2025-01-13 23:43:00";"-49,2996666667";"-67,7196666667";"0,0";"0"
"PIONEROS";"02735";"2025-01-13 23:52:00";"-49,2996666667";"-67,7196666667";"0,0";"0"
"PIONEROS";"02735";"2025-01-14 00:07:00";"-49,2996666667";"-67,7196666667";"0,0";"0"
"PIONEROS";"02735";"2025-01-14 00:22:00";"-49,2996666667";"-67,7196666667";"0,0";"0"
"PIONEROS";"02735";"2025-01-14 00:37:00";"-49,2996666667";"-67,7196666667";"0,0";"0"
"PIONEROS";"02735";"2025-01-14 00:47:00";"-49,2996666667";"-67,7196666667";"0,0";"0"
"PIONEROS";"02735";"2025-01-14 01:02:00";"-49,2996666667";"-67,7196666667";"0,0";"0"
"PIONEROS";"02735";"2025-01-14 01:17:00";"-49,2996666667";"-67,7196666667";"0,0";"0"
"PIONEROS";"02735";"2025-01-14 01:32:00";"-49,2996666667";"-67,7196666667";"0,0";"0"
"PIONEROS";"02735";"2025-01-14 01:47:00";"-49,2996666667";"-67,7196666667";"0,0";"0"
"PIONEROS";"02735";"2025-01-14 02:03:00";"-49,2996666667";"-67,7196666667";"0,0";"0"
"PIONEROS";"02735";"2025-01-14 02:18:00";"-49,2996666667";"-67,7196666667";"0,0";"0"
"PIONEROS";"02735";"2025-01-14 02:33:00";"-49,2996666667";"-67,7196666667";"0,0";"0"
"PIONEROS";"02735";"2025-01-14 02:48:00";"-49,2996666667";"-67,7196666667";"0,0";"0"
"PIONEROS";"02735";"2025-01-14 03:03:00";"-49,2996666667";"-67,7196666667";"0,0";"0"
"PIONEROS";"02735";"2025-01-14 03:18:00";"-49,2996666667";"-67,7196666667";"0,0";"0"
"PIONEROS";"02735";"2025-01-14 03:33:00";"-49,2996666667";"-67,7196666667";"0,0";"0"
"PIONEROS";"02735";"2025-01-14 03:48:00";"-49,2996666667";"-67,7196666667";"0,0";"0"
"PIONEROS";"02735";"2025-01-14 04:03:00";"-49,2996666667";"-67,7196666667";"0,0";"0"
"PIONEROS";"02735";"2025-01-14 04:18:00";"-49,2996666667";"-67,7196666667";"0,0";"0"
"PIONEROS";"02735";"2025-01-14 04:33:00";"-49,2996666667";"-67,7196666667";"0,0";"0"
"PIONEROS";"02735";"2025-01-14 04:48:00";"-49,2996666667";"-67,7196666667";"0,0";"0"
"PIONEROS";"02735";"2025-01-14 05:03:00";"-49,2996666667";"-67,7196666667";"0,0";"0"
"PIONEROS";"02735";"2025-01-14 05:18:00";"-49,2996666667";"-67,7196666667";"0,0";"0"
"PIONEROS";"02735";"2025-01-14 05:33:00";"-49,2996666667";"-67,7196666667";"0,0";"0"
"PIONEROS";"02735";"2025-01-14 05:48:00";"-49,2996666667";"-67,7196666667";"0,0";"0"
"PIONEROS";"02735";"2025-01-14 06:03:00";"-49,2996666667";"-67,7196666667";"0,0";"0"
"PIONEROS";"02735";"2025-01-14 06:18:00";"-49,2996666667";"-67,7196666667";"0,0";"190"
"PIONEROS";"02735";"2025-01-14 06:33:00";"-49,2996666667";"-67,7196666667";"0,0";"190"
"PIONEROS";"02735";"2025-01-14 06:48:00";"-49,2996666667";"-67,7196666667";"0,0";"190"
"PIONEROS";"02735";"2025-01-14 07:03:00";"-49,2996666667";"-67,7196666667";"0,0";"190"
"PIONEROS";"02735";"2025-01-14 07:18:00";"-49,2996666667";"-67,7196666667";"0,0";"190"
"PIONEROS";"02735";"2025-01-14 07:33:00";"-49,2996666667";"-67,7196666667";"0,0";"190"
"PIONEROS";"02735";"2025-01-14 07:48:00";"-49,2996666667";"-67,7196666667";"0,0";"190"
"PIONEROS";"02735";"2025-01-14 08:03:00";"-49,2996666667";"-67,7196666667";"0,0";"190"
"PIONEROS";"02735";"2025-01-14 08:18:00";"-49,2996666667";"-67,7196666667";"0,0";"190"
"PIONEROS";"02735";"2025-01-14 08:33:00";"-49,2996666667";"-67,7196666667";"0,0";"190"
"PIONEROS";"02735";"2025-01-14 08:48:00";"-49,2996666667";"-67,7196666667";"0,0";"190"
"PIONEROS";"02735";"2025-01-14 09:03:00";"-49,2996666667";"-67,7196666667";"0,0";"190"
"PIONEROS";"02735";"2025-01-14 09:18:00";"-49,2996666667";"-67,7196666667";"0,0";"190"
"PIONEROS";"02735";"2025-01-14 09:33:00";"-49,2996666667";"-67,7196666667";"0,0";"190"
"PIONEROS";"02735";"2025-01-14 09:48:00";"-49,2996666667";"-67,7196666667";"0,0";"190"
"PIONEROS";"02735";"2025-01-14 10:03:00";"-49,2996666667";"-67,7196666667";"0,0";"190"
"PIONEROS";"02735";"2025-01-14 10:18:00";"-49,2996666667";"-67,7196666667";"0,0";"190"
"PIONEROS";"02735";"2025-01-14 10:33:00";"-49,2996666667";"-67,7196666667";"0,0";"190"
"PIONEROS";"02735";"2025-01-14 10:48:00";"-49,2996666667";"-67,7196666667";"0,0";"190"
"PIONEROS";"02735";"2025-01-14 11:03:00";"-49,2996666667";"-67,7196666667";"0,0";"190"
"PIONEROS";"02735";"2025-01-14 11:18:00";"-49,2996666667";"-67,7196666667";"0,0";"190"
"PIONEROS";"02735";"2025-01-14 11:33:00";"-49,2996666667";"-67,7196666667";"0,0";"190"
"PIONEROS";"02735";"2025-01-14 11:48:00";"-49,2996666667";"-67,7196666667";"0,0";"190"
"PIONEROS";"02735";"2025-01-14 18:03:00";"-49,1521666667";"-67,1183333333";"8,1";"235"
"PIONEROS";"02735";"2025-01-14 18:18:00";"-49,1721666667";"-67,1625";"8,6";"235"
"PIONEROS";"02735";"2025-01-14 18:33:00";"-49,1833333333";"-67,1845";"0,5";"230"
"PIONEROS";"02735";"2025-01-14 18:48:00";"-49,1875";"-67,1883333333";"1,6";"170"
"PIONEROS";"02735";"2025-01-14 19:03:00";"-49,192";"-67,1916666667";"0,5";"225"
"PIONEROS";"02735";"2025-01-14 19:18:00";"-49,1961666667";"-67,1938333333";"1,6";"170"
"PIONEROS";"02735";"2025-01-14 19:33:00";"-49,2038333333";"-67,2058333333";"8,6";"235"
"PIONEROS";"02735";"2025-01-14 19:48:00";"-49,2";"-67,21";"1,6";"350"
"PIONEROS";"02735";"2025-01-14 20:03:00";"-49,1941666667";"-67,2071666667";"1,1";"35"
"PIONEROS";"02735";"2025-01-14 20:18:00";"-49,188";"-67,2038333333";"2,7";"335"
"PIONEROS";"02735";"2025-01-14 20:33:00";"-49,1833333333";"-67,2011666667";"0,5";"245"
"PIONEROS";"02735";"2025-01-14 20:48:00";"-49,2005";"-67,1975";"9,7";"165"
"PIONEROS";"02735";"2025-01-14 21:03:00";"-49,2408333333";"-67,1908333333";"9,7";"180"
"PIONEROS";"02735";"2025-01-14 21:18:00";"-49,2813333333";"-67,185";"9,7";"170"
"PIONEROS";"02735";"2025-01-14 21:33:00";"-49,3063333333";"-67,1796666667";"0,5";"70"
"PIONEROS";"02735";"2025-01-14 21:48:00";"-49,3095";"-67,1805";"0,0";"200"
"PIONEROS";"02735";"2025-01-14 22:03:00";"-49,312";"-67,1828333333";"0,5";"220"
"PIONEROS";"02735";"2025-01-14 22:18:00";"-49,3171666667";"-67,1855";"1,1";"205"
"PIONEROS";"02735";"2025-01-14 22:33:00";"-49,3216666667";"-67,1878333333";"1,6";"205"
"PIONEROS";"02735";"2025-01-14 22:48:00";"-49,3475";"-67,1795";"9,2";"150"
"PIONEROS";"02735";"2025-01-14 23:03:00";"-49,3558333333";"-67,1725";"3,2";"115"
"PIONEROS";"02735";"2025-01-14 23:18:00";"-49,3603333333";"-67,1741666667";"0,5";"195"
"PIONEROS";"02735";"2025-01-14 23:33:00";"-49,365";"-67,1755";"1,1";"15"
"PIONEROS";"02735";"2025-01-14 23:48:00";"-49,3691666667";"-67,1753333333";"2,2";"155"
"PIONEROS";"02735";"2025-01-15 00:03:00";"-49,3746666667";"-67,1766666667";"1,1";"205"
"PIONEROS";"02735";"2025-01-15 00:18:00";"-49,3661666667";"-67,1946666667";"8,6";"335"
"PIONEROS";"02735";"2025-01-15 00:33:00";"-49,3383333333";"-67,2328333333";"9,2";"295"
"PIONEROS";"02735";"2025-01-15 00:48:00";"-49,3196666667";"-67,2858333333";"9,2";"300"
"PIONEROS";"02735";"2025-01-15 01:03:00";"-49,302";"-67,338";"8,6";"295"
"PIONEROS";"02735";"2025-01-15 01:18:00";"-49,2846666667";"-67,3888333333";"8,6";"295"
"PIONEROS";"02735";"2025-01-15 01:33:00";"-49,2675";"-67,4405";"8,6";"290"
"PIONEROS";"02735";"2025-01-15 01:48:00";"-49,2496666667";"-67,4916666667";"9,2";"290"
"PIONEROS";"02735";"2025-01-15 02:03:00";"-49,2321666667";"-67,5446666667";"9,2";"300"
"PIONEROS";"02735";"2025-01-15 02:18:00";"-49,2178333333";"-67,6005";"8,6";"265"
"PIONEROS";"02735";"2025-01-15 02:33:00";"-49,24";"-67,6508333333";"10,8";"235"
"PIONEROS";"02735";"2025-01-15 02:48:00";"-49,2795";"-67,693";"11,3";"205"
"PIONEROS";"02735";"2025-01-15 03:03:00";"-49,2991666667";"-67,7211666667";"1,1";"180"
"PIONEROS";"02735";"2025-01-15 03:18:00";"-49,2996666667";"-67,7203333333";"0,0";"230"
"PIONEROS";"02735";"2025-01-15 03:34:00";"-49,2996666667";"-67,7203333333";"0,0";"0"
"PIONEROS";"02735";"2025-01-15 03:49:00";"-49,2996666667";"-67,7203333333";"0,0";"0"
"PIONEROS";"02735";"2025-01-15 04:04:00";"-49,2996666667";"-67,7203333333";"0,0";"0"
"PIONEROS";"02735";"2025-01-15 04:19:00";"-49,2996666667";"-67,7203333333";"0,0";"20"
"PIONEROS";"02735";"2025-01-15 04:34:00";"-49,2996666667";"-67,7203333333";"0,0";"20"
"PIONEROS";"02735";"2025-01-15 04:49:00";"-49,2996666667";"-67,7203333333";"0,0";"20"
"PIONEROS";"02735";"2025-01-15 05:04:00";"-49,2996666667";"-67,7203333333";"0,0";"20"
"PIONEROS";"02735";"2025-01-15 05:19:00";"-49,2996666667";"-67,7203333333";"0,0";"20"
"PIONEROS";"02735";"2025-01-15 05:34:00";"-49,2996666667";"-67,7203333333";"0,0";"20"
"PIONEROS";"02735";"2025-01-15 05:49:00";"-49,2996666667";"-67,7203333333";"0,0";"20"
"PIONEROS";"02735";"2025-01-15 06:04:00";"-49,2996666667";"-67,7203333333";"0,0";"20"
"PIONEROS";"02735";"2025-01-15 06:19:00";"-49,2996666667";"-67,7203333333";"0,0";"20"
"PIONEROS";"02735";"2025-01-15 06:34:00";"-49,2996666667";"-67,7203333333";"0,0";"20"
"PIONEROS";"02735";"2025-01-15 06:49:00";"-49,2996666667";"-67,7203333333";"0,0";"20"
"PIONEROS";"02735";"2025-01-15 07:04:00";"-49,2996666667";"-67,7203333333";"0,0";"20"
"PIONEROS";"02735";"2025-01-15 07:19:00";"-49,2996666667";"-67,7203333333";"0,0";"20"
"PIONEROS";"02735";"2025-01-15 07:34:00";"-49,2996666667";"-67,7203333333";"0,0";"20"
"PIONEROS";"02735";"2025-01-15 07:49:00";"-49,2996666667";"-67,7203333333";"0,0";"20"
"PIONEROS";"02735";"2025-01-15 08:04:00";"-49,2996666667";"-67,7203333333";"0,0";"20"
"PIONEROS";"02735";"2025-01-15 08:19:00";"-49,2996666667";"-67,7203333333";"0,0";"20"
"PIONEROS";"02735";"2025-01-15 08:34:00";"-49,2996666667";"-67,7203333333";"0,0";"20"
"PIONEROS";"02735";"2025-01-15 08:49:00";"-49,2996666667";"-67,7203333333";"0,0";"20"
"PIONEROS";"02735";"2025-01-15 09:04:00";"-49,2996666667";"-67,7203333333";"0,0";"20"
"PIONEROS";"02735";"2025-01-15 09:19:00";"-49,2996666667";"-67,7203333333";"0,0";"20"
"PIONEROS";"02735";"2025-01-15 09:34:00";"-49,2996666667";"-67,7203333333";"0,0";"20"
"PIONEROS";"02735";"2025-01-15 09:49:00";"-49,2996666667";"-67,7203333333";"0,0";"20"
"PIONEROS";"02735";"2025-01-15 10:04:00";"-49,2996666667";"-67,7203333333";"0,0";"290"
"PIONEROS";"02735";"2025-01-15 10:19:00";"-49,2996666667";"-67,7203333333";"0,0";"290"
"PIONEROS";"02735";"2025-01-15 10:34:00";"-49,2996666667";"-67,7203333333";"0,0";"290"
"PIONEROS";"02735";"2025-01-15 10:49:00";"-49,2996666667";"-67,7203333333";"0,0";"290"
"PIONEROS";"02735";"2025-01-15 11:04:00";"-49,2996666667";"-67,7203333333";"0,0";"290"
"PIONEROS";"02735";"2025-01-15 11:19:00";"-49,2996666667";"-67,7203333333";"0,0";"290"
"PIONEROS";"02735";"2025-01-15 11:34:00";"-49,2996666667";"-67,7203333333";"0,0";"290"
"PIONEROS";"02735";"2025-01-15 11:49:00";"-49,2996666667";"-67,7203333333";"0,0";"290"
"PIONEROS";"02735";"2025-01-15 12:04:00";"-49,2996666667";"-67,7203333333";"0,0";"290"
"PIONEROS";"02735";"2025-01-15 12:19:00";"-49,2996666667";"-67,7203333333";"0,0";"290"
"PIONEROS";"02735";"2025-01-15 12:34:00";"-49,2996666667";"-67,7203333333";"0,0";"10"
"PIONEROS";"02735";"2025-01-15 12:49:00";"-49,2996666667";"-67,7203333333";"0,0";"10"
"PIONEROS";"02735";"2025-01-15 13:04:00";"-49,2996666667";"-67,7203333333";"0,0";"10"
"PIONEROS";"02735";"2025-01-15 13:19:00";"-49,2996666667";"-67,7203333333";"0,0";"10"
"PIONEROS";"02735";"2025-01-15 13:34:00";"-49,2996666667";"-67,7203333333";"0,0";"10"
"PIONEROS";"02735";"2025-01-15 13:49:00";"-49,2996666667";"-67,7203333333";"0,0";"10"
"PIONEROS";"02735";"2025-01-15 14:04:00";"-49,2996666667";"-67,7203333333";"0,0";"10"
"PIONEROS";"02735";"2025-01-15 14:19:00";"-49,2996666667";"-67,7203333333";"0,0";"10"
"PIONEROS";"02735";"2025-01-15 14:34:00";"-49,2996666667";"-67,7203333333";"0,0";"10"
"PIONEROS";"02735";"2025-01-15 14:49:00";"-49,2996666667";"-67,7203333333";"0,0";"10"
"PIONEROS";"02735";"2025-01-15 15:04:00";"-49,2996666667";"-67,7203333333";"0,0";"10"
"PIONEROS";"02735";"2025-01-15 15:19:00";"-49,2996666667";"-67,7203333333";"0,0";"20"
"PIONEROS";"02735";"2025-01-15 15:34:00";"-49,2996666667";"-67,7203333333";"0,0";"20"
"PIONEROS";"02735";"2025-01-15 15:49:00";"-49,2996666667";"-67,7203333333";"0,0";"15"
"PIONEROS";"02735";"2025-01-15 16:04:00";"-49,2996666667";"-67,7203333333";"0,0";"15"
"PIONEROS";"02735";"2025-01-15 16:19:00";"-49,2996666667";"-67,7203333333";"0,0";"15"
"PIONEROS";"02735";"2025-01-15 16:34:00";"-49,2996666667";"-67,7203333333";"0,0";"15"
"PIONEROS";"02735";"2025-01-15 16:49:00";"-49,2995";"-67,7196666667";"3,8";"50"
"PIONEROS";"02735";"2025-01-15 17:04:00";"-49,2655";"-67,6833333333";"11,3";"20"
"PIONEROS";"02735";"2025-01-15 17:19:00";"-49,232";"-67,6341666667";"9,2";"50"
"PIONEROS";"02735";"2025-01-15 17:34:00";"-49,2116666667";"-67,5866666667";"8,1";"115"
"PIONEROS";"02735";"2025-01-15 17:49:00";"-49,2386666667";"-67,56";"7,6";"150"
"PIONEROS";"02735";"2025-01-15 18:04:00";"-49,2705";"-67,5438333333";"7,6";"160"
"PIONEROS";"02735";"2025-01-15 18:19:00";"-49,3021666667";"-67,5275";"7,6";"160"
"PIONEROS";"02735";"2025-01-15 18:34:00";"-49,3338333333";"-67,5108333333";"7,6";"155"
"PIONEROS";"02735";"2025-01-15 18:49:00";"-49,3646666667";"-67,4945";"7,6";"165"
"PIONEROS";"02735";"2025-01-15 19:04:00";"-49,3961666667";"-67,4788333333";"7,6";"160"
"PIONEROS";"02735";"2025-01-15 19:19:00";"-49,4278333333";"-67,46";"8,6";"150"
"PIONEROS";"02735";"2025-01-15 19:34:00";"-49,4605";"-67,442";"8,6";"150"
"PIONEROS";"02735";"2025-01-15 19:49:00";"-49,4946666667";"-67,4241666667";"8,6";"170"
"PIONEROS";"02735";"2025-01-15 20:04:00";"-49,5291666667";"-67,4071666667";"8,1";"160"
"PIONEROS";"02735";"2025-01-15 20:19:00";"-49,5633333333";"-67,3895";"8,1";"165"
"PIONEROS";"02735";"2025-01-15 20:34:00";"-49,5975";"-67,3696666667";"9,2";"160"
"PIONEROS";"02735";"2025-01-15 20:49:00";"-49,633";"-67,3513333333";"9,2";"155"
"PIONEROS";"02735";"2025-01-15 21:04:00";"-49,6688333333";"-67,3328333333";"8,1";"155"
"PIONEROS";"02735";"2025-01-15 21:19:00";"-49,7058333333";"-67,3125";"10,3";"155"
"PIONEROS";"02735";"2025-01-15 21:34:00";"-49,7138333333";"-67,293";"0,5";"225"
"PIONEROS";"02735";"2025-01-15 21:49:00";"-49,7208333333";"-67,2961666667";"1,1";"190"
"PIONEROS";"02735";"2025-01-15 22:04:00";"-49,7278333333";"-67,2983333333";"1,6";"205"
"PIONEROS";"02735";"2025-01-15 22:19:00";"-49,7346666667";"-67,3005";"1,6";"195"
"PIONEROS";"02735";"2025-01-15 22:34:00";"-49,743";"-67,3086666667";"0,0";"315"
"PIONEROS";"02735";"2025-01-15 22:49:00";"-49,7471666667";"-67,3091666667";"1,6";"210"
"PIONEROS";"02735";"2025-01-15 23:04:00";"-49,7528333333";"-67,31";"1,1";"195"
"PIONEROS";"02735";"2025-01-15 23:19:00";"-49,7586666667";"-67,3108333333";"0,5";"180"
"PIONEROS";"02735";"2025-01-15 23:34:00";"-49,7646666667";"-67,3113333333";"2,2";"190"
"PIONEROS";"02735";"2025-01-15 23:49:00";"-49,7671666667";"-67,3063333333";"8,1";"60"
"PIONEROS";"02735";"2025-01-16 00:04:00";"-49,7596666667";"-67,2916666667";"1,1";"335"
"PIONEROS";"02735";"2025-01-16 00:19:00";"-49,7553333333";"-67,2888333333";"1,1";"5"
"PIONEROS";"02735";"2025-01-16 00:34:00";"-49,75";"-67,2855";"1,1";"30"
"PIONEROS";"02735";"2025-01-16 00:49:00";"-49,747";"-67,2845";"0,5";"25"
"PIONEROS";"02735";"2025-01-16 01:04:00";"-49,7533333333";"-67,2638333333";"4,3";"100"
"PIONEROS";"02735";"2025-01-16 01:19:00";"-49,7566666667";"-67,2633333333";"2,7";"35"
"PIONEROS";"02735";"2025-01-16 01:34:00";"-49,7571666667";"-67,263";"1,1";"5"
"PIONEROS";"02735";"2025-01-16 01:49:00";"-49,7578333333";"-67,2645";"2,2";"210"
"PIONEROS";"02735";"2025-01-16 02:04:00";"-49,7633333333";"-67,2696666667";"0,5";"230"
"PIONEROS";"02735";"2025-01-16 02:19:00";"-49,7686666667";"-67,2745";"0,5";"210"
"PIONEROS";"02735";"2025-01-16 02:34:00";"-49,7713333333";"-67,2766666667";"1,1";"40"
"PIONEROS";"02735";"2025-01-16 02:49:00";"-49,7461666667";"-67,2466666667";"9,7";"35"
"PIONEROS";"02735";"2025-01-16 03:04:00";"-49,7313333333";"-67,2305";"2,2";"220"
"PIONEROS";"02735";"2025-01-16 03:19:00";"-49,7366666667";"-67,2338333333";"1,1";"190"
"PIONEROS";"02735";"2025-01-16 03:34:00";"-49,742";"-67,2375";"1,1";"200"
"PIONEROS";"02735";"2025-01-16 03:49:00";"-49,747";"-67,2405";"1,1";"220"
"PIONEROS";"02735";"2025-01-16 04:04:00";"-49,7513333333";"-67,2433333333";"0,5";"205"
"PIONEROS";"02735";"2025-01-16 04:19:00";"-49,7496666667";"-67,2391666667";"2,7";"95"
"PIONEROS";"02735";"2025-01-16 04:34:00";"-49,7213333333";"-67,2253333333";"7,0";"10"
"PIONEROS";"02735";"2025-01-16 04:49:00";"-49,6908333333";"-67,2241666667";"6,5";"0"
"PIONEROS";"02735";"2025-01-16 05:04:00";"-49,6605";"-67,225";"7,0";"355"
"PIONEROS";"02735";"2025-01-16 05:19:00";"-49,6296666667";"-67,2255";"7,6";"355"
"PIONEROS";"02735";"2025-01-16 05:34:00";"-49,5986666667";"-67,2263333333";"7,6";"350"
"PIONEROS";"02735";"2025-01-16 05:49:00";"-49,567";"-67,2278333333";"7,0";"350"
"PIONEROS";"02735";"2025-01-16 06:04:00";"-49,5361666667";"-67,2255";"7,6";"5"
"PIONEROS";"02735";"2025-01-16 06:19:00";"-49,5053333333";"-67,2258333333";"7,0";"355"
"PIONEROS";"02735";"2025-01-16 06:34:00";"-49,4746666667";"-67,2263333333";"7,0";"355"
"PIONEROS";"02735";"2025-01-16 06:49:00";"-49,4408333333";"-67,227";"8,6";"0"
"PIONEROS";"02735";"2025-01-16 07:04:00";"-49,4066666667";"-67,2263333333";"8,1";"355"
"PIONEROS";"02735";"2025-01-16 07:19:00";"-49,3728333333";"-67,2255";"8,6";"0"
"PIONEROS";"02735";"2025-01-16 07:34:00";"-49,34";"-67,2245";"7,6";"0"
"PIONEROS";"02735";"2025-01-16 07:49:00";"-49,3075";"-67,2245";"7,0";"355"
"PIONEROS";"02735";"2025-01-16 08:04:00";"-49,2758333333";"-67,2233333333";"7,6";"5"
"PIONEROS";"02735";"2025-01-16 08:19:00";"-49,2453333333";"-67,2228333333";"5,9";"0"
"PIONEROS";"02735";"2025-01-16 08:34:00";"-49,2275";"-67,2436666667";"6,5";"285"
"PIONEROS";"02735";"2025-01-16 08:49:00";"-49,225";"-67,2861666667";"6,5";"270"
"PIONEROS";"02735";"2025-01-16 09:04:00";"-49,2236666667";"-67,33";"6,5";"260"
"PIONEROS";"02735";"2025-01-16 09:19:00";"-49,2216666667";"-67,3738333333";"6,5";"280"
"PIONEROS";"02735";"2025-01-16 09:34:00";"-49,2195";"-67,4178333333";"7,0";"275"
"PIONEROS";"02735";"2025-01-16 09:49:00";"-49,2175";"-67,4616666667";"6,5";"270"
"PIONEROS";"02735";"2025-01-16 10:04:00";"-49,2146666667";"-67,5053333333";"6,5";"275"
"PIONEROS";"02735";"2025-01-16 10:19:00";"-49,2121666667";"-67,5475";"5,9";"270"
"PIONEROS";"02735";"2025-01-16 10:34:00";"-49,2163333333";"-67,5646666667";"1,1";"145"
"PIONEROS";"02735";"2025-01-16 10:49:00";"-49,2203333333";"-67,5566666667";"1,6";"135"
"PIONEROS";"02735";"2025-01-16 11:04:00";"-49,2241666667";"-67,5495";"1,6";"120"
"PIONEROS";"02735";"2025-01-16 11:19:00";"-49,2178333333";"-67,5513333333";"6,5";"335"
"PIONEROS";"02735";"2025-01-16 11:34:00";"-49,2";"-67,5833333333";"6,5";"300"
"PIONEROS";"02735";"2025-01-16 11:49:00";"-49,2061666667";"-67,5886666667";"1,1";"160"
"PIONEROS";"02735";"2025-01-16 12:04:00";"-49,2096666667";"-67,5845";"0,0";"185"
"PIONEROS";"02735";"2025-01-16 12:19:00";"-49,2128333333";"-67,5808333333";"0,0";"170"
"PIONEROS";"02735";"2025-01-16 12:34:00";"-49,2153333333";"-67,5775";"0,5";"120"
"PIONEROS";"02735";"2025-01-16 12:49:00";"-49,2171666667";"-67,5741666667";"0,5";"90"
"PIONEROS";"02735";"2025-01-16 13:04:00";"-49,2188333333";"-67,5713333333";"0,0";"110"
"PIONEROS";"02735";"2025-01-16 13:19:00";"-49,22";"-67,5688333333";"0,0";"100"
"PIONEROS";"02735";"2025-01-16 13:34:00";"-49,2203333333";"-67,5671666667";"0,0";"115"
"PIONEROS";"02735";"2025-01-16 13:49:00";"-49,22";"-67,5671666667";"2,2";"345"
"PIONEROS";"02735";"2025-01-16 14:04:00";"-49,2136666667";"-67,5925";"5,9";"250"
"PIONEROS";"02735";"2025-01-16 14:19:00";"-49,2295";"-67,6286666667";"9,2";"230"
"PIONEROS";"02735";"2025-01-16 14:34:00";"-49,2595";"-67,6795";"11,3";"200"
"PIONEROS";"02735";"2025-01-16 14:49:00";"-49,2958333333";"-67,718";"3,8";"235"
"PIONEROS";"02735";"2025-01-16 15:04:00";"-49,2996666667";"-67,7203333333";"0,0";"275"
"PIONEROS";"02735";"2025-01-16 15:19:00";"-49,2996666667";"-67,7203333333";"0,0";"0"
"PIONEROS";"02735";"2025-01-16 15:34:00";"-49,2996666667";"-67,7203333333";"0,0";"0"
"PIONEROS";"02735";"2025-01-16 15:49:00";"-49,2996666667";"-67,7203333333";"0,0";"0"
"PIONEROS";"02735";"2025-01-16 16:04:00";"-49,2996666667";"-67,7203333333";"0,0";"10"
"PIONEROS";"02735";"2025-01-16 16:19:00";"-49,2996666667";"-67,7203333333";"0,0";"10"
"PIONEROS";"02735";"2025-01-16 16:34:00";"-49,2996666667";"-67,7203333333";"0,0";"10"
"PIONEROS";"02735";"2025-01-16 16:49:00";"-49,2996666667";"-67,7203333333";"0,0";"10"
"PIONEROS";"02735";"2025-01-16 17:04:00";"-49,2996666667";"-67,7203333333";"0,0";"10"
"PIONEROS";"02735";"2025-01-16 17:19:00";"-49,2996666667";"-67,7203333333";"0,0";"10"
"PIONEROS";"02735";"2025-01-16 17:34:00";"-49,2996666667";"-67,7203333333";"0,0";"10"
"PIONEROS";"02735";"2025-01-16 17:49:00";"-49,2996666667";"-67,7203333333";"0,0";"10"
"PIONEROS";"02735";"2025-01-16 18:04:00";"-49,2996666667";"-67,7203333333";"0,0";"10"
"PIONEROS";"02735";"2025-01-16 18:19:00";"-49,2996666667";"-67,7203333333";"0,0";"10"
"PIONEROS";"02735";"2025-01-16 18:34:00";"-49,2996666667";"-67,7203333333";"0,0";"10"
"PIONEROS";"02735";"2025-01-16 18:49:00";"-49,2996666667";"-67,7203333333";"0,0";"10"
"PIONEROS";"02735";"2025-01-16 19:04:00";"-49,2996666667";"-67,7203333333";"0,0";"10"
"PIONEROS";"02735";"2025-01-16 19:19:00";"-49,2996666667";"-67,7203333333";"0,0";"10"
"PIONEROS";"02735";"2025-01-16 19:34:00";"-49,2996666667";"-67,7203333333";"0,0";"10"
"PIONEROS";"02735";"2025-01-16 19:49:00";"-49,2996666667";"-67,7203333333";"0,0";"10"
"PIONEROS";"02735";"2025-01-16 20:04:00";"-49,2996666667";"-67,7203333333";"0,0";"10"
"PIONEROS";"02735";"2025-01-16 20:19:00";"-49,2996666667";"-67,7203333333";"0,0";"235"
"PIONEROS";"02735";"2025-01-16 20:34:00";"-49,2996666667";"-67,7203333333";"0,0";"235"
"PIONEROS";"02735";"2025-01-16 20:49:00";"-49,2996666667";"-67,7203333333";"0,0";"235"
"PIONEROS";"02735";"2025-01-16 21:04:00";"-49,2996666667";"-67,7203333333";"0,0";"235"
"PIONEROS";"02735";"2025-01-16 21:19:00";"-49,2996666667";"-67,7203333333";"0,0";"235"
"PIONEROS";"02735";"2025-01-16 21:34:00";"-49,2996666667";"-67,7203333333";"0,0";"235"
"PIONEROS";"02735";"2025-01-16 21:49:00";"-49,2996666667";"-67,7203333333";"0,0";"235"
"PIONEROS";"02735";"2025-01-16 22:04:00";"-49,2996666667";"-67,7203333333";"0,0";"235"
"PIONEROS";"02735";"2025-01-16 22:19:00";"-49,2996666667";"-67,7203333333";"0,0";"235"
"PIONEROS";"02735";"2025-01-16 22:34:00";"-49,2996666667";"-67,7203333333";"0,0";"235"
"PIONEROS";"02735";"2025-01-16 22:49:00";"-49,2996666667";"-67,7203333333";"0,0";"235"
"PIONEROS";"02735";"2025-01-16 23:04:00";"-49,2996666667";"-67,7203333333";"0,0";"235"
"PIONEROS";"02735";"2025-01-16 23:19:00";"-49,2996666667";"-67,7203333333";"0,0";"235"
"PIONEROS";"02735";"2025-01-16 23:34:00";"-49,2996666667";"-67,7203333333";"0,0";"235"
"PIONEROS";"02735";"2025-01-16 23:49:00";"-49,2996666667";"-67,7203333333";"0,0";"235"
"PIONEROS";"02735";"2025-01-17 00:04:00";"-49,2996666667";"-67,7203333333";"0,0";"235"
"PIONEROS";"02735";"2025-01-17 00:19:00";"-49,2996666667";"-67,7203333333";"0,0";"235"
"PIONEROS";"02735";"2025-01-17 00:34:00";"-49,2996666667";"-67,7203333333";"0,0";"235"
"PIONEROS";"02735";"2025-01-17 00:49:00";"-49,2996666667";"-67,7203333333";"0,0";"235"
"PIONEROS";"02735";"2025-01-17 01:04:00";"-49,2996666667";"-67,7203333333";"0,0";"235"
"PIONEROS";"02735";"2025-01-17 01:19:00";"-49,2996666667";"-67,7203333333";"0,0";"235"
"PIONEROS";"02735";"2025-01-17 01:34:00";"-49,2996666667";"-67,7203333333";"0,0";"235"
"PIONEROS";"02735";"2025-01-17 01:49:00";"-49,2996666667";"-67,7203333333";"0,0";"235"
"PIONEROS";"02735";"2025-01-17 02:04:00";"-49,2996666667";"-67,7203333333";"0,0";"235"
"PIONEROS";"02735";"2025-01-17 02:19:00";"-49,2996666667";"-67,7203333333";"0,0";"235"
"PIONEROS";"02735";"2025-01-17 02:34:00";"-49,2996666667";"-67,7203333333";"0,0";"235"
"PIONEROS";"02735";"2025-01-17 02:36:00";"-49,2996666667";"-67,7203333333";"0,0";"0"
"PIONEROS";"02735";"2025-01-17 02:51:00";"-49,2996666667";"-67,7203333333";"0,0";"0"
"PIONEROS";"02735";"2025-01-17 03:06:00";"-49,2996666667";"-67,7203333333";"0,0";"0"
"PIONEROS";"02735";"2025-01-17 03:21:00";"-49,2961666667";"-67,7166666667";"7,0";"35"
"PIONEROS";"02735";"2025-01-17 03:36:00";"-49,278";"-67,6916666667";"5,9";"20"
"PIONEROS";"02735";"2025-01-17 03:51:00";"-49,2553333333";"-67,6771666667";"5,4";"30"
"PIONEROS";"02735";"2025-01-17 04:06:00";"-49,2388333333";"-67,6483333333";"6,5";"50"
"PIONEROS";"02735";"2025-01-17 04:21:00";"-49,2183333333";"-67,6088333333";"8,6";"50"
"PIONEROS";"02735";"2025-01-17 04:36:00";"-49,2258333333";"-67,5625";"7,6";"140"
"PIONEROS";"02735";"2025-01-17 04:51:00";"-49,2505";"-67,528";"8,1";"130"
"PIONEROS";"02735";"2025-01-17 05:06:00";"-49,2745";"-67,4908333333";"7,6";"135"
"PIONEROS";"02735";"2025-01-17 05:21:00";"-49,2988333333";"-67,4536666667";"8,1";"135"
"PIONEROS";"02735";"2025-01-17 05:36:00";"-49,3238333333";"-67,4178333333";"8,1";"140"
"PIONEROS";"02735";"2025-01-17 05:51:00";"-49,3491666667";"-67,3805";"8,1";"135"
"PIONEROS";"02735";"2025-01-17 06:06:00";"-49,3741666667";"-67,3433333333";"8,1";"135"
"PIONEROS";"02735";"2025-01-17 06:21:00";"-49,3988333333";"-67,3063333333";"8,6";"135"
"PIONEROS";"02735";"2025-01-17 06:36:00";"-49,4241666667";"-67,2675";"8,6";"130"
"PIONEROS";"02735";"2025-01-17 06:51:00";"-49,4496666667";"-67,2296666667";"7,6";"140"
"PIONEROS";"02735";"2025-01-17 07:06:00";"-49,4763333333";"-67,1933333333";"8,6";"135"
"PIONEROS";"02735";"2025-01-17 07:21:00";"-49,5028333333";"-67,1555";"8,6";"150"
"PIONEROS";"02735";"2025-01-17 07:36:00";"-49,515";"-67,1488333333";"0,0";"285"
"PIONEROS";"02735";"2025-01-17 07:51:00";"-49,5178333333";"-67,15";"0,5";"175"
"PIONEROS";"02735";"2025-01-17 08:06:00";"-49,5213333333";"-67,152";"0,0";"200"
"PIONEROS";"02735";"2025-01-17 08:21:00";"-49,5253333333";"-67,155";"0,5";"170"
"PIONEROS";"02735";"2025-01-17 08:36:00";"-49,5291666667";"-67,1578333333";"0,5";"180"
"PIONEROS";"02735";"2025-01-17 08:51:00";"-49,5305";"-67,1583333333";"1,1";"265"
"PIONEROS";"02735";"2025-01-17 09:06:00";"-49,4945";"-67,1646666667";"9,2";"355"
"PIONEROS";"02735";"2025-01-17 09:21:00";"-49,455";"-67,1658333333";"8,6";"0"
"PIONEROS";"02735";"2025-01-17 09:36:00";"-49,417";"-67,1663333333";"9,2";"355"
"PIONEROS";"02735";"2025-01-17 09:51:00";"-49,3795";"-67,1666666667";"9,2";"5"
"PIONEROS";"02735";"2025-01-17 10:06:00";"-49,3413333333";"-67,1678333333";"8,6";"355"
"PIONEROS";"02735";"2025-01-17 10:21:00";"-49,3038333333";"-67,1671666667";"8,6";"5"
"PIONEROS";"02735";"2025-01-17 10:36:00";"-49,2846666667";"-67,1655";"2,2";"75"
"PIONEROS";"02735";"2025-01-17 10:51:00";"-49,2875";"-67,1658333333";"0,0";"200"
"PIONEROS";"02735";"2025-01-17 11:06:00";"-49,2911666667";"-67,1683333333";"0,5";"195"
"PIONEROS";"02735";"2025-01-17 11:21:00";"-49,2945";"-67,17";"0,5";"180"
"PIONEROS";"02735";"2025-01-17 11:36:00";"-49,2971666667";"-67,1721666667";"1,1";"210"
"PIONEROS";"02735";"2025-01-17 11:51:00";"-49,3011666667";"-67,1753333333";"1,1";"165"
"PIONEROS";"02735";"2025-01-17 12:06:00";"-49,29";"-67,2211666667";"8,6";"290"
"PIONEROS";"02735";"2025-01-17 12:21:00";"-49,28";"-67,2775";"8,6";"285"
"PIONEROS";"02735";"2025-01-17 12:36:00";"-49,268";"-67,3328333333";"8,6";"285"
"PIONEROS";"02735";"2025-01-17 12:51:00";"-49,2555";"-67,3871666667";"8,6";"290"
"PIONEROS";"02735";"2025-01-17 13:06:00";"-49,243";"-67,4416666667";"8,6";"290"
"PIONEROS";"02735";"2025-01-17 13:21:00";"-49,2325";"-67,4955";"8,6";"285"
"PIONEROS";"02735";"2025-01-17 13:36:00";"-49,22";"-67,5488333333";"8,6";"285"
"PIONEROS";"02735";"2025-01-17 13:51:00";"-49,2146666667";"-67,5945";"1,6";"195"
"PIONEROS";"02735";"2025-01-17 14:06:00";"-49,1996666667";"-67,588";"5,4";"5"
"PIONEROS";"02735";"2025-01-17 14:21:00";"-49,2016666667";"-67,5883333333";"1,1";"90"
"PIONEROS";"02735";"2025-01-17 14:36:00";"-49,2136666667";"-67,5866666667";"1,1";"215"
"PIONEROS";"02735";"2025-01-17 14:51:00";"-49,2136666667";"-67,593";"0,0";"350"
"PIONEROS";"02735";"2025-01-17 15:06:00";"-49,228";"-67,6263333333";"9,2";"225"
"PIONEROS";"02735";"2025-01-17 15:21:00";"-49,2575";"-67,6788333333";"11,9";"200"
"PIONEROS";"02735";"2025-01-17 15:36:00";"-49,2953333333";"-67,7166666667";"5,9";"215"
"PIONEROS";"02735";"2025-01-17 15:51:00";"-49,2996666667";"-67,7203333333";"0,0";"210"
"PIONEROS";"02735";"2025-01-17 16:04:00";"-49,2996666667";"-67,7203333333";"0,0";"0"
"PIONEROS";"02735";"2025-01-17 16:19:00";"-49,2996666667";"-67,7203333333";"0,0";"0"
"PIONEROS";"02735";"2025-01-17 16:34:00";"-49,2996666667";"-67,7203333333";"0,0";"0"
"PIONEROS";"02735";"2025-01-17 16:49:00";"-49,2996666667";"-67,7203333333";"0,0";"0"
"PIONEROS";"02735";"2025-01-17 17:04:00";"-49,2996666667";"-67,7203333333";"0,0";"0"
"PIONEROS";"02735";"2025-01-17 17:19:00";"-49,2996666667";"-67,7203333333";"0,0";"200"
"PIONEROS";"02735";"2025-01-17 17:34:00";"-49,2996666667";"-67,7203333333";"0,0";"345"
"PIONEROS";"02735";"2025-01-17 17:49:00";"-49,2953333333";"-67,7158333333";"8,6";"30"
"PIONEROS";"02735";"2025-01-17 18:04:00";"-49,2636666667";"-67,682";"9,7";"15"
"PIONEROS";"02735";"2025-01-17 18:19:00";"-49,2333333333";"-67,6363333333";"10,3";"55"
"PIONEROS";"02735";"2025-01-17 18:34:00";"-49,2178333333";"-67,5863333333";"8,6";"90"
"PIONEROS";"02735";"2025-01-17 18:49:00";"-49,2441666667";"-67,5538333333";"8,1";"160"
"PIONEROS";"02735";"2025-01-17 19:04:00";"-49,2771666667";"-67,5358333333";"8,1";"160"
"PIONEROS";"02735";"2025-01-17 19:19:00";"-49,3086666667";"-67,517";"7,6";"155"
"PIONEROS";"02735";"2025-01-17 19:34:00";"-49,34";"-67,4983333333";"8,1";"165"
"PIONEROS";"02735";"2025-01-17 19:49:00";"-49,372";"-67,4795";"8,1";"155"
"PIONEROS";"02735";"2025-01-17 20:04:00";"-49,4036666667";"-67,46";"8,1";"155"
"PIONEROS";"02735";"2025-01-17 20:19:00";"-49,4353333333";"-67,442";"7,0";"165"
"PIONEROS";"02735";"2025-01-17 20:34:00";"-49,4663333333";"-67,4241666667";"8,1";"155"
"PIONEROS";"02735";"2025-01-17 20:49:00";"-49,4986666667";"-67,4058333333";"8,6";"160"
"PIONEROS";"02735";"2025-01-17 21:04:00";"-49,5325";"-67,3863333333";"8,1";"165"
"PIONEROS";"02735";"2025-01-17 21:19:00";"-49,567";"-67,3646666667";"8,6";"155"
"PIONEROS";"02735";"2025-01-17 21:34:00";"-49,6016666667";"-67,3471666667";"8,6";"165"
"PIONEROS";"02735";"2025-01-17 21:49:00";"-49,6358333333";"-67,3388333333";"2,7";"255"
"PIONEROS";"02735";"2025-01-17 22:04:00";"-49,6388333333";"-67,3405";"1,6";"185"
"PIONEROS";"02735";"2025-01-17 22:19:00";"-49,6446666667";"-67,3428333333";"1,1";"215"
"PIONEROS";"02735";"2025-01-17 22:34:00";"-49,6508333333";"-67,3466666667";"1,1";"205"
"PIONEROS";"02735";"2025-01-17 22:49:00";"-49,657";"-67,3496666667";"1,1";"205"
"PIONEROS";"02735";"2025-01-17 23:04:00";"-49,677";"-67,3511666667";"2,7";"330"
"PIONEROS";"02735";"2025-01-17 23:19:00";"-49,6783333333";"-67,3511666667";"1,6";"175"
"PIONEROS";"02735";"2025-01-17 23:34:00";"-49,6858333333";"-67,3541666667";"1,6";"200"
"PIONEROS";"02735";"2025-01-17 23:49:00";"-49,6928333333";"-67,3566666667";"1,1";"190"
"PIONEROS";"02735";"2025-01-18 00:04:00";"-49,6991666667";"-67,3583333333";"1,1";"200"
"PIONEROS";"02735";"2025-01-18 00:19:00";"-49,703";"-67,3178333333";"8,1";"95"
"PIONEROS";"02735";"2025-01-18 00:34:00";"-49,6978333333";"-67,2941666667";"1,1";"25"
"PIONEROS";"02735";"2025-01-18 00:49:00";"-49,6916666667";"-67,292";"1,6";"45"
"PIONEROS";"02735";"2025-01-18 01:04:00";"-49,6861666667";"-67,29";"1,1";"0"
"PIONEROS";"02735";"2025-01-18 01:19:00";"-49,6803333333";"-67,2875";"1,6";"15"
"PIONEROS";"02735";"2025-01-18 01:34:00";"-49,6795";"-67,2808333333";"7,6";"100"
"PIONEROS";"02735";"2025-01-18 01:49:00";"-49,6838333333";"-67,2546666667";"0,5";"315"
"PIONEROS";"02735";"2025-01-18 02:04:00";"-49,6891666667";"-67,2563333333";"0,5";"205"
"PIONEROS";"02735";"2025-01-18 02:19:00";"-49,6945";"-67,2586666667";"1,6";"185"
"PIONEROS";"02735";"2025-01-18 02:34:00";"-49,7";"-67,2611666667";"1,1";"185"
"PIONEROS";"02735";"2025-01-18 02:49:00";"-49,705";"-67,2625";"0,5";"150"
"PIONEROS";"02735";"2025-01-18 03:04:00";"-49,7195";"-67,255";"2,7";"275"
"PIONEROS";"02735";"2025-01-18 03:19:00";"-49,7203333333";"-67,2538333333";"1,1";"195"
"PIONEROS";"02735";"2025-01-18 03:34:00";"-49,7263333333";"-67,2561666667";"1,1";"205"
"PIONEROS";"02735";"2025-01-18 03:49:00";"-49,732";"-67,2575";"0,5";"175"
"PIONEROS";"02735";"2025-01-18 04:04:00";"-49,7353333333";"-67,2583333333";"1,6";"200"
"PIONEROS";"02735";"2025-01-18 04:19:00";"-49,7386666667";"-67,2583333333";"0,0";"340"
"PIONEROS";"02735";"2025-01-18 04:34:00";"-49,728";"-67,2413333333";"9,2";"45"
"PIONEROS";"02735";"2025-01-18 04:49:00";"-49,7021666667";"-67,2021666667";"2,7";"45"
"PIONEROS";"02735";"2025-01-18 05:04:00";"-49,6771666667";"-67,1636666667";"9,7";"40"
"PIONEROS";"02735";"2025-01-18 05:19:00";"-49,6458333333";"-67,12";"9,7";"40"
"PIONEROS";"02735";"2025-01-18 05:34:00";"-49,6136666667";"-67,0761666667";"10,3";"40"
"PIONEROS";"02735";"2025-01-18 05:49:00";"-49,5828333333";"-67,0305";"10,3";"40"
"PIONEROS";"02735";"2025-01-18 06:04:00";"-49,5511666667";"-66,9866666667";"9,7";"35"
"PIONEROS";"02735";"2025-01-18 06:19:00";"-49,5191666667";"-66,9433333333";"9,7";"40"
"PIONEROS";"02735";"2025-01-18 06:34:00";"-49,4895";"-66,8995";"9,7";"40"
"PIONEROS";"02735";"2025-01-18 06:49:00";"-49,4595";"-66,8561666667";"9,7";"45"
"PIONEROS";"02735";"2025-01-18 07:04:00";"-49,4288333333";"-66,8133333333";"9,7";"45"
"PIONEROS";"02735";"2025-01-18 07:19:00";"-49,398";"-66,7705";"10,3";"40"
"PIONEROS";"02735";"2025-01-18 07:34:00";"-49,3671666667";"-66,7278333333";"9,7";"40"
"PIONEROS";"02735";"2025-01-18 07:49:00";"-49,3366666667";"-66,6845";"9,7";"45"
"PIONEROS";"02735";"2025-01-18 08:04:00";"-49,3066666667";"-66,6408333333";"9,2";"40"
"PIONEROS";"02735";"2025-01-18 08:19:00";"-49,277";"-66,5986666667";"9,2";"45"
"PIONEROS";"02735";"2025-01-18 08:34:00";"-49,2471666667";"-66,5578333333";"9,2";"40"
"PIONEROS";"02735";"2025-01-18 08:49:00";"-49,2178333333";"-66,517";"9,2";"40"
"PIONEROS";"02735";"2025-01-18 09:04:00";"-49,1883333333";"-66,4763333333";"9,2";"40"
"PIONEROS";"02735";"2025-01-18 09:19:00";"-49,1595";"-66,4358333333";"9,2";"40"
"PIONEROS";"02735";"2025-01-18 09:34:00";"-49,1303333333";"-66,3958333333";"9,2";"40"
"PIONEROS";"02735";"2025-01-18 09:49:00";"-49,1013333333";"-66,3566666667";"8,6";"40"
"PIONEROS";"02735";"2025-01-18 10:04:00";"-49,0746666667";"-66,3145";"9,2";"40"
"PIONEROS";"02735";"2025-01-18 10:19:00";"-49,0475";"-66,2741666667";"8,6";"40"
"PIONEROS";"02735";"2025-01-18 10:34:00";"-49,0195";"-66,2363333333";"8,1";"35"
"PIONEROS";"02735";"2025-01-18 10:49:00";"-48,9921666667";"-66,1995";"8,1";"45"
"PIONEROS";"02735";"2025-01-18 11:04:00";"-48,9653333333";"-66,162";"8,1";"35"
"PIONEROS";"02735";"2025-01-18 11:19:00";"-48,9386666667";"-66,125";"8,1";"40"
"PIONEROS";"02735";"2025-01-18 11:34:00";"-48,912";"-66,0883333333";"8,6";"40"
"PIONEROS";"02735";"2025-01-18 11:49:00";"-48,8846666667";"-66,0525";"8,6";"40"
"PIONEROS";"02735";"2025-01-18 12:04:00";"-48,8583333333";"-66,0163333333";"9,2";"40"
"PIONEROS";"02735";"2025-01-18 12:19:00";"-48,8328333333";"-65,9808333333";"8,1";"35"
"PIONEROS";"02735";"2025-01-18 12:34:00";"-48,8083333333";"-65,9455";"7,6";"40"
"PIONEROS";"02735";"2025-01-18 12:49:00";"-48,7853333333";"-65,9103333333";"7,6";"45"
"PIONEROS";"02735";"2025-01-18 13:04:00";"-48,7621666667";"-65,8766666667";"7,6";"40"
"PIONEROS";"02735";"2025-01-18 13:19:00";"-48,7391666667";"-65,8438333333";"7,0";"40"
"PIONEROS";"02735";"2025-01-18 13:34:00";"-48,7153333333";"-65,8145";"7,6";"40"
"PIONEROS";"02735";"2025-01-18 13:49:00";"-48,6925";"-65,7841666667";"7,6";"40"
"PIONEROS";"02735";"2025-01-18 14:04:00";"-48,6708333333";"-65,753";"7,0";"40"
"PIONEROS";"02735";"2025-01-18 14:19:00";"-48,6486666667";"-65,7225";"7,0";"45"
"PIONEROS";"02735";"2025-01-18 14:34:00";"-48,6261666667";"-65,6916666667";"7,0";"40"
"PIONEROS";"02735";"2025-01-18 14:49:00";"-48,6021666667";"-65,6591666667";"7,0";"40"
"PIONEROS";"02735";"2025-01-18 15:04:00";"-48,5783333333";"-65,6266666667";"7,6";"45"
"PIONEROS";"02735";"2025-01-18 15:19:00";"-48,5541666667";"-65,593";"7,6";"40"
"PIONEROS";"02735";"2025-01-18 15:34:00";"-48,5296666667";"-65,5595";"7,6";"40"
"PIONEROS";"02735";"2025-01-18 15:49:00";"-48,505";"-65,5255";"8,1";"40"
"PIONEROS";"02735";"2025-01-18 16:04:00";"-48,4791666667";"-65,4896666667";"8,1";"40"
"PIONEROS";"02735";"2025-01-18 16:19:00";"-48,4538333333";"-65,4533333333";"8,1";"40"
"PIONEROS";"02735";"2025-01-18 16:34:00";"-48,428";"-65,4166666667";"7,6";"45"
"PIONEROS";"02735";"2025-01-18 16:49:00";"-48,4016666667";"-65,3795";"9,2";"40"
"PIONEROS";"02735";"2025-01-18 17:04:00";"-48,3746666667";"-65,3413333333";"8,6";"45"
"PIONEROS";"02735";"2025-01-18 17:19:00";"-48,3475";"-65,3021666667";"9,2";"40"
"PIONEROS";"02735";"2025-01-18 17:34:00";"-48,3191666667";"-65,2613333333";"8,6";"45"
"PIONEROS";"02735";"2025-01-18 17:49:00";"-48,2905";"-65,2195";"9,2";"40"
"PIONEROS";"02735";"2025-01-18 18:04:00";"-48,2613333333";"-65,178";"9,2";"45"
"PIONEROS";"02735";"2025-01-18 18:19:00";"-48,2321666667";"-65,1383333333";"9,2";"40"
"PIONEROS";"02735";"2025-01-18 18:34:00";"-48,2025";"-65,0975";"9,7";"40"
"PIONEROS";"02735";"2025-01-18 18:49:00";"-48,1705";"-65,0571666667";"9,7";"35"
"PIONEROS";"02735";"2025-01-18 19:04:00";"-48,1383333333";"-65,017";"9,2";"40"
"PIONEROS";"02735";"2025-01-18 19:19:00";"-48,1061666667";"-64,9755";"9,2";"40"
"PIONEROS";"02735";"2025-01-18 19:34:00";"-48,0745";"-64,9361666667";"9,7";"35"
"PIONEROS";"02735";"2025-01-18 19:49:00";"-48,0445";"-64,8945";"9,7";"45"
"PIONEROS";"02735";"2025-01-18 20:04:00";"-48,0141666667";"-64,8511666667";"9,7";"50"
"PIONEROS";"02735";"2025-01-18 20:19:00";"-47,9836666667";"-64,8071666667";"9,7";"45"
"PIONEROS";"02735";"2025-01-18 20:34:00";"-47,955";"-64,7733333333";"5,4";"30"
"PIONEROS";"02735";"2025-01-18 20:49:00";"-47,935";"-64,7583333333";"4,9";"25"
"PIONEROS";"02735";"2025-01-18 21:04:00";"-47,9083333333";"-64,7378333333";"4,9";"20"
"PIONEROS";"02735";"2025-01-18 21:19:00";"-47,89";"-64,7153333333";"9,2";"75"
"PIONEROS";"02735";"2025-01-18 21:34:00";"-47,885";"-64,7005";"3,8";"170"
"PIONEROS";"02735";"2025-01-18 21:49:00";"-47,8721666667";"-64,6855";"4,9";"20"
"PIONEROS";"02735";"2025-01-18 22:04:00";"-47,8663333333";"-64,6691666667";"7,0";"165"
"PIONEROS";"02735";"2025-01-18 22:19:00";"-47,89";"-64,665";"1,6";"155"
"PIONEROS";"02735";"2025-01-18 22:34:00";"-47,8891666667";"-64,6638333333";"0,5";"215"
"PIONEROS";"02735";"2025-01-18 22:49:00";"-47,9041666667";"-64,6736666667";"3,8";"205"
"PIONEROS";"02735";"2025-01-18 23:04:00";"-47,9258333333";"-64,6861666667";"3,8";"200"
"PIONEROS";"02735";"2025-01-18 23:19:00";"-47,942";"-64,6946666667";"3,8";"200"
"PIONEROS";"02735";"2025-01-18 23:34:00";"-47,9653333333";"-64,7261666667";"8,1";"230"
"PIONEROS";"02735";"2025-01-18 23:49:00";"-47,985";"-64,7736666667";"9,7";"240"
"PIONEROS";"02735";"2025-01-19 00:04:00";"-48,0075";"-64,8191666667";"9,7";"230"
"PIONEROS";"02735";"2025-01-19 00:19:00";"-48,0308333333";"-64,8658333333";"9,2";"230"
"PIONEROS";"02735";"2025-01-19 00:34:00";"-48,0525";"-64,9145";"8,6";"230"
"PIONEROS";"02735";"2025-01-19 00:49:00";"-48,0746666667";"-64,9613333333";"8,6";"235"
"PIONEROS";"02735";"2025-01-19 01:04:00";"-48,0978333333";"-65,0105";"9,2";"235"
"PIONEROS";"02735";"2025-01-19 01:19:00";"-48,1208333333";"-65,0611666667";"10,3";"235"
"PIONEROS";"02735";"2025-01-19 01:34:00";"-48,1436666667";"-65,1121666667";"9,7";"225"
"PIONEROS";"02735";"2025-01-19 01:49:00";"-48,1683333333";"-65,1611666667";"9,2";"225"
"PIONEROS";"02735";"2025-01-19 02:04:00";"-48,1941666667";"-65,2108333333";"10,3";"230"
"PIONEROS";"02735";"2025-01-19 02:19:00";"-48,2188333333";"-65,262";"9,7";"235"
"PIONEROS";"02735";"2025-01-19 02:34:00";"-48,2405";"-65,3166666667";"9,7";"235"
"PIONEROS";"02735";"2025-01-19 02:49:00";"-48,2641666667";"-65,3703333333";"10,3";"230"
"PIONEROS";"02735";"2025-01-19 03:04:00";"-48,29";"-65,4228333333";"10,3";"230"
"PIONEROS";"02735";"2025-01-19 03:19:00";"-48,3155";"-65,4736666667";"9,7";"235"
"PIONEROS";"02735";"2025-01-19 03:34:00";"-48,3396666667";"-65,5245";"9,2";"235"
"PIONEROS";"02735";"2025-01-19 03:49:00";"-48,3625";"-65,5763333333";"10,3";"235"
"PIONEROS";"02735";"2025-01-19 04:04:00";"-48,3855";"-65,628";"9,7";"230"
"PIONEROS";"02735";"2025-01-19 04:19:00";"-48,4091666667";"-65,6783333333";"9,2";"230"
"PIONEROS";"02735";"2025-01-19 04:34:00";"-48,4325";"-65,7283333333";"9,2";"230"
"PIONEROS";"02735";"2025-01-19 04:49:00";"-48,4558333333";"-65,778";"9,2";"230"
"PIONEROS";"02735";"2025-01-19 05:04:00";"-48,478";"-65,8258333333";"9,2";"230"
"PIONEROS";"02735";"2025-01-19 05:19:00";"-48,4996666667";"-65,8725";"8,6";"235"
"PIONEROS";"02735";"2025-01-19 05:34:00";"-48,5208333333";"-65,918";"8,6";"235"
"PIONEROS";"02735";"2025-01-19 05:49:00";"-48,5416666667";"-65,9613333333";"8,1";"235"
"PIONEROS";"02735";"2025-01-19 06:04:00";"-48,5603333333";"-66,0038333333";"7,6";"230"
"PIONEROS";"02735";"2025-01-19 06:19:00";"-48,58";"-66,0433333333";"7,0";"230"
"PIONEROS";"02735";"2025-01-19 06:34:00";"-48,5986666667";"-66,0813333333";"7,6";"235"
"PIONEROS";"02735";"2025-01-19 06:49:00";"-48,6163333333";"-66,1178333333";"6,5";"230"
"PIONEROS";"02735";"2025-01-19 07:04:00";"-48,6333333333";"-66,1538333333";"6,5";"235"
"PIONEROS";"02735";"2025-01-19 07:19:00";"-48,6486666667";"-66,19";"6,5";"235"
"PIONEROS";"02735";"2025-01-19 07:34:00";"-48,665";"-66,2246666667";"6,5";"240"
"PIONEROS";"02735";"2025-01-19 07:49:00";"-48,6811666667";"-66,2608333333";"7,0";"235"
"PIONEROS";"02735";"2025-01-19 08:04:00";"-48,698";"-66,2961666667";"7,0";"230"
"PIONEROS";"02735";"2025-01-19 08:19:00";"-48,7161666667";"-66,333";"7,0";"235"
"PIONEROS";"02735";"2025-01-19 08:34:00";"-48,7333333333";"-66,3733333333";"7,6";"235"
"PIONEROS";"02735";"2025-01-19 08:49:00";"-48,752";"-66,413";"7,0";"230"
"PIONEROS";"02735";"2025-01-19 09:04:00";"-48,7711666667";"-66,4513333333";"7,6";"230"
"PIONEROS";"02735";"2025-01-19 09:19:00";"-48,7895";"-66,4913333333";"7,6";"230"
"PIONEROS";"02735";"2025-01-19 09:34:00";"-48,808";"-66,5305";"7,0";"230"
"PIONEROS";"02735";"2025-01-19 09:49:00";"-48,8263333333";"-66,5703333333";"7,6";"230"
"PIONEROS";"02735";"2025-01-19 10:04:00";"-48,8441666667";"-66,6138333333";"8,1";"235"
"PIONEROS";"02735";"2025-01-19 10:19:00";"-48,8646666667";"-66,657";"8,1";"230"
"PIONEROS";"02735";"2025-01-19 10:34:00";"-48,8871666667";"-66,6995";"8,6";"230"
"PIONEROS";"02735";"2025-01-19 10:49:00";"-48,907";"-66,7461666667";"8,1";"230"
"PIONEROS";"02735";"2025-01-19 11:04:00";"-48,9283333333";"-66,7916666667";"8,6";"235"
"PIONEROS";"02735";"2025-01-19 11:19:00";"-48,9503333333";"-66,8386666667";"8,6";"230"
"PIONEROS";"02735";"2025-01-19 11:34:00";"-48,9728333333";"-66,8855";"9,2";"230"
"PIONEROS";"02735";"2025-01-19 11:49:00";"-48,9953333333";"-66,9345";"9,2";"235"
"PIONEROS";"02735";"2025-01-19 12:04:00";"-49,0175";"-66,9836666667";"9,2";"235"
"PIONEROS";"02735";"2025-01-19 12:19:00";"-49,0388333333";"-67,0321666667";"9,2";"235"
"PIONEROS";"02735";"2025-01-19 12:34:00";"-49,0611666667";"-67,0805";"9,2";"230"
"PIONEROS";"02735";"2025-01-19 12:49:00";"-49,083";"-67,1296666667";"9,2";"230"
"PIONEROS";"02735";"2025-01-19 13:04:00";"-49,1071666667";"-67,1778333333";"8,6";"230"
"PIONEROS";"02735";"2025-01-19 13:19:00";"-49,125";"-67,2308333333";"9,2";"245"
"PIONEROS";"02735";"2025-01-19 13:34:00";"-49,1396666667";"-67,2861666667";"9,2";"240"
"PIONEROS";"02735";"2025-01-19 13:49:00";"-49,1536666667";"-67,3416666667";"9,2";"245"
"PIONEROS";"02735";"2025-01-19 14:04:00";"-49,1666666667";"-67,3975";"9,2";"255"
"PIONEROS";"02735";"2025-01-19 14:19:00";"-49,1805";"-67,4545";"9,2";"245"
"PIONEROS";"02735";"2025-01-19 14:34:00";"-49,1946666667";"-67,5108333333";"9,2";"250"
"PIONEROS";"02735";"2025-01-19 14:49:00";"-49,208";"-67,5666666667";"9,2";"245"
"PIONEROS";"02735";"2025-01-19 15:04:00";"-49,2125";"-67,5808333333";"1,1";"230"
"PIONEROS";"02735";"2025-01-19 15:19:00";"-49,2153333333";"-67,5846666667";"1,1";"240"
"PIONEROS";"02735";"2025-01-19 15:34:00";"-49,2166666667";"-67,5891666667";"0,5";"240"
"PIONEROS";"02735";"2025-01-19 15:49:00";"-49,2175";"-67,5941666667";"1,1";"270"
"PIONEROS";"02735";"2025-01-19 16:04:00";"-49,2178333333";"-67,5996666667";"0,5";"265"
"PIONEROS";"02735";"2025-01-19 16:19:00";"-49,218";"-67,6055";"1,1";"270"
"PIONEROS";"02735";"2025-01-19 16:34:00";"-49,22";"-67,613";"8,1";"220"
"PIONEROS";"02735";"2025-01-19 16:49:00";"-49,2458333333";"-67,662";"10,8";"230"
"PIONEROS";"02735";"2025-01-19 17:04:00";"-49,2845";"-67,6978333333";"10,8";"220"
"PIONEROS";"02735";"2025-01-19 17:19:00";"-49,2996666667";"-67,7203333333";"0,0";"230"
"PIONEROS";"02735";"2025-01-19 17:34:00";"-49,2996666667";"-67,7203333333";"0,0";"230"
"PIONEROS";"02735";"2025-01-19 17:49:00";"-49,2996666667";"-67,7203333333";"0,0";"230"
"PIONEROS";"02735";"2025-01-19 18:04:00";"-49,2996666667";"-67,7203333333";"0,0";"230"
"PIONEROS";"02735";"2025-01-19 18:19:00";"-49,2996666667";"-67,7203333333";"0,0";"230"
"PIONEROS";"02735";"2025-01-19 18:34:00";"-49,2996666667";"-67,7203333333";"0,0";"230"
"PIONEROS";"02735";"2025-01-19 18:49:00";"-49,2996666667";"-67,7203333333";"0,0";"230"
"PIONEROS";"02735";"2025-01-19 19:04:00";"-49,2996666667";"-67,7203333333";"0,0";"230"
"PIONEROS";"02735";"2025-01-19 19:15:00";"-49,2996666667";"-67,7203333333";"0,0";"0"
"PIONEROS";"02735";"2025-01-19 19:29:00";"-49,2996666667";"-67,7203333333";"0,0";"0"
"PIONEROS";"02735";"2025-01-19 19:44:00";"-49,2996666667";"-67,7203333333";"0,0";"0"
"PIONEROS";"02735";"2025-01-19 20:00:00";"-49,2996666667";"-67,7203333333";"0,0";"235"
"PIONEROS";"02735";"2025-01-19 20:15:00";"-49,2996666667";"-67,7196666667";"0,0";"75"
"PIONEROS";"02735";"2025-01-19 20:30:00";"-49,2996666667";"-67,7196666667";"0,0";"75"
"PIONEROS";"02735";"2025-01-19 20:45:00";"-49,2996666667";"-67,7196666667";"0,0";"75"
"PIONEROS";"02735";"2025-01-19 21:00:00";"-49,2996666667";"-67,7196666667";"0,0";"75"
"PIONEROS";"02735";"2025-01-19 21:16:00";"-49,2996666667";"-67,7196666667";"0,0";"0"
"PIONEROS";"02735";"2025-01-19 21:31:00";"-49,2996666667";"-67,7196666667";"0,0";"0"
"PIONEROS";"02735";"2025-01-19 21:46:00";"-49,2996666667";"-67,7196666667";"0,0";"0"
"PIONEROS";"02735";"2025-01-19 22:01:00";"-49,2996666667";"-67,7196666667";"0,0";"0"
"PIONEROS";"02735";"2025-01-19 22:16:00";"-49,2996666667";"-67,7196666667";"0,0";"0"
"PIONEROS";"02735";"2025-01-19 22:31:00";"-49,2996666667";"-67,7196666667";"0,0";"0"
"PIONEROS";"02735";"2025-01-19 22:33:00";"-49,2996666667";"-67,7196666667";"0,0";"0"
"PIONEROS";"02735";"2025-01-19 22:48:00";"-49,2996666667";"-67,7196666667";"0,0";"0"
"PIONEROS";"02735";"2025-01-19 23:03:00";"-49,2996666667";"-67,7196666667";"0,0";"0"
"PIONEROS";"02735";"2025-01-19 23:18:00";"-49,2996666667";"-67,7196666667";"0,0";"0"
"PIONEROS";"02735";"2025-01-19 23:33:00";"-49,2996666667";"-67,7196666667";"0,0";"0"
"PIONEROS";"02735";"2025-01-19 23:48:00";"-49,2996666667";"-67,7196666667";"0,0";"0"
"PIONEROS";"02735";"2025-01-20 00:03:00";"-49,2996666667";"-67,7196666667";"0,0";"0"
"PIONEROS";"02735";"2025-01-20 00:18:00";"-49,2996666667";"-67,7196666667";"0,0";"0"
"PIONEROS";"02735";"2025-01-20 00:33:00";"-49,2996666667";"-67,7196666667";"0,0";"0"
"PIONEROS";"02735";"2025-01-20 00:48:00";"-49,2996666667";"-67,7196666667";"0,0";"0"
"PIONEROS";"02735";"2025-01-20 01:03:00";"-49,2996666667";"-67,7196666667";"0,0";"0"
"PIONEROS";"02735";"2025-01-20 01:18:00";"-49,2996666667";"-67,7196666667";"0,0";"0"
"PIONEROS";"02735";"2025-01-20 01:33:00";"-49,2996666667";"-67,7196666667";"0,0";"0"
"PIONEROS";"02735";"2025-01-20 01:48:00";"-49,2996666667";"-67,7196666667";"0,0";"0"
"PIONEROS";"02735";"2025-01-20 02:03:00";"-49,2996666667";"-67,7196666667";"0,0";"0"
"PIONEROS";"02735";"2025-01-20 02:18:00";"-49,2996666667";"-67,7196666667";"0,0";"0"
"PIONEROS";"02735";"2025-01-20 02:33:00";"-49,2996666667";"-67,7196666667";"0,0";"0"
"PIONEROS";"02735";"2025-01-20 02:48:00";"-49,2996666667";"-67,7196666667";"0,0";"0"
"PIONEROS";"02735";"2025-01-20 03:03:00";"-49,2996666667";"-67,7196666667";"0,0";"0"
"PIONEROS";"02735";"2025-01-20 03:18:00";"-49,2996666667";"-67,7196666667";"0,0";"0"
"PIONEROS";"02735";"2025-01-20 03:33:00";"-49,2996666667";"-67,7196666667";"0,0";"0"
"PIONEROS";"02735";"2025-01-20 03:48:00";"-49,2996666667";"-67,7196666667";"0,0";"0"
"PIONEROS";"02735";"2025-01-20 04:03:00";"-49,2996666667";"-67,7196666667";"0,0";"0"
"PIONEROS";"02735";"2025-01-20 04:18:00";"-49,2996666667";"-67,7196666667";"0,0";"0"
"PIONEROS";"02735";"2025-01-20 04:33:00";"-49,2996666667";"-67,7196666667";"0,0";"0"
"PIONEROS";"02735";"2025-01-20 04:48:00";"-49,2996666667";"-67,7196666667";"0,0";"0"
"PIONEROS";"02735";"2025-01-20 05:03:00";"-49,2996666667";"-67,7196666667";"0,0";"160"
"PIONEROS";"02735";"2025-01-20 05:18:00";"-49,2996666667";"-67,7196666667";"0,0";"160"
"PIONEROS";"02735";"2025-01-20 05:33:00";"-49,2996666667";"-67,7196666667";"0,0";"160"
"PIONEROS";"02735";"2025-01-20 05:48:00";"-49,2996666667";"-67,7196666667";"0,0";"160"
"PIONEROS";"02735";"2025-01-20 06:03:00";"-49,2996666667";"-67,7196666667";"0,0";"160"
"PIONEROS";"02735";"2025-01-20 06:18:00";"-49,2996666667";"-67,7196666667";"0,0";"160"
"PIONEROS";"02735";"2025-01-20 06:33:00";"-49,2996666667";"-67,7196666667";"0,0";"160"
"PIONEROS";"02735";"2025-01-20 06:48:00";"-49,2996666667";"-67,7196666667";"0,0";"160"
"PIONEROS";"02735";"2025-01-20 07:03:00";"-49,2996666667";"-67,7196666667";"0,0";"160"
"PIONEROS";"02735";"2025-01-20 07:18:00";"-49,2996666667";"-67,7196666667";"0,0";"160"
"PIONEROS";"02735";"2025-01-20 07:33:00";"-49,2996666667";"-67,7196666667";"0,0";"160"
"PIONEROS";"02735";"2025-01-20 07:48:00";"-49,2996666667";"-67,7196666667";"0,0";"160"
"PIONEROS";"02735";"2025-01-20 08:03:00";"-49,2996666667";"-67,7196666667";"0,0";"160"
"PIONEROS";"02735";"2025-01-20 08:18:00";"-49,2996666667";"-67,7196666667";"0,0";"160"
"PIONEROS";"02735";"2025-01-20 08:33:00";"-49,2996666667";"-67,7196666667";"0,0";"160"
"PIONEROS";"02735";"2025-01-20 08:48:00";"-49,2996666667";"-67,7196666667";"0,0";"160"
"PIONEROS";"02735";"2025-01-20 09:03:00";"-49,2996666667";"-67,72";"0,0";"160"
"PIONEROS";"02735";"2025-01-20 09:18:00";"-49,2996666667";"-67,7196666667";"0,0";"0"
"PIONEROS";"02735";"2025-01-20 09:33:00";"-49,2996666667";"-67,7196666667";"0,0";"0"
"PIONEROS";"02735";"2025-01-20 09:48:00";"-49,2996666667";"-67,7196666667";"0,0";"0"
"PIONEROS";"02735";"2025-01-20 10:03:00";"-49,2996666667";"-67,7196666667";"0,0";"0"
"PIONEROS";"02735";"2025-01-20 10:18:00";"-49,2996666667";"-67,7196666667";"0,0";"0"
"PIONEROS";"02735";"2025-01-20 10:33:00";"-49,2996666667";"-67,7196666667";"0,0";"0"
"PIONEROS";"02735";"2025-01-20 10:48:00";"-49,2996666667";"-67,7196666667";"0,0";"0"
"PIONEROS";"02735";"2025-01-20 11:03:00";"-49,2996666667";"-67,7196666667";"0,0";"0"
"PIONEROS";"02735";"2025-01-20 11:18:00";"-49,2996666667";"-67,7196666667";"0,0";"0"
"PIONEROS";"02735";"2025-01-20 11:33:00";"-49,2996666667";"-67,7196666667";"0,0";"0"
"PIONEROS";"02735";"2025-01-20 11:48:00";"-49,2996666667";"-67,7196666667";"0,0";"0"
"PIONEROS";"02735";"2025-01-20 12:03:00";"-49,2996666667";"-67,7196666667";"0,0";"0"
"PIONEROS";"02735";"2025-01-20 12:18:00";"-49,2996666667";"-67,7196666667";"0,0";"0"
"PIONEROS";"02735";"2025-01-20 12:33:00";"-49,2996666667";"-67,7196666667";"0,0";"0"
"PIONEROS";"02735";"2025-01-20 12:48:00";"-49,2996666667";"-67,7196666667";"0,0";"0"
"PIONEROS";"02735";"2025-01-20 13:03:00";"-49,2996666667";"-67,7196666667";"0,0";"0"
"PIONEROS";"02735";"2025-01-20 13:18:00";"-49,2996666667";"-67,7196666667";"0,0";"0"
"PIONEROS";"02735";"2025-01-20 13:33:00";"-49,2996666667";"-67,7196666667";"0,0";"0"
"PIONEROS";"02735";"2025-01-20 13:48:00";"-49,3";"-67,7196666667";"0,0";"0"
"PIONEROS";"02735";"2025-01-20 14:03:00";"-49,2996666667";"-67,7196666667";"0,0";"0"
"PIONEROS";"02735";"2025-01-20 14:18:00";"-49,2996666667";"-67,7196666667";"0,0";"0"
"PIONEROS";"02735";"2025-01-20 14:33:00";"-49,2996666667";"-67,7196666667";"0,0";"0"
"PIONEROS";"02735";"2025-01-20 14:48:00";"-49,2996666667";"-67,7196666667";"0,0";"0"
"PIONEROS";"02735";"2025-01-20 15:03:00";"-49,2996666667";"-67,7196666667";"0,0";"0"
"PIONEROS";"02735";"2025-01-20 15:18:00";"-49,2996666667";"-67,7196666667";"0,0";"0"
"PIONEROS";"02735";"2025-01-20 15:33:00";"-49,2996666667";"-67,7196666667";"0,0";"0"
"PIONEROS";"02735";"2025-01-20 15:48:00";"-49,3";"-67,7196666667";"0,0";"0"
"PIONEROS";"02735";"2025-01-20 16:03:00";"-49,3";"-67,7196666667";"0,0";"0"
"PIONEROS";"02735";"2025-01-20 16:18:00";"-49,3";"-67,7196666667";"0,0";"0"
"PIONEROS";"02735";"2025-01-20 16:33:00";"-49,3";"-67,7196666667";"0,0";"0"
"PIONEROS";"02735";"2025-01-20 16:48:00";"-49,3";"-67,7196666667";"0,0";"0"
"PIONEROS";"02735";"2025-01-20 17:03:00";"-49,3";"-67,7196666667";"0,0";"0"
"PIONEROS";"02735";"2025-01-20 17:18:00";"-49,2996666667";"-67,7196666667";"0,0";"0"
"PIONEROS";"02735";"2025-01-20 17:33:00";"-49,2996666667";"-67,7196666667";"0,0";"0"
"PIONEROS";"02735";"2025-01-20 17:48:00";"-49,2996666667";"-67,7196666667";"0,0";"0"
"PIONEROS";"02735";"2025-01-20 18:03:00";"-49,2996666667";"-67,7196666667";"0,0";"0"
"PIONEROS";"02735";"2025-01-20 18:18:00";"-49,2996666667";"-67,7196666667";"0,0";"0"
"PIONEROS";"02735";"2025-01-20 18:33:00";"-49,2996666667";"-67,7196666667";"0,0";"0"
"PIONEROS";"02735";"2025-01-20 18:48:00";"-49,2996666667";"-67,7196666667";"0,0";"0"
"PIONEROS";"02735";"2025-01-20 19:03:00";"-49,2996666667";"-67,7196666667";"0,0";"0"
"PIONEROS";"02735";"2025-01-20 19:18:00";"-49,2996666667";"-67,7196666667";"0,0";"0"
"PIONEROS";"02735";"2025-01-20 19:33:00";"-49,2996666667";"-67,7196666667";"0,0";"0"
"PIONEROS";"02735";"2025-01-20 19:48:00";"-49,2996666667";"-67,7196666667";"0,0";"0"
"PIONEROS";"02735";"2025-01-20 20:03:00";"-49,2996666667";"-67,7196666667";"0,0";"0"
"PIONEROS";"02735";"2025-01-20 20:18:00";"-49,2996666667";"-67,7196666667";"0,0";"0"
"PIONEROS";"02735";"2025-01-20 20:33:00";"-49,2996666667";"-67,7196666667";"0,0";"0"
"PIONEROS";"02735";"2025-01-20 20:48:00";"-49,2996666667";"-67,7196666667";"0,0";"0"
"PIONEROS";"02735";"2025-01-20 21:03:00";"-49,2996666667";"-67,7196666667";"0,0";"0"
"PIONEROS";"02735";"2025-01-20 21:18:00";"-49,2996666667";"-67,7196666667";"0,0";"0"
"PIONEROS";"02735";"2025-01-20 21:33:00";"-49,2996666667";"-67,7196666667";"0,0";"0"
"PIONEROS";"02735";"2025-01-20 21:48:00";"-49,2996666667";"-67,7196666667";"0,0";"0"
"PIONEROS";"02735";"2025-01-20 22:03:00";"-49,2996666667";"-67,72";"0,0";"0"
"PIONEROS";"02735";"2025-01-20 22:18:00";"-49,2996666667";"-67,7196666667";"0,0";"0"
"PIONEROS";"02735";"2025-01-20 22:33:00";"-49,2996666667";"-67,7196666667";"0,0";"0"
"PIONEROS";"02735";"2025-01-20 22:48:00";"-49,2996666667";"-67,7196666667";"0,0";"0"
"PIONEROS";"02735";"2025-01-20 23:03:00";"-49,2996666667";"-67,7196666667";"0,0";"0"
"PIONEROS";"02735";"2025-01-20 23:18:00";"-49,2996666667";"-67,7196666667";"0,0";"0"
"PIONEROS";"02735";"2025-01-20 23:33:00";"-49,2996666667";"-67,7196666667";"0,0";"0"
"PIONEROS";"02735";"2025-01-20 23:48:00";"-49,2996666667";"-67,7196666667";"0,0";"0"
"PIONEROS";"02735";"2025-01-21 00:03:00";"-49,2996666667";"-67,7196666667";"0,0";"0"
"PIONEROS";"02735";"2025-01-21 00:18:00";"-49,2996666667";"-67,7196666667";"0,0";"0"
"PIONEROS";"02735";"2025-01-21 00:33:00";"-49,2996666667";"-67,7196666667";"0,0";"0"
"PIONEROS";"02735";"2025-01-21 00:48:00";"-49,2996666667";"-67,7196666667";"0,0";"0"
"PIONEROS";"02735";"2025-01-21 01:03:00";"-49,2996666667";"-67,7196666667";"0,0";"325"
"PIONEROS";"02735";"2025-01-21 01:18:00";"-49,2996666667";"-67,7196666667";"0,0";"325"
"PIONEROS";"02735";"2025-01-21 01:33:00";"-49,2996666667";"-67,7196666667";"0,0";"325"
"PIONEROS";"02735";"2025-01-21 01:48:00";"-49,2996666667";"-67,7196666667";"0,0";"325"
"PIONEROS";"02735";"2025-01-21 02:03:00";"-49,2996666667";"-67,7196666667";"0,0";"325"
"PIONEROS";"02735";"2025-01-21 02:18:00";"-49,2996666667";"-67,7196666667";"0,0";"325"
"PIONEROS";"02735";"2025-01-21 02:33:00";"-49,2996666667";"-67,7196666667";"0,0";"325"
"PIONEROS";"02735";"2025-01-21 02:48:00";"-49,2996666667";"-67,7196666667";"0,0";"325"
"PIONEROS";"02735";"2025-01-21 03:03:00";"-49,2996666667";"-67,7196666667";"0,0";"325"
"PIONEROS";"02735";"2025-01-21 03:18:00";"-49,2996666667";"-67,7196666667";"0,0";"325"
"PIONEROS";"02735";"2025-01-21 03:33:00";"-49,2996666667";"-67,7196666667";"0,0";"325"
"PIONEROS";"02735";"2025-01-21 03:48:00";"-49,2996666667";"-67,7196666667";"0,0";"325"
"PIONEROS";"02735";"2025-01-21 04:03:00";"-49,2996666667";"-67,7196666667";"0,0";"325"
"PIONEROS";"02735";"2025-01-21 04:18:00";"-49,2996666667";"-67,7196666667";"0,0";"325"
"PIONEROS";"02735";"2025-01-21 04:33:00";"-49,2996666667";"-67,7196666667";"0,0";"325"
"PIONEROS";"02735";"2025-01-21 04:48:00";"-49,2996666667";"-67,7196666667";"0,0";"325"
"PIONEROS";"02735";"2025-01-21 05:03:00";"-49,2996666667";"-67,7196666667";"0,0";"325"
"PIONEROS";"02735";"2025-01-21 05:18:00";"-49,2996666667";"-67,7196666667";"0,0";"325"
"PIONEROS";"02735";"2025-01-21 05:33:00";"-49,2996666667";"-67,7196666667";"0,0";"325"
"PIONEROS";"02735";"2025-01-21 05:48:00";"-49,2996666667";"-67,7196666667";"0,0";"325"
"PIONEROS";"02735";"2025-01-21 12:03:00";"-49,2996666667";"-67,7196666667";"0,0";"195"
"PIONEROS";"02735";"2025-01-21 12:18:00";"-49,2996666667";"-67,7196666667";"0,0";"195"
"PIONEROS";"02735";"2025-01-21 12:33:00";"-49,2996666667";"-67,7196666667";"0,0";"195"
"PIONEROS";"02735";"2025-01-21 12:48:00";"-49,2996666667";"-67,7196666667";"0,0";"195"
"PIONEROS";"02735";"2025-01-21 13:03:00";"-49,2996666667";"-67,7196666667";"0,0";"195"
"PIONEROS";"02735";"2025-01-21 13:18:00";"-49,2996666667";"-67,7196666667";"0,0";"265"
"PIONEROS";"02735";"2025-01-21 13:33:00";"-49,2996666667";"-67,7196666667";"0,0";"265"
"PIONEROS";"02735";"2025-01-21 13:48:00";"-49,2996666667";"-67,7196666667";"0,0";"265"
"PIONEROS";"02735";"2025-01-21 14:03:00";"-49,2996666667";"-67,7196666667";"0,0";"265"
"PIONEROS";"02735";"2025-01-21 14:18:00";"-49,2996666667";"-67,7196666667";"0,0";"265"
"PIONEROS";"02735";"2025-01-21 14:33:00";"-49,2996666667";"-67,7196666667";"0,0";"265"
"PIONEROS";"02735";"2025-01-21 14:48:00";"-49,2996666667";"-67,7196666667";"0,0";"265"
"PIONEROS";"02735";"2025-01-21 15:03:00";"-49,2996666667";"-67,7196666667";"0,0";"265"
"PIONEROS";"02735";"2025-01-21 15:18:00";"-49,2996666667";"-67,7196666667";"0,0";"265"
"PIONEROS";"02735";"2025-01-21 15:33:00";"-49,2996666667";"-67,7196666667";"0,0";"265"
"PIONEROS";"02735";"2025-01-21 15:48:00";"-49,2996666667";"-67,7196666667";"0,0";"265"
"PIONEROS";"02735";"2025-01-21 16:03:00";"-49,2996666667";"-67,7196666667";"0,0";"265"
"PIONEROS";"02735";"2025-01-21 16:18:00";"-49,2996666667";"-67,7196666667";"0,0";"265"
"PIONEROS";"02735";"2025-01-21 16:33:00";"-49,2996666667";"-67,7196666667";"0,0";"265"
"PIONEROS";"02735";"2025-01-21 16:48:00";"-49,2996666667";"-67,7196666667";"0,0";"265"
"PIONEROS";"02735";"2025-01-21 17:03:00";"-49,2996666667";"-67,7196666667";"0,0";"265"
"PIONEROS";"02735";"2025-01-21 17:18:00";"-49,2996666667";"-67,7196666667";"0,0";"265"
"PIONEROS";"02735";"2025-01-21 17:33:00";"-49,2996666667";"-67,7196666667";"0,0";"265"
"PIONEROS";"02735";"2025-01-21 17:48:00";"-49,2996666667";"-67,7196666667";"0,0";"265"
"PIONEROS";"02735";"2025-01-21 18:03:00";"-49,2996666667";"-67,7196666667";"0,0";"265"
"PIONEROS";"02735";"2025-01-21 18:18:00";"-49,2996666667";"-67,7196666667";"0,0";"265"
"PIONEROS";"02735";"2025-01-21 18:33:00";"-49,2996666667";"-67,7196666667";"0,0";"265"
"PIONEROS";"02735";"2025-01-21 18:48:00";"-49,2996666667";"-67,7196666667";"0,0";"265"
"PIONEROS";"02735";"2025-01-21 19:03:00";"-49,2996666667";"-67,7196666667";"0,0";"265"
"PIONEROS";"02735";"2025-01-21 19:18:00";"-49,2996666667";"-67,7196666667";"0,0";"265"
"PIONEROS";"02735";"2025-01-21 19:36:00";"-49,3";"-67,7196666667";"0,0";"0"
"PIONEROS";"02735";"2025-01-21 19:46:00";"-49,3";"-67,7196666667";"0,0";"0"
"PIONEROS";"02735";"2025-01-21 20:01:00";"-49,2996666667";"-67,7196666667";"0,0";"0"
"PIONEROS";"02735";"2025-01-21 20:16:00";"-49,2996666667";"-67,7196666667";"0,0";"0"
"PIONEROS";"02735";"2025-01-21 20:31:00";"-49,2996666667";"-67,7196666667";"0,0";"0"
"PIONEROS";"02735";"2025-01-21 20:46:00";"-49,2996666667";"-67,7196666667";"0,0";"0"
"PIONEROS";"02735";"2025-01-21 21:01:00";"-49,2996666667";"-67,7196666667";"0,0";"0"
"PIONEROS";"02735";"2025-01-21 21:16:00";"-49,2996666667";"-67,7196666667";"0,0";"5"
"PIONEROS";"02735";"2025-01-21 21:31:00";"-49,2996666667";"-67,7196666667";"0,0";"120"
"PIONEROS";"02735";"2025-01-21 21:46:00";"-49,2996666667";"-67,7196666667";"0,0";"285"
"PIONEROS";"02735";"2025-01-21 22:01:00";"-49,2996666667";"-67,7196666667";"0,0";"330"
"PIONEROS";"02735";"2025-01-21 22:16:00";"-49,2996666667";"-67,7196666667";"0,0";"210"
"PIONEROS";"02735";"2025-01-21 22:31:00";"-49,2996666667";"-67,7196666667";"0,0";"225"
"PIONEROS";"02735";"2025-01-21 22:46:00";"-49,2996666667";"-67,7196666667";"0,0";"245"
"PIONEROS";"02735";"2025-01-21 23:01:00";"-49,2996666667";"-67,7196666667";"0,0";"325"
"PIONEROS";"02735";"2025-01-21 23:16:00";"-49,2996666667";"-67,7196666667";"0,0";"85"
"PIONEROS";"02735";"2025-01-21 23:31:00";"-49,2996666667";"-67,7196666667";"0,0";"225"
"PIONEROS";"02735";"2025-01-21 23:46:00";"-49,2996666667";"-67,7196666667";"0,0";"205"
"PIONEROS";"02735";"2025-01-22 00:01:00";"-49,2996666667";"-67,7196666667";"0,0";"180"
"PIONEROS";"02735";"2025-01-22 00:16:00";"-49,2996666667";"-67,7196666667";"0,0";"195"
"PIONEROS";"02735";"2025-01-22 00:31:00";"-49,2996666667";"-67,7196666667";"0,0";"175"
"PIONEROS";"02735";"2025-01-22 00:46:00";"-49,2996666667";"-67,7196666667";"0,0";"175"
"PIONEROS";"02735";"2025-01-22 01:01:00";"-49,2996666667";"-67,7196666667";"0,0";"175"
"PIONEROS";"02735";"2025-01-22 01:16:00";"-49,2996666667";"-67,7196666667";"0,0";"175"
"PIONEROS";"02735";"2025-01-22 01:31:00";"-49,2996666667";"-67,7196666667";"0,0";"175"
"PIONEROS";"02735";"2025-01-22 01:46:00";"-49,2996666667";"-67,7196666667";"0,0";"175"
"PIONEROS";"02735";"2025-01-22 02:01:00";"-49,2996666667";"-67,7196666667";"0,0";"175"
"PIONEROS";"02735";"2025-01-22 02:16:00";"-49,2996666667";"-67,7196666667";"0,0";"175"
"PIONEROS";"02735";"2025-01-22 02:31:00";"-49,2996666667";"-67,7196666667";"0,0";"175"
"PIONEROS";"02735";"2025-01-22 02:46:00";"-49,2996666667";"-67,7196666667";"0,0";"175"
"PIONEROS";"02735";"2025-01-22 03:01:00";"-49,2996666667";"-67,7196666667";"0,0";"175"
"PIONEROS";"02735";"2025-01-22 03:16:00";"-49,2996666667";"-67,7196666667";"0,0";"175"
"PIONEROS";"02735";"2025-01-22 03:31:00";"-49,2996666667";"-67,7196666667";"0,0";"175"
"PIONEROS";"02735";"2025-01-22 03:46:00";"-49,2996666667";"-67,7196666667";"0,0";"175"
"PIONEROS";"02735";"2025-01-22 04:01:00";"-49,2996666667";"-67,7196666667";"0,0";"175"
"PIONEROS";"02735";"2025-01-22 04:16:00";"-49,2996666667";"-67,7196666667";"0,0";"175"
"PIONEROS";"02735";"2025-01-22 04:31:00";"-49,2996666667";"-67,7196666667";"0,0";"175"
"PIONEROS";"02735";"2025-01-22 04:46:00";"-49,2996666667";"-67,7196666667";"0,0";"175"
"PIONEROS";"02735";"2025-01-22 05:01:00";"-49,2996666667";"-67,7196666667";"0,0";"175"
"PIONEROS";"02735";"2025-01-22 05:16:00";"-49,2996666667";"-67,7196666667";"0,0";"175"
"PIONEROS";"02735";"2025-01-22 05:31:00";"-49,2996666667";"-67,7196666667";"0,0";"175"
"PIONEROS";"02735";"2025-01-22 05:46:00";"-49,2996666667";"-67,7196666667";"0,0";"175"
"PIONEROS";"02735";"2025-01-22 06:01:00";"-49,2996666667";"-67,7196666667";"0,0";"280"
"PIONEROS";"02735";"2025-01-22 06:16:00";"-49,2996666667";"-67,7196666667";"0,0";"280"
"PIONEROS";"02735";"2025-01-22 06:31:00";"-49,2996666667";"-67,7196666667";"0,0";"280"
"PIONEROS";"02735";"2025-01-22 06:46:00";"-49,2996666667";"-67,7196666667";"0,0";"280"
"PIONEROS";"02735";"2025-01-22 07:01:00";"-49,2996666667";"-67,7196666667";"0,0";"280"
"PIONEROS";"02735";"2025-01-22 07:16:00";"-49,2996666667";"-67,7196666667";"0,0";"280"
"PIONEROS";"02735";"2025-01-22 07:31:00";"-49,2996666667";"-67,7196666667";"0,0";"280"
"PIONEROS";"02735";"2025-01-22 07:46:00";"-49,2996666667";"-67,7196666667";"0,0";"280"
"PIONEROS";"02735";"2025-01-22 08:01:00";"-49,2996666667";"-67,7196666667";"0,0";"280"
"PIONEROS";"02735";"2025-01-22 08:16:00";"-49,2996666667";"-67,7196666667";"0,0";"280"
"PIONEROS";"02735";"2025-01-22 08:31:00";"-49,2996666667";"-67,7196666667";"0,0";"280"
"PIONEROS";"02735";"2025-01-22 08:46:00";"-49,2996666667";"-67,7196666667";"0,0";"280"
"PIONEROS";"02735";"2025-01-22 09:01:00";"-49,2996666667";"-67,7196666667";"0,0";"280"
"PIONEROS";"02735";"2025-01-22 09:16:00";"-49,2996666667";"-67,7196666667";"0,0";"280"
"PIONEROS";"02735";"2025-01-22 09:31:00";"-49,2996666667";"-67,7196666667";"0,0";"280"
"PIONEROS";"02735";"2025-01-22 09:46:00";"-49,2996666667";"-67,7196666667";"0,0";"280"
"PIONEROS";"02735";"2025-01-22 10:01:00";"-49,2996666667";"-67,7196666667";"0,0";"280"
"PIONEROS";"02735";"2025-01-22 10:16:00";"-49,2996666667";"-67,7196666667";"0,0";"280"
"PIONEROS";"02735";"2025-01-22 10:31:00";"-49,2996666667";"-67,7196666667";"0,0";"280"
"PIONEROS";"02735";"2025-01-22 10:46:00";"-49,2996666667";"-67,7196666667";"0,0";"280"
"PIONEROS";"02735";"2025-01-22 11:01:00";"-49,2996666667";"-67,7196666667";"0,0";"195"
"PIONEROS";"02735";"2025-01-22 11:16:00";"-49,2996666667";"-67,7196666667";"0,0";"115"
"PIONEROS";"02735";"2025-01-22 11:31:00";"-49,2996666667";"-67,7196666667";"0,0";"125"
"PIONEROS";"02735";"2025-01-22 11:46:00";"-49,2996666667";"-67,7196666667";"0,0";"125"
"PIONEROS";"02735";"2025-01-22 12:01:00";"-49,2996666667";"-67,7196666667";"0,0";"125"
"PIONEROS";"02735";"2025-01-22 12:16:00";"-49,2996666667";"-67,7196666667";"0,0";"125"
"PIONEROS";"02735";"2025-01-22 12:31:00";"-49,2996666667";"-67,7196666667";"0,0";"125"
"PIONEROS";"02735";"2025-01-22 12:46:00";"-49,2996666667";"-67,7196666667";"0,0";"125"
"PIONEROS";"02735";"2025-01-22 13:01:00";"-49,2996666667";"-67,7196666667";"0,0";"125"
"PIONEROS";"02735";"2025-01-22 13:16:00";"-49,2996666667";"-67,7196666667";"0,0";"125"
"PIONEROS";"02735";"2025-01-22 13:31:00";"-49,2996666667";"-67,7196666667";"0,0";"125"
"PIONEROS";"02735";"2025-01-22 13:46:00";"-49,2996666667";"-67,7196666667";"0,0";"125"
"PIONEROS";"02735";"2025-01-22 14:01:00";"-49,2996666667";"-67,7196666667";"0,0";"125"
"PIONEROS";"02735";"2025-01-22 14:13:00";"-49,2996666667";"-67,7196666667";"0,0";"0"
"PIONEROS";"02735";"2025-01-22 14:28:00";"-49,2996666667";"-67,7196666667";"0,0";"0"
"PIONEROS";"02735";"2025-01-22 14:43:00";"-49,2996666667";"-67,7196666667";"0,0";"0"
"PIONEROS";"02735";"2025-01-22 14:58:00";"-49,2996666667";"-67,7196666667";"0,0";"0"
"PIONEROS";"02735";"2025-01-22 15:13:00";"-49,2996666667";"-67,7196666667";"0,0";"0"
"PIONEROS";"02735";"2025-01-22 15:28:00";"-49,2996666667";"-67,7196666667";"0,0";"0"
"PIONEROS";"02735";"2025-01-22 15:43:00";"-49,2996666667";"-67,7196666667";"0,0";"0"
"PIONEROS";"02735";"2025-01-22 15:58:00";"-49,2996666667";"-67,7196666667";"0,0";"0"
"PIONEROS";"02735";"2025-01-22 16:13:00";"-49,2996666667";"-67,7196666667";"0,0";"0"
"PIONEROS";"02735";"2025-01-22 16:28:00";"-49,3";"-67,7196666667";"0,0";"0"
"PIONEROS";"02735";"2025-01-22 16:43:00";"-49,3";"-67,7196666667";"0,0";"0"
"PIONEROS";"02735";"2025-01-22 16:58:00";"-49,3";"-67,7196666667";"0,0";"0"
"PIONEROS";"02735";"2025-01-22 17:13:00";"-49,2996666667";"-67,7196666667";"0,0";"0"
"PIONEROS";"02735";"2025-01-22 17:28:00";"-49,2996666667";"-67,7196666667";"0,0";"0"
"PIONEROS";"02735";"2025-01-22 17:58:00";"-49,2996666667";"-67,7196666667";"0,0";"0"
"PIONEROS";"02735";"2025-01-22 18:07:00";"-49,2996666667";"-67,7196666667";"0,0";"0"
"PIONEROS";"02735";"2025-01-22 18:19:00";"-49,3";"-67,7196666667";"0,0";"0"
"PIONEROS";"02735";"2025-01-22 18:29:00";"-49,2996666667";"-67,7196666667";"0,0";"0"
"PIONEROS";"02735";"2025-01-22 18:44:00";"-49,2996666667";"-67,7196666667";"0,0";"0"
"PIONEROS";"02735";"2025-01-22 18:59:00";"-49,2996666667";"-67,7196666667";"0,0";"0"
"PIONEROS";"02735";"2025-01-22 19:14:00";"-49,2996666667";"-67,7196666667";"0,0";"0"
"PIONEROS";"02735";"2025-01-22 19:29:00";"-49,2996666667";"-67,7196666667";"0,0";"0"
"PIONEROS";"02735";"2025-01-22 19:44:00";"-49,2996666667";"-67,7196666667";"0,0";"0"
"PIONEROS";"02735";"2025-01-22 19:59:00";"-49,2996666667";"-67,7196666667";"0,0";"0"
"PIONEROS";"02735";"2025-01-22 20:14:00";"-49,2996666667";"-67,7196666667";"0,0";"0"
"PIONEROS";"02735";"2025-01-22 20:29:00";"-49,2996666667";"-67,72";"0,0";"0"
"PIONEROS";"02735";"2025-01-22 20:44:00";"-49,2996666667";"-67,72";"0,0";"0"
"PIONEROS";"02735";"2025-01-22 20:59:00";"-49,2996666667";"-67,7196666667";"0,0";"0"
"PIONEROS";"02735";"2025-01-22 21:14:00";"-49,2996666667";"-67,7196666667";"0,0";"0"
"PIONEROS";"02735";"2025-01-22 21:29:00";"-49,2996666667";"-67,7196666667";"0,0";"0"
"PIONEROS";"02735";"2025-01-22 21:45:00";"-49,2996666667";"-67,7196666667";"0,0";"0"
"PIONEROS";"02735";"2025-01-22 22:00:00";"-49,2996666667";"-67,7196666667";"0,0";"0"
"PIONEROS";"02735";"2025-01-22 22:15:00";"-49,2996666667";"-67,7196666667";"0,0";"0"
"PIONEROS";"02735";"2025-01-22 22:30:00";"-49,2996666667";"-67,7196666667";"0,0";"0"
"PIONEROS";"02735";"2025-01-22 22:45:00";"-49,2996666667";"-67,7196666667";"0,0";"205"
"PIONEROS";"02735";"2025-01-22 23:00:00";"-49,2996666667";"-67,7196666667";"0,0";"105"
"PIONEROS";"02735";"2025-01-22 23:15:00";"-49,2996666667";"-67,7196666667";"0,0";"75"
"PIONEROS";"02735";"2025-01-22 23:30:00";"-49,2996666667";"-67,7196666667";"0,0";"150"
"PIONEROS";"02735";"2025-01-22 23:45:00";"-49,2996666667";"-67,7196666667";"0,0";"265"
"PIONEROS";"02735";"2025-01-23 00:00:00";"-49,2996666667";"-67,7196666667";"0,0";"250"
"PIONEROS";"02735";"2025-01-23 00:15:00";"-49,2996666667";"-67,7196666667";"0,0";"90"
"PIONEROS";"02735";"2025-01-23 00:30:00";"-49,2996666667";"-67,7196666667";"0,0";"130"
"PIONEROS";"02735";"2025-01-23 00:45:00";"-49,2996666667";"-67,7196666667";"0,0";"355"
"PIONEROS";"02735";"2025-01-23 01:00:00";"-49,2996666667";"-67,7196666667";"0,0";"220"
"PIONEROS";"02735";"2025-01-23 01:15:00";"-49,2996666667";"-67,7196666667";"0,0";"75"
"PIONEROS";"02735";"2025-01-23 01:30:00";"-49,2996666667";"-67,7196666667";"0,0";"80"
"PIONEROS";"02735";"2025-01-23 01:45:00";"-49,2996666667";"-67,7196666667";"0,0";"10"
"PIONEROS";"02735";"2025-01-23 02:00:00";"-49,2996666667";"-67,7196666667";"0,0";"155"
"PIONEROS";"02735";"2025-01-23 02:15:00";"-49,2996666667";"-67,7196666667";"0,0";"155"
"PIONEROS";"02735";"2025-01-23 02:30:00";"-49,2996666667";"-67,7196666667";"0,0";"155"
"PIONEROS";"02735";"2025-01-23 02:45:00";"-49,2996666667";"-67,7196666667";"0,0";"155"
"PIONEROS";"02735";"2025-01-23 03:00:00";"-49,2996666667";"-67,7196666667";"0,0";"155"
"PIONEROS";"02735";"2025-01-23 03:15:00";"-49,2996666667";"-67,7196666667";"0,0";"155"
"PIONEROS";"02735";"2025-01-23 03:30:00";"-49,2996666667";"-67,7196666667";"0,0";"155"
"PIONEROS";"02735";"2025-01-23 03:45:00";"-49,2996666667";"-67,7196666667";"0,0";"155"
"PIONEROS";"02735";"2025-01-23 04:00:00";"-49,2996666667";"-67,7196666667";"0,0";"155"
"PIONEROS";"02735";"2025-01-23 04:15:00";"-49,2996666667";"-67,7196666667";"0,0";"155"
"PIONEROS";"02735";"2025-01-23 04:30:00";"-49,2996666667";"-67,7196666667";"0,0";"155"
"PIONEROS";"02735";"2025-01-23 04:45:00";"-49,2996666667";"-67,7196666667";"0,0";"155"
"PIONEROS";"02735";"2025-01-23 05:00:00";"-49,2996666667";"-67,7196666667";"0,0";"155"
"PIONEROS";"02735";"2025-01-23 05:15:00";"-49,2996666667";"-67,7196666667";"0,0";"155"
"PIONEROS";"02735";"2025-01-23 05:30:00";"-49,2996666667";"-67,7196666667";"0,0";"155"
"PIONEROS";"02735";"2025-01-23 05:45:00";"-49,2996666667";"-67,7196666667";"0,0";"155"
"PIONEROS";"02735";"2025-01-23 06:00:00";"-49,2996666667";"-67,7196666667";"0,0";"155"
"PIONEROS";"02735";"2025-01-23 06:15:00";"-49,2996666667";"-67,7196666667";"0,0";"155"
"PIONEROS";"02735";"2025-01-23 06:30:00";"-49,2996666667";"-67,7196666667";"0,0";"155"
"PIONEROS";"02735";"2025-01-23 06:45:00";"-49,2996666667";"-67,7196666667";"0,0";"155"
"PIONEROS";"02735";"2025-01-23 07:00:00";"-49,2996666667";"-67,7196666667";"0,0";"155"
"PIONEROS";"02735";"2025-01-23 07:15:00";"-49,2996666667";"-67,7196666667";"0,0";"155"
"PIONEROS";"02735";"2025-01-23 07:30:00";"-49,2996666667";"-67,7196666667";"0,0";"155"
"PIONEROS";"02735";"2025-01-23 07:45:00";"-49,2996666667";"-67,7196666667";"0,0";"155"
"PIONEROS";"02735";"2025-01-23 08:00:00";"-49,2996666667";"-67,7196666667";"0,0";"155"
"PIONEROS";"02735";"2025-01-23 08:15:00";"-49,2996666667";"-67,7196666667";"0,0";"155"
"PIONEROS";"02735";"2025-01-23 08:30:00";"-49,2996666667";"-67,7196666667";"0,0";"155"
"PIONEROS";"02735";"2025-01-23 08:45:00";"-49,2996666667";"-67,7196666667";"0,0";"155"
"PIONEROS";"02735";"2025-01-23 09:00:00";"-49,2996666667";"-67,7196666667";"0,0";"155"
"PIONEROS";"02735";"2025-01-23 09:15:00";"-49,2996666667";"-67,7196666667";"0,0";"155"
"PIONEROS";"02735";"2025-01-23 09:30:00";"-49,2996666667";"-67,7196666667";"0,0";"155"
"PIONEROS";"02735";"2025-01-23 09:45:00";"-49,2996666667";"-67,7196666667";"0,0";"155"
"PIONEROS";"02735";"2025-01-23 10:00:00";"-49,2996666667";"-67,7196666667";"0,0";"155"
"PIONEROS";"02735";"2025-01-23 10:15:00";"-49,2996666667";"-67,7196666667";"0,0";"155"
"PIONEROS";"02735";"2025-01-23 10:30:00";"-49,2996666667";"-67,7196666667";"0,0";"155"
"PIONEROS";"02735";"2025-01-23 10:45:00";"-49,2996666667";"-67,7196666667";"0,0";"155"
"PIONEROS";"02735";"2025-01-23 11:00:00";"-49,2996666667";"-67,7196666667";"0,0";"155"
"PIONEROS";"02735";"2025-01-23 11:15:00";"-49,2996666667";"-67,7196666667";"0,0";"45"
"PIONEROS";"02735";"2025-01-23 11:30:00";"-49,2996666667";"-67,7196666667";"0,0";"45"
"PIONEROS";"02735";"2025-01-23 11:45:00";"-49,2996666667";"-67,7196666667";"0,0";"45"
"PIONEROS";"02735";"2025-01-23 12:00:00";"-49,2996666667";"-67,7196666667";"0,0";"45"
"PIONEROS";"02735";"2025-01-23 12:15:00";"-49,2996666667";"-67,7196666667";"0,0";"45"
"PIONEROS";"02735";"2025-01-23 12:30:00";"-49,2996666667";"-67,7196666667";"0,0";"45"
"PIONEROS";"02735";"2025-01-23 12:45:00";"-49,2996666667";"-67,7196666667";"0,0";"45"
"PIONEROS";"02735";"2025-01-23 13:00:00";"-49,2996666667";"-67,7196666667";"0,0";"45"
"PIONEROS";"02735";"2025-01-23 13:15:00";"-49,2996666667";"-67,7196666667";"0,0";"45"
"PIONEROS";"02735";"2025-01-23 13:30:00";"-49,2996666667";"-67,7196666667";"0,0";"45"
"PIONEROS";"02735";"2025-01-23 14:09:00";"-49,3";"-67,7196666667";"0,0";"0"
"PIONEROS";"02735";"2025-01-23 14:24:00";"-49,2996666667";"-67,7196666667";"0,0";"0"
"PIONEROS";"02735";"2025-01-23 14:39:00";"-49,2996666667";"-67,7196666667";"0,0";"0"
"PIONEROS";"02735";"2025-01-23 14:55:00";"-49,2996666667";"-67,7196666667";"0,0";"0"
"PIONEROS";"02735";"2025-01-23 15:10:00";"-49,2996666667";"-67,7196666667";"0,0";"0"
"PIONEROS";"02735";"2025-01-23 15:25:00";"-49,2996666667";"-67,7196666667";"0,0";"0"
"PIONEROS";"02735";"2025-01-23 15:40:00";"-49,2996666667";"-67,7196666667";"0,0";"290"
"PIONEROS";"02735";"2025-01-23 15:55:00";"-49,2996666667";"-67,7196666667";"0,0";"290"
"PIONEROS";"02735";"2025-01-23 16:10:00";"-49,2996666667";"-67,7196666667";"0,0";"10"
"PIONEROS";"02735";"2025-01-23 16:25:00";"-49,2996666667";"-67,7196666667";"0,0";"75"
"PIONEROS";"02735";"2025-01-23 16:40:00";"-49,2996666667";"-67,7196666667";"0,0";"75"
"PIONEROS";"02735";"2025-01-23 16:55:00";"-49,2996666667";"-67,7196666667";"0,0";"75"
"PIONEROS";"02735";"2025-01-23 17:10:00";"-49,2996666667";"-67,7196666667";"0,0";"75"
"PIONEROS";"02735";"2025-01-23 17:25:00";"-49,2996666667";"-67,7196666667";"0,0";"75"
"PIONEROS";"02735";"2025-01-23 17:40:00";"-49,2996666667";"-67,7196666667";"0,0";"75"
"PIONEROS";"02735";"2025-01-23 17:55:00";"-49,2996666667";"-67,7196666667";"0,0";"75"
"PIONEROS";"02735";"2025-01-23 18:10:00";"-49,2996666667";"-67,7196666667";"0,0";"75"
"PIONEROS";"02735";"2025-01-23 18:25:00";"-49,2996666667";"-67,7196666667";"0,0";"75"
"PIONEROS";"02735";"2025-01-23 18:40:00";"-49,2996666667";"-67,7196666667";"0,0";"75"
"PIONEROS";"02735";"2025-01-23 18:49:00";"-49,2996666667";"-67,7196666667";"0,0";"0"
"PIONEROS";"02735";"2025-01-23 19:04:00";"-49,2996666667";"-67,7196666667";"0,0";"0"
"PIONEROS";"02735";"2025-01-23 19:19:00";"-49,2996666667";"-67,7196666667";"0,0";"0"
"PIONEROS";"02735";"2025-01-23 19:34:00";"-49,2996666667";"-67,7196666667";"0,0";"0"
"PIONEROS";"02735";"2025-01-23 19:49:00";"-49,2996666667";"-67,7196666667";"0,0";"0"
"PIONEROS";"02735";"2025-01-23 20:07:00";"-49,2996666667";"-67,7196666667";"0,0";"0"
"PIONEROS";"02735";"2025-01-23 20:22:00";"-49,2996666667";"-67,7196666667";"0,0";"170"
"PIONEROS";"02735";"2025-01-23 20:29:00";"-49,2996666667";"-67,7196666667";"0,0";"0"
"PIONEROS";"02735";"2025-01-23 20:44:00";"-49,2996666667";"-67,7196666667";"0,0";"0"
"PIONEROS";"02735";"2025-01-23 20:59:00";"-49,2996666667";"-67,7196666667";"0,0";"0"
"PIONEROS";"02735";"2025-01-23 21:14:00";"-49,2996666667";"-67,7196666667";"0,0";"0"
"PIONEROS";"02735";"2025-01-23 21:29:00";"-49,2996666667";"-67,7196666667";"0,0";"0"
"PIONEROS";"02735";"2025-01-23 21:44:00";"-49,2996666667";"-67,7196666667";"0,0";"0"
"PIONEROS";"02735";"2025-01-23 21:59:00";"-49,2996666667";"-67,7196666667";"0,0";"0"
"PIONEROS";"02735";"2025-01-23 22:14:00";"-49,2996666667";"-67,7196666667";"0,0";"0"
"PIONEROS";"02735";"2025-01-23 22:32:00";"-49,2996666667";"-67,7196666667";"0,0";"0"
"PIONEROS";"02735";"2025-01-23 22:47:00";"-49,2996666667";"-67,7196666667";"0,0";"0"
"PIONEROS";"02735";"2025-01-23 23:02:00";"-49,2996666667";"-67,7196666667";"0,0";"0"
"PIONEROS";"02735";"2025-01-23 23:07:00";"-49,2996666667";"-67,7196666667";"0,0";"0"
"PIONEROS";"02735";"2025-01-23 23:22:00";"-49,2996666667";"-67,7196666667";"0,0";"0"
"PIONEROS";"02735";"2025-01-23 23:37:00";"-49,2996666667";"-67,7196666667";"0,0";"0"
"PIONEROS";"02735";"2025-01-23 23:52:00";"-49,2996666667";"-67,7196666667";"0,0";"0"
"PIONEROS";"02735";"2025-01-24 00:07:00";"-49,2996666667";"-67,7196666667";"0,0";"0"
"PIONEROS";"02735";"2025-01-24 00:22:00";"-49,2996666667";"-67,7196666667";"0,0";"0"
"PIONEROS";"02735";"2025-01-24 00:37:00";"-49,2996666667";"-67,7196666667";"0,0";"0"
"PIONEROS";"02735";"2025-01-24 00:52:00";"-49,2996666667";"-67,7196666667";"0,0";"0"
"PIONEROS";"02735";"2025-01-24 01:07:00";"-49,2996666667";"-67,7196666667";"0,0";"0"
"PIONEROS";"02735";"2025-01-24 01:22:00";"-49,2996666667";"-67,7196666667";"0,0";"0"
"PIONEROS";"02735";"2025-01-24 01:31:00";"-49,2996666667";"-67,7196666667";"0,0";"0"
"PIONEROS";"02735";"2025-01-24 01:46:00";"-49,2996666667";"-67,7196666667";"0,0";"0"
"PIONEROS";"02735";"2025-01-24 02:01:00";"-49,2996666667";"-67,7196666667";"0,0";"0"
"PIONEROS";"02735";"2025-01-24 02:16:00";"-49,2996666667";"-67,7196666667";"0,0";"0"
"PIONEROS";"02735";"2025-01-24 02:31:00";"-49,2996666667";"-67,7196666667";"0,0";"0"
"PIONEROS";"02735";"2025-01-24 02:46:00";"-49,2996666667";"-67,7196666667";"0,0";"0"
"PIONEROS";"02735";"2025-01-24 03:01:00";"-49,2996666667";"-67,7196666667";"0,0";"0"
"PIONEROS";"02735";"2025-01-24 03:16:00";"-49,2996666667";"-67,7196666667";"0,0";"0"
"PIONEROS";"02735";"2025-01-24 03:31:00";"-49,2996666667";"-67,7196666667";"0,0";"0"
"PIONEROS";"02735";"2025-01-24 03:46:00";"-49,2996666667";"-67,7196666667";"0,0";"0"
"PIONEROS";"02735";"2025-01-24 04:01:00";"-49,2996666667";"-67,7196666667";"0,0";"0"
"PIONEROS";"02735";"2025-01-24 04:17:00";"-49,2996666667";"-67,7196666667";"0,0";"0"
"PIONEROS";"02735";"2025-01-24 04:32:00";"-49,2996666667";"-67,7196666667";"0,0";"0"
"PIONEROS";"02735";"2025-01-24 04:47:00";"-49,2996666667";"-67,7196666667";"0,0";"0"
"PIONEROS";"02735";"2025-01-24 05:02:00";"-49,2996666667";"-67,7196666667";"0,0";"0"
"PIONEROS";"02735";"2025-01-24 05:17:00";"-49,2996666667";"-67,7196666667";"0,0";"0"
"PIONEROS";"02735";"2025-01-24 05:32:00";"-49,2996666667";"-67,7196666667";"0,0";"0"
"PIONEROS";"02735";"2025-01-24 05:47:00";"-49,2996666667";"-67,7196666667";"0,0";"0"
"PIONEROS";"02735";"2025-01-24 06:02:00";"-49,2996666667";"-67,7196666667";"0,0";"0"
"PIONEROS";"02735";"2025-01-24 06:17:00";"-49,2996666667";"-67,7196666667";"0,0";"0"
"PIONEROS";"02735";"2025-01-24 06:32:00";"-49,2996666667";"-67,7196666667";"0,0";"0"
"PIONEROS";"02735";"2025-01-24 06:47:00";"-49,2996666667";"-67,7196666667";"0,0";"0"
"PIONEROS";"02735";"2025-01-24 07:02:00";"-49,2996666667";"-67,7196666667";"0,0";"0"
"PIONEROS";"02735";"2025-01-24 07:17:00";"-49,2996666667";"-67,7196666667";"0,0";"0"
"PIONEROS";"02735";"2025-01-24 07:32:00";"-49,2996666667";"-67,7196666667";"0,0";"0"
"PIONEROS";"02735";"2025-01-24 07:47:00";"-49,2996666667";"-67,7196666667";"0,0";"0"
"PIONEROS";"02735";"2025-01-24 08:02:00";"-49,2996666667";"-67,7196666667";"0,0";"0"
"PIONEROS";"02735";"2025-01-24 08:17:00";"-49,2996666667";"-67,7196666667";"0,0";"0"
"PIONEROS";"02735";"2025-01-24 08:32:00";"-49,2996666667";"-67,7196666667";"0,0";"0"
"PIONEROS";"02735";"2025-01-24 08:47:00";"-49,2996666667";"-67,7196666667";"0,0";"0"
"PIONEROS";"02735";"2025-01-24 09:02:00";"-49,2996666667";"-67,7196666667";"0,0";"0"
"PIONEROS";"02735";"2025-01-24 09:17:00";"-49,2996666667";"-67,7196666667";"0,0";"0"
"PIONEROS";"02735";"2025-01-24 09:32:00";"-49,2996666667";"-67,7196666667";"0,0";"10"
"PIONEROS";"02735";"2025-01-24 09:47:00";"-49,2996666667";"-67,7196666667";"0,0";"10"
"PIONEROS";"02735";"2025-01-24 09:53:00";"-49,2996666667";"-67,72";"0,0";"0"
"PIONEROS";"02735";"2025-01-24 10:08:00";"-49,2996666667";"-67,7196666667";"0,0";"0"
"PIONEROS";"02735";"2025-01-24 10:23:00";"-49,2996666667";"-67,7196666667";"0,0";"0"
"PIONEROS";"02735";"2025-01-24 10:38:00";"-49,2996666667";"-67,7196666667";"0,0";"0"
"PIONEROS";"02735";"2025-01-24 10:53:00";"-49,2996666667";"-67,7196666667";"0,0";"0"
"PIONEROS";"02735";"2025-01-24 11:08:00";"-49,2996666667";"-67,7196666667";"0,0";"0"
"PIONEROS";"02735";"2025-01-24 11:23:00";"-49,2996666667";"-67,7196666667";"0,0";"0"
"PIONEROS";"02735";"2025-01-24 11:38:00";"-49,2996666667";"-67,7196666667";"0,0";"0"
"PIONEROS";"02735";"2025-01-24 11:53:00";"-49,2996666667";"-67,7196666667";"0,0";"0"
"PIONEROS";"02735";"2025-01-24 12:08:00";"-49,2996666667";"-67,7196666667";"0,0";"0"
"PIONEROS";"02735";"2025-01-24 12:23:00";"-49,2996666667";"-67,7196666667";"0,0";"0"
"PIONEROS";"02735";"2025-01-24 12:38:00";"-49,2996666667";"-67,7196666667";"0,0";"0"
"PIONEROS";"02735";"2025-01-24 12:53:00";"-49,2996666667";"-67,7196666667";"0,0";"0"
"PIONEROS";"02735";"2025-01-24 13:08:00";"-49,2996666667";"-67,7196666667";"0,0";"0"
"PIONEROS";"02735";"2025-01-24 13:23:00";"-49,2996666667";"-67,7196666667";"0,0";"0"
"PIONEROS";"02735";"2025-01-24 13:38:00";"-49,2983333333";"-67,7175";"3,8";"350"
"PIONEROS";"02735";"2025-01-24 13:53:00";"-49,2983333333";"-67,7211666667";"1,6";"355"
"PIONEROS";"02735";"2025-01-24 14:08:00";"-49,2996666667";"-67,7203333333";"0,0";"230"
"PIONEROS";"02735";"2025-01-24 14:23:00";"-49,2996666667";"-67,7203333333";"0,0";"265"
"PIONEROS";"02735";"2025-01-24 14:38:00";"-49,2996666667";"-67,7203333333";"0,0";"265"
"PIONEROS";"02735";"2025-01-24 14:53:00";"-49,2996666667";"-67,7203333333";"0,0";"265"
"PIONEROS";"02735";"2025-01-24 15:08:00";"-49,2996666667";"-67,7203333333";"0,0";"265"
"PIONEROS";"02735";"2025-01-24 15:23:00";"-49,2996666667";"-67,7203333333";"0,0";"265"
"PIONEROS";"02735";"2025-01-24 15:38:00";"-49,2996666667";"-67,7203333333";"0,0";"265"
"PIONEROS";"02735";"2025-01-24 15:53:00";"-49,2996666667";"-67,7203333333";"0,0";"265"
"PIONEROS";"02735";"2025-01-24 16:08:00";"-49,2996666667";"-67,7203333333";"0,0";"265"
"PIONEROS";"02735";"2025-01-24 16:23:00";"-49,2996666667";"-67,7203333333";"0,0";"265"
"PIONEROS";"02735";"2025-01-24 16:38:00";"-49,2996666667";"-67,7203333333";"0,0";"265"
"PIONEROS";"02735";"2025-01-24 16:53:00";"-49,2996666667";"-67,7203333333";"0,0";"330"
"PIONEROS";"02735";"2025-01-24 17:01:00";"-49,2996666667";"-67,7203333333";"0,0";"0"
"PIONEROS";"02735";"2025-01-24 17:16:00";"-49,2996666667";"-67,7203333333";"0,0";"330"
"PIONEROS";"02735";"2025-01-24 17:31:00";"-49,2996666667";"-67,7203333333";"0,0";"330"
"PIONEROS";"02735";"2025-01-24 17:46:00";"-49,2996666667";"-67,7203333333";"0,0";"330"
"PIONEROS";"02735";"2025-01-24 18:01:00";"-49,2996666667";"-67,7203333333";"0,0";"330"
"PIONEROS";"02735";"2025-01-24 18:16:00";"-49,2996666667";"-67,7203333333";"0,0";"330"
"PIONEROS";"02735";"2025-01-24 18:31:00";"-49,2996666667";"-67,7203333333";"0,0";"330"
"PIONEROS";"02735";"2025-01-24 18:46:00";"-49,2996666667";"-67,7203333333";"0,0";"330"
"PIONEROS";"02735";"2025-01-24 19:01:00";"-49,2996666667";"-67,7203333333";"0,0";"330"
"PIONEROS";"02735";"2025-01-24 19:16:00";"-49,2996666667";"-67,7203333333";"0,0";"330"
"PIONEROS";"02735";"2025-01-24 19:31:00";"-49,2996666667";"-67,7203333333";"0,0";"330"
"PIONEROS";"02735";"2025-01-24 19:46:00";"-49,2996666667";"-67,7203333333";"0,0";"330"
"PIONEROS";"02735";"2025-01-24 20:01:00";"-49,2996666667";"-67,7203333333";"0,0";"190"
"PIONEROS";"02735";"2025-01-24 20:16:00";"-49,2996666667";"-67,7203333333";"0,0";"190"
"PIONEROS";"02735";"2025-01-24 20:31:00";"-49,2996666667";"-67,7203333333";"0,0";"175"
"PIONEROS";"02735";"2025-01-24 20:46:00";"-49,2996666667";"-67,7203333333";"0,0";"175"
"PIONEROS";"02735";"2025-01-24 21:01:00";"-49,2996666667";"-67,7203333333";"0,0";"175"
"PIONEROS";"02735";"2025-01-24 21:16:00";"-49,2996666667";"-67,7203333333";"0,0";"175"
"PIONEROS";"02735";"2025-01-24 21:31:00";"-49,2996666667";"-67,7203333333";"0,0";"190"
"PIONEROS";"02735";"2025-01-24 21:46:00";"-49,2996666667";"-67,7203333333";"0,0";"190"
"PIONEROS";"02735";"2025-01-24 22:01:00";"-49,2996666667";"-67,7203333333";"0,0";"185"
"PIONEROS";"02735";"2025-01-24 22:16:00";"-49,2996666667";"-67,7203333333";"0,0";"185"
"PIONEROS";"02735";"2025-01-24 22:19:00";"-49,2996666667";"-67,7203333333";"0,0";"0"
"PIONEROS";"02735";"2025-01-24 22:34:00";"-49,2996666667";"-67,7203333333";"0,0";"0"
"PIONEROS";"02735";"2025-01-24 22:49:00";"-49,2996666667";"-67,7203333333";"0,0";"0"
"PIONEROS";"02735";"2025-01-24 23:14:00";"-49,2996666667";"-67,7203333333";"0,0";"0"
"PIONEROS";"02735";"2025-01-24 23:29:00";"-49,2996666667";"-67,7203333333";"0,0";"0"
"PIONEROS";"02735";"2025-01-24 23:44:00";"-49,2996666667";"-67,7203333333";"0,0";"0"
"PIONEROS";"02735";"2025-01-24 23:59:00";"-49,2996666667";"-67,7203333333";"0,0";"0"
"PIONEROS";"02735";"2025-01-25 00:14:00";"-49,2996666667";"-67,7203333333";"0,0";"0"
"PIONEROS";"02735";"2025-01-25 00:29:00";"-49,2996666667";"-67,7203333333";"0,0";"0"
"PIONEROS";"02735";"2025-01-25 00:44:00";"-49,2996666667";"-67,7203333333";"0,0";"0"
"PIONEROS";"02735";"2025-01-25 00:59:00";"-49,2996666667";"-67,7203333333";"0,0";"0"
"PIONEROS";"02735";"2025-01-25 01:10:00";"-49,2996666667";"-67,7203333333";"0,0";"0"
"PIONEROS";"02735";"2025-01-25 01:25:00";"-49,2996666667";"-67,7203333333";"0,0";"0"
"PIONEROS";"02735";"2025-01-25 01:40:00";"-49,2996666667";"-67,7203333333";"0,0";"0"
"PIONEROS";"02735";"2025-01-25 01:55:00";"-49,2996666667";"-67,7203333333";"0,0";"0"
"PIONEROS";"02735";"2025-01-25 02:02:00";"-49,2996666667";"-67,7203333333";"0,0";"0"
"PIONEROS";"02735";"2025-01-25 02:17:00";"-49,2996666667";"-67,7203333333";"0,0";"195"
"PIONEROS";"02735";"2025-01-25 02:32:00";"-49,2996666667";"-67,7203333333";"0,0";"195"
"PIONEROS";"02735";"2025-01-25 02:47:00";"-49,2996666667";"-67,7203333333";"0,0";"195"
"PIONEROS";"02735";"2025-01-25 03:02:00";"-49,2996666667";"-67,7203333333";"0,0";"195"
"PIONEROS";"02735";"2025-01-25 03:17:00";"-49,2996666667";"-67,7203333333";"0,0";"195"
"PIONEROS";"02735";"2025-01-25 03:32:00";"-49,2996666667";"-67,7203333333";"0,0";"195"
"PIONEROS";"02735";"2025-01-25 03:47:00";"-49,2996666667";"-67,7203333333";"0,0";"195"
"PIONEROS";"02735";"2025-01-25 04:02:00";"-49,2996666667";"-67,7203333333";"0,0";"195"
"PIONEROS";"02735";"2025-01-25 04:17:00";"-49,2996666667";"-67,7203333333";"0,0";"195"
"PIONEROS";"02735";"2025-01-25 04:32:00";"-49,2996666667";"-67,7203333333";"0,0";"195"
"PIONEROS";"02735";"2025-01-25 04:47:00";"-49,2996666667";"-67,7203333333";"0,0";"195"
"PIONEROS";"02735";"2025-01-25 05:02:00";"-49,2996666667";"-67,7203333333";"0,0";"195"
"PIONEROS";"02735";"2025-01-25 05:17:00";"-49,2996666667";"-67,7203333333";"0,0";"195"
"PIONEROS";"02735";"2025-01-25 05:32:00";"-49,2996666667";"-67,7203333333";"0,0";"195"
"PIONEROS";"02735";"2025-01-25 05:47:00";"-49,2996666667";"-67,7203333333";"0,0";"195"
"PIONEROS";"02735";"2025-01-25 06:02:00";"-49,2996666667";"-67,7203333333";"0,0";"195"
"PIONEROS";"02735";"2025-01-25 06:17:00";"-49,2996666667";"-67,7203333333";"0,0";"195"
"PIONEROS";"02735";"2025-01-25 06:32:00";"-49,2996666667";"-67,7203333333";"0,0";"195"
"PIONEROS";"02735";"2025-01-25 06:47:00";"-49,2996666667";"-67,7203333333";"0,0";"195"
"PIONEROS";"02735";"2025-01-25 07:02:00";"-49,2996666667";"-67,7203333333";"0,0";"195"
"PIONEROS";"02735";"2025-01-25 07:17:00";"-49,2996666667";"-67,7203333333";"0,0";"195"
"PIONEROS";"02735";"2025-01-25 07:32:00";"-49,2996666667";"-67,7203333333";"0,0";"195"
"PIONEROS";"02735";"2025-01-25 07:47:00";"-49,2996666667";"-67,7203333333";"0,0";"195"
"PIONEROS";"02735";"2025-01-25 08:02:00";"-49,2996666667";"-67,7203333333";"0,0";"195"
"PIONEROS";"02735";"2025-01-25 08:17:00";"-49,2996666667";"-67,7203333333";"0,0";"195"
"PIONEROS";"02735";"2025-01-25 08:32:00";"-49,2996666667";"-67,7203333333";"0,0";"195"
"PIONEROS";"02735";"2025-01-25 08:47:00";"-49,2996666667";"-67,7203333333";"0,0";"195"
"PIONEROS";"02735";"2025-01-25 09:02:00";"-49,2996666667";"-67,7203333333";"0,0";"195"
"PIONEROS";"02735";"2025-01-25 09:17:00";"-49,2996666667";"-67,7203333333";"0,0";"195"
"PIONEROS";"02735";"2025-01-25 09:32:00";"-49,2996666667";"-67,7203333333";"0,0";"195"
"PIONEROS";"02735";"2025-01-25 09:47:00";"-49,2996666667";"-67,7203333333";"0,0";"195"
"PIONEROS";"02735";"2025-01-25 10:02:00";"-49,2996666667";"-67,7203333333";"0,0";"195"
"PIONEROS";"02735";"2025-01-25 10:17:00";"-49,2996666667";"-67,7203333333";"0,0";"195"
"PIONEROS";"02735";"2025-01-25 10:32:00";"-49,2996666667";"-67,7203333333";"0,0";"195"
"PIONEROS";"02735";"2025-01-25 10:47:00";"-49,2996666667";"-67,7203333333";"0,0";"195"
"PIONEROS";"02735";"2025-01-25 11:02:00";"-49,2996666667";"-67,7203333333";"0,0";"195"
"PIONEROS";"02735";"2025-01-25 11:17:00";"-49,2996666667";"-67,7203333333";"0,0";"195"
"PIONEROS";"02735";"2025-01-25 11:33:00";"-49,2996666667";"-67,7203333333";"0,0";"195"
"PIONEROS";"02735";"2025-01-25 11:48:00";"-49,2996666667";"-67,7203333333";"0,0";"195"
"PIONEROS";"02735";"2025-01-25 12:03:00";"-49,2996666667";"-67,7203333333";"0,0";"195"
"PIONEROS";"02735";"2025-01-25 12:18:00";"-49,2996666667";"-67,7203333333";"0,0";"195"
"PIONEROS";"02735";"2025-01-25 12:33:00";"-49,2996666667";"-67,7203333333";"0,0";"195"
"PIONEROS";"02735";"2025-01-25 12:48:00";"-49,2996666667";"-67,7203333333";"0,0";"195"
"PIONEROS";"02735";"2025-01-25 13:03:00";"-49,2996666667";"-67,7203333333";"0,0";"195"
"PIONEROS";"02735";"2025-01-25 13:18:00";"-49,2996666667";"-67,7203333333";"0,0";"195"
"PIONEROS";"02735";"2025-01-25 13:33:00";"-49,2996666667";"-67,7203333333";"0,0";"195"
"PIONEROS";"02735";"2025-01-25 13:48:00";"-49,2996666667";"-67,7203333333";"0,0";"195"
"PIONEROS";"02735";"2025-01-25 14:03:00";"-49,2996666667";"-67,7203333333";"0,0";"195"
"PIONEROS";"02735";"2025-01-25 14:18:00";"-49,2996666667";"-67,7203333333";"0,0";"195"
"PIONEROS";"02735";"2025-01-25 14:33:00";"-49,2996666667";"-67,7203333333";"0,0";"195"
"PIONEROS";"02735";"2025-01-25 14:48:00";"-49,2996666667";"-67,7203333333";"0,0";"195"
"PIONEROS";"02735";"2025-01-25 15:03:00";"-49,2996666667";"-67,7203333333";"0,0";"195"
"PIONEROS";"02735";"2025-01-25 15:18:00";"-49,2996666667";"-67,7203333333";"0,0";"195"
"PIONEROS";"02735";"2025-01-25 15:33:00";"-49,2996666667";"-67,7203333333";"0,0";"195"
"PIONEROS";"02735";"2025-01-25 15:48:00";"-49,2996666667";"-67,7203333333";"0,0";"195"
"PIONEROS";"02735";"2025-01-25 16:03:00";"-49,2996666667";"-67,7203333333";"0,0";"195"
"PIONEROS";"02735";"2025-01-25 16:18:00";"-49,2996666667";"-67,7203333333";"0,0";"195"
"PIONEROS";"02735";"2025-01-25 16:33:00";"-49,2996666667";"-67,7203333333";"0,0";"195"
"PIONEROS";"02735";"2025-01-25 16:48:00";"-49,2996666667";"-67,7203333333";"0,0";"195"
"PIONEROS";"02735";"2025-01-25 17:03:00";"-49,2996666667";"-67,7203333333";"0,0";"195"
"PIONEROS";"02735";"2025-01-25 17:18:00";"-49,2996666667";"-67,7203333333";"0,0";"195"
"PIONEROS";"02735";"2025-01-25 17:33:00";"-49,2996666667";"-67,7203333333";"0,0";"195"
"PIONEROS";"02735";"2025-01-25 17:48:00";"-49,2996666667";"-67,7203333333";"0,0";"195"
"PIONEROS";"02735";"2025-01-25 18:03:00";"-49,2996666667";"-67,7203333333";"0,0";"105"
"PIONEROS";"02735";"2025-01-25 18:18:00";"-49,2996666667";"-67,7203333333";"0,0";"105"
"PIONEROS";"02735";"2025-01-25 18:33:00";"-49,2996666667";"-67,7203333333";"0,0";"70"
"PIONEROS";"02735";"2025-01-25 18:48:00";"-49,2996666667";"-67,7203333333";"0,0";"70"
"PIONEROS";"02735";"2025-01-25 19:03:00";"-49,2996666667";"-67,7203333333";"0,0";"70"
"PIONEROS";"02735";"2025-01-25 19:18:00";"-49,2996666667";"-67,7203333333";"0,0";"70"
"PIONEROS";"02735";"2025-01-25 19:33:00";"-49,2996666667";"-67,7203333333";"0,0";"70"
"PIONEROS";"02735";"2025-01-25 19:48:00";"-49,2996666667";"-67,7203333333";"0,0";"70"
"PIONEROS";"02735";"2025-01-25 20:03:00";"-49,2996666667";"-67,7203333333";"0,0";"70"
"PIONEROS";"02735";"2025-01-25 20:18:00";"-49,2996666667";"-67,7203333333";"0,0";"70"
"PIONEROS";"02735";"2025-01-25 20:33:00";"-49,2996666667";"-67,7203333333";"0,0";"45"
"PIONEROS";"02735";"2025-01-25 20:48:00";"-49,2996666667";"-67,7203333333";"0,0";"45"
"PIONEROS";"02735";"2025-01-25 21:03:00";"-49,2996666667";"-67,7203333333";"0,0";"45"
"PIONEROS";"02735";"2025-01-25 21:18:00";"-49,2996666667";"-67,7203333333";"0,0";"45"
"PIONEROS";"02735";"2025-01-25 21:33:00";"-49,2996666667";"-67,7203333333";"0,0";"45"
"PIONEROS";"02735";"2025-01-25 21:48:00";"-49,2996666667";"-67,7203333333";"0,0";"45"
"PIONEROS";"02735";"2025-01-25 22:03:00";"-49,2996666667";"-67,7203333333";"0,0";"45"
"PIONEROS";"02735";"2025-01-25 22:18:00";"-49,2996666667";"-67,7203333333";"0,0";"45"
"PIONEROS";"02735";"2025-01-25 22:33:00";"-49,2996666667";"-67,7203333333";"0,0";"45"
"PIONEROS";"02735";"2025-01-25 22:48:00";"-49,2996666667";"-67,7203333333";"0,0";"45"
"PIONEROS";"02735";"2025-01-25 23:03:00";"-49,2996666667";"-67,7203333333";"0,0";"45"
"PIONEROS";"02735";"2025-01-25 23:18:00";"-49,2996666667";"-67,7203333333";"0,0";"45"
"PIONEROS";"02735";"2025-01-25 23:33:00";"-49,2996666667";"-67,7203333333";"0,0";"45"
"PIONEROS";"02735";"2025-01-25 23:48:00";"-49,2996666667";"-67,7203333333";"0,0";"45"
"PIONEROS";"02735";"2025-01-26 00:03:00";"-49,2996666667";"-67,7203333333";"0,0";"45"
"PIONEROS";"02735";"2025-01-26 00:18:00";"-49,2996666667";"-67,7203333333";"0,0";"45"
"PIONEROS";"02735";"2025-01-26 00:33:00";"-49,2996666667";"-67,7203333333";"0,0";"45"
"PIONEROS";"02735";"2025-01-26 00:48:00";"-49,2996666667";"-67,7203333333";"0,0";"205"
"PIONEROS";"02735";"2025-01-26 00:59:00";"-49,2996666667";"-67,7203333333";"0,0";"0"
"PIONEROS";"02735";"2025-01-26 01:14:00";"-49,2996666667";"-67,7203333333";"0,0";"0"
"PIONEROS";"02735";"2025-01-26 01:29:00";"-49,2996666667";"-67,7203333333";"0,0";"0"
"PIONEROS";"02735";"2025-01-26 01:44:00";"-49,2996666667";"-67,7203333333";"0,0";"0"
"PIONEROS";"02735";"2025-01-26 01:56:00";"-49,2996666667";"-67,7203333333";"0,0";"0"
"PIONEROS";"02735";"2025-01-26 02:11:00";"-49,2996666667";"-67,7203333333";"0,0";"0"
"PIONEROS";"02735";"2025-01-26 02:26:00";"-49,2996666667";"-67,7203333333";"0,0";"0"
"PIONEROS";"02735";"2025-01-26 02:41:00";"-49,2996666667";"-67,7203333333";"0,0";"0"
"PIONEROS";"02735";"2025-01-26 02:56:00";"-49,2996666667";"-67,7203333333";"0,0";"0"
"PIONEROS";"02735";"2025-01-26 03:11:00";"-49,2996666667";"-67,7203333333";"0,0";"0"
"PIONEROS";"02735";"2025-01-26 03:26:00";"-49,2996666667";"-67,7203333333";"0,0";"0"
"PIONEROS";"02735";"2025-01-26 03:41:00";"-49,2996666667";"-67,7203333333";"0,0";"0"
"PIONEROS";"02735";"2025-01-26 03:56:00";"-49,2996666667";"-67,7203333333";"0,0";"0"
"PIONEROS";"02735";"2025-01-26 04:11:00";"-49,2996666667";"-67,7203333333";"0,0";"0"
"PIONEROS";"02735";"2025-01-26 04:26:00";"-49,2996666667";"-67,7203333333";"0,0";"0"
"PIONEROS";"02735";"2025-01-26 04:41:00";"-49,2996666667";"-67,7203333333";"0,0";"0"
"PIONEROS";"02735";"2025-01-26 04:56:00";"-49,2996666667";"-67,7203333333";"0,0";"0"
"PIONEROS";"02735";"2025-01-26 05:11:00";"-49,2996666667";"-67,7203333333";"0,0";"0"
"PIONEROS";"02735";"2025-01-26 05:26:00";"-49,2996666667";"-67,7203333333";"0,0";"0"
"PIONEROS";"02735";"2025-01-26 05:41:00";"-49,2996666667";"-67,7203333333";"0,0";"0"
"PIONEROS";"02735";"2025-01-26 05:56:00";"-49,2996666667";"-67,7203333333";"0,0";"0"
"PIONEROS";"02735";"2025-01-26 06:11:00";"-49,2996666667";"-67,7203333333";"0,0";"0"
"PIONEROS";"02735";"2025-01-26 06:26:00";"-49,2996666667";"-67,7203333333";"0,0";"0"
"PIONEROS";"02735";"2025-01-26 06:41:00";"-49,2996666667";"-67,7203333333";"0,0";"0"
"PIONEROS";"02735";"2025-01-26 06:56:00";"-49,2996666667";"-67,7203333333";"0,0";"0"
"PIONEROS";"02735";"2025-01-26 07:11:00";"-49,2996666667";"-67,7203333333";"0,0";"0"
"PIONEROS";"02735";"2025-01-26 07:26:00";"-49,2996666667";"-67,7203333333";"0,0";"0"
"PIONEROS";"02735";"2025-01-26 07:41:00";"-49,2996666667";"-67,7203333333";"0,0";"0"
"PIONEROS";"02735";"2025-01-26 07:56:00";"-49,2996666667";"-67,7203333333";"0,0";"0"
"PIONEROS";"02735";"2025-01-26 08:11:00";"-49,2996666667";"-67,7203333333";"0,0";"0"
"PIONEROS";"02735";"2025-01-26 08:26:00";"-49,2996666667";"-67,7203333333";"0,0";"0"
"PIONEROS";"02735";"2025-01-26 08:41:00";"-49,2996666667";"-67,7203333333";"0,0";"0"
"PIONEROS";"02735";"2025-01-26 08:56:00";"-49,2996666667";"-67,7203333333";"0,0";"0"
"PIONEROS";"02735";"2025-01-26 09:11:00";"-49,2996666667";"-67,7203333333";"0,0";"0"
"PIONEROS";"02735";"2025-01-26 09:26:00";"-49,2996666667";"-67,7203333333";"0,0";"0"
"PIONEROS";"02735";"2025-01-26 09:41:00";"-49,2996666667";"-67,7203333333";"0,0";"0"
"PIONEROS";"02735";"2025-01-26 09:56:00";"-49,2996666667";"-67,7203333333";"0,0";"0"
"PIONEROS";"02735";"2025-01-26 10:11:00";"-49,2996666667";"-67,7203333333";"0,0";"0"
"PIONEROS";"02735";"2025-01-26 10:26:00";"-49,2996666667";"-67,7203333333";"0,0";"0"
"PIONEROS";"02735";"2025-01-26 10:41:00";"-49,2996666667";"-67,7203333333";"0,0";"0"
"PIONEROS";"02735";"2025-01-26 10:56:00";"-49,2996666667";"-67,7203333333";"0,0";"0"
"PIONEROS";"02735";"2025-01-26 11:11:00";"-49,2996666667";"-67,7203333333";"0,0";"0"
"PIONEROS";"02735";"2025-01-26 11:26:00";"-49,2996666667";"-67,7203333333";"0,0";"0"
"PIONEROS";"02735";"2025-01-26 11:41:00";"-49,2996666667";"-67,7203333333";"0,0";"0"
"PIONEROS";"02735";"2025-01-26 11:56:00";"-49,2996666667";"-67,7203333333";"0,0";"0"
"PIONEROS";"02735";"2025-01-26 12:11:00";"-49,2996666667";"-67,7203333333";"0,0";"0"
"PIONEROS";"02735";"2025-01-26 12:26:00";"-49,2996666667";"-67,7203333333";"0,0";"0"
"PIONEROS";"02735";"2025-01-26 12:41:00";"-49,2996666667";"-67,7203333333";"0,0";"0"
"PIONEROS";"02735";"2025-01-26 12:56:00";"-49,2996666667";"-67,7203333333";"0,0";"0"
"PIONEROS";"02735";"2025-01-26 13:11:00";"-49,2996666667";"-67,7203333333";"0,0";"0"
"PIONEROS";"02735";"2025-01-26 13:17:00";"-49,2996666667";"-67,7203333333";"0,0";"0"
"PIONEROS";"02735";"2025-01-26 13:32:00";"-49,2996666667";"-67,7203333333";"0,0";"0"
"PIONEROS";"02735";"2025-01-26 13:47:00";"-49,2996666667";"-67,7203333333";"0,0";"0"
"PIONEROS";"02735";"2025-01-26 14:02:00";"-49,2996666667";"-67,7203333333";"0,0";"0"
"PIONEROS";"02735";"2025-01-26 14:17:00";"-49,2996666667";"-67,7203333333";"0,0";"0"
"PIONEROS";"02735";"2025-01-26 14:32:00";"-49,2996666667";"-67,7203333333";"0,0";"0"
"PIONEROS";"02735";"2025-01-26 14:47:00";"-49,2996666667";"-67,7203333333";"0,0";"0"
"PIONEROS";"02735";"2025-01-26 15:02:00";"-49,2996666667";"-67,7203333333";"0,0";"0"
"PIONEROS";"02735";"2025-01-26 15:05:00";"-49,2996666667";"-67,7203333333";"0,0";"0"
"PIONEROS";"02735";"2025-01-26 15:20:00";"-49,2996666667";"-67,7203333333";"0,0";"0"
"PIONEROS";"02735";"2025-01-26 15:35:00";"-49,2996666667";"-67,7203333333";"0,0";"0"
"PIONEROS";"02735";"2025-01-26 15:50:00";"-49,2996666667";"-67,7203333333";"0,0";"0"
"PIONEROS";"02735";"2025-01-26 16:05:00";"-49,2996666667";"-67,7203333333";"0,0";"0"
"PIONEROS";"02735";"2025-01-26 16:20:00";"-49,2996666667";"-67,7203333333";"0,0";"0"
"PIONEROS";"02735";"2025-01-26 16:35:00";"-49,2996666667";"-67,7203333333";"0,0";"0"
"PIONEROS";"02735";"2025-01-26 16:50:00";"-49,2996666667";"-67,7203333333";"0,0";"0"
"PIONEROS";"02735";"2025-01-26 17:05:00";"-49,2996666667";"-67,7203333333";"0,0";"0"
"PIONEROS";"02735";"2025-01-26 17:20:00";"-49,2996666667";"-67,7203333333";"0,0";"0"
"PIONEROS";"02735";"2025-01-26 17:35:00";"-49,2996666667";"-67,7203333333";"0,0";"0"
"PIONEROS";"02735";"2025-01-26 17:50:00";"-49,2996666667";"-67,7203333333";"0,0";"0"
"PIONEROS";"02735";"2025-01-26 18:05:00";"-49,2996666667";"-67,7203333333";"0,0";"0"
"PIONEROS";"02735";"2025-01-26 18:20:00";"-49,2996666667";"-67,7203333333";"0,0";"0"
"PIONEROS";"02735";"2025-01-26 18:35:00";"-49,2996666667";"-67,7203333333";"0,0";"0"
"PIONEROS";"02735";"2025-01-26 18:50:00";"-49,2996666667";"-67,7203333333";"0,0";"0"
"PIONEROS";"02735";"2025-01-26 19:05:00";"-49,2996666667";"-67,7203333333";"0,0";"0"
"PIONEROS";"02735";"2025-01-26 19:20:00";"-49,2996666667";"-67,7203333333";"0,0";"0"
"PIONEROS";"02735";"2025-01-26 19:35:00";"-49,2996666667";"-67,7203333333";"0,0";"0"
"PIONEROS";"02735";"2025-01-26 19:50:00";"-49,2996666667";"-67,7203333333";"0,0";"0"
"PIONEROS";"02735";"2025-01-26 20:05:00";"-49,2996666667";"-67,7203333333";"0,0";"0"
"PIONEROS";"02735";"2025-01-26 20:07:00";"-49,2996666667";"-67,7203333333";"0,0";"0"
"PIONEROS";"02735";"2025-01-26 20:18:00";"-49,2996666667";"-67,7203333333";"0,0";"0"
"PIONEROS";"02735";"2025-01-26 20:33:00";"-49,2996666667";"-67,7203333333";"0,0";"0"
"PIONEROS";"02735";"2025-01-26 20:48:00";"-49,2996666667";"-67,7203333333";"0,0";"0"
"PIONEROS";"02735";"2025-01-26 21:03:00";"-49,2996666667";"-67,7203333333";"0,0";"0"
"PIONEROS";"02735";"2025-01-26 21:18:00";"-49,2996666667";"-67,7203333333";"0,0";"0"
"PIONEROS";"02735";"2025-01-26 21:33:00";"-49,2996666667";"-67,7203333333";"0,0";"0"
"PIONEROS";"02735";"2025-01-26 21:48:00";"-49,2996666667";"-67,7203333333";"0,0";"0"
"PIONEROS";"02735";"2025-01-26 22:03:00";"-49,2996666667";"-67,7203333333";"0,0";"0"
"PIONEROS";"02735";"2025-01-26 22:18:00";"-49,2996666667";"-67,7203333333";"0,0";"0"
"PIONEROS";"02735";"2025-01-26 22:27:00";"-49,2996666667";"-67,7203333333";"0,0";"0"
"PIONEROS";"02735";"2025-01-26 22:42:00";"-49,2996666667";"-67,7203333333";"0,0";"5"
"PIONEROS";"02735";"2025-01-26 22:54:00";"-49,2996666667";"-67,7203333333";"0,0";"0"
"PIONEROS";"02735";"2025-01-26 23:09:00";"-49,2996666667";"-67,7203333333";"0,0";"215"
"PIONEROS";"02735";"2025-01-26 23:24:00";"-49,2996666667";"-67,7203333333";"0,0";"215"
"PIONEROS";"02735";"2025-01-26 23:39:00";"-49,2996666667";"-67,7203333333";"0,0";"215"
"PIONEROS";"02735";"2025-01-26 23:54:00";"-49,2996666667";"-67,7203333333";"0,0";"215"
"PIONEROS";"02735";"2025-01-27 00:09:00";"-49,2996666667";"-67,7203333333";"0,0";"215"
"PIONEROS";"02735";"2025-01-27 00:24:00";"-49,2996666667";"-67,7203333333";"0,0";"215"
"PIONEROS";"02735";"2025-01-27 00:39:00";"-49,2996666667";"-67,7203333333";"0,0";"215"
"PIONEROS";"02735";"2025-01-27 00:54:00";"-49,2996666667";"-67,7203333333";"0,0";"215"
"PIONEROS";"02735";"2025-01-27 01:09:00";"-49,2996666667";"-67,7203333333";"0,0";"215"
"PIONEROS";"02735";"2025-01-27 01:24:00";"-49,2996666667";"-67,7203333333";"0,0";"215"
"PIONEROS";"02735";"2025-01-27 01:39:00";"-49,2996666667";"-67,7203333333";"0,0";"215"
"PIONEROS";"02735";"2025-01-27 01:54:00";"-49,2996666667";"-67,7203333333";"0,0";"215"
"PIONEROS";"02735";"2025-01-27 02:09:00";"-49,2996666667";"-67,7203333333";"0,0";"215"
"PIONEROS";"02735";"2025-01-27 02:24:00";"-49,2996666667";"-67,7203333333";"0,0";"215"
"PIONEROS";"02735";"2025-01-27 02:39:00";"-49,2996666667";"-67,7203333333";"0,0";"215"
"PIONEROS";"02735";"2025-01-27 02:54:00";"-49,2996666667";"-67,7203333333";"0,0";"215"
"PIONEROS";"02735";"2025-01-27 03:09:00";"-49,2996666667";"-67,7203333333";"0,0";"215"
"PIONEROS";"02735";"2025-01-27 03:24:00";"-49,2996666667";"-67,7203333333";"0,0";"215"
"PIONEROS";"02735";"2025-01-27 03:39:00";"-49,2996666667";"-67,7203333333";"0,0";"215"
"PIONEROS";"02735";"2025-01-27 03:54:00";"-49,2996666667";"-67,7203333333";"0,0";"215"
"PIONEROS";"02735";"2025-01-27 04:09:00";"-49,2996666667";"-67,7203333333";"0,0";"215"
"PIONEROS";"02735";"2025-01-27 04:24:00";"-49,2996666667";"-67,7203333333";"0,0";"215"
"PIONEROS";"02735";"2025-01-27 04:39:00";"-49,2996666667";"-67,7203333333";"0,0";"215"
"PIONEROS";"02735";"2025-01-27 04:54:00";"-49,2996666667";"-67,7203333333";"0,0";"215"
"PIONEROS";"02735";"2025-01-27 05:09:00";"-49,2996666667";"-67,7203333333";"0,0";"215"
"PIONEROS";"02735";"2025-01-27 05:24:00";"-49,2996666667";"-67,7203333333";"0,0";"215"
"PIONEROS";"02735";"2025-01-27 05:39:00";"-49,2996666667";"-67,7203333333";"0,0";"215"
"PIONEROS";"02735";"2025-01-27 05:54:00";"-49,2996666667";"-67,7203333333";"0,0";"215"
"PIONEROS";"02735";"2025-01-27 06:09:00";"-49,2996666667";"-67,7203333333";"0,0";"215"
"PIONEROS";"02735";"2025-01-27 06:24:00";"-49,2996666667";"-67,7203333333";"0,0";"215"
"PIONEROS";"02735";"2025-01-27 06:39:00";"-49,2996666667";"-67,7203333333";"0,0";"215"
"PIONEROS";"02735";"2025-01-27 06:54:00";"-49,2996666667";"-67,7203333333";"0,0";"215"
"PIONEROS";"02735";"2025-01-27 07:09:00";"-49,2996666667";"-67,7203333333";"0,0";"215"
"PIONEROS";"02735";"2025-01-27 07:24:00";"-49,2996666667";"-67,7203333333";"0,0";"215"
"PIONEROS";"02735";"2025-01-27 07:39:00";"-49,2996666667";"-67,7203333333";"0,0";"215"
"PIONEROS";"02735";"2025-01-27 07:54:00";"-49,2996666667";"-67,7203333333";"0,0";"215"
"PIONEROS";"02735";"2025-01-27 08:09:00";"-49,2996666667";"-67,7203333333";"0,0";"215"
"PIONEROS";"02735";"2025-01-27 08:24:00";"-49,2996666667";"-67,7203333333";"0,0";"215"
"PIONEROS";"02735";"2025-01-27 08:39:00";"-49,2996666667";"-67,7203333333";"0,0";"215"
"PIONEROS";"02735";"2025-01-27 08:54:00";"-49,2996666667";"-67,7203333333";"0,0";"215"
"PIONEROS";"02735";"2025-01-27 09:09:00";"-49,2996666667";"-67,7203333333";"0,0";"215"
"PIONEROS";"02735";"2025-01-27 09:24:00";"-49,2996666667";"-67,7203333333";"0,0";"215"
"PIONEROS";"02735";"2025-01-27 09:39:00";"-49,2996666667";"-67,7203333333";"0,0";"205"
"PIONEROS";"02735";"2025-01-27 09:54:00";"-49,2996666667";"-67,7203333333";"0,0";"205"
"PIONEROS";"02735";"2025-01-27 10:09:00";"-49,2996666667";"-67,7203333333";"0,0";"205"
"PIONEROS";"02735";"2025-01-27 10:24:00";"-49,2996666667";"-67,7203333333";"0,0";"205"
"PIONEROS";"02735";"2025-01-27 10:39:00";"-49,2996666667";"-67,7203333333";"0,0";"205"
"PIONEROS";"02735";"2025-01-27 10:54:00";"-49,2996666667";"-67,7203333333";"0,0";"205"
"PIONEROS";"02735";"2025-01-27 11:09:00";"-49,2996666667";"-67,7203333333";"0,0";"205"
"PIONEROS";"02735";"2025-01-27 11:24:00";"-49,2996666667";"-67,7203333333";"0,0";"205"
"PIONEROS";"02735";"2025-01-27 11:39:00";"-49,2996666667";"-67,7203333333";"0,0";"205"
"PIONEROS";"02735";"2025-01-27 11:54:00";"-49,2996666667";"-67,7203333333";"0,0";"165"
"PIONEROS";"02735";"2025-01-27 12:09:00";"-49,2996666667";"-67,7203333333";"0,0";"165"
"PIONEROS";"02735";"2025-01-27 12:24:00";"-49,2996666667";"-67,7203333333";"0,0";"165"
"PIONEROS";"02735";"2025-01-27 12:39:00";"-49,2996666667";"-67,7203333333";"0,0";"165"
"PIONEROS";"02735";"2025-01-27 12:54:00";"-49,2996666667";"-67,7203333333";"0,0";"165"
"PIONEROS";"02735";"2025-01-27 13:09:00";"-49,2996666667";"-67,7203333333";"0,0";"165"
"PIONEROS";"02735";"2025-01-27 13:24:00";"-49,2996666667";"-67,7203333333";"0,0";"165"
"PIONEROS";"02735";"2025-01-27 13:39:00";"-49,2996666667";"-67,7203333333";"0,0";"165"
"PIONEROS";"02735";"2025-01-27 13:54:00";"-49,2996666667";"-67,7203333333";"0,0";"165"
"PIONEROS";"02735";"2025-01-27 14:09:00";"-49,2996666667";"-67,7203333333";"0,0";"165"
"PIONEROS";"02735";"2025-01-27 14:24:00";"-49,2996666667";"-67,7203333333";"0,0";"165"
"PIONEROS";"02735";"2025-01-27 14:39:00";"-49,2996666667";"-67,7203333333";"0,0";"165"
"PIONEROS";"02735";"2025-01-27 14:54:00";"-49,2996666667";"-67,7203333333";"0,0";"165"
"PIONEROS";"02735";"2025-01-27 15:09:00";"-49,2996666667";"-67,7203333333";"0,0";"165"
"PIONEROS";"02735";"2025-01-27 15:24:00";"-49,2996666667";"-67,7203333333";"0,0";"165"
"PIONEROS";"02735";"2025-01-27 15:39:00";"-49,2996666667";"-67,7203333333";"0,0";"165"
"PIONEROS";"02735";"2025-01-27 15:54:00";"-49,2996666667";"-67,7203333333";"0,0";"165"
"PIONEROS";"02735";"2025-01-27 16:09:00";"-49,2996666667";"-67,7203333333";"0,0";"165"
"PIONEROS";"02735";"2025-01-27 16:24:00";"-49,2996666667";"-67,7203333333";"0,0";"325"
"PIONEROS";"02735";"2025-01-27 16:39:00";"-49,2996666667";"-67,7203333333";"0,0";"325"
"PIONEROS";"02735";"2025-01-27 16:54:00";"-49,2996666667";"-67,7203333333";"0,0";"325"
"PIONEROS";"02735";"2025-01-27 17:09:00";"-49,2996666667";"-67,7203333333";"0,0";"325"
"PIONEROS";"02735";"2025-01-27 17:24:00";"-49,2996666667";"-67,7203333333";"0,0";"325"
"PIONEROS";"02735";"2025-01-27 17:39:00";"-49,2996666667";"-67,7203333333";"0,0";"325"
"PIONEROS";"02735";"2025-01-27 17:54:00";"-49,2996666667";"-67,7203333333";"0,0";"325"
"PIONEROS";"02735";"2025-01-27 18:09:00";"-49,2996666667";"-67,7203333333";"0,0";"325"
"PIONEROS";"02735";"2025-01-27 18:24:00";"-49,2996666667";"-67,7203333333";"0,0";"325"
"PIONEROS";"02735";"2025-01-27 18:39:00";"-49,2996666667";"-67,7203333333";"0,0";"325"
"PIONEROS";"02735";"2025-01-27 18:54:00";"-49,2996666667";"-67,7203333333";"0,0";"325"
"PIONEROS";"02735";"2025-01-27 19:09:00";"-49,2996666667";"-67,7203333333";"0,0";"325"
"PIONEROS";"02735";"2025-01-27 19:24:00";"-49,2996666667";"-67,7203333333";"0,0";"325"
"PIONEROS";"02735";"2025-01-27 19:39:00";"-49,2996666667";"-67,7203333333";"0,0";"325"
"PIONEROS";"02735";"2025-01-27 19:54:00";"-49,2996666667";"-67,7203333333";"0,0";"325"
"PIONEROS";"02735";"2025-01-27 20:09:00";"-49,2996666667";"-67,7203333333";"0,0";"325"
"PIONEROS";"02735";"2025-01-27 20:24:00";"-49,2996666667";"-67,7203333333";"0,0";"325"
"PIONEROS";"02735";"2025-01-27 20:39:00";"-49,2996666667";"-67,7203333333";"0,0";"325"
"PIONEROS";"02735";"2025-01-27 20:54:00";"-49,2996666667";"-67,7203333333";"0,0";"325"
"PIONEROS";"02735";"2025-01-27 21:09:00";"-49,2996666667";"-67,7203333333";"0,0";"325"
"PIONEROS";"02735";"2025-01-27 21:24:00";"-49,2996666667";"-67,7203333333";"0,0";"325"
"PIONEROS";"02735";"2025-01-27 21:39:00";"-49,2996666667";"-67,7203333333";"0,0";"325"
"PIONEROS";"02735";"2025-01-27 21:54:00";"-49,2996666667";"-67,7203333333";"0,0";"325"
"PIONEROS";"02735";"2025-01-27 22:09:00";"-49,2996666667";"-67,7203333333";"0,0";"325"
"PIONEROS";"02735";"2025-01-27 22:24:00";"-49,2996666667";"-67,7203333333";"0,0";"325"
"PIONEROS";"02735";"2025-01-27 22:39:00";"-49,2996666667";"-67,7203333333";"0,0";"325"
"PIONEROS";"02735";"2025-01-27 22:54:00";"-49,2996666667";"-67,7203333333";"0,0";"325"
"PIONEROS";"02735";"2025-01-27 23:09:00";"-49,2996666667";"-67,7203333333";"0,0";"325"
"PIONEROS";"02735";"2025-01-27 23:24:00";"-49,2996666667";"-67,7203333333";"0,0";"205"
"PIONEROS";"02735";"2025-01-27 23:39:00";"-49,2996666667";"-67,7203333333";"0,0";"205"
"PIONEROS";"02735";"2025-01-27 23:54:00";"-49,2996666667";"-67,7203333333";"0,0";"205"
"PIONEROS";"02735";"2025-01-28 00:09:00";"-49,2996666667";"-67,7203333333";"0,0";"205"
"PIONEROS";"02735";"2025-01-28 00:24:00";"-49,2996666667";"-67,7203333333";"0,0";"205"
"PIONEROS";"02735";"2025-01-28 00:39:00";"-49,2996666667";"-67,7203333333";"0,0";"205"
"PIONEROS";"02735";"2025-01-28 00:54:00";"-49,2996666667";"-67,7203333333";"0,0";"205"
"PIONEROS";"02735";"2025-01-28 01:09:00";"-49,2996666667";"-67,7203333333";"0,0";"205"
"PIONEROS";"02735";"2025-01-28 01:24:00";"-49,2996666667";"-67,7203333333";"0,0";"205"
"PIONEROS";"02735";"2025-01-28 01:39:00";"-49,2996666667";"-67,7203333333";"0,0";"205"
"PIONEROS";"02735";"2025-01-28 01:54:00";"-49,2996666667";"-67,7203333333";"0,0";"205"
"PIONEROS";"02735";"2025-01-28 02:09:00";"-49,2996666667";"-67,7203333333";"0,0";"205"
"PIONEROS";"02735";"2025-01-28 02:24:00";"-49,2996666667";"-67,7203333333";"0,0";"205"
"PIONEROS";"02735";"2025-01-28 02:39:00";"-49,2996666667";"-67,7203333333";"0,0";"205"
"PIONEROS";"02735";"2025-01-28 02:54:00";"-49,2996666667";"-67,7203333333";"0,0";"205"
"PIONEROS";"02735";"2025-01-28 03:09:00";"-49,2996666667";"-67,7203333333";"0,0";"205"
"PIONEROS";"02735";"2025-01-28 03:24:00";"-49,2996666667";"-67,7203333333";"0,0";"205"
"PIONEROS";"02735";"2025-01-28 03:39:00";"-49,2996666667";"-67,7203333333";"0,0";"205"
"PIONEROS";"02735";"2025-01-28 03:54:00";"-49,2996666667";"-67,7203333333";"0,0";"205"
"PIONEROS";"02735";"2025-01-28 04:09:00";"-49,2996666667";"-67,7203333333";"0,0";"205"
"PIONEROS";"02735";"2025-01-28 04:24:00";"-49,2996666667";"-67,7203333333";"0,0";"205"
"PIONEROS";"02735";"2025-01-28 04:39:00";"-49,2996666667";"-67,7203333333";"0,0";"205"
"PIONEROS";"02735";"2025-01-28 04:54:00";"-49,2996666667";"-67,7203333333";"0,0";"205"
"PIONEROS";"02735";"2025-01-28 05:09:00";"-49,2996666667";"-67,7203333333";"0,0";"205"
"PIONEROS";"02735";"2025-01-28 05:24:00";"-49,2996666667";"-67,7203333333";"0,0";"205"
"PIONEROS";"02735";"2025-01-28 05:39:00";"-49,2996666667";"-67,7203333333";"0,0";"205"
"PIONEROS";"02735";"2025-01-28 05:54:00";"-49,2996666667";"-67,7203333333";"0,0";"205"
"PIONEROS";"02735";"2025-01-28 06:09:00";"-49,2996666667";"-67,7203333333";"0,0";"195"
"PIONEROS";"02735";"2025-01-28 06:24:00";"-49,2996666667";"-67,7203333333";"0,0";"195"
"PIONEROS";"02735";"2025-01-28 06:39:00";"-49,2996666667";"-67,7203333333";"0,0";"195"
"PIONEROS";"02735";"2025-01-28 06:54:00";"-49,2996666667";"-67,7203333333";"0,0";"195"
"PIONEROS";"02735";"2025-01-28 07:09:00";"-49,2996666667";"-67,7203333333";"0,0";"195"
"PIONEROS";"02735";"2025-01-28 07:24:00";"-49,2996666667";"-67,7203333333";"0,0";"195"
"PIONEROS";"02735";"2025-01-28 07:39:00";"-49,2996666667";"-67,7203333333";"0,0";"195"
"PIONEROS";"02735";"2025-01-28 07:54:00";"-49,2996666667";"-67,7203333333";"0,0";"195"
"PIONEROS";"02735";"2025-01-28 08:09:00";"-49,2996666667";"-67,7203333333";"0,0";"195"
"PIONEROS";"02735";"2025-01-28 08:24:00";"-49,2996666667";"-67,7203333333";"0,0";"195"
"PIONEROS";"02735";"2025-01-28 08:39:00";"-49,2996666667";"-67,7203333333";"0,0";"195"
"PIONEROS";"02735";"2025-01-28 08:54:00";"-49,2996666667";"-67,7203333333";"0,0";"195"
"PIONEROS";"02735";"2025-01-28 09:09:00";"-49,2996666667";"-67,7203333333";"0,0";"195"
"PIONEROS";"02735";"2025-01-28 09:24:00";"-49,2996666667";"-67,7203333333";"0,0";"195"
"PIONEROS";"02735";"2025-01-28 09:39:00";"-49,2996666667";"-67,7203333333";"0,0";"195"
"PIONEROS";"02735";"2025-01-28 09:54:00";"-49,2996666667";"-67,7203333333";"0,0";"195"
"PIONEROS";"02735";"2025-01-28 10:09:00";"-49,2996666667";"-67,7203333333";"0,0";"195"
"PIONEROS";"02735";"2025-01-28 10:24:00";"-49,2996666667";"-67,7203333333";"0,0";"195"
"PIONEROS";"02735";"2025-01-28 10:39:00";"-49,2996666667";"-67,7203333333";"0,0";"195"
"PIONEROS";"02735";"2025-01-28 10:54:00";"-49,2996666667";"-67,7203333333";"0,0";"195"
"PIONEROS";"02735";"2025-01-28 11:09:00";"-49,2996666667";"-67,7203333333";"0,0";"195"
"PIONEROS";"02735";"2025-01-28 11:24:00";"-49,2996666667";"-67,7203333333";"0,0";"195"
"PIONEROS";"02735";"2025-01-28 11:39:00";"-49,2996666667";"-67,7203333333";"0,0";"195"
"PIONEROS";"02735";"2025-01-28 11:54:00";"-49,2996666667";"-67,7203333333";"0,0";"195"
"PIONEROS";"02735";"2025-01-28 12:09:00";"-49,2996666667";"-67,7203333333";"0,0";"195"
"PIONEROS";"02735";"2025-01-28 12:24:00";"-49,2996666667";"-67,7203333333";"0,0";"195"
"PIONEROS";"02735";"2025-01-28 12:39:00";"-49,2996666667";"-67,7203333333";"0,0";"195"
"PIONEROS";"02735";"2025-01-28 12:54:00";"-49,2996666667";"-67,7203333333";"0,0";"195"
"PIONEROS";"02735";"2025-01-28 13:09:00";"-49,2996666667";"-67,7203333333";"0,0";"195"
"PIONEROS";"02735";"2025-01-28 13:24:00";"-49,2996666667";"-67,7203333333";"0,0";"195"
"PIONEROS";"02735";"2025-01-28 13:39:00";"-49,2996666667";"-67,7203333333";"0,0";"195"
"PIONEROS";"02735";"2025-01-28 13:54:00";"-49,2996666667";"-67,7203333333";"0,0";"195"
"PIONEROS";"02735";"2025-01-28 14:09:00";"-49,2996666667";"-67,7203333333";"0,0";"195"
"PIONEROS";"02735";"2025-01-28 14:24:00";"-49,2996666667";"-67,7203333333";"0,0";"195"
"PIONEROS";"02735";"2025-01-28 14:39:00";"-49,2996666667";"-67,7203333333";"0,0";"195"
"PIONEROS";"02735";"2025-01-28 14:54:00";"-49,2996666667";"-67,7203333333";"0,0";"195"
"PIONEROS";"02735";"2025-01-28 15:03:00";"-49,2996666667";"-67,7203333333";"0,0";"0"
"PIONEROS";"02735";"2025-01-28 15:18:00";"-49,2996666667";"-67,7203333333";"0,0";"0"
"PIONEROS";"02735";"2025-01-28 15:33:00";"-49,2996666667";"-67,7203333333";"0,0";"0"
"PIONEROS";"02735";"2025-01-28 15:48:00";"-49,2996666667";"-67,7205";"0,0";"0"
"PIONEROS";"02735";"2025-01-28 16:03:00";"-49,2996666667";"-67,7203333333";"0,0";"0"
"PIONEROS";"02735";"2025-01-28 16:18:00";"-49,2996666667";"-67,7203333333";"0,0";"0"
"PIONEROS";"02735";"2025-01-28 16:33:00";"-49,2996666667";"-67,7203333333";"0,0";"0"
"PIONEROS";"02735";"2025-01-28 16:48:00";"-49,2996666667";"-67,7203333333";"0,0";"0"
"PIONEROS";"02735";"2025-01-28 17:03:00";"-49,2996666667";"-67,7203333333";"0,0";"0"
"PIONEROS";"02735";"2025-01-28 17:18:00";"-49,2996666667";"-67,7203333333";"0,0";"0"
"PIONEROS";"02735";"2025-01-28 17:33:00";"-49,2996666667";"-67,7203333333";"0,0";"0"
"PIONEROS";"02735";"2025-01-28 17:48:00";"-49,2996666667";"-67,7203333333";"0,0";"0"
"PIONEROS";"02735";"2025-01-28 18:03:00";"-49,2996666667";"-67,7203333333";"0,0";"0"
"PIONEROS";"02735";"2025-01-28 18:18:00";"-49,2996666667";"-67,7203333333";"0,0";"0"
"PIONEROS";"02735";"2025-01-28 18:33:00";"-49,2996666667";"-67,7203333333";"0,0";"0"
"PIONEROS";"02735";"2025-01-28 18:48:00";"-49,2996666667";"-67,7203333333";"0,0";"0"
"PIONEROS";"02735";"2025-01-28 19:03:00";"-49,2996666667";"-67,7203333333";"0,0";"0"
"PIONEROS";"02735";"2025-01-28 19:18:00";"-49,2996666667";"-67,7203333333";"0,0";"0"
"PIONEROS";"02735";"2025-01-28 19:33:00";"-49,2996666667";"-67,7203333333";"0,0";"0"
"PIONEROS";"02735";"2025-01-28 19:48:00";"-49,2996666667";"-67,7203333333";"0,0";"0"
"PIONEROS";"02735";"2025-01-28 20:03:00";"-49,2996666667";"-67,7203333333";"0,0";"0"
"PIONEROS";"02735";"2025-01-28 20:18:00";"-49,2996666667";"-67,7203333333";"0,0";"0"
"PIONEROS";"02735";"2025-01-28 20:33:00";"-49,2996666667";"-67,7203333333";"0,0";"0"
"PIONEROS";"02735";"2025-01-28 20:48:00";"-49,2996666667";"-67,7203333333";"0,0";"0"
"PIONEROS";"02735";"2025-01-28 21:03:00";"-49,2996666667";"-67,7203333333";"0,0";"0"
"PIONEROS";"02735";"2025-01-28 21:18:00";"-49,2996666667";"-67,7203333333";"0,0";"0"
"PIONEROS";"02735";"2025-01-28 21:33:00";"-49,2996666667";"-67,7203333333";"0,0";"0"
"PIONEROS";"02735";"2025-01-28 21:48:00";"-49,2996666667";"-67,7203333333";"0,0";"0"
"PIONEROS";"02735";"2025-01-28 22:03:00";"-49,2996666667";"-67,7203333333";"0,0";"0"
"PIONEROS";"02735";"2025-01-28 22:18:00";"-49,2996666667";"-67,7203333333";"0,0";"0"
"PIONEROS";"02735";"2025-01-28 22:33:00";"-49,2996666667";"-67,7203333333";"0,0";"0"
"PIONEROS";"02735";"2025-01-28 22:48:00";"-49,2996666667";"-67,7203333333";"0,0";"0"
"PIONEROS";"02735";"2025-01-28 23:01:00";"-49,2996666667";"-67,7203333333";"0,0";"0"
"PIONEROS";"02735";"2025-01-28 23:16:00";"-49,2996666667";"-67,7203333333";"0,0";"310"
"PIONEROS";"02735";"2025-01-28 23:31:00";"-49,2996666667";"-67,7203333333";"0,0";"310"
"PIONEROS";"02735";"2025-01-28 23:38:00";"-49,2996666667";"-67,7203333333";"0,0";"0"
"PIONEROS";"02735";"2025-01-28 23:53:00";"-49,2996666667";"-67,7203333333";"0,0";"240"
"PIONEROS";"02735";"2025-01-29 00:00:00";"-49,2996666667";"-67,7203333333";"0,0";"0"
"PIONEROS";"02735";"2025-01-29 00:06:00";"-49,2996666667";"-67,7203333333";"0,0";"0"
"PIONEROS";"02735";"2025-01-29 00:21:00";"-49,2996666667";"-67,7203333333";"0,0";"0"
"PIONEROS";"02735";"2025-01-29 00:36:00";"-49,2996666667";"-67,7203333333";"0,0";"0"
"PIONEROS";"02735";"2025-01-29 00:51:00";"-49,2996666667";"-67,7203333333";"0,0";"0"
"PIONEROS";"02735";"2025-01-29 01:06:00";"-49,2996666667";"-67,7203333333";"0,0";"0"
"PIONEROS";"02735";"2025-01-29 01:21:00";"-49,2996666667";"-67,7203333333";"0,0";"0"
"PIONEROS";"02735";"2025-01-29 01:36:00";"-49,2996666667";"-67,7203333333";"0,0";"0"
"PIONEROS";"02735";"2025-01-29 01:51:00";"-49,2996666667";"-67,7203333333";"0,0";"0"
"PIONEROS";"02735";"2025-01-29 02:06:00";"-49,2996666667";"-67,7203333333";"0,0";"140"
"PIONEROS";"02735";"2025-01-29 02:21:00";"-49,2996666667";"-67,7203333333";"0,0";"140"
"PIONEROS";"02735";"2025-01-29 02:36:00";"-49,2996666667";"-67,7203333333";"0,0";"10"
"PIONEROS";"02735";"2025-01-29 02:51:00";"-49,2996666667";"-67,7203333333";"0,0";"10"
"PIONEROS";"02735";"2025-01-29 03:06:00";"-49,2996666667";"-67,7203333333";"0,0";"10"
"PIONEROS";"02735";"2025-01-29 03:21:00";"-49,2996666667";"-67,7203333333";"0,0";"10"
"PIONEROS";"02735";"2025-01-29 03:36:00";"-49,2996666667";"-67,7203333333";"0,0";"10"
"PIONEROS";"02735";"2025-01-29 03:51:00";"-49,2996666667";"-67,7203333333";"0,0";"10"
"PIONEROS";"02735";"2025-01-29 04:06:00";"-49,2996666667";"-67,7203333333";"0,0";"10"
"PIONEROS";"02735";"2025-01-29 04:21:00";"-49,2996666667";"-67,7203333333";"0,0";"10"
"PIONEROS";"02735";"2025-01-29 04:36:00";"-49,2996666667";"-67,7203333333";"0,0";"10"
"PIONEROS";"02735";"2025-01-29 04:51:00";"-49,2996666667";"-67,7203333333";"0,0";"275"
"PIONEROS";"02735";"2025-01-29 05:06:00";"-49,2996666667";"-67,7203333333";"0,0";"205"
"PIONEROS";"02735";"2025-01-29 05:21:00";"-49,2996666667";"-67,7203333333";"0,0";"205"
"PIONEROS";"02735";"2025-01-29 05:36:00";"-49,2996666667";"-67,7203333333";"0,0";"205"
"PIONEROS";"02735";"2025-01-29 05:51:00";"-49,2996666667";"-67,7203333333";"0,0";"205"
"PIONEROS";"02735";"2025-01-29 06:06:00";"-49,2996666667";"-67,7203333333";"0,0";"205"
"PIONEROS";"02735";"2025-01-29 06:21:00";"-49,2996666667";"-67,7203333333";"0,0";"205"
"PIONEROS";"02735";"2025-01-29 06:36:00";"-49,2996666667";"-67,7203333333";"0,0";"205"
"PIONEROS";"02735";"2025-01-29 06:51:00";"-49,2996666667";"-67,7203333333";"0,0";"205"
"PIONEROS";"02735";"2025-01-29 07:06:00";"-49,2996666667";"-67,7203333333";"0,0";"205"
"PIONEROS";"02735";"2025-01-29 07:21:00";"-49,2996666667";"-67,7203333333";"0,0";"205"
"PIONEROS";"02735";"2025-01-29 07:36:00";"-49,2996666667";"-67,7203333333";"0,0";"205"
"PIONEROS";"02735";"2025-01-29 07:51:00";"-49,2996666667";"-67,7203333333";"0,0";"205"
"PIONEROS";"02735";"2025-01-29 08:06:00";"-49,2996666667";"-67,7203333333";"0,0";"205"
"PIONEROS";"02735";"2025-01-29 08:21:00";"-49,2996666667";"-67,7203333333";"0,0";"205"
"PIONEROS";"02735";"2025-01-29 08:36:00";"-49,2996666667";"-67,7203333333";"0,0";"205"
"PIONEROS";"02735";"2025-01-29 08:51:00";"-49,2996666667";"-67,7203333333";"0,0";"205"
"PIONEROS";"02735";"2025-01-29 09:06:00";"-49,2996666667";"-67,7203333333";"0,0";"205"
"PIONEROS";"02735";"2025-01-29 09:21:00";"-49,2996666667";"-67,7203333333";"0,0";"205"
"PIONEROS";"02735";"2025-01-29 09:36:00";"-49,2996666667";"-67,7203333333";"0,0";"205"
"PIONEROS";"02735";"2025-01-29 09:51:00";"-49,2996666667";"-67,7203333333";"0,0";"205"
"PIONEROS";"02735";"2025-01-29 10:06:00";"-49,2996666667";"-67,7203333333";"0,0";"205"
"PIONEROS";"02735";"2025-01-29 10:21:00";"-49,2996666667";"-67,7203333333";"0,0";"205"
"PIONEROS";"02735";"2025-01-29 10:36:00";"-49,2996666667";"-67,7203333333";"0,0";"205"
"PIONEROS";"02735";"2025-01-29 10:51:00";"-49,2996666667";"-67,7203333333";"0,0";"205"
"PIONEROS";"02735";"2025-01-29 11:06:00";"-49,2996666667";"-67,7203333333";"0,0";"205"
"PIONEROS";"02735";"2025-01-29 11:21:00";"-49,2996666667";"-67,7203333333";"0,0";"205"
"PIONEROS";"02735";"2025-01-29 11:36:00";"-49,2996666667";"-67,7203333333";"0,0";"205"
"PIONEROS";"02735";"2025-01-29 11:51:00";"-49,2996666667";"-67,7203333333";"0,0";"205"
"PIONEROS";"02735";"2025-01-29 12:06:00";"-49,2996666667";"-67,7203333333";"0,0";"205"
"PIONEROS";"02735";"2025-01-29 12:21:00";"-49,2996666667";"-67,7203333333";"0,0";"205"
"PIONEROS";"02735";"2025-01-29 12:36:00";"-49,2996666667";"-67,7203333333";"0,0";"205"
"PIONEROS";"02735";"2025-01-29 12:51:00";"-49,2996666667";"-67,7203333333";"0,0";"205"
"PIONEROS";"02735";"2025-01-29 13:06:00";"-49,2996666667";"-67,7203333333";"0,0";"205"
"PIONEROS";"02735";"2025-01-29 13:21:00";"-49,2996666667";"-67,7203333333";"0,0";"205"
"PIONEROS";"02735";"2025-01-29 13:36:00";"-49,2996666667";"-67,7203333333";"0,0";"205"
"PIONEROS";"02735";"2025-01-29 13:51:00";"-49,2996666667";"-67,7203333333";"0,0";"205"
"PIONEROS";"02735";"2025-01-29 14:06:00";"-49,2996666667";"-67,7203333333";"0,0";"205"
"PIONEROS";"02735";"2025-01-29 14:21:00";"-49,2996666667";"-67,7203333333";"0,0";"205"
"PIONEROS";"02735";"2025-01-29 14:36:00";"-49,2996666667";"-67,7203333333";"0,0";"205"
"PIONEROS";"02735";"2025-01-29 14:51:00";"-49,2996666667";"-67,7203333333";"0,0";"205"
"PIONEROS";"02735";"2025-01-29 15:06:00";"-49,2996666667";"-67,7203333333";"0,0";"205"
"PIONEROS";"02735";"2025-01-29 15:21:00";"-49,2996666667";"-67,7203333333";"0,0";"205"
"PIONEROS";"02735";"2025-01-29 15:36:00";"-49,2996666667";"-67,7203333333";"0,0";"205"
"PIONEROS";"02735";"2025-01-29 15:51:00";"-49,2996666667";"-67,7203333333";"0,0";"50"
"PIONEROS";"02735";"2025-01-29 16:06:00";"-49,2996666667";"-67,7203333333";"0,0";"50"
"PIONEROS";"02735";"2025-01-29 16:21:00";"-49,2996666667";"-67,7203333333";"0,0";"50"
"PIONEROS";"02735";"2025-01-29 16:36:00";"-49,2996666667";"-67,7203333333";"0,0";"50"
"PIONEROS";"02735";"2025-01-29 16:51:00";"-49,2996666667";"-67,7203333333";"0,0";"330"
"PIONEROS";"02735";"2025-01-29 17:06:00";"-49,2996666667";"-67,7203333333";"0,0";"330"
"PIONEROS";"02735";"2025-01-29 17:21:00";"-49,2996666667";"-67,7203333333";"0,0";"330"
"PIONEROS";"02735";"2025-01-29 17:36:00";"-49,2996666667";"-67,7203333333";"0,0";"330"
"PIONEROS";"02735";"2025-01-29 17:51:00";"-49,2996666667";"-67,7203333333";"0,0";"330"
"PIONEROS";"02735";"2025-01-29 18:06:00";"-49,2996666667";"-67,7203333333";"0,0";"330"
"PIONEROS";"02735";"2025-01-29 18:21:00";"-49,2996666667";"-67,7203333333";"0,0";"330"
"PIONEROS";"02735";"2025-01-29 18:36:00";"-49,2996666667";"-67,7203333333";"0,0";"330"
"PIONEROS";"02735";"2025-01-29 18:51:00";"-49,2996666667";"-67,7203333333";"0,0";"330"
"PIONEROS";"02735";"2025-01-29 19:06:00";"-49,2996666667";"-67,7203333333";"0,0";"330"
"PIONEROS";"02735";"2025-01-29 19:21:00";"-49,2996666667";"-67,7203333333";"0,0";"330"
"PIONEROS";"02735";"2025-01-29 19:36:00";"-49,2996666667";"-67,7203333333";"0,0";"330"
"PIONEROS";"02735";"2025-01-29 19:51:00";"-49,2996666667";"-67,7203333333";"0,0";"330"
"PIONEROS";"02735";"2025-01-29 20:06:00";"-49,2996666667";"-67,7203333333";"0,0";"330"
"PIONEROS";"02735";"2025-01-29 20:21:00";"-49,2996666667";"-67,7203333333";"0,0";"330"
"PIONEROS";"02735";"2025-01-29 20:36:00";"-49,2996666667";"-67,7203333333";"0,0";"330"
"PIONEROS";"02735";"2025-01-29 20:51:00";"-49,2996666667";"-67,7203333333";"0,0";"330"
"PIONEROS";"02735";"2025-01-29 21:06:00";"-49,2996666667";"-67,7203333333";"0,0";"330"
"PIONEROS";"02735";"2025-01-29 21:21:00";"-49,2996666667";"-67,7203333333";"0,0";"330"
"PIONEROS";"02735";"2025-01-29 21:36:00";"-49,2996666667";"-67,7203333333";"0,0";"330"
"PIONEROS";"02735";"2025-01-29 21:51:00";"-49,2996666667";"-67,7203333333";"0,0";"330"
"PIONEROS";"02735";"2025-01-29 22:06:00";"-49,2996666667";"-67,7203333333";"0,0";"330"
"PIONEROS";"02735";"2025-01-29 22:21:00";"-49,2996666667";"-67,7203333333";"0,0";"330"
"PIONEROS";"02735";"2025-01-29 22:36:00";"-49,2996666667";"-67,7203333333";"0,0";"330"
"PIONEROS";"02735";"2025-01-29 22:51:00";"-49,2996666667";"-67,7203333333";"0,0";"330"
"PIONEROS";"02735";"2025-01-29 23:06:00";"-49,2996666667";"-67,7203333333";"0,0";"330"
"PIONEROS";"02735";"2025-01-29 23:21:00";"-49,2996666667";"-67,7203333333";"0,0";"330"
"PIONEROS";"02735";"2025-01-29 23:36:00";"-49,2996666667";"-67,7203333333";"0,0";"330"
"PIONEROS";"02735";"2025-01-29 23:51:00";"-49,2996666667";"-67,7203333333";"0,0";"330"
"PIONEROS";"02735";"2025-01-30 00:06:00";"-49,2996666667";"-67,7203333333";"0,0";"330"
"PIONEROS";"02735";"2025-01-30 00:21:00";"-49,2996666667";"-67,7203333333";"0,0";"330"
"PIONEROS";"02735";"2025-01-30 00:36:00";"-49,2996666667";"-67,7203333333";"0,0";"330"
"PIONEROS";"02735";"2025-01-30 00:51:00";"-49,2996666667";"-67,7203333333";"0,0";"330"
"PIONEROS";"02735";"2025-01-30 01:06:00";"-49,2996666667";"-67,7203333333";"0,0";"330"
"PIONEROS";"02735";"2025-01-30 01:21:00";"-49,2996666667";"-67,7203333333";"0,0";"330"
"PIONEROS";"02735";"2025-01-30 01:36:00";"-49,2996666667";"-67,7203333333";"0,0";"330"
"PIONEROS";"02735";"2025-01-30 01:51:00";"-49,2996666667";"-67,7203333333";"0,0";"330"
"PIONEROS";"02735";"2025-01-30 02:06:00";"-49,2996666667";"-67,7203333333";"0,0";"340"
"PIONEROS";"02735";"2025-01-30 02:21:00";"-49,2996666667";"-67,7203333333";"0,0";"340"
"PIONEROS";"02735";"2025-01-30 02:36:00";"-49,2996666667";"-67,7203333333";"0,0";"340"
"PIONEROS";"02735";"2025-01-30 02:51:00";"-49,2996666667";"-67,7203333333";"0,0";"240"
"PIONEROS";"02735";"2025-01-30 03:06:00";"-49,2996666667";"-67,7203333333";"0,0";"0"
"PIONEROS";"02735";"2025-01-30 03:21:00";"-49,2996666667";"-67,7203333333";"0,0";"0"
"PIONEROS";"02735";"2025-01-30 03:36:00";"-49,2996666667";"-67,7203333333";"0,0";"0"
"PIONEROS";"02735";"2025-01-30 03:51:00";"-49,2996666667";"-67,7203333333";"0,0";"0"
"PIONEROS";"02735";"2025-01-30 04:06:00";"-49,2996666667";"-67,7203333333";"0,0";"0"
"PIONEROS";"02735";"2025-01-30 04:21:00";"-49,2996666667";"-67,7203333333";"0,0";"0"
"PIONEROS";"02735";"2025-01-30 04:36:00";"-49,2996666667";"-67,7203333333";"0,0";"0"
"PIONEROS";"02735";"2025-01-30 04:51:00";"-49,2996666667";"-67,7203333333";"0,0";"0"
"PIONEROS";"02735";"2025-01-30 05:06:00";"-49,2996666667";"-67,7203333333";"0,0";"0"
"PIONEROS";"02735";"2025-01-30 05:21:00";"-49,2996666667";"-67,7203333333";"0,0";"0"
"PIONEROS";"02735";"2025-01-30 05:36:00";"-49,2996666667";"-67,7203333333";"0,0";"0"
"PIONEROS";"02735";"2025-01-30 05:51:00";"-49,2996666667";"-67,7203333333";"0,0";"0"
"PIONEROS";"02735";"2025-01-30 06:06:00";"-49,2996666667";"-67,7203333333";"0,0";"0"
"PIONEROS";"02735";"2025-01-30 06:21:00";"-49,2996666667";"-67,7203333333";"0,0";"0"
"PIONEROS";"02735";"2025-01-30 06:36:00";"-49,2996666667";"-67,7203333333";"0,0";"0"
"PIONEROS";"02735";"2025-01-30 06:51:00";"-49,2996666667";"-67,7203333333";"0,0";"0"
"PIONEROS";"02735";"2025-01-30 07:06:00";"-49,2996666667";"-67,7203333333";"0,0";"0"
"PIONEROS";"02735";"2025-01-30 07:21:00";"-49,2996666667";"-67,7203333333";"0,0";"0"
"PIONEROS";"02735";"2025-01-30 07:36:00";"-49,2996666667";"-67,7203333333";"0,0";"0"
"PIONEROS";"02735";"2025-01-30 07:51:00";"-49,2996666667";"-67,7203333333";"0,0";"0"
"PIONEROS";"02735";"2025-01-30 08:06:00";"-49,2996666667";"-67,7203333333";"0,0";"0"
"PIONEROS";"02735";"2025-01-30 08:21:00";"-49,2996666667";"-67,7203333333";"0,0";"0"
"PIONEROS";"02735";"2025-01-30 08:36:00";"-49,2996666667";"-67,7203333333";"0,0";"0"
"PIONEROS";"02735";"2025-01-30 08:51:00";"-49,2996666667";"-67,7203333333";"0,0";"0"
"PIONEROS";"02735";"2025-01-30 09:06:00";"-49,2996666667";"-67,7203333333";"0,0";"0"
"PIONEROS";"02735";"2025-01-30 09:21:00";"-49,2996666667";"-67,7203333333";"0,0";"0"
"PIONEROS";"02735";"2025-01-30 09:36:00";"-49,2996666667";"-67,7203333333";"0,0";"0"
"PIONEROS";"02735";"2025-01-30 09:51:00";"-49,2996666667";"-67,7203333333";"0,0";"0"
"PIONEROS";"02735";"2025-01-30 10:06:00";"-49,2996666667";"-67,7203333333";"0,0";"0"
"PIONEROS";"02735";"2025-01-30 10:21:00";"-49,2996666667";"-67,7203333333";"0,0";"0"
"PIONEROS";"02735";"2025-01-30 10:36:00";"-49,2996666667";"-67,7203333333";"0,0";"0"
"PIONEROS";"02735";"2025-01-30 10:51:00";"-49,2996666667";"-67,7203333333";"0,0";"0"
"PIONEROS";"02735";"2025-01-30 11:06:00";"-49,2996666667";"-67,7203333333";"0,0";"0"
"PIONEROS";"02735";"2025-01-30 11:21:00";"-49,2996666667";"-67,7203333333";"0,0";"0"
"PIONEROS";"02735";"2025-01-30 11:36:00";"-49,2996666667";"-67,7203333333";"0,0";"0"
"PIONEROS";"02735";"2025-01-30 11:51:00";"-49,2996666667";"-67,7203333333";"0,0";"0"
"PIONEROS";"02735";"2025-01-30 12:06:00";"-49,2996666667";"-67,7203333333";"0,0";"0"
"PIONEROS";"02735";"2025-01-30 12:21:00";"-49,2996666667";"-67,7203333333";"0,0";"0"
"PIONEROS";"02735";"2025-01-30 12:36:00";"-49,2996666667";"-67,7203333333";"0,0";"0"
"PIONEROS";"02735";"2025-01-30 12:51:00";"-49,2996666667";"-67,7203333333";"0,0";"0"
"PIONEROS";"02735";"2025-01-30 13:06:00";"-49,2996666667";"-67,7203333333";"0,0";"0"
"PIONEROS";"02735";"2025-01-30 13:21:00";"-49,2996666667";"-67,7203333333";"0,0";"0"
"PIONEROS";"02735";"2025-01-30 13:36:00";"-49,2996666667";"-67,7203333333";"0,0";"0"
"PIONEROS";"02735";"2025-01-30 13:51:00";"-49,2996666667";"-67,7203333333";"0,0";"0"
"PIONEROS";"02735";"2025-01-30 14:06:00";"-49,2996666667";"-67,7203333333";"0,0";"0"
"PIONEROS";"02735";"2025-01-30 14:21:00";"-49,2996666667";"-67,7203333333";"0,0";"0"
"PIONEROS";"02735";"2025-01-30 14:36:00";"-49,2996666667";"-67,7203333333";"0,0";"0"
"PIONEROS";"02735";"2025-01-30 14:51:00";"-49,2996666667";"-67,7203333333";"0,0";"0"
"PIONEROS";"02735";"2025-01-30 15:06:00";"-49,2996666667";"-67,7203333333";"0,0";"0"
"PIONEROS";"02735";"2025-01-30 15:21:00";"-49,2996666667";"-67,7203333333";"0,0";"0"
"PIONEROS";"02735";"2025-01-30 15:36:00";"-49,2996666667";"-67,7203333333";"0,0";"0"
"PIONEROS";"02735";"2025-01-30 15:51:00";"-49,2996666667";"-67,7203333333";"0,0";"0"
"PIONEROS";"02735";"2025-01-30 16:07:00";"-49,2996666667";"-67,7203333333";"0,0";"0"
"PIONEROS";"02735";"2025-01-30 16:22:00";"-49,2996666667";"-67,7203333333";"0,0";"0"
"PIONEROS";"02735";"2025-01-30 16:37:00";"-49,2996666667";"-67,7203333333";"0,0";"0"
"PIONEROS";"02735";"2025-01-30 16:52:00";"-49,2996666667";"-67,7203333333";"0,0";"0"
"PIONEROS";"02735";"2025-01-30 17:07:00";"-49,2996666667";"-67,7203333333";"0,0";"0"
"PIONEROS";"02735";"2025-01-30 17:22:00";"-49,2996666667";"-67,7203333333";"0,0";"200"
"PIONEROS";"02735";"2025-01-30 17:37:00";"-49,2996666667";"-67,7203333333";"0,0";"200"
"PIONEROS";"02735";"2025-01-30 17:52:00";"-49,2996666667";"-67,7203333333";"0,0";"200"
"PIONEROS";"02735";"2025-01-30 18:07:00";"-49,2996666667";"-67,7203333333";"0,0";"200"
"PIONEROS";"02735";"2025-01-30 18:22:00";"-49,2996666667";"-67,7203333333";"0,0";"200"
"PIONEROS";"02735";"2025-01-30 18:37:00";"-49,2996666667";"-67,7203333333";"0,0";"200"
"PIONEROS";"02735";"2025-01-30 18:52:00";"-49,2996666667";"-67,7203333333";"0,0";"200"
"PIONEROS";"02735";"2025-01-30 19:07:00";"-49,2996666667";"-67,7203333333";"0,0";"200"
"PIONEROS";"02735";"2025-01-30 19:22:00";"-49,2996666667";"-67,7203333333";"0,0";"200"
"PIONEROS";"02735";"2025-01-30 19:37:00";"-49,2996666667";"-67,7203333333";"0,0";"200"
"PIONEROS";"02735";"2025-01-30 19:40:00";"-49,2996666667";"-67,7203333333";"0,0";"0"
"PIONEROS";"02735";"2025-01-30 19:55:00";"-49,2996666667";"-67,7203333333";"0,0";"0"
"PIONEROS";"02735";"2025-01-30 20:10:00";"-49,2996666667";"-67,7203333333";"0,0";"0"
"PIONEROS";"02735";"2025-01-30 20:25:00";"-49,2996666667";"-67,7203333333";"0,0";"0"
"PIONEROS";"02735";"2025-01-30 20:40:00";"-49,2996666667";"-67,7203333333";"0,0";"0"
"PIONEROS";"02735";"2025-01-30 20:51:00";"-49,2996666667";"-67,7203333333";"0,0";"0"
"PIONEROS";"02735";"2025-01-30 21:06:00";"-49,2996666667";"-67,7203333333";"0,0";"35"
"PIONEROS";"02735";"2025-01-30 21:21:00";"-49,2996666667";"-67,7203333333";"0,0";"35"
"PIONEROS";"02735";"2025-01-30 21:36:00";"-49,2996666667";"-67,7203333333";"0,0";"35"
"PIONEROS";"02735";"2025-01-30 21:51:00";"-49,2996666667";"-67,7203333333";"0,0";"35"
"PIONEROS";"02735";"2025-01-30 22:06:00";"-49,2996666667";"-67,7203333333";"0,0";"35"
"PIONEROS";"02735";"2025-01-30 22:21:00";"-49,2996666667";"-67,7203333333";"0,0";"35"
"PIONEROS";"02735";"2025-01-30 22:36:00";"-49,2996666667";"-67,7203333333";"0,0";"35"
"PIONEROS";"02735";"2025-01-30 22:51:00";"-49,2996666667";"-67,7203333333";"0,0";"35"
"PIONEROS";"02735";"2025-01-30 23:06:00";"-49,2996666667";"-67,7203333333";"0,0";"35"
"PIONEROS";"02735";"2025-01-30 23:21:00";"-49,2996666667";"-67,7203333333";"0,0";"35"
"PIONEROS";"02735";"2025-01-30 23:36:00";"-49,2996666667";"-67,7203333333";"0,0";"35"
"PIONEROS";"02735";"2025-01-30 23:51:00";"-49,2996666667";"-67,7203333333";"0,0";"310"
"PIONEROS";"02735";"2025-01-31 00:06:00";"-49,2996666667";"-67,7203333333";"0,0";"310"
"PIONEROS";"02735";"2025-01-31 00:21:00";"-49,2996666667";"-67,7203333333";"0,0";"310"
"PIONEROS";"02735";"2025-01-31 00:36:00";"-49,2996666667";"-67,7203333333";"0,0";"310"
"PIONEROS";"02735";"2025-01-31 00:51:00";"-49,2996666667";"-67,7203333333";"0,0";"310"
"PIONEROS";"02735";"2025-01-31 01:06:00";"-49,2996666667";"-67,7203333333";"0,0";"310"
"PIONEROS";"02735";"2025-01-31 01:21:00";"-49,2996666667";"-67,7203333333";"0,0";"200"
"PIONEROS";"02735";"2025-01-31 01:36:00";"-49,2996666667";"-67,7203333333";"0,0";"200"
"PIONEROS";"02735";"2025-01-31 01:51:00";"-49,2996666667";"-67,7203333333";"0,0";"200"
"PIONEROS";"02735";"2025-01-31 02:06:00";"-49,2996666667";"-67,7203333333";"0,0";"200"
"PIONEROS";"02735";"2025-01-31 02:21:00";"-49,2996666667";"-67,7203333333";"0,0";"200"
"PIONEROS";"02735";"2025-01-31 02:36:00";"-49,2996666667";"-67,7203333333";"0,0";"200"
"PIONEROS";"02735";"2025-01-31 02:51:00";"-49,2996666667";"-67,7203333333";"0,0";"200"
"PIONEROS";"02735";"2025-01-31 03:06:00";"-49,2996666667";"-67,7203333333";"0,0";"200"
"PIONEROS";"02735";"2025-01-31 03:21:00";"-49,2996666667";"-67,7203333333";"0,0";"200"
"PIONEROS";"02735";"2025-01-31 03:36:00";"-49,2996666667";"-67,7203333333";"0,0";"200"
"PIONEROS";"02735";"2025-01-31 03:51:00";"-49,2996666667";"-67,7203333333";"0,0";"200"
"PIONEROS";"02735";"2025-01-31 04:06:00";"-49,2996666667";"-67,7203333333";"0,0";"355"
"PIONEROS";"02735";"2025-01-31 04:21:00";"-49,2996666667";"-67,7203333333";"0,0";"355"
"PIONEROS";"02735";"2025-01-31 04:36:00";"-49,2996666667";"-67,7203333333";"0,0";"355"
"PIONEROS";"02735";"2025-01-31 04:51:00";"-49,2996666667";"-67,7203333333";"0,0";"355"
"PIONEROS";"02735";"2025-01-31 05:06:00";"-49,2996666667";"-67,7203333333";"0,0";"255"
"PIONEROS";"02735";"2025-01-31 05:21:00";"-49,2996666667";"-67,7203333333";"0,0";"255"
"PIONEROS";"02735";"2025-01-31 05:36:00";"-49,2996666667";"-67,7203333333";"0,0";"255"
"PIONEROS";"02735";"2025-01-31 05:51:00";"-49,2996666667";"-67,7203333333";"0,0";"255"
"PIONEROS";"02735";"2025-01-31 06:06:00";"-49,2996666667";"-67,7203333333";"0,0";"255"
"PIONEROS";"02735";"2025-01-31 06:21:00";"-49,2996666667";"-67,7203333333";"0,0";"255"
"PIONEROS";"02735";"2025-01-31 06:36:00";"-49,2996666667";"-67,7203333333";"0,0";"255"
"PIONEROS";"02735";"2025-01-31 06:51:00";"-49,2996666667";"-67,7203333333";"0,0";"255"
"PIONEROS";"02735";"2025-01-31 07:06:00";"-49,2996666667";"-67,7203333333";"0,0";"255"
"PIONEROS";"02735";"2025-01-31 07:21:00";"-49,2996666667";"-67,7203333333";"0,0";"255"
"PIONEROS";"02735";"2025-01-31 07:36:00";"-49,2996666667";"-67,7203333333";"0,0";"255"
"PIONEROS";"02735";"2025-01-31 07:51:00";"-49,2996666667";"-67,7203333333";"0,0";"340"
"PIONEROS";"02735";"2025-01-31 08:06:00";"-49,2996666667";"-67,7203333333";"0,0";"340"
"PIONEROS";"02735";"2025-01-31 08:21:00";"-49,2996666667";"-67,7203333333";"0,0";"340"
"PIONEROS";"02735";"2025-01-31 08:36:00";"-49,2996666667";"-67,7203333333";"0,0";"340"
"PIONEROS";"02735";"2025-01-31 08:51:00";"-49,2996666667";"-67,7203333333";"0,0";"340"
"PIONEROS";"02735";"2025-01-31 09:06:00";"-49,2996666667";"-67,7203333333";"0,0";"340"
"PIONEROS";"02735";"2025-01-31 09:21:00";"-49,2996666667";"-67,7203333333";"0,0";"340"
"PIONEROS";"02735";"2025-01-31 09:36:00";"-49,2996666667";"-67,7203333333";"0,0";"340"
"PIONEROS";"02735";"2025-01-31 09:51:00";"-49,2996666667";"-67,7203333333";"0,0";"340"
"PIONEROS";"02735";"2025-01-31 10:06:00";"-49,2996666667";"-67,7203333333";"0,0";"340"
"PIONEROS";"02735";"2025-01-31 10:21:00";"-49,2996666667";"-67,7203333333";"0,0";"340"
"PIONEROS";"02735";"2025-01-31 10:36:00";"-49,2996666667";"-67,7203333333";"0,0";"340"
"PIONEROS";"02735";"2025-01-31 10:51:00";"-49,2996666667";"-67,7203333333";"0,0";"340"
"PIONEROS";"02735";"2025-01-31 11:06:00";"-49,2996666667";"-67,7203333333";"0,0";"190"
"PIONEROS";"02735";"2025-01-31 11:21:00";"-49,2996666667";"-67,7203333333";"0,0";"190"
"PIONEROS";"02735";"2025-01-31 11:36:00";"-49,2996666667";"-67,7203333333";"0,0";"190"
"PIONEROS";"02735";"2025-01-31 11:51:00";"-49,2996666667";"-67,7203333333";"0,0";"190"
"PIONEROS";"02735";"2025-01-31 12:06:00";"-49,2996666667";"-67,7203333333";"0,0";"190"
"PIONEROS";"02735";"2025-01-31 12:21:00";"-49,2996666667";"-67,7203333333";"0,0";"190"
"PIONEROS";"02735";"2025-01-31 12:36:00";"-49,2996666667";"-67,7203333333";"0,0";"190"
"PIONEROS";"02735";"2025-01-31 12:51:00";"-49,2996666667";"-67,7203333333";"0,0";"190"
"PIONEROS";"02735";"2025-01-31 13:06:00";"-49,2996666667";"-67,7203333333";"0,0";"190"
"PIONEROS";"02735";"2025-01-31 13:21:00";"-49,2996666667";"-67,7203333333";"0,0";"190"
"PIONEROS";"02735";"2025-01-31 13:36:00";"-49,2996666667";"-67,7203333333";"0,0";"190"
"PIONEROS";"02735";"2025-01-31 13:38:00";"-49,2996666667";"-67,7203333333";"0,0";"0"
"PIONEROS";"02735";"2025-01-31 13:53:00";"-49,2996666667";"-67,7203333333";"0,0";"0"
"PIONEROS";"02735";"2025-01-31 14:08:00";"-49,2996666667";"-67,7203333333";"0,0";"0"
"PIONEROS";"02735";"2025-01-31 14:23:00";"-49,2996666667";"-67,7203333333";"0,0";"0"
"PIONEROS";"02735";"2025-01-31 14:38:00";"-49,2996666667";"-67,7203333333";"0,0";"0"
"PIONEROS";"02735";"2025-01-31 14:53:00";"-49,2996666667";"-67,7203333333";"0,0";"0"
"PIONEROS";"02735";"2025-01-31 15:08:00";"-49,2996666667";"-67,7203333333";"0,0";"130"
"PIONEROS";"02735";"2025-01-31 15:23:00";"-49,2996666667";"-67,7203333333";"0,0";"130"
"PIONEROS";"02735";"2025-01-31 15:38:00";"-49,2996666667";"-67,7203333333";"0,0";"130"
"PIONEROS";"02735";"2025-01-31 15:53:00";"-49,2996666667";"-67,7203333333";"0,0";"130"
"PIONEROS";"02735";"2025-01-31 16:08:00";"-49,2996666667";"-67,7203333333";"0,0";"70"
"PIONEROS";"02735";"2025-01-31 16:23:00";"-49,2996666667";"-67,7203333333";"0,0";"70"
"PIONEROS";"02735";"2025-01-31 16:38:00";"-49,2996666667";"-67,7203333333";"0,0";"70"
"PIONEROS";"02735";"2025-01-31 16:53:00";"-49,2996666667";"-67,7203333333";"0,0";"70"
"PIONEROS";"02735";"2025-01-31 17:08:00";"-49,2996666667";"-67,7203333333";"0,0";"70"
"PIONEROS";"02735";"2025-01-31 17:23:00";"-49,2996666667";"-67,7203333333";"0,0";"70"
"PIONEROS";"02735";"2025-01-31 17:38:00";"-49,2996666667";"-67,7203333333";"0,0";"70"
"PIONEROS";"02735";"2025-01-31 17:45:00";"-49,2996666667";"-67,7203333333";"0,0";"0"
"PIONEROS";"02735";"2025-01-31 18:00:00";"-49,2996666667";"-67,7203333333";"0,0";"0"
"PIONEROS";"02735";"2025-01-31 18:15:00";"-49,2996666667";"-67,7203333333";"0,0";"0"
"PIONEROS";"02735";"2025-01-31 18:30:00";"-49,2996666667";"-67,7203333333";"0,0";"0"
"PIONEROS";"02735";"2025-01-31 18:45:00";"-49,2996666667";"-67,7203333333";"0,0";"0"
"PIONEROS";"02735";"2025-01-31 19:00:00";"-49,2996666667";"-67,7203333333";"0,0";"0"
"PIONEROS";"02735";"2025-01-31 19:15:00";"-49,2996666667";"-67,7203333333";"0,0";"0"
"PIONEROS";"02735";"2025-01-31 19:30:00";"-49,2996666667";"-67,7203333333";"0,0";"0"
"PIONEROS";"02735";"2025-01-31 19:45:00";"-49,2996666667";"-67,7203333333";"0,0";"0"
"PIONEROS";"02735";"2025-01-31 20:00:00";"-49,2996666667";"-67,7203333333";"0,0";"0"
"PIONEROS";"02735";"2025-01-31 20:15:00";"-49,2996666667";"-67,7203333333";"0,0";"0"
"PIONEROS";"02735";"2025-01-31 20:30:00";"-49,2996666667";"-67,7203333333";"0,0";"0"
"PIONEROS";"02735";"2025-01-31 20:45:00";"-49,2996666667";"-67,7203333333";"0,0";"0"
"PIONEROS";"02735";"2025-01-31 21:00:00";"-49,2996666667";"-67,7203333333";"0,0";"0"
"PIONEROS";"02735";"2025-01-31 21:15:00";"-49,2996666667";"-67,7203333333";"0,0";"0"
"PIONEROS";"02735";"2025-01-31 21:30:00";"-49,2996666667";"-67,7203333333";"0,0";"0"
"PIONEROS";"02735";"2025-01-31 21:45:00";"-49,2996666667";"-67,7203333333";"0,0";"0"
"PIONEROS";"02735";"2025-01-31 22:00:00";"-49,2996666667";"-67,7203333333";"0,0";"0"
"PIONEROS";"02735";"2025-01-31 22:15:00";"-49,2996666667";"-67,7203333333";"0,0";"0"
"PIONEROS";"02735";"2025-01-31 22:30:00";"-49,2996666667";"-67,7203333333";"0,0";"205"
"PIONEROS";"02735";"2025-01-31 22:45:00";"-49,2996666667";"-67,7203333333";"0,0";"205"
"PIONEROS";"02735";"2025-01-31 23:00:00";"-49,2996666667";"-67,7203333333";"0,0";"205"
"PIONEROS";"02735";"2025-01-31 23:15:00";"-49,2996666667";"-67,7203333333";"0,0";"70"
"PIONEROS";"02735";"2025-01-31 23:30:00";"-49,2996666667";"-67,7203333333";"0,0";"70"
"PIONEROS";"02735";"2025-01-31 23:45:00";"-49,2996666667";"-67,7203333333";"0,0";"70"
"PIONEROS";"02735";"2025-02-01 00:00:00";"-49,2996666667";"-67,7203333333";"0,0";"70"
"PIONEROS";"02735";"2025-02-01 00:15:00";"-49,2996666667";"-67,7203333333";"0,0";"70"
"PIONEROS";"02735";"2025-02-01 00:30:00";"-49,2996666667";"-67,7203333333";"0,0";"70"
"PIONEROS";"02735";"2025-02-01 00:45:00";"-49,2996666667";"-67,7203333333";"0,0";"70"
"PIONEROS";"02735";"2025-02-01 01:00:00";"-49,2996666667";"-67,7203333333";"0,0";"70"
"PIONEROS";"02735";"2025-02-01 01:15:00";"-49,2996666667";"-67,7203333333";"0,0";"70"
"PIONEROS";"02735";"2025-02-01 01:30:00";"-49,2996666667";"-67,7203333333";"0,0";"70"
"PIONEROS";"02735";"2025-02-01 01:45:00";"-49,2996666667";"-67,7203333333";"0,0";"70"
"PIONEROS";"02735";"2025-02-01 02:00:00";"-49,2996666667";"-67,7203333333";"0,0";"70"
"PIONEROS";"02735";"2025-02-01 02:15:00";"-49,2996666667";"-67,7203333333";"0,0";"70"
"PIONEROS";"02735";"2025-02-01 02:30:00";"-49,2996666667";"-67,7203333333";"0,0";"70"
"PIONEROS";"02735";"2025-02-01 02:45:00";"-49,2996666667";"-67,7203333333";"0,0";"30"
"PIONEROS";"02735";"2025-02-01 03:00:00";"-49,2996666667";"-67,7203333333";"0,0";"30"
"PIONEROS";"02735";"2025-02-01 03:15:00";"-49,2996666667";"-67,7203333333";"0,0";"30"
"PIONEROS";"02735";"2025-02-01 03:30:00";"-49,2996666667";"-67,7203333333";"0,0";"30"
"PIONEROS";"02735";"2025-02-01 03:45:00";"-49,2996666667";"-67,7203333333";"0,0";"30"
"PIONEROS";"02735";"2025-02-01 04:00:00";"-49,2996666667";"-67,7203333333";"0,0";"30"
"PIONEROS";"02735";"2025-02-01 04:15:00";"-49,2996666667";"-67,7203333333";"0,0";"30"
"PIONEROS";"02735";"2025-02-01 04:30:00";"-49,2996666667";"-67,7203333333";"0,0";"30"
"PIONEROS";"02735";"2025-02-01 04:45:00";"-49,2996666667";"-67,7203333333";"0,0";"30"
"PIONEROS";"02735";"2025-02-01 05:00:00";"-49,2996666667";"-67,7203333333";"0,0";"30"
"PIONEROS";"02735";"2025-02-01 05:15:00";"-49,2996666667";"-67,7203333333";"0,0";"30"
"PIONEROS";"02735";"2025-02-01 05:30:00";"-49,2996666667";"-67,7203333333";"0,0";"30"
"PIONEROS";"02735";"2025-02-01 05:45:00";"-49,2996666667";"-67,7203333333";"0,0";"30"
"PIONEROS";"02735";"2025-02-01 06:00:00";"-49,2996666667";"-67,7203333333";"0,0";"30"
"PIONEROS";"02735";"2025-02-01 06:15:00";"-49,2996666667";"-67,7203333333";"0,0";"30"
"PIONEROS";"02735";"2025-02-01 06:30:00";"-49,2996666667";"-67,7203333333";"0,0";"0"
"PIONEROS";"02735";"2025-02-01 06:45:00";"-49,2996666667";"-67,7203333333";"0,0";"0"
"PIONEROS";"02735";"2025-02-01 07:00:00";"-49,2996666667";"-67,7203333333";"0,0";"0"
"PIONEROS";"02735";"2025-02-01 07:15:00";"-49,2996666667";"-67,7203333333";"0,0";"0"
"PIONEROS";"02735";"2025-02-01 07:30:00";"-49,2996666667";"-67,7203333333";"0,0";"0"
"PIONEROS";"02735";"2025-02-01 07:45:00";"-49,2996666667";"-67,7203333333";"0,0";"0"
"PIONEROS";"02735";"2025-02-01 08:00:00";"-49,2996666667";"-67,7203333333";"0,0";"0"
"PIONEROS";"02735";"2025-02-01 08:15:00";"-49,2996666667";"-67,7203333333";"0,0";"0"
"PIONEROS";"02735";"2025-02-01 08:30:00";"-49,2996666667";"-67,7203333333";"0,0";"0"
"PIONEROS";"02735";"2025-02-01 08:45:00";"-49,2996666667";"-67,7203333333";"0,0";"0"
"PIONEROS";"02735";"2025-02-01 09:00:00";"-49,2996666667";"-67,7203333333";"0,0";"0"
"PIONEROS";"02735";"2025-02-01 09:15:00";"-49,2996666667";"-67,7203333333";"0,0";"0"
"PIONEROS";"02735";"2025-02-01 09:30:00";"-49,2996666667";"-67,7203333333";"0,0";"0"
"PIONEROS";"02735";"2025-02-01 09:45:00";"-49,2996666667";"-67,7203333333";"0,0";"0"
"PIONEROS";"02735";"2025-02-01 10:00:00";"-49,2996666667";"-67,7203333333";"0,0";"0"
"PIONEROS";"02735";"2025-02-01 10:15:00";"-49,2996666667";"-67,7203333333";"0,0";"0"
"PIONEROS";"02735";"2025-02-01 10:30:00";"-49,2996666667";"-67,7203333333";"0,0";"0"
"PIONEROS";"02735";"2025-02-01 10:45:00";"-49,2996666667";"-67,7203333333";"0,0";"0"
"PIONEROS";"02735";"2025-02-01 11:01:00";"-49,2996666667";"-67,7203333333";"0,0";"0"
"PIONEROS";"02735";"2025-02-01 11:16:00";"-49,2996666667";"-67,7203333333";"0,0";"170"
"PIONEROS";"02735";"2025-02-01 11:31:00";"-49,2996666667";"-67,7203333333";"0,0";"170"
"PIONEROS";"02735";"2025-02-01 11:46:00";"-49,2996666667";"-67,7203333333";"0,0";"170"
"PIONEROS";"02735";"2025-02-01 12:01:00";"-49,2996666667";"-67,7203333333";"0,0";"170"
"PIONEROS";"02735";"2025-02-01 12:16:00";"-49,2996666667";"-67,7203333333";"0,0";"170"
"PIONEROS";"02735";"2025-02-01 12:31:00";"-49,2996666667";"-67,7203333333";"0,0";"170"
"PIONEROS";"02735";"2025-02-01 12:46:00";"-49,2996666667";"-67,7203333333";"0,0";"170"
"PIONEROS";"02735";"2025-02-01 13:01:00";"-49,2996666667";"-67,7203333333";"0,0";"170"
"PIONEROS";"02735";"2025-02-01 13:16:00";"-49,2996666667";"-67,7203333333";"0,0";"45"
"PIONEROS";"02735";"2025-02-01 13:31:00";"-49,2996666667";"-67,7196666667";"0,0";"85"
"PIONEROS";"02735";"2025-02-01 13:46:00";"-49,2996666667";"-67,7196666667";"0,0";"85"
"PIONEROS";"02735";"2025-02-01 14:01:00";"-49,2996666667";"-67,72";"0,0";"85"
"PIONEROS";"02735";"2025-02-01 14:16:00";"-49,2996666667";"-67,72";"0,0";"85"
"PIONEROS";"02735";"2025-02-01 14:31:00";"-49,2996666667";"-67,72";"0,0";"85"
"PIONEROS";"02735";"2025-02-01 14:42:00";"-49,2996666667";"-67,72";"0,0";"0"
"PIONEROS";"02735";"2025-02-01 14:57:00";"-49,2996666667";"-67,72";"0,0";"345"
"PIONEROS";"02735";"2025-02-01 15:12:00";"-49,2996666667";"-67,72";"0,0";"345"
"PIONEROS";"02735";"2025-02-01 15:27:00";"-49,2996666667";"-67,72";"0,0";"345"
"PIONEROS";"02735";"2025-02-01 15:42:00";"-49,2996666667";"-67,72";"0,0";"345"
"PIONEROS";"02735";"2025-02-01 15:57:00";"-49,2996666667";"-67,72";"0,0";"345"
"PIONEROS";"02735";"2025-02-01 16:12:00";"-49,2996666667";"-67,72";"0,0";"345"
"PIONEROS";"02735";"2025-02-01 16:27:00";"-49,2996666667";"-67,72";"0,0";"345"
"PIONEROS";"02735";"2025-02-01 16:42:00";"-49,2996666667";"-67,72";"0,0";"345"
"PIONEROS";"02735";"2025-02-01 16:57:00";"-49,2996666667";"-67,72";"0,0";"345"
"PIONEROS";"02735";"2025-02-01 17:12:00";"-49,2996666667";"-67,72";"0,0";"345"
"PIONEROS";"02735";"2025-02-01 17:27:00";"-49,2996666667";"-67,72";"0,0";"345"
"PIONEROS";"02735";"2025-02-01 17:42:00";"-49,2996666667";"-67,72";"0,0";"345"
"PIONEROS";"02735";"2025-02-01 17:57:00";"-49,2996666667";"-67,7196666667";"0,0";"345"
"PIONEROS";"02735";"2025-02-01 18:12:00";"-49,2996666667";"-67,7196666667";"0,0";"345"
"PIONEROS";"02735";"2025-02-01 18:27:00";"-49,2996666667";"-67,72";"0,0";"345"
"PIONEROS";"02735";"2025-02-01 18:42:00";"-49,2996666667";"-67,7196666667";"0,0";"345"
"PIONEROS";"02735";"2025-02-01 18:57:00";"-49,2996666667";"-67,7196666667";"0,0";"345"
"PIONEROS";"02735";"2025-02-01 19:12:00";"-49,2996666667";"-67,7196666667";"0,0";"345"
"PIONEROS";"02735";"2025-02-01 19:24:00";"-49,3";"-67,7196666667";"0,0";"0"
"PIONEROS";"02735";"2025-02-01 19:39:00";"-49,2996666667";"-67,7196666667";"0,0";"0"
"PIONEROS";"02735";"2025-02-01 19:54:00";"-49,2996666667";"-67,7196666667";"0,0";"0"
"PIONEROS";"02735";"2025-02-01 20:09:00";"-49,2996666667";"-67,7196666667";"0,0";"0"
"PIONEROS";"02735";"2025-02-01 20:24:00";"-49,2996666667";"-67,7196666667";"0,0";"0"
"PIONEROS";"02735";"2025-02-01 20:39:00";"-49,2996666667";"-67,7196666667";"0,0";"0"
"PIONEROS";"02735";"2025-02-01 20:54:00";"-49,2996666667";"-67,7196666667";"0,0";"0"
"PIONEROS";"02735";"2025-02-01 21:09:00";"-49,2996666667";"-67,7196666667";"0,0";"0"
"PIONEROS";"02735";"2025-02-01 21:24:00";"-49,2996666667";"-67,7196666667";"0,0";"0"
"PIONEROS";"02735";"2025-02-01 21:39:00";"-49,2996666667";"-67,7196666667";"0,0";"0"
"PIONEROS";"02735";"2025-02-01 21:54:00";"-49,2996666667";"-67,7196666667";"0,0";"0"
"PIONEROS";"02735";"2025-02-01 22:09:00";"-49,2996666667";"-67,7196666667";"0,0";"0"
"PIONEROS";"02735";"2025-02-01 22:24:00";"-49,2996666667";"-67,7196666667";"0,0";"0"
"PIONEROS";"02735";"2025-02-01 22:39:00";"-49,2996666667";"-67,7196666667";"0,0";"0"
"PIONEROS";"02735";"2025-02-01 22:54:00";"-49,2996666667";"-67,7196666667";"0,0";"0"
"PIONEROS";"02735";"2025-02-01 23:09:00";"-49,2996666667";"-67,72";"0,0";"0"
"PIONEROS";"02735";"2025-02-01 23:24:00";"-49,2996666667";"-67,7196666667";"0,0";"0"
"PIONEROS";"02735";"2025-02-01 23:28:00";"-49,2996666667";"-67,72";"0,0";"0"
"PIONEROS";"02735";"2025-02-01 23:43:00";"-49,2996666667";"-67,7196666667";"0,0";"0"
"PIONEROS";"02735";"2025-02-01 23:58:00";"-49,2996666667";"-67,7196666667";"0,0";"0"
"PIONEROS";"02735";"2025-02-02 00:13:00";"-49,2996666667";"-67,7196666667";"0,0";"0"
"PIONEROS";"02735";"2025-02-02 00:28:00";"-49,2996666667";"-67,7196666667";"0,0";"0"
"PIONEROS";"02735";"2025-02-02 00:43:00";"-49,2996666667";"-67,7196666667";"0,0";"0"
"PIONEROS";"02735";"2025-02-02 00:58:00";"-49,2996666667";"-67,7196666667";"0,0";"0"
"PIONEROS";"02735";"2025-02-02 01:13:00";"-49,2996666667";"-67,7196666667";"0,0";"0"
"PIONEROS";"02735";"2025-02-02 01:28:00";"-49,2996666667";"-67,7196666667";"0,0";"0"
"PIONEROS";"02735";"2025-02-02 01:43:00";"-49,2996666667";"-67,7196666667";"0,0";"0"
"PIONEROS";"02735";"2025-02-02 01:58:00";"-49,2996666667";"-67,7196666667";"0,0";"0"
"PIONEROS";"02735";"2025-02-02 02:13:00";"-49,2996666667";"-67,7196666667";"0,0";"0"
"PIONEROS";"02735";"2025-02-02 02:28:00";"-49,2996666667";"-67,7196666667";"0,0";"0"
"PIONEROS";"02735";"2025-02-02 02:43:00";"-49,2996666667";"-67,7196666667";"0,0";"0"
"PIONEROS";"02735";"2025-02-02 02:58:00";"-49,2996666667";"-67,7196666667";"0,0";"0"
"PIONEROS";"02735";"2025-02-02 03:13:00";"-49,2996666667";"-67,72";"0,0";"0"
"PIONEROS";"02735";"2025-02-02 03:28:00";"-49,2996666667";"-67,72";"0,0";"0"
"PIONEROS";"02735";"2025-02-02 03:43:00";"-49,2996666667";"-67,72";"0,0";"0"
"PIONEROS";"02735";"2025-02-02 03:58:00";"-49,2996666667";"-67,72";"0,0";"0"
"PIONEROS";"02735";"2025-02-02 04:13:00";"-49,2996666667";"-67,72";"0,0";"0"
"PIONEROS";"02735";"2025-02-02 04:28:00";"-49,2996666667";"-67,72";"0,0";"0"
"PIONEROS";"02735";"2025-02-02 04:43:00";"-49,2996666667";"-67,72";"0,0";"0"
"PIONEROS";"02735";"2025-02-02 04:58:00";"-49,2996666667";"-67,72";"0,0";"295"
"PIONEROS";"02735";"2025-02-02 05:13:00";"-49,2996666667";"-67,72";"0,0";"295"
"PIONEROS";"02735";"2025-02-02 05:28:00";"-49,2996666667";"-67,72";"0,0";"295"
"PIONEROS";"02735";"2025-02-02 05:43:00";"-49,2996666667";"-67,7196666667";"0,0";"295"
"PIONEROS";"02735";"2025-02-02 05:58:00";"-49,2996666667";"-67,72";"0,0";"295"
"PIONEROS";"02735";"2025-02-02 06:13:00";"-49,2996666667";"-67,7196666667";"0,0";"295"
"PIONEROS";"02735";"2025-02-02 06:28:00";"-49,2996666667";"-67,7196666667";"0,0";"295"
"PIONEROS";"02735";"2025-02-02 06:43:00";"-49,2996666667";"-67,7196666667";"0,0";"295"
"PIONEROS";"02735";"2025-02-02 06:58:00";"-49,2996666667";"-67,7196666667";"0,0";"295"
"PIONEROS";"02735";"2025-02-02 07:13:00";"-49,2996666667";"-67,7196666667";"0,0";"295"
"PIONEROS";"02735";"2025-02-02 07:28:00";"-49,2996666667";"-67,7196666667";"0,0";"295"
"PIONEROS";"02735";"2025-02-02 07:43:00";"-49,2996666667";"-67,7196666667";"0,0";"295"
"PIONEROS";"02735";"2025-02-02 07:58:00";"-49,2996666667";"-67,7196666667";"0,0";"295"
"PIONEROS";"02735";"2025-02-02 08:13:00";"-49,2996666667";"-67,7196666667";"0,0";"295"
"PIONEROS";"02735";"2025-02-02 08:28:00";"-49,2996666667";"-67,7196666667";"0,0";"295"
"PIONEROS";"02735";"2025-02-02 08:43:00";"-49,2996666667";"-67,7196666667";"0,0";"295"
"PIONEROS";"02735";"2025-02-02 08:58:00";"-49,2996666667";"-67,7196666667";"0,0";"295"
"PIONEROS";"02735";"2025-02-02 09:13:00";"-49,2996666667";"-67,7196666667";"0,0";"295"
"PIONEROS";"02735";"2025-02-02 09:28:00";"-49,2996666667";"-67,7196666667";"0,0";"295"
"PIONEROS";"02735";"2025-02-02 09:43:00";"-49,2996666667";"-67,7196666667";"0,0";"295"
"PIONEROS";"02735";"2025-02-02 09:58:00";"-49,2996666667";"-67,7196666667";"0,0";"295"
"PIONEROS";"02735";"2025-02-02 10:13:00";"-49,2996666667";"-67,7196666667";"0,0";"295"
"PIONEROS";"02735";"2025-02-02 10:28:00";"-49,2996666667";"-67,7196666667";"0,0";"295"
"PIONEROS";"02735";"2025-02-02 10:43:00";"-49,2996666667";"-67,72";"0,0";"295"
"PIONEROS";"02735";"2025-02-02 10:58:00";"-49,2996666667";"-67,7196666667";"0,0";"295"
"PIONEROS";"02735";"2025-02-02 11:13:00";"-49,2996666667";"-67,7196666667";"0,0";"295"
"PIONEROS";"02735";"2025-02-02 11:28:00";"-49,2996666667";"-67,7196666667";"0,0";"295"
"PIONEROS";"02735";"2025-02-02 11:43:00";"-49,2996666667";"-67,7196666667";"0,0";"295"
"PIONEROS";"02735";"2025-02-02 11:58:00";"-49,2996666667";"-67,72";"0,0";"295"
"PIONEROS";"02735";"2025-02-02 12:13:00";"-49,2996666667";"-67,72";"0,0";"295"
"PIONEROS";"02735";"2025-02-02 12:28:00";"-49,2996666667";"-67,7196666667";"0,0";"295"
"PIONEROS";"02735";"2025-02-02 12:43:00";"-49,2996666667";"-67,7196666667";"0,0";"295"
"PIONEROS";"02735";"2025-02-02 12:58:00";"-49,2996666667";"-67,7196666667";"0,0";"295"
"PIONEROS";"02735";"2025-02-02 13:13:00";"-49,2996666667";"-67,7196666667";"0,0";"295"
"PIONEROS";"02735";"2025-02-02 13:28:00";"-49,2996666667";"-67,7196666667";"0,0";"295"
"PIONEROS";"02735";"2025-02-02 13:43:00";"-49,2996666667";"-67,7196666667";"0,0";"295"
"PIONEROS";"02735";"2025-02-02 13:58:00";"-49,2996666667";"-67,7196666667";"0,0";"295"
"PIONEROS";"02735";"2025-02-02 14:11:00";"-49,2996666667";"-67,7196666667";"0,0";"0"
"PIONEROS";"02735";"2025-02-02 14:26:00";"-49,2996666667";"-67,7196666667";"0,0";"120"
"PIONEROS";"02735";"2025-02-02 14:41:00";"-49,2996666667";"-67,7196666667";"0,0";"120"
"PIONEROS";"02735";"2025-02-02 14:56:00";"-49,2996666667";"-67,7196666667";"0,0";"120"
"PIONEROS";"02735";"2025-02-02 15:11:00";"-49,2996666667";"-67,7196666667";"0,0";"120"
"PIONEROS";"02735";"2025-02-02 15:26:00";"-49,2996666667";"-67,72";"1,1";"120"
"PIONEROS";"02735";"2025-02-02 15:41:00";"-49,2838333333";"-67,6963333333";"4,3";"35"
"PIONEROS";"02735";"2025-02-02 15:56:00";"-49,2641666667";"-67,6828333333";"4,9";"10"
"PIONEROS";"02735";"2025-02-02 16:11:00";"-49,2495";"-67,6688333333";"4,9";"40"
"PIONEROS";"02735";"2025-02-02 16:26:00";"-49,2336666667";"-67,638";"6,5";"50"
"PIONEROS";"02735";"2025-02-02 16:41:00";"-49,2136666667";"-67,5958333333";"9,2";"55"
"PIONEROS";"02735";"2025-02-02 16:56:00";"-49,1925";"-67,5463333333";"8,1";"55"
"PIONEROS";"02735";"2025-02-02 17:11:00";"-49,1703333333";"-67,4955";"8,6";"50"
"PIONEROS";"02735";"2025-02-02 17:26:00";"-49,1471666667";"-67,4436666667";"10,3";"60"
"PIONEROS";"02735";"2025-02-02 17:41:00";"-49,1236666667";"-67,3913333333";"9,2";"55"
"PIONEROS";"02735";"2025-02-02 17:56:00";"-49,0995";"-67,3378333333";"9,2";"50"
"PIONEROS";"02735";"2025-02-02 18:11:00";"-49,0746666667";"-67,2828333333";"11,3";"55"
"PIONEROS";"02735";"2025-02-02 18:26:00";"-49,0503333333";"-67,227";"10,3";"55"
"PIONEROS";"02735";"2025-02-02 18:41:00";"-49,0255";"-67,1708333333";"9,7";"55"
"PIONEROS";"02735";"2025-02-02 18:56:00";"-48,9996666667";"-67,1166666667";"9,2";"45"
"PIONEROS";"02735";"2025-02-02 19:11:00";"-48,9758333333";"-67,0608333333";"10,3";"50"
"PIONEROS";"02735";"2025-02-02 19:26:00";"-48,9503333333";"-67,0061666667";"10,8";"55"
"PIONEROS";"02735";"2025-02-02 19:41:00";"-48,9255";"-66,9495";"10,8";"50"
"PIONEROS";"02735";"2025-02-02 19:56:00";"-48,9";"-66,8938333333";"10,3";"55"
"PIONEROS";"02735";"2025-02-02 20:11:00";"-48,8753333333";"-66,8383333333";"10,3";"55"
"PIONEROS";"02735";"2025-02-02 20:26:00";"-48,8508333333";"-66,7825";"10,3";"55"
"PIONEROS";"02735";"2025-02-02 20:41:00";"-48,8261666667";"-66,7283333333";"10,8";"50"
"PIONEROS";"02735";"2025-02-02 20:56:00";"-48,8021666667";"-66,6738333333";"10,3";"55"
"PIONEROS";"02735";"2025-02-02 21:11:00";"-48,7788333333";"-66,6213333333";"9,7";"50"
"PIONEROS";"02735";"2025-02-02 21:26:00";"-48,7546666667";"-66,5705";"9,2";"55"
"PIONEROS";"02735";"2025-02-02 21:41:00";"-48,7311666667";"-66,517";"9,7";"50"
"PIONEROS";"02735";"2025-02-02 21:56:00";"-48,708";"-66,465";"9,7";"55"
"PIONEROS";"02735";"2025-02-02 22:11:00";"-48,6853333333";"-66,4153333333";"9,7";"55"
"PIONEROS";"02735";"2025-02-02 22:26:00";"-48,6625";"-66,3663333333";"9,7";"60"
"PIONEROS";"02735";"2025-02-02 22:41:00";"-48,642";"-66,3171666667";"9,2";"55"
"PIONEROS";"02735";"2025-02-02 22:56:00";"-48,6221666667";"-66,2691666667";"9,2";"55"
"PIONEROS";"02735";"2025-02-02 23:11:00";"-48,6003333333";"-66,225";"9,2";"50"
"PIONEROS";"02735";"2025-02-02 23:26:00";"-48,58";"-66,18";"8,1";"60"
"PIONEROS";"02735";"2025-02-02 23:41:00";"-48,5611666667";"-66,1363333333";"7,6";"50"
"PIONEROS";"02735";"2025-02-02 23:56:00";"-48,5421666667";"-66,0961666667";"7,0";"50"
"PIONEROS";"02735";"2025-02-03 00:11:00";"-48,5241666667";"-66,055";"8,1";"60"
"PIONEROS";"02735";"2025-02-03 00:26:00";"-48,5033333333";"-66,0161666667";"7,0";"50"
"PIONEROS";"02735";"2025-02-03 00:41:00";"-48,4853333333";"-65,9758333333";"8,1";"55"
"PIONEROS";"02735";"2025-02-03 00:56:00";"-48,4671666667";"-65,9333333333";"7,0";"60"
"PIONEROS";"02735";"2025-02-03 01:11:00";"-48,4488333333";"-65,8911666667";"9,2";"45"
"PIONEROS";"02735";"2025-02-03 01:26:00";"-48,4303333333";"-65,8505";"7,0";"60"
"PIONEROS";"02735";"2025-02-03 01:41:00";"-48,4136666667";"-65,8128333333";"7,0";"55"
"PIONEROS";"02735";"2025-02-03 01:56:00";"-48,3971666667";"-65,7753333333";"6,5";"55"
"PIONEROS";"02735";"2025-02-03 02:11:00";"-48,38";"-65,7395";"5,9";"45"
"PIONEROS";"02735";"2025-02-03 02:26:00";"-48,3641666667";"-65,7028333333";"7,0";"50"
"PIONEROS";"02735";"2025-02-03 02:41:00";"-48,348";"-65,667";"6,5";"65"
"PIONEROS";"02735";"2025-02-03 02:56:00";"-48,3311666667";"-65,6316666667";"6,5";"45"
"PIONEROS";"02735";"2025-02-03 03:12:00";"-48,315";"-65,5955";"7,0";"60"
"PIONEROS";"02735";"2025-02-03 03:27:00";"-48,2991666667";"-65,5586666667";"5,4";"55"
"PIONEROS";"02735";"2025-02-03 03:42:00";"-48,2821666667";"-65,5221666667";"7,6";"50"
"PIONEROS";"02735";"2025-02-03 03:57:00";"-48,2653333333";"-65,4838333333";"7,6";"60"
"PIONEROS";"02735";"2025-02-03 04:12:00";"-48,2471666667";"-65,4466666667";"7,0";"50"
"PIONEROS";"02735";"2025-02-03 04:27:00";"-48,2295";"-65,4078333333";"7,6";"50"
"PIONEROS";"02735";"2025-02-03 04:42:00";"-48,2113333333";"-65,3666666667";"7,6";"55"
"PIONEROS";"02735";"2025-02-03 04:57:00";"-48,1916666667";"-65,3241666667";"8,1";"50"
"PIONEROS";"02735";"2025-02-03 05:12:00";"-48,1716666667";"-65,28";"8,1";"60"
"PIONEROS";"02735";"2025-02-03 05:27:00";"-48,1516666667";"-65,2336666667";"7,6";"50"
"PIONEROS";"02735";"2025-02-03 05:42:00";"-48,1291666667";"-65,1878333333";"9,7";"60"
"PIONEROS";"02735";"2025-02-03 05:57:00";"-48,1083333333";"-65,1391666667";"9,2";"45"
"PIONEROS";"02735";"2025-02-03 06:12:00";"-48,0863333333";"-65,09";"9,7";"50"
"PIONEROS";"02735";"2025-02-03 06:27:00";"-48,0628333333";"-65,0411666667";"9,7";"55"
"PIONEROS";"02735";"2025-02-03 06:42:00";"-48,0396666667";"-64,99";"10,3";"55"
"PIONEROS";"02735";"2025-02-03 06:57:00";"-48,0158333333";"-64,9386666667";"9,7";"45"
"PIONEROS";"02735";"2025-02-03 07:12:00";"-47,9921666667";"-64,8871666667";"9,7";"55"
"PIONEROS";"02735";"2025-02-03 07:27:00";"-47,968";"-64,8436666667";"6,5";"30"
"PIONEROS";"02735";"2025-02-03 07:42:00";"-47,9541666667";"-64,8321666667";"2,2";"35"
"PIONEROS";"02735";"2025-02-03 07:57:00";"-47,9361666667";"-64,8175";"5,4";"25"
"PIONEROS";"02735";"2025-02-03 08:12:00";"-47,9146666667";"-64,8138333333";"2,2";"325"
"PIONEROS";"02735";"2025-02-03 08:27:00";"-47,908";"-64,8158333333";"2,2";"215"
"PIONEROS";"02735";"2025-02-03 08:42:00";"-47,8945";"-64,8058333333";"5,9";"35"
"PIONEROS";"02735";"2025-02-03 08:57:00";"-47,872";"-64,7895";"5,4";"20"
"PIONEROS";"02735";"2025-02-03 09:12:00";"-47,8666666667";"-64,7871666667";"4,9";"25"
"PIONEROS";"02735";"2025-02-03 09:27:00";"-47,8428333333";"-64,7691666667";"7,0";"20"
"PIONEROS";"02735";"2025-02-03 09:42:00";"-47,8536666667";"-64,7586666667";"5,9";"155"
"PIONEROS";"02735";"2025-02-03 09:57:00";"-47,8763333333";"-64,7546666667";"6,5";"165"
"PIONEROS";"02735";"2025-02-03 10:12:00";"-47,8671666667";"-64,7455";"5,4";"25"
"PIONEROS";"02735";"2025-02-03 10:27:00";"-47,8516666667";"-64,7295";"5,4";"150"
"PIONEROS";"02735";"2025-02-03 10:42:00";"-47,8671666667";"-64,7158333333";"6,5";"30"
"PIONEROS";"02735";"2025-02-03 10:57:00";"-47,8463333333";"-64,7003333333";"5,9";"30"
"PIONEROS";"02735";"2025-02-03 11:12:00";"-47,8541666667";"-64,6796666667";"5,4";"165"
"PIONEROS";"02735";"2025-02-03 11:27:00";"-47,862";"-64,6786666667";"1,1";"200"
"PIONEROS";"02735";"2025-02-03 11:42:00";"-47,8666666667";"-64,6813333333";"1,1";"180"
"PIONEROS";"02735";"2025-02-03 11:57:00";"-47,8713333333";"-64,6841666667";"1,1";"225"
"PIONEROS";"02735";"2025-02-03 12:12:00";"-47,8766666667";"-64,6875";"1,6";"210"
"PIONEROS";"02735";"2025-02-03 12:27:00";"-47,8803333333";"-64,6895";"0,5";"50"
"PIONEROS";"02735";"2025-02-03 12:42:00";"-47,8858333333";"-64,6808333333";"4,9";"145"
"PIONEROS";"02735";"2025-02-03 12:57:00";"-47,8928333333";"-64,6663333333";"1,6";"65"
"PIONEROS";"02735";"2025-02-03 13:12:00";"-47,8946666667";"-64,6655";"1,6";"130"
"PIONEROS";"02735";"2025-02-03 13:27:00";"-47,8988333333";"-64,6691666667";"1,6";"235"
"PIONEROS";"02735";"2025-02-03 13:42:00";"-47,9038333333";"-64,672";"2,2";"170"
"PIONEROS";"02735";"2025-02-03 13:57:00";"-47,9083333333";"-64,6741666667";"1,1";"210"
"PIONEROS";"02735";"2025-02-03 14:12:00";"-47,9108333333";"-64,677";"1,6";"190"
"PIONEROS";"02735";"2025-02-03 14:27:00";"-47,8896666667";"-64,6916666667";"3,2";"235"
"PIONEROS";"02735";"2025-02-03 14:42:00";"-47,9058333333";"-64,7046666667";"4,9";"205"
"PIONEROS";"02735";"2025-02-03 14:57:00";"-47,9188333333";"-64,7138333333";"1,1";"165"
"PIONEROS";"02735";"2025-02-03 15:12:00";"-47,9175";"-64,6986666667";"7,0";"50"
"PIONEROS";"02735";"2025-02-03 15:27:00";"-47,925";"-64,6988333333";"4,9";"175"
"PIONEROS";"02735";"2025-02-03 15:42:00";"-47,9421666667";"-64,7105";"3,8";"45"
"PIONEROS";"02735";"2025-02-03 15:57:00";"-47,9203333333";"-64,68";"3,2";"355"
"PIONEROS";"02735";"2025-02-03 16:12:00";"-47,912";"-64,7108333333";"8,1";"305"
"PIONEROS";"02735";"2025-02-03 16:27:00";"-47,8983333333";"-64,7308333333";"1,1";"340"
"PIONEROS";"02735";"2025-02-03 16:42:00";"-47,9";"-64,7321666667";"1,1";"285"
"PIONEROS";"02735";"2025-02-03 16:57:00";"-47,9046666667";"-64,7341666667";"1,1";"230"
"PIONEROS";"02735";"2025-02-03 17:12:00";"-47,9091666667";"-64,7371666667";"1,1";"235"
"PIONEROS";"02735";"2025-02-03 17:27:00";"-47,9136666667";"-64,7411666667";"0,5";"195"
"PIONEROS";"02735";"2025-02-03 17:42:00";"-47,9175";"-64,7436666667";"0,5";"195"
"PIONEROS";"02735";"2025-02-03 17:57:00";"-47,9336666667";"-64,7505";"6,5";"200"
"PIONEROS";"02735";"2025-02-03 18:12:00";"-47,9375";"-64,7595";"1,1";"230"
"PIONEROS";"02735";"2025-02-03 18:27:00";"-47,9413333333";"-64,7621666667";"1,1";"250"
"PIONEROS";"02735";"2025-02-03 18:42:00";"-47,945";"-64,7655";"0,5";"270"
"PIONEROS";"02735";"2025-02-03 18:57:00";"-47,9486666667";"-64,768";"1,1";"290"
"PIONEROS";"02735";"2025-02-03 19:12:00";"-47,9516666667";"-64,7708333333";"1,1";"345"
"PIONEROS";"02735";"2025-02-03 19:27:00";"-47,9528333333";"-64,7716666667";"0,0";"320"
"PIONEROS";"02735";"2025-02-03 19:42:00";"-47,9383333333";"-64,7695";"6,5";"0"
"PIONEROS";"02735";"2025-02-03 19:57:00";"-47,907";"-64,7721666667";"7,6";"355"
"PIONEROS";"02735";"2025-02-03 20:12:00";"-47,875";"-64,7746666667";"7,6";"355"
"PIONEROS";"02735";"2025-02-03 20:27:00";"-47,8421666667";"-64,7766666667";"8,1";"350"
"PIONEROS";"02735";"2025-02-03 20:42:00";"-47,8091666667";"-64,7791666667";"7,0";"350"
"PIONEROS";"02735";"2025-02-03 20:57:00";"-47,7886666667";"-64,7783333333";"3,8";"350"
"PIONEROS";"02735";"2025-02-03 21:12:00";"-47,77";"-64,777";"3,8";"355"
"PIONEROS";"02735";"2025-02-03 21:27:00";"-47,7533333333";"-64,7755";"2,7";"355"
"PIONEROS";"02735";"2025-02-03 21:42:00";"-47,7363333333";"-64,7733333333";"5,9";"20"
"PIONEROS";"02735";"2025-02-03 21:57:00";"-47,717";"-64,7725";"3,8";"340"
"PIONEROS";"02735";"2025-02-03 22:12:00";"-47,6878333333";"-64,775";"7,0";"5"
"PIONEROS";"02735";"2025-02-03 22:27:00";"-47,6561666667";"-64,7811666667";"7,6";"350"
"PIONEROS";"02735";"2025-02-03 22:42:00";"-47,625";"-64,7853333333";"6,5";"355"
"PIONEROS";"02735";"2025-02-03 22:57:00";"-47,5945";"-64,7905";"5,9";"340"
"PIONEROS";"02735";"2025-02-03 23:12:00";"-47,5641666667";"-64,7933333333";"7,6";"355"
"PIONEROS";"02735";"2025-02-03 23:27:00";"-47,5353333333";"-64,7991666667";"7,6";"355"
"PIONEROS";"02735";"2025-02-03 23:42:00";"-47,5055";"-64,8028333333";"8,1";"355"
"PIONEROS";"02735";"2025-02-03 23:57:00";"-47,4761666667";"-64,8075";"4,9";"350"
"PIONEROS";"02735";"2025-02-04 00:12:00";"-47,4475";"-64,812";"8,1";"345"
"PIONEROS";"02735";"2025-02-04 00:27:00";"-47,4191666667";"-64,8161666667";"7,0";"350"
"PIONEROS";"02735";"2025-02-04 00:42:00";"-47,3903333333";"-64,8196666667";"7,0";"350"
"PIONEROS";"02735";"2025-02-04 00:57:00";"-47,3621666667";"-64,8238333333";"5,9";"345"
"PIONEROS";"02735";"2025-02-04 01:12:00";"-47,3353333333";"-64,8286666667";"4,9";"350"
"PIONEROS";"02735";"2025-02-04 01:27:00";"-47,312";"-64,832";"0,5";"45"
"PIONEROS";"02735";"2025-02-04 01:42:00";"-47,315";"-64,828";"0,5";"185"
"PIONEROS";"02735";"2025-02-04 01:57:00";"-47,3113333333";"-64,8128333333";"4,9";"50"
"PIONEROS";"02735";"2025-02-04 02:12:00";"-47,3021666667";"-64,8125";"1,1";"345"
"PIONEROS";"02735";"2025-02-04 02:27:00";"-47,3005";"-64,8103333333";"1,6";"350"
"PIONEROS";"02735";"2025-02-04 02:42:00";"-47,2963333333";"-64,808";"1,1";"355"
"PIONEROS";"02735";"2025-02-04 02:57:00";"-47,2925";"-64,8066666667";"1,6";"30"
"PIONEROS";"02735";"2025-02-04 03:12:00";"-47,2888333333";"-64,805";"0,5";"20"
"PIONEROS";"02735";"2025-02-04 03:27:00";"-47,2878333333";"-64,8038333333";"1,1";"85"
"PIONEROS";"02735";"2025-02-04 03:42:00";"-47,2853333333";"-64,7745";"8,6";"80"
"PIONEROS";"02735";"2025-02-04 03:57:00";"-47,2713333333";"-64,7346666667";"4,3";"25"
"PIONEROS";"02735";"2025-02-04 04:12:00";"-47,2691666667";"-64,7338333333";"2,2";"35"
"PIONEROS";"02735";"2025-02-04 04:27:00";"-47,27";"-64,7336666667";"1,1";"145"
"PIONEROS";"02735";"2025-02-04 04:42:00";"-47,2671666667";"-64,733";"0,5";"5"
"PIONEROS";"02735";"2025-02-04 04:57:00";"-47,2633333333";"-64,7308333333";"1,1";"55"
"PIONEROS";"02735";"2025-02-04 05:12:00";"-47,2595";"-64,7283333333";"0,5";"10"
"PIONEROS";"02735";"2025-02-04 05:27:00";"-47,2566666667";"-64,7263333333";"1,1";"0"
"PIONEROS";"02735";"2025-02-04 05:42:00";"-47,2545";"-64,7258333333";"0,0";"80"
"PIONEROS";"02735";"2025-02-04 05:57:00";"-47,2536666667";"-64,7258333333";"2,2";"5"
"PIONEROS";"02735";"2025-02-04 06:12:00";"-47,248";"-64,7236666667";"0,5";"320"
"PIONEROS";"02735";"2025-02-04 06:27:00";"-47,2271666667";"-64,7286666667";"7,6";"340"
"PIONEROS";"02735";"2025-02-04 06:42:00";"-47,2103333333";"-64,7271666667";"0,5";"125"
"PIONEROS";"02735";"2025-02-04 06:57:00";"-47,2096666667";"-64,7271666667";"1,1";"55"
"PIONEROS";"02735";"2025-02-04 07:12:00";"-47,2116666667";"-64,7286666667";"1,6";"210"
"PIONEROS";"02735";"2025-02-04 07:27:00";"-47,2175";"-64,7311666667";"2,2";"250"
"PIONEROS";"02735";"2025-02-04 07:42:00";"-47,2213333333";"-64,7333333333";"1,1";"205"
"PIONEROS";"02735";"2025-02-04 07:57:00";"-47,2255";"-64,7355";"1,1";"210"
"PIONEROS";"02735";"2025-02-04 08:12:00";"-47,2283333333";"-64,7371666667";"0,0";"110"
"PIONEROS";"02735";"2025-02-04 08:27:00";"-47,2271666667";"-64,7395";"5,4";"245"
"PIONEROS";"02735";"2025-02-04 08:42:00";"-47,2396666667";"-64,7746666667";"1,1";"185"
"PIONEROS";"02735";"2025-02-04 08:57:00";"-47,2433333333";"-64,7763333333";"0,5";"250"
"PIONEROS";"02735";"2025-02-04 09:12:00";"-47,2463333333";"-64,7786666667";"1,1";"110"
"PIONEROS";"02735";"2025-02-04 09:27:00";"-47,2495";"-64,7803333333";"0,0";"170"
"PIONEROS";"02735";"2025-02-04 09:42:00";"-47,2521666667";"-64,7821666667";"0,5";"160"
"PIONEROS";"02735";"2025-02-04 09:57:00";"-47,2541666667";"-64,7841666667";"0,5";"240"
"PIONEROS";"02735";"2025-02-04 10:12:00";"-47,253";"-64,7863333333";"2,7";"290"
"PIONEROS";"02735";"2025-02-04 10:27:00";"-47,2608333333";"-64,7775";"4,9";"165"
"PIONEROS";"02735";"2025-02-04 10:42:00";"-47,2741666667";"-64,7545";"6,5";"115"
"PIONEROS";"02735";"2025-02-04 10:57:00";"-47,2841666667";"-64,718";"3,8";"65"
"PIONEROS";"02735";"2025-02-04 11:12:00";"-47,282";"-64,7146666667";"2,2";"355"
"PIONEROS";"02735";"2025-02-04 11:27:00";"-47,2866666667";"-64,715";"1,1";"235"
"PIONEROS";"02735";"2025-02-04 11:42:00";"-47,2908333333";"-64,7171666667";"1,1";"145"
"PIONEROS";"02735";"2025-02-04 11:57:00";"-47,2945";"-64,7188333333";"1,1";"180"
"PIONEROS";"02735";"2025-02-04 12:12:00";"-47,2986666667";"-64,7203333333";"2,2";"180"
"PIONEROS";"02735";"2025-02-04 12:27:00";"-47,3021666667";"-64,7221666667";"1,1";"280"
"PIONEROS";"02735";"2025-02-04 12:42:00";"-47,3055";"-64,7236666667";"0,5";"180"
"PIONEROS";"02735";"2025-02-04 12:57:00";"-47,3128333333";"-64,73";"5,9";"215"
"PIONEROS";"02735";"2025-02-04 13:12:00";"-47,3375";"-64,7513333333";"8,6";"210"
"PIONEROS";"02735";"2025-02-04 13:26:00";"-47,3595";"-64,7645";"6,5";"120"
"PIONEROS";"02735";"2025-02-04 13:41:00";"-47,3636666667";"-64,7588333333";"7,6";"205"
"PIONEROS";"02735";"2025-02-04 13:56:00";"-47,3941666667";"-64,7853333333";"8,1";"200"
"PIONEROS";"02735";"2025-02-04 14:11:00";"-47,4255";"-64,8141666667";"9,7";"210"
"PIONEROS";"02735";"2025-02-04 14:26:00";"-47,4578333333";"-64,8438333333";"9,7";"205"
"PIONEROS";"02735";"2025-02-04 14:41:00";"-47,4911666667";"-64,8745";"8,6";"210"
"PIONEROS";"02735";"2025-02-04 14:56:00";"-47,5253333333";"-64,9053333333";"9,7";"210"
"PIONEROS";"02735";"2025-02-04 15:11:00";"-47,5603333333";"-64,9388333333";"10,3";"205"
"PIONEROS";"02735";"2025-02-04 15:26:00";"-47,5971666667";"-64,9708333333";"10,8";"210"
"PIONEROS";"02735";"2025-02-04 15:41:00";"-47,6338333333";"-65,0058333333";"9,7";"215"
"PIONEROS";"02735";"2025-02-04 15:56:00";"-47,6708333333";"-65,038";"10,3";"215"
"PIONEROS";"02735";"2025-02-04 16:11:00";"-47,707";"-65,0733333333";"10,3";"215"
"PIONEROS";"02735";"2025-02-04 16:26:00";"-47,7453333333";"-65,1078333333";"10,3";"205"
"PIONEROS";"02735";"2025-02-04 16:41:00";"-47,783";"-65,1433333333";"10,8";"205"
"PIONEROS";"02735";"2025-02-04 16:56:00";"-47,8211666667";"-65,1771666667";"11,3";"205"
"PIONEROS";"02735";"2025-02-04 17:11:00";"-47,858";"-65,2108333333";"9,2";"210"
"PIONEROS";"02735";"2025-02-04 17:26:00";"-47,8941666667";"-65,2453333333";"10,3";"210"
"PIONEROS";"02735";"2025-02-04 17:41:00";"-47,9296666667";"-65,278";"10,8";"210"
"PIONEROS";"02735";"2025-02-04 17:56:00";"-47,9646666667";"-65,3091666667";"10,8";"210"
"PIONEROS";"02735";"2025-02-04 18:11:00";"-47,9983333333";"-65,3408333333";"9,2";"210"
"PIONEROS";"02735";"2025-02-04 18:26:00";"-48,03";"-65,3721666667";"9,2";"205"
"PIONEROS";"02735";"2025-02-04 18:41:00";"-48,0621666667";"-65,3996666667";"8,6";"210"
"PIONEROS";"02735";"2025-02-04 18:56:00";"-48,0921666667";"-65,4283333333";"8,6";"210"
"PIONEROS";"02735";"2025-02-04 19:11:00";"-48,1221666667";"-65,455";"8,6";"215"
"PIONEROS";"02735";"2025-02-04 19:26:00";"-48,1516666667";"-65,4838333333";"7,6";"200"
"PIONEROS";"02735";"2025-02-04 19:41:00";"-48,1813333333";"-65,51";"8,6";"210"
"PIONEROS";"02735";"2025-02-04 19:56:00";"-48,2091666667";"-65,5371666667";"7,6";"215"
"PIONEROS";"02735";"2025-02-04 20:11:00";"-48,2366666667";"-65,562";"7,6";"210"
"PIONEROS";"02735";"2025-02-04 20:26:00";"-48,2633333333";"-65,5866666667";"7,0";"210"
"PIONEROS";"02735";"2025-02-04 20:41:00";"-48,29";"-65,612";"8,1";"210"
"PIONEROS";"02735";"2025-02-04 20:56:00";"-48,317";"-65,6361666667";"7,0";"215"
"PIONEROS";"02735";"2025-02-04 21:11:00";"-48,343";"-65,6613333333";"7,6";"220"
"PIONEROS";"02735";"2025-02-04 21:26:00";"-48,37";"-65,6858333333";"8,1";"210"
"PIONEROS";"02735";"2025-02-04 21:41:00";"-48,392";"-65,7175";"7,0";"240"
"PIONEROS";"02735";"2025-02-04 21:56:00";"-48,4088333333";"-65,7575";"8,1";"235"
"PIONEROS";"02735";"2025-02-04 22:11:00";"-48,4266666667";"-65,7961666667";"7,6";"240"
"PIONEROS";"02735";"2025-02-04 22:26:00";"-48,4438333333";"-65,835";"7,0";"235"
"PIONEROS";"02735";"2025-02-04 22:41:00";"-48,4611666667";"-65,875";"7,6";"235"
"PIONEROS";"02735";"2025-02-04 22:56:00";"-48,4786666667";"-65,9158333333";"7,6";"245"
"PIONEROS";"02735";"2025-02-04 23:11:00";"-48,498";"-65,9566666667";"8,6";"240"
"PIONEROS";"02735";"2025-02-04 23:26:00";"-48,5155";"-65,9986666667";"7,6";"240"
"PIONEROS";"02735";"2025-02-04 23:41:00";"-48,535";"-66,04";"8,1";"230"
"PIONEROS";"02735";"2025-02-04 23:56:00";"-48,5533333333";"-66,0838333333";"8,1";"245"
"PIONEROS";"02735";"2025-02-05 00:11:00";"-48,5741666667";"-66,13";"8,6";"225"
"PIONEROS";"02735";"2025-02-05 00:26:00";"-48,5953333333";"-66,177";"8,6";"240"
"PIONEROS";"02735";"2025-02-05 00:41:00";"-48,6153333333";"-66,2246666667";"9,2";"240"
"PIONEROS";"02735";"2025-02-05 00:56:00";"-48,6371666667";"-66,2721666667";"8,1";"225"
"PIONEROS";"02735";"2025-02-05 01:11:00";"-48,6586666667";"-66,3213333333";"9,2";"240"
"PIONEROS";"02735";"2025-02-05 01:26:00";"-48,6805";"-66,372";"9,2";"225"
"PIONEROS";"02735";"2025-02-05 01:41:00";"-48,7038333333";"-66,4216666667";"9,2";"235"
"PIONEROS";"02735";"2025-02-05 01:56:00";"-48,7266666667";"-66,472";"9,7";"240"
"PIONEROS";"02735";"2025-02-05 02:11:00";"-48,748";"-66,523";"9,7";"230"
"PIONEROS";"02735";"2025-02-05 02:26:00";"-48,7708333333";"-66,5758333333";"10,3";"240"
"PIONEROS";"02735";"2025-02-05 02:41:00";"-48,7941666667";"-66,6283333333";"10,3";"240"
"PIONEROS";"02735";"2025-02-05 02:56:00";"-48,818";"-66,6805";"9,7";"235"
"PIONEROS";"02735";"2025-02-05 03:11:00";"-48,8391666667";"-66,7336666667";"9,2";"235"
"PIONEROS";"02735";"2025-02-05 03:26:00";"-48,8628333333";"-66,7833333333";"10,3";"225"
"PIONEROS";"02735";"2025-02-05 03:41:00";"-48,8845";"-66,8346666667";"9,7";"230"
"PIONEROS";"02735";"2025-02-05 03:56:00";"-48,9078333333";"-66,8866666667";"9,7";"240"
"PIONEROS";"02735";"2025-02-05 04:11:00";"-48,93";"-66,9403333333";"9,2";"240"
"PIONEROS";"02735";"2025-02-05 04:26:00";"-48,953";"-66,9908333333";"8,6";"240"
"PIONEROS";"02735";"2025-02-05 04:41:00";"-48,9738333333";"-67,0408333333";"8,6";"235"
"PIONEROS";"02735";"2025-02-05 04:56:00";"-48,995";"-67,0875";"8,6";"230"
"PIONEROS";"02735";"2025-02-05 05:11:00";"-49,015";"-67,1328333333";"8,6";"235"
"PIONEROS";"02735";"2025-02-05 05:26:00";"-49,0341666667";"-67,177";"8,1";"240"
"PIONEROS";"02735";"2025-02-05 05:41:00";"-49,0533333333";"-67,2213333333";"8,1";"235"
"PIONEROS";"02735";"2025-02-05 05:56:00";"-49,0733333333";"-67,2661666667";"8,1";"235"
"PIONEROS";"02735";"2025-02-05 06:11:00";"-49,092";"-67,3091666667";"7,6";"230"
"PIONEROS";"02735";"2025-02-05 06:26:00";"-49,1113333333";"-67,3521666667";"8,1";"235"
"PIONEROS";"02735";"2025-02-05 06:41:00";"-49,1296666667";"-67,3961666667";"8,1";"235"
"PIONEROS";"02735";"2025-02-05 06:56:00";"-49,1495";"-67,4395";"8,1";"235"
"PIONEROS";"02735";"2025-02-05 07:11:00";"-49,1686666667";"-67,4845";"8,1";"240"
"PIONEROS";"02735";"2025-02-05 07:26:00";"-49,1878333333";"-67,5286666667";"8,1";"240"
"PIONEROS";"02735";"2025-02-05 07:41:00";"-49,2063333333";"-67,5753333333";"8,6";"240"
"PIONEROS";"02735";"2025-02-05 07:56:00";"-49,225";"-67,6221666667";"9,2";"220"
"PIONEROS";"02735";"2025-02-05 08:11:00";"-49,2491666667";"-67,6691666667";"8,6";"230"
"PIONEROS";"02735";"2025-02-05 08:26:00";"-49,2825";"-67,6946666667";"8,1";"215"
"PIONEROS";"02735";"2025-02-05 08:41:00";"-49,2991666667";"-67,7211666667";"1,6";"155"
"PIONEROS";"02735";"2025-02-05 08:56:00";"-49,2996666667";"-67,7203333333";"0,0";"220"
"PIONEROS";"02735";"2025-02-05 09:13:00";"-49,2996666667";"-67,7203333333";"0,0";"0"
"PIONEROS";"02735";"2025-02-05 09:28:00";"-49,2996666667";"-67,7203333333";"0,0";"0"
"PIONEROS";"02735";"2025-02-05 09:43:00";"-49,2996666667";"-67,7203333333";"0,0";"0"
"PIONEROS";"02735";"2025-02-05 09:58:00";"-49,2996666667";"-67,7203333333";"0,0";"0"
"PIONEROS";"02735";"2025-02-05 10:13:00";"-49,2996666667";"-67,7203333333";"0,0";"0"
"PIONEROS";"02735";"2025-02-05 10:28:00";"-49,2996666667";"-67,7203333333";"0,0";"0"
"PIONEROS";"02735";"2025-02-05 10:43:00";"-49,2996666667";"-67,7203333333";"0,0";"0"
"PIONEROS";"02735";"2025-02-05 10:58:00";"-49,2996666667";"-67,7203333333";"0,0";"325"
"PIONEROS";"02735";"2025-02-05 11:13:00";"-49,2996666667";"-67,7203333333";"0,0";"325"
"PIONEROS";"02735";"2025-02-05 11:28:00";"-49,2996666667";"-67,7203333333";"0,0";"325"
"PIONEROS";"02735";"2025-02-05 11:43:00";"-49,2996666667";"-67,7203333333";"0,0";"325"
"PIONEROS";"02735";"2025-02-05 11:58:00";"-49,2996666667";"-67,7203333333";"0,0";"325"
"PIONEROS";"02735";"2025-02-05 12:13:00";"-49,2996666667";"-67,7203333333";"0,0";"325"
"PIONEROS";"02735";"2025-02-05 12:28:00";"-49,2996666667";"-67,7203333333";"0,0";"325"
"PIONEROS";"02735";"2025-02-05 12:43:00";"-49,2996666667";"-67,7203333333";"0,0";"325"
"PIONEROS";"02735";"2025-02-05 12:58:00";"-49,2996666667";"-67,7203333333";"0,0";"325"
"PIONEROS";"02735";"2025-02-05 13:13:00";"-49,2996666667";"-67,7203333333";"0,0";"325"
"PIONEROS";"02735";"2025-02-05 13:28:00";"-49,2996666667";"-67,7203333333";"0,0";"325"
"PIONEROS";"02735";"2025-02-05 13:38:00";"-49,2996666667";"-67,7203333333";"0,0";"0"
"PIONEROS";"02735";"2025-02-05 13:53:00";"-49,2996666667";"-67,7203333333";"0,0";"0"
"PIONEROS";"02735";"2025-02-05 14:08:00";"-49,2996666667";"-67,7203333333";"0,0";"0"
"PIONEROS";"02735";"2025-02-05 14:23:00";"-49,2996666667";"-67,7196666667";"0,0";"60"
"PIONEROS";"02735";"2025-02-05 14:38:00";"-49,2996666667";"-67,7196666667";"0,0";"300"
"PIONEROS";"02735";"2025-02-05 14:53:00";"-49,2996666667";"-67,7196666667";"0,0";"300"
"PIONEROS";"02735";"2025-02-05 15:04:00";"-49,2996666667";"-67,7196666667";"0,0";"0"
"PIONEROS";"02735";"2025-02-05 15:19:00";"-49,2996666667";"-67,72";"0,0";"0"
"PIONEROS";"02735";"2025-02-05 15:34:00";"-49,2996666667";"-67,72";"0,0";"0"
"PIONEROS";"02735";"2025-02-05 15:49:00";"-49,2996666667";"-67,72";"0,0";"355"
"PIONEROS";"02735";"2025-02-05 16:04:00";"-49,2996666667";"-67,72";"0,0";"355"
"PIONEROS";"02735";"2025-02-05 16:19:00";"-49,2996666667";"-67,72";"0,0";"355"
"PIONEROS";"02735";"2025-02-05 16:34:00";"-49,2996666667";"-67,7196666667";"0,0";"355"
"PIONEROS";"02735";"2025-02-05 16:49:00";"-49,2996666667";"-67,7196666667";"0,0";"355"
"PIONEROS";"02735";"2025-02-05 17:04:00";"-49,2996666667";"-67,7196666667";"0,0";"355"
"PIONEROS";"02735";"2025-02-05 17:19:00";"-49,2996666667";"-67,7196666667";"0,0";"355"
"PIONEROS";"02735";"2025-02-05 17:34:00";"-49,2996666667";"-67,7196666667";"0,0";"355"
"PIONEROS";"02735";"2025-02-05 17:48:00";"-49,2996666667";"-67,7196666667";"0,0";"0"
"PIONEROS";"02735";"2025-02-05 18:03:00";"-49,2996666667";"-67,72";"0,0";"0"
"PIONEROS";"02735";"2025-02-05 18:18:00";"-49,2996666667";"-67,72";"0,0";"0"
"PIONEROS";"02735";"2025-02-05 18:33:00";"-49,2996666667";"-67,72";"0,0";"0"
"PIONEROS";"02735";"2025-02-05 18:48:00";"-49,2996666667";"-67,7196666667";"0,0";"0"
"PIONEROS";"02735";"2025-02-05 19:03:00";"-49,2996666667";"-67,7196666667";"0,0";"0"
"PIONEROS";"02735";"2025-02-05 19:18:00";"-49,2996666667";"-67,7196666667";"0,0";"0"
"PIONEROS";"02735";"2025-02-05 19:33:00";"-49,2996666667";"-67,72";"0,0";"0"
"PIONEROS";"02735";"2025-02-05 19:48:00";"-49,2996666667";"-67,72";"0,0";"0"
"PIONEROS";"02735";"2025-02-05 20:03:00";"-49,2996666667";"-67,72";"0,0";"35"
"PIONEROS";"02735";"2025-02-05 20:18:00";"-49,2996666667";"-67,72";"0,0";"35"
"PIONEROS";"02735";"2025-02-05 20:33:00";"-49,2996666667";"-67,7196666667";"0,0";"35"
"PIONEROS";"02735";"2025-02-05 20:48:00";"-49,2996666667";"-67,7196666667";"0,0";"35"
"PIONEROS";"02735";"2025-02-05 21:03:00";"-49,2996666667";"-67,7196666667";"0,0";"35"
"PIONEROS";"02735";"2025-02-05 21:18:00";"-49,2996666667";"-67,7196666667";"0,0";"35"
"PIONEROS";"02735";"2025-02-05 21:33:00";"-49,2996666667";"-67,72";"0,0";"35"
"PIONEROS";"02735";"2025-02-05 21:48:00";"-49,2996666667";"-67,7196666667";"0,0";"35"
"PIONEROS";"02735";"2025-02-05 22:03:00";"-49,2996666667";"-67,7196666667";"0,0";"100"
"PIONEROS";"02735";"2025-02-05 22:18:00";"-49,2996666667";"-67,7196666667";"0,0";"100"
"PIONEROS";"02735";"2025-02-05 22:33:00";"-49,2996666667";"-67,7196666667";"0,0";"100"
"PIONEROS";"02735";"2025-02-05 22:48:00";"-49,2996666667";"-67,7196666667";"0,0";"100"
"PIONEROS";"02735";"2025-02-05 23:03:00";"-49,2996666667";"-67,7196666667";"0,0";"100"
"PIONEROS";"02735";"2025-02-05 23:18:00";"-49,2996666667";"-67,7196666667";"0,0";"100"
"PIONEROS";"02735";"2025-02-05 23:33:00";"-49,2996666667";"-67,7196666667";"0,0";"100"
"PIONEROS";"02735";"2025-02-05 23:48:00";"-49,2996666667";"-67,7196666667";"0,0";"100"
"PIONEROS";"02735";"2025-02-06 00:03:00";"-49,2996666667";"-67,7196666667";"0,0";"100"
"PIONEROS";"02735";"2025-02-06 00:18:00";"-49,2996666667";"-67,7196666667";"0,0";"100"
"PIONEROS";"02735";"2025-02-06 00:33:00";"-49,2996666667";"-67,7196666667";"0,0";"100"
"PIONEROS";"02735";"2025-02-06 00:48:00";"-49,2996666667";"-67,7196666667";"0,0";"100"
"PIONEROS";"02735";"2025-02-06 01:03:00";"-49,2996666667";"-67,7196666667";"0,0";"100"
"PIONEROS";"02735";"2025-02-06 01:18:00";"-49,2996666667";"-67,7196666667";"0,0";"100"
"PIONEROS";"02735";"2025-02-06 01:33:00";"-49,2996666667";"-67,7196666667";"0,0";"100"
"PIONEROS";"02735";"2025-02-06 01:48:00";"-49,2996666667";"-67,7196666667";"0,0";"100"
"PIONEROS";"02735";"2025-02-06 02:03:00";"-49,2996666667";"-67,7196666667";"0,0";"100"
"PIONEROS";"02735";"2025-02-06 02:18:00";"-49,2996666667";"-67,7196666667";"0,0";"100"
"PIONEROS";"02735";"2025-02-06 02:33:00";"-49,2996666667";"-67,7196666667";"0,0";"100"
"PIONEROS";"02735";"2025-02-06 02:48:00";"-49,2996666667";"-67,7196666667";"0,0";"100"
"PIONEROS";"02735";"2025-02-06 03:03:00";"-49,2996666667";"-67,7196666667";"0,0";"100"
"PIONEROS";"02735";"2025-02-06 03:18:00";"-49,2996666667";"-67,7196666667";"0,0";"100"
"PIONEROS";"02735";"2025-02-06 03:33:00";"-49,2996666667";"-67,7196666667";"0,0";"100"
"PIONEROS";"02735";"2025-02-06 03:48:00";"-49,2996666667";"-67,7196666667";"0,0";"100"
"PIONEROS";"02735";"2025-02-06 04:03:00";"-49,2996666667";"-67,7196666667";"0,0";"100"
"PIONEROS";"02735";"2025-02-06 04:18:00";"-49,2996666667";"-67,7196666667";"0,0";"100"
"PIONEROS";"02735";"2025-02-06 04:33:00";"-49,2996666667";"-67,7196666667";"0,0";"100"
"PIONEROS";"02735";"2025-02-06 04:48:00";"-49,2996666667";"-67,7196666667";"0,0";"100"
"PIONEROS";"02735";"2025-02-06 05:03:00";"-49,2996666667";"-67,7196666667";"0,0";"100"
"PIONEROS";"02735";"2025-02-06 05:18:00";"-49,2996666667";"-67,7196666667";"0,0";"100"
"PIONEROS";"02735";"2025-02-06 05:33:00";"-49,2996666667";"-67,7196666667";"0,0";"100"
"PIONEROS";"02735";"2025-02-06 05:48:00";"-49,2996666667";"-67,7196666667";"0,0";"100"
"PIONEROS";"02735";"2025-02-06 06:03:00";"-49,2996666667";"-67,7196666667";"0,0";"100"
"PIONEROS";"02735";"2025-02-06 06:19:00";"-49,2996666667";"-67,7196666667";"0,0";"100"
"PIONEROS";"02735";"2025-02-06 06:34:00";"-49,2996666667";"-67,7196666667";"0,0";"100"
"PIONEROS";"02735";"2025-02-06 06:49:00";"-49,2996666667";"-67,7196666667";"0,0";"0"
"PIONEROS";"02735";"2025-02-06 07:04:00";"-49,2996666667";"-67,7196666667";"0,0";"0"
"PIONEROS";"02735";"2025-02-06 07:19:00";"-49,2996666667";"-67,7196666667";"0,0";"0"
"PIONEROS";"02735";"2025-02-06 07:34:00";"-49,2996666667";"-67,7196666667";"0,0";"0"
"PIONEROS";"02735";"2025-02-06 07:49:00";"-49,2996666667";"-67,7196666667";"0,0";"0"
"PIONEROS";"02735";"2025-02-06 08:04:00";"-49,2996666667";"-67,7196666667";"0,0";"0"
"PIONEROS";"02735";"2025-02-06 08:19:00";"-49,2996666667";"-67,7196666667";"0,0";"0"
"PIONEROS";"02735";"2025-02-06 08:34:00";"-49,2996666667";"-67,7196666667";"0,0";"0"
"PIONEROS";"02735";"2025-02-06 08:49:00";"-49,2996666667";"-67,7196666667";"0,0";"0"
"PIONEROS";"02735";"2025-02-06 09:04:00";"-49,2996666667";"-67,7196666667";"0,0";"0"
"PIONEROS";"02735";"2025-02-06 09:19:00";"-49,2996666667";"-67,7196666667";"0,0";"0"
"PIONEROS";"02735";"2025-02-06 09:34:00";"-49,2996666667";"-67,7196666667";"0,0";"0"
"PIONEROS";"02735";"2025-02-06 09:49:00";"-49,2996666667";"-67,7196666667";"0,0";"0"
"PIONEROS";"02735";"2025-02-06 10:04:00";"-49,2996666667";"-67,7196666667";"0,0";"0"
"PIONEROS";"02735";"2025-02-06 10:19:00";"-49,2996666667";"-67,7196666667";"0,0";"0"
"PIONEROS";"02735";"2025-02-06 10:34:00";"-49,2996666667";"-67,7196666667";"0,0";"0"
"PIONEROS";"02735";"2025-02-06 10:49:00";"-49,2996666667";"-67,7196666667";"0,0";"240"
"PIONEROS";"02735";"2025-02-06 11:04:00";"-49,2996666667";"-67,7196666667";"0,0";"240"
"PIONEROS";"02735";"2025-02-06 11:19:00";"-49,2996666667";"-67,7196666667";"0,0";"240"
"PIONEROS";"02735";"2025-02-06 11:34:00";"-49,2996666667";"-67,7196666667";"0,0";"240"
"PIONEROS";"02735";"2025-02-06 11:49:00";"-49,2996666667";"-67,7196666667";"0,0";"240"
"PIONEROS";"02735";"2025-02-06 12:04:00";"-49,2996666667";"-67,7196666667";"0,0";"240"
"PIONEROS";"02735";"2025-02-06 12:19:00";"-49,2996666667";"-67,7196666667";"0,0";"240"
"PIONEROS";"02735";"2025-02-06 12:34:00";"-49,2996666667";"-67,7196666667";"0,0";"240"
"PIONEROS";"02735";"2025-02-06 12:49:00";"-49,2996666667";"-67,7196666667";"0,0";"240"
"PIONEROS";"02735";"2025-02-06 13:04:00";"-49,2996666667";"-67,7196666667";"0,0";"185"
"PIONEROS";"02735";"2025-02-06 13:19:00";"-49,2996666667";"-67,7196666667";"0,0";"185"
"PIONEROS";"02735";"2025-02-06 13:34:00";"-49,2996666667";"-67,7196666667";"0,0";"185"
"PIONEROS";"02735";"2025-02-06 13:49:00";"-49,2996666667";"-67,72";"0,0";"185"
"PIONEROS";"02735";"2025-02-06 14:04:00";"-49,2996666667";"-67,72";"0,0";"185"
"PIONEROS";"02735";"2025-02-06 14:19:00";"-49,2996666667";"-67,7196666667";"0,0";"185"
"PIONEROS";"02735";"2025-02-06 14:34:00";"-49,2996666667";"-67,7196666667";"0,0";"185"
"PIONEROS";"02735";"2025-02-06 14:49:00";"-49,2996666667";"-67,72";"0,0";"185"
"PIONEROS";"02735";"2025-02-06 15:04:00";"-49,2996666667";"-67,72";"0,0";"185"
"PIONEROS";"02735";"2025-02-06 15:19:00";"-49,2996666667";"-67,72";"0,0";"185"
"PIONEROS";"02735";"2025-02-06 15:34:00";"-49,2996666667";"-67,72";"0,0";"185"
"PIONEROS";"02735";"2025-02-06 15:49:00";"-49,2996666667";"-67,72";"0,0";"185"
"PIONEROS";"02735";"2025-02-06 16:04:00";"-49,2996666667";"-67,72";"0,0";"185"
"PIONEROS";"02735";"2025-02-06 16:19:00";"-49,2996666667";"-67,72";"0,0";"185"
"PIONEROS";"02735";"2025-02-06 16:34:00";"-49,2996666667";"-67,72";"0,0";"185"
"PIONEROS";"02735";"2025-02-06 16:49:00";"-49,2996666667";"-67,7196666667";"0,0";"185"
"PIONEROS";"02735";"2025-02-06 17:04:00";"-49,2996666667";"-67,7196666667";"0,0";"185"
"PIONEROS";"02735";"2025-02-06 17:19:00";"-49,2996666667";"-67,7196666667";"0,0";"185"
"PIONEROS";"02735";"2025-02-06 17:34:00";"-49,2996666667";"-67,7196666667";"0,0";"185"
"PIONEROS";"02735";"2025-02-06 17:49:00";"-49,2996666667";"-67,7196666667";"0,0";"185"
"PIONEROS";"02735";"2025-02-06 18:04:00";"-49,2996666667";"-67,7196666667";"0,0";"185"
"PIONEROS";"02735";"2025-02-06 18:19:00";"-49,2996666667";"-67,7196666667";"0,0";"345"
"PIONEROS";"02735";"2025-02-06 18:34:00";"-49,2996666667";"-67,7196666667";"0,0";"345"
"PIONEROS";"02735";"2025-02-06 18:49:00";"-49,2996666667";"-67,7196666667";"0,0";"345"
"PIONEROS";"02735";"2025-02-06 19:04:00";"-49,2996666667";"-67,72";"0,0";"5"
"PIONEROS";"02735";"2025-02-06 19:19:00";"-49,2996666667";"-67,72";"0,0";"235"
"PIONEROS";"02735";"2025-02-06 19:34:00";"-49,2996666667";"-67,72";"0,0";"310"
"PIONEROS";"02735";"2025-02-06 19:49:00";"-49,2996666667";"-67,72";"0,0";"310"
"PIONEROS";"02735";"2025-02-06 20:04:00";"-49,2996666667";"-67,7196666667";"0,0";"310"
"PIONEROS";"02735";"2025-02-06 20:19:00";"-49,2996666667";"-67,7196666667";"0,0";"65"
"PIONEROS";"02735";"2025-02-06 20:34:00";"-49,2996666667";"-67,7196666667";"0,0";"65"
"PIONEROS";"02735";"2025-02-06 20:49:00";"-49,2996666667";"-67,7196666667";"0,0";"65"
"PIONEROS";"02735";"2025-02-06 21:04:00";"-49,2996666667";"-67,72";"0,0";"65"
"PIONEROS";"02735";"2025-02-06 21:19:00";"-49,2996666667";"-67,7196666667";"0,0";"65"
"PIONEROS";"02735";"2025-02-06 21:34:00";"-49,2996666667";"-67,72";"0,0";"10"
"PIONEROS";"02735";"2025-02-06 21:49:00";"-49,2996666667";"-67,72";"0,0";"10"
"PIONEROS";"02735";"2025-02-06 22:04:00";"-49,2996666667";"-67,7196666667";"0,0";"10"
"PIONEROS";"02735";"2025-02-06 22:19:00";"-49,2996666667";"-67,7196666667";"0,0";"10"
"PIONEROS";"02735";"2025-02-06 22:34:00";"-49,2996666667";"-67,7196666667";"0,0";"10"
"PIONEROS";"02735";"2025-02-06 22:49:00";"-49,2996666667";"-67,7196666667";"0,0";"10"
"PIONEROS";"02735";"2025-02-06 23:04:00";"-49,2996666667";"-67,7196666667";"0,0";"10"
"PIONEROS";"02735";"2025-02-06 23:19:00";"-49,2996666667";"-67,72";"0,0";"10"
"PIONEROS";"02735";"2025-02-06 23:34:00";"-49,2996666667";"-67,72";"0,0";"10"
"PIONEROS";"02735";"2025-02-06 23:49:00";"-49,2996666667";"-67,7196666667";"0,0";"10"
"PIONEROS";"02735";"2025-02-07 00:04:00";"-49,2996666667";"-67,7196666667";"0,0";"10"
"PIONEROS";"02735";"2025-02-07 00:19:00";"-49,2996666667";"-67,7196666667";"0,0";"10"
"PIONEROS";"02735";"2025-02-07 00:34:00";"-49,2996666667";"-67,7196666667";"0,0";"10"
"PIONEROS";"02735";"2025-02-07 00:49:00";"-49,2996666667";"-67,7196666667";"0,0";"10"
"PIONEROS";"02735";"2025-02-07 01:04:00";"-49,2996666667";"-67,7196666667";"0,0";"10"
"PIONEROS";"02735";"2025-02-07 01:19:00";"-49,2996666667";"-67,7196666667";"0,0";"10"
"PIONEROS";"02735";"2025-02-07 01:34:00";"-49,2996666667";"-67,7196666667";"0,0";"10"
"PIONEROS";"02735";"2025-02-07 01:49:00";"-49,2996666667";"-67,7196666667";"0,0";"10"
"PIONEROS";"02735";"2025-02-07 02:04:00";"-49,2996666667";"-67,7196666667";"0,0";"10"
"PIONEROS";"02735";"2025-02-07 02:19:00";"-49,2996666667";"-67,7196666667";"0,0";"10"
"PIONEROS";"02735";"2025-02-07 02:34:00";"-49,2996666667";"-67,7196666667";"0,0";"10"
"PIONEROS";"02735";"2025-02-07 02:49:00";"-49,2996666667";"-67,7196666667";"0,0";"10"
"PIONEROS";"02735";"2025-02-07 03:04:00";"-49,2996666667";"-67,7196666667";"0,0";"10"
"PIONEROS";"02735";"2025-02-07 03:19:00";"-49,2996666667";"-67,7196666667";"0,0";"10"
"PIONEROS";"02735";"2025-02-07 03:34:00";"-49,2996666667";"-67,7196666667";"0,0";"10"
"PIONEROS";"02735";"2025-02-07 03:49:00";"-49,2996666667";"-67,7196666667";"0,0";"10"
"PIONEROS";"02735";"2025-02-07 04:04:00";"-49,2996666667";"-67,7196666667";"0,0";"10"
"PIONEROS";"02735";"2025-02-07 04:19:00";"-49,2996666667";"-67,7196666667";"0,0";"10"
"PIONEROS";"02735";"2025-02-07 04:34:00";"-49,2996666667";"-67,7196666667";"0,0";"10"
"PIONEROS";"02735";"2025-02-07 04:49:00";"-49,2996666667";"-67,7196666667";"0,0";"175"
"PIONEROS";"02735";"2025-02-07 05:04:00";"-49,2996666667";"-67,7196666667";"0,0";"175"
"PIONEROS";"02735";"2025-02-07 05:19:00";"-49,2996666667";"-67,7196666667";"0,0";"175"
"PIONEROS";"02735";"2025-02-07 05:34:00";"-49,2996666667";"-67,7196666667";"0,0";"175"
"PIONEROS";"02735";"2025-02-07 05:49:00";"-49,2996666667";"-67,7196666667";"0,0";"175"
"PIONEROS";"02735";"2025-02-07 06:04:00";"-49,2996666667";"-67,7196666667";"0,0";"175"
"PIONEROS";"02735";"2025-02-07 06:19:00";"-49,2996666667";"-67,7196666667";"0,0";"175"
"PIONEROS";"02735";"2025-02-07 06:34:00";"-49,2996666667";"-67,7196666667";"0,0";"175"
"PIONEROS";"02735";"2025-02-07 06:49:00";"-49,2996666667";"-67,7196666667";"0,0";"175"
"PIONEROS";"02735";"2025-02-07 07:04:00";"-49,2996666667";"-67,7196666667";"0,0";"175"
"PIONEROS";"02735";"2025-02-07 07:19:00";"-49,2996666667";"-67,7196666667";"0,0";"175"
"PIONEROS";"02735";"2025-02-07 07:34:00";"-49,2996666667";"-67,7196666667";"0,0";"20"
"PIONEROS";"02735";"2025-02-07 07:49:00";"-49,2996666667";"-67,7196666667";"0,0";"20"
"PIONEROS";"02735";"2025-02-07 08:04:00";"-49,2996666667";"-67,7196666667";"0,0";"20"
"PIONEROS";"02735";"2025-02-07 08:19:00";"-49,2996666667";"-67,7196666667";"0,0";"20"
"PIONEROS";"02735";"2025-02-07 08:34:00";"-49,2996666667";"-67,7196666667";"0,0";"20"
"PIONEROS";"02735";"2025-02-07 08:49:00";"-49,2996666667";"-67,72";"0,0";"20"
"PIONEROS";"02735";"2025-02-07 09:04:00";"-49,2996666667";"-67,7196666667";"0,0";"20"
"PIONEROS";"02735";"2025-02-07 09:19:00";"-49,2996666667";"-67,7196666667";"0,0";"20"
"PIONEROS";"02735";"2025-02-07 09:34:00";"-49,2996666667";"-67,72";"0,0";"20"
"PIONEROS";"02735";"2025-02-07 09:49:00";"-49,2996666667";"-67,72";"0,0";"20"
"PIONEROS";"02735";"2025-02-07 10:04:00";"-49,2996666667";"-67,72";"0,0";"20"
"PIONEROS";"02735";"2025-02-07 10:19:00";"-49,2996666667";"-67,7196666667";"0,0";"20"
"PIONEROS";"02735";"2025-02-07 10:34:00";"-49,2996666667";"-67,7196666667";"0,0";"20"
"PIONEROS";"02735";"2025-02-07 10:49:00";"-49,2996666667";"-67,72";"0,0";"20"
"PIONEROS";"02735";"2025-02-07 11:04:00";"-49,2996666667";"-67,72";"0,0";"20"
"PIONEROS";"02735";"2025-02-07 11:19:00";"-49,2996666667";"-67,72";"0,0";"20"
"PIONEROS";"02735";"2025-02-07 11:26:00";"-49,2996666667";"-67,72";"0,0";"0"
"PIONEROS";"02735";"2025-02-07 11:41:00";"-49,2996666667";"-67,7196666667";"0,0";"5"
"PIONEROS";"02735";"2025-02-07 11:48:00";"-49,2996666667";"-67,7196666667";"0,0";"0"
"PIONEROS";"02735";"2025-02-07 11:54:00";"-49,2996666667";"-67,7196666667";"0,0";"35"
"PIONEROS";"02735";"2025-02-07 12:09:00";"-49,2996666667";"-67,7196666667";"0,0";"35"
"PIONEROS";"02735";"2025-02-07 12:24:00";"-49,2996666667";"-67,7196666667";"0,0";"35"
"PIONEROS";"02735";"2025-02-07 12:39:00";"-49,2996666667";"-67,72";"0,0";"35"
"PIONEROS";"02735";"2025-02-07 12:54:00";"-49,2996666667";"-67,7203333333";"0,0";"230"
"PIONEROS";"02735";"2025-02-07 13:09:00";"-49,2996666667";"-67,7203333333";"0,0";"230"
"PIONEROS";"02735";"2025-02-07 13:24:00";"-49,2996666667";"-67,7203333333";"0,0";"230"
"PIONEROS";"02735";"2025-02-07 13:31:00";"-49,2996666667";"-67,7203333333";"0,0";"0"
"PIONEROS";"02735";"2025-02-07 13:47:00";"-49,2996666667";"-67,7203333333";"0,0";"0"
"PIONEROS";"02735";"2025-02-07 14:02:00";"-49,2996666667";"-67,7203333333";"0,0";"0"
"PIONEROS";"02735";"2025-02-07 14:17:00";"-49,2996666667";"-67,7203333333";"0,0";"0"
"PIONEROS";"02735";"2025-02-07 14:32:00";"-49,2996666667";"-67,7203333333";"0,0";"0"
"PIONEROS";"02735";"2025-02-07 14:46:00";"-49,2996666667";"-67,7203333333";"0,0";"0"
"PIONEROS";"02735";"2025-02-07 15:01:00";"-49,2996666667";"-67,7203333333";"0,0";"0"
"PIONEROS";"02735";"2025-02-07 15:16:00";"-49,2996666667";"-67,7203333333";"0,0";"25"
"PIONEROS";"02735";"2025-02-07 15:31:00";"-49,2996666667";"-67,7203333333";"0,0";"25"
"PIONEROS";"02735";"2025-02-07 15:46:00";"-49,2996666667";"-67,7203333333";"0,0";"25"
"PIONEROS";"02735";"2025-02-07 16:01:00";"-49,2996666667";"-67,7203333333";"0,0";"25"
"PIONEROS";"02735";"2025-02-07 16:16:00";"-49,2996666667";"-67,7203333333";"0,0";"25"
"PIONEROS";"02735";"2025-02-07 16:32:00";"-49,2996666667";"-67,7203333333";"0,0";"25"
"PIONEROS";"02735";"2025-02-07 16:47:00";"-49,2996666667";"-67,7203333333";"0,0";"25"
"PIONEROS";"02735";"2025-02-07 17:02:00";"-49,2996666667";"-67,7203333333";"0,0";"25"
"PIONEROS";"02735";"2025-02-07 17:17:00";"-49,2996666667";"-67,7203333333";"0,0";"25"
"PIONEROS";"02735";"2025-02-07 17:32:00";"-49,2996666667";"-67,7203333333";"0,0";"25"
"PIONEROS";"02735";"2025-02-07 17:47:00";"-49,2996666667";"-67,7203333333";"0,0";"20"
"PIONEROS";"02735";"2025-02-07 18:02:00";"-49,2996666667";"-67,7203333333";"0,0";"20"
"PIONEROS";"02735";"2025-02-07 18:17:00";"-49,2996666667";"-67,7203333333";"0,0";"20"
"PIONEROS";"02735";"2025-02-07 18:32:00";"-49,2996666667";"-67,7203333333";"0,0";"20"
"PIONEROS";"02735";"2025-02-07 18:47:00";"-49,2996666667";"-67,7203333333";"0,0";"20"
"PIONEROS";"02735";"2025-02-07 19:02:00";"-49,2996666667";"-67,7203333333";"0,0";"20"
"PIONEROS";"02735";"2025-02-07 19:17:00";"-49,2996666667";"-67,7203333333";"0,0";"20"
"PIONEROS";"02735";"2025-02-07 19:32:00";"-49,2996666667";"-67,7203333333";"0,0";"20"
"PIONEROS";"02735";"2025-02-07 19:47:00";"-49,2996666667";"-67,7203333333";"0,0";"20"
"PIONEROS";"02735";"2025-02-07 20:02:00";"-49,2996666667";"-67,7203333333";"0,0";"20"
"PIONEROS";"02735";"2025-02-07 20:17:00";"-49,2996666667";"-67,7203333333";"0,0";"20"
"PIONEROS";"02735";"2025-02-07 20:32:00";"-49,2996666667";"-67,7203333333";"0,0";"20"
"PIONEROS";"02735";"2025-02-07 20:47:00";"-49,2996666667";"-67,7203333333";"0,0";"20"
"PIONEROS";"02735";"2025-02-07 21:02:00";"-49,2996666667";"-67,7203333333";"0,0";"20"
"PIONEROS";"02735";"2025-02-07 21:17:00";"-49,2996666667";"-67,7203333333";"0,0";"20"
"PIONEROS";"02735";"2025-02-07 21:32:00";"-49,2996666667";"-67,7203333333";"0,0";"20"
"PIONEROS";"02735";"2025-02-07 21:47:00";"-49,2996666667";"-67,7203333333";"0,0";"20"
"PIONEROS";"02735";"2025-02-07 22:02:00";"-49,2996666667";"-67,7203333333";"0,0";"20"
"PIONEROS";"02735";"2025-02-07 22:17:00";"-49,2996666667";"-67,7203333333";"0,0";"20"
"PIONEROS";"02735";"2025-02-07 22:32:00";"-49,2996666667";"-67,7203333333";"0,0";"20"
"PIONEROS";"02735";"2025-02-07 22:47:00";"-49,2996666667";"-67,7203333333";"0,0";"20"
"PIONEROS";"02735";"2025-02-07 23:02:00";"-49,2996666667";"-67,7203333333";"0,0";"20"
"PIONEROS";"02735";"2025-02-07 23:17:00";"-49,2996666667";"-67,7203333333";"0,0";"20"
"PIONEROS";"02735";"2025-02-07 23:32:00";"-49,2996666667";"-67,7203333333";"0,0";"20"
"PIONEROS";"02735";"2025-02-07 23:47:00";"-49,2996666667";"-67,7203333333";"0,0";"20"
"PIONEROS";"02735";"2025-02-08 00:02:00";"-49,2996666667";"-67,7203333333";"0,0";"20"
"PIONEROS";"02735";"2025-02-08 00:17:00";"-49,2996666667";"-67,7203333333";"0,0";"20"
"PIONEROS";"02735";"2025-02-08 00:32:00";"-49,2996666667";"-67,7203333333";"0,0";"20"
"PIONEROS";"02735";"2025-02-08 00:47:00";"-49,2996666667";"-67,7203333333";"0,0";"55"
"PIONEROS";"02735";"2025-02-08 01:02:00";"-49,2996666667";"-67,7203333333";"0,0";"150"
"PIONEROS";"02735";"2025-02-08 01:17:00";"-49,2996666667";"-67,7203333333";"0,0";"180"
"PIONEROS";"02735";"2025-02-08 01:32:00";"-49,2996666667";"-67,7203333333";"0,0";"185"
"PIONEROS";"02735";"2025-02-08 01:47:00";"-49,2996666667";"-67,7203333333";"0,0";"65"
"PIONEROS";"02735";"2025-02-08 02:02:00";"-49,2996666667";"-67,7203333333";"0,0";"145"
"PIONEROS";"02735";"2025-02-08 02:17:00";"-49,2996666667";"-67,7203333333";"0,0";"35"
"PIONEROS";"02735";"2025-02-08 02:32:00";"-49,2996666667";"-67,7203333333";"0,0";"35"
"PIONEROS";"02735";"2025-02-08 02:47:00";"-49,2996666667";"-67,7203333333";"0,0";"145"
"PIONEROS";"02735";"2025-02-08 03:02:00";"-49,2996666667";"-67,7203333333";"0,0";"145"
"PIONEROS";"02735";"2025-02-08 03:17:00";"-49,2996666667";"-67,7203333333";"0,0";"145"
"PIONEROS";"02735";"2025-02-08 03:32:00";"-49,2996666667";"-67,7203333333";"0,0";"145"
"PIONEROS";"02735";"2025-02-08 03:47:00";"-49,2996666667";"-67,7203333333";"0,0";"145"
"PIONEROS";"02735";"2025-02-08 04:02:00";"-49,2996666667";"-67,7203333333";"0,0";"145"
"PIONEROS";"02735";"2025-02-08 04:17:00";"-49,2996666667";"-67,7203333333";"0,0";"145"
"PIONEROS";"02735";"2025-02-08 04:32:00";"-49,2996666667";"-67,7203333333";"0,0";"145"
"PIONEROS";"02735";"2025-02-08 04:47:00";"-49,2996666667";"-67,7203333333";"0,0";"145"
"PIONEROS";"02735";"2025-02-08 05:02:00";"-49,2996666667";"-67,7203333333";"0,0";"145"
"PIONEROS";"02735";"2025-02-08 05:17:00";"-49,2996666667";"-67,7203333333";"0,0";"145"
"PIONEROS";"02735";"2025-02-08 05:32:00";"-49,2996666667";"-67,7203333333";"0,0";"145"
"PIONEROS";"02735";"2025-02-08 05:47:00";"-49,2996666667";"-67,7203333333";"0,0";"145"
"PIONEROS";"02735";"2025-02-08 06:02:00";"-49,2996666667";"-67,7203333333";"0,0";"145"
"PIONEROS";"02735";"2025-02-08 06:17:00";"-49,2996666667";"-67,7203333333";"0,0";"145"
"PIONEROS";"02735";"2025-02-08 06:32:00";"-49,2996666667";"-67,7203333333";"0,0";"145"
"PIONEROS";"02735";"2025-02-08 06:47:00";"-49,2996666667";"-67,7203333333";"0,0";"145"
"PIONEROS";"02735";"2025-02-08 07:02:00";"-49,2996666667";"-67,7203333333";"0,0";"145"
"PIONEROS";"02735";"2025-02-08 07:17:00";"-49,2996666667";"-67,7203333333";"0,0";"145"
"PIONEROS";"02735";"2025-02-08 07:32:00";"-49,2996666667";"-67,7203333333";"0,0";"145"
"PIONEROS";"02735";"2025-02-08 07:47:00";"-49,2996666667";"-67,7203333333";"0,0";"145"
"PIONEROS";"02735";"2025-02-08 08:02:00";"-49,2996666667";"-67,7203333333";"0,0";"145"
"PIONEROS";"02735";"2025-02-08 08:17:00";"-49,2996666667";"-67,7203333333";"0,0";"145"
"PIONEROS";"02735";"2025-02-08 08:32:00";"-49,2996666667";"-67,7203333333";"0,0";"145"
"PIONEROS";"02735";"2025-02-08 08:47:00";"-49,2996666667";"-67,7203333333";"0,0";"145"
"PIONEROS";"02735";"2025-02-08 09:02:00";"-49,2996666667";"-67,7203333333";"0,0";"145"
"PIONEROS";"02735";"2025-02-08 09:17:00";"-49,2996666667";"-67,7203333333";"0,0";"145"
"PIONEROS";"02735";"2025-02-08 09:32:00";"-49,2996666667";"-67,7203333333";"0,0";"145"
"PIONEROS";"02735";"2025-02-08 09:47:00";"-49,2996666667";"-67,7203333333";"0,0";"145"
"PIONEROS";"02735";"2025-02-08 10:02:00";"-49,2996666667";"-67,7203333333";"0,0";"145"
"PIONEROS";"02735";"2025-02-08 10:17:00";"-49,2996666667";"-67,7203333333";"0,0";"145"
"PIONEROS";"02735";"2025-02-08 10:32:00";"-49,2996666667";"-67,7203333333";"0,0";"145"
"PIONEROS";"02735";"2025-02-08 10:47:00";"-49,2996666667";"-67,7203333333";"0,0";"145"
"PIONEROS";"02735";"2025-02-08 11:02:00";"-49,2996666667";"-67,7203333333";"0,0";"145"
"PIONEROS";"02735";"2025-02-08 11:17:00";"-49,2996666667";"-67,7203333333";"0,0";"145"
"PIONEROS";"02735";"2025-02-08 11:32:00";"-49,2996666667";"-67,7203333333";"0,0";"145"
"PIONEROS";"02735";"2025-02-08 11:47:00";"-49,2996666667";"-67,7203333333";"0,0";"145"
"PIONEROS";"02735";"2025-02-08 12:02:00";"-49,2996666667";"-67,7203333333";"0,0";"145"
"PIONEROS";"02735";"2025-02-08 12:17:00";"-49,2996666667";"-67,7203333333";"0,0";"145"
"PIONEROS";"02735";"2025-02-08 12:32:00";"-49,2996666667";"-67,7203333333";"0,0";"145"
"PIONEROS";"02735";"2025-02-08 12:47:00";"-49,2996666667";"-67,7203333333";"0,0";"145"
"PIONEROS";"02735";"2025-02-08 13:02:00";"-49,2996666667";"-67,7203333333";"0,0";"145"
"PIONEROS";"02735";"2025-02-08 13:17:00";"-49,2996666667";"-67,7203333333";"0,0";"295"
"PIONEROS";"02735";"2025-02-08 13:32:00";"-49,2996666667";"-67,7203333333";"0,0";"295"
"PIONEROS";"02735";"2025-02-08 13:47:00";"-49,2996666667";"-67,7203333333";"0,0";"295"
"PIONEROS";"02735";"2025-02-08 14:02:00";"-49,2996666667";"-67,7203333333";"0,0";"295"
"PIONEROS";"02735";"2025-02-08 14:17:00";"-49,2996666667";"-67,7203333333";"0,0";"295"
"PIONEROS";"02735";"2025-02-08 14:32:00";"-49,2996666667";"-67,7203333333";"0,0";"295"
"PIONEROS";"02735";"2025-02-08 14:47:00";"-49,2996666667";"-67,7203333333";"0,0";"295"
"PIONEROS";"02735";"2025-02-08 15:02:00";"-49,2996666667";"-67,7203333333";"0,0";"295"
"PIONEROS";"02735";"2025-02-08 15:17:00";"-49,2996666667";"-67,7203333333";"0,0";"295"
"PIONEROS";"02735";"2025-02-08 15:32:00";"-49,2996666667";"-67,7203333333";"0,0";"295"
"PIONEROS";"02735";"2025-02-08 15:47:00";"-49,2996666667";"-67,7203333333";"0,0";"295"
"PIONEROS";"02735";"2025-02-08 16:02:00";"-49,2996666667";"-67,7203333333";"0,0";"295"
"PIONEROS";"02735";"2025-02-08 16:17:00";"-49,2996666667";"-67,7203333333";"0,0";"295"
"PIONEROS";"02735";"2025-02-08 16:32:00";"-49,2996666667";"-67,7203333333";"0,0";"295"
"PIONEROS";"02735";"2025-02-08 16:47:00";"-49,2996666667";"-67,7203333333";"0,0";"295"
"PIONEROS";"02735";"2025-02-08 17:02:00";"-49,2996666667";"-67,7203333333";"0,0";"295"
"PIONEROS";"02735";"2025-02-08 17:17:00";"-49,2996666667";"-67,7203333333";"0,0";"295"
"PIONEROS";"02735";"2025-02-08 17:32:00";"-49,2996666667";"-67,7203333333";"0,0";"295"
"PIONEROS";"02735";"2025-02-08 17:47:00";"-49,2996666667";"-67,7203333333";"0,0";"295"
"PIONEROS";"02735";"2025-02-08 18:02:00";"-49,2996666667";"-67,7203333333";"0,0";"295"
"PIONEROS";"02735";"2025-02-08 18:17:00";"-49,2996666667";"-67,7203333333";"0,0";"295"
"PIONEROS";"02735";"2025-02-08 18:32:00";"-49,2996666667";"-67,7203333333";"0,0";"295"
"PIONEROS";"02735";"2025-02-08 18:47:00";"-49,2996666667";"-67,7203333333";"0,0";"295"
"PIONEROS";"02735";"2025-02-08 19:02:00";"-49,2996666667";"-67,7203333333";"0,0";"295"
"PIONEROS";"02735";"2025-02-08 19:17:00";"-49,2996666667";"-67,7203333333";"0,0";"295"
"PIONEROS";"02735";"2025-02-08 19:32:00";"-49,2996666667";"-67,7203333333";"0,0";"295"
"PIONEROS";"02735";"2025-02-08 19:47:00";"-49,2996666667";"-67,7203333333";"0,0";"295"
"PIONEROS";"02735";"2025-02-08 20:02:00";"-49,2996666667";"-67,7203333333";"0,0";"295"
"PIONEROS";"02735";"2025-02-08 20:17:00";"-49,2996666667";"-67,7203333333";"0,0";"295"
"PIONEROS";"02735";"2025-02-08 20:32:00";"-49,2996666667";"-67,7203333333";"0,0";"295"
"PIONEROS";"02735";"2025-02-08 20:47:00";"-49,2996666667";"-67,7203333333";"0,0";"295"
"PIONEROS";"02735";"2025-02-08 20:54:00";"-49,2996666667";"-67,7203333333";"0,0";"0"
"PIONEROS";"02735";"2025-02-08 21:09:00";"-49,2996666667";"-67,7203333333";"0,0";"0"
"PIONEROS";"02735";"2025-02-08 21:24:00";"-49,2996666667";"-67,7203333333";"0,0";"0"
"PIONEROS";"02735";"2025-02-08 21:39:00";"-49,2996666667";"-67,7203333333";"0,0";"125"
"PIONEROS";"02735";"2025-02-08 21:54:00";"-49,2996666667";"-67,7203333333";"0,0";"125"
"PIONEROS";"02735";"2025-02-08 22:08:00";"-49,2996666667";"-67,7203333333";"0,0";"0"
"PIONEROS";"02735";"2025-02-08 22:23:00";"-49,2996666667";"-67,7203333333";"0,0";"0"
"PIONEROS";"02735";"2025-02-08 22:38:00";"-49,2996666667";"-67,7203333333";"0,0";"0"
"PIONEROS";"02735";"2025-02-08 22:53:00";"-49,2996666667";"-67,7203333333";"0,0";"0"
"PIONEROS";"02735";"2025-02-08 23:08:00";"-49,2996666667";"-67,7203333333";"0,0";"0"
"PIONEROS";"02735";"2025-02-08 23:23:00";"-49,2996666667";"-67,7203333333";"0,0";"0"
"PIONEROS";"02735";"2025-02-08 23:38:00";"-49,2996666667";"-67,7203333333";"0,0";"0"
"PIONEROS";"02735";"2025-02-08 23:53:00";"-49,2996666667";"-67,7203333333";"0,0";"0"
"PIONEROS";"02735";"2025-02-09 00:08:00";"-49,2996666667";"-67,7203333333";"0,0";"0"
"PIONEROS";"02735";"2025-02-09 00:23:00";"-49,2996666667";"-67,7203333333";"0,0";"0"
"PIONEROS";"02735";"2025-02-09 00:38:00";"-49,2996666667";"-67,7203333333";"0,0";"0"
"PIONEROS";"02735";"2025-02-09 00:53:00";"-49,2996666667";"-67,7203333333";"0,0";"0"
"PIONEROS";"02735";"2025-02-09 01:08:00";"-49,2996666667";"-67,7203333333";"0,0";"0"
"PIONEROS";"02735";"2025-02-09 01:23:00";"-49,2996666667";"-67,7203333333";"0,0";"0"
"PIONEROS";"02735";"2025-02-09 01:38:00";"-49,2996666667";"-67,7203333333";"0,0";"0"
"PIONEROS";"02735";"2025-02-09 01:53:00";"-49,2996666667";"-67,7203333333";"0,0";"0"
"PIONEROS";"02735";"2025-02-09 02:08:00";"-49,2996666667";"-67,7203333333";"0,0";"0"
"PIONEROS";"02735";"2025-02-09 02:23:00";"-49,2996666667";"-67,7203333333";"0,0";"0"
"PIONEROS";"02735";"2025-02-09 02:38:00";"-49,2996666667";"-67,7203333333";"0,0";"0"
"PIONEROS";"02735";"2025-02-09 02:53:00";"-49,2996666667";"-67,7203333333";"0,0";"0"
"PIONEROS";"02735";"2025-02-09 03:08:00";"-49,2996666667";"-67,7203333333";"0,0";"0"
"PIONEROS";"02735";"2025-02-09 03:23:00";"-49,2996666667";"-67,7203333333";"0,0";"0"
"PIONEROS";"02735";"2025-02-09 03:38:00";"-49,2996666667";"-67,7203333333";"0,0";"0"
"PIONEROS";"02735";"2025-02-09 03:53:00";"-49,2996666667";"-67,7203333333";"0,0";"0"
"PIONEROS";"02735";"2025-02-09 04:08:00";"-49,2996666667";"-67,7203333333";"0,0";"0"
"PIONEROS";"02735";"2025-02-09 04:23:00";"-49,2996666667";"-67,7203333333";"0,0";"0"
"PIONEROS";"02735";"2025-02-09 04:38:00";"-49,2996666667";"-67,7203333333";"0,0";"0"
"PIONEROS";"02735";"2025-02-09 04:53:00";"-49,2996666667";"-67,7203333333";"0,0";"0"
"PIONEROS";"02735";"2025-02-09 05:08:00";"-49,2996666667";"-67,7203333333";"0,0";"0"
"PIONEROS";"02735";"2025-02-09 05:23:00";"-49,2996666667";"-67,7203333333";"0,0";"0"
"PIONEROS";"02735";"2025-02-09 05:38:00";"-49,2996666667";"-67,7203333333";"0,0";"0"
"PIONEROS";"02735";"2025-02-09 05:53:00";"-49,2996666667";"-67,7203333333";"0,0";"0"
"PIONEROS";"02735";"2025-02-09 06:08:00";"-49,2996666667";"-67,7203333333";"0,0";"65"
"PIONEROS";"02735";"2025-02-09 06:23:00";"-49,2996666667";"-67,7203333333";"0,0";"65"
"PIONEROS";"02735";"2025-02-09 06:38:00";"-49,2996666667";"-67,7203333333";"0,0";"65"
"PIONEROS";"02735";"2025-02-09 06:53:00";"-49,2996666667";"-67,7203333333";"0,0";"65"
"PIONEROS";"02735";"2025-02-09 07:08:00";"-49,2996666667";"-67,7203333333";"0,0";"65"
"PIONEROS";"02735";"2025-02-09 07:23:00";"-49,2996666667";"-67,7203333333";"0,0";"65"
"PIONEROS";"02735";"2025-02-09 07:38:00";"-49,2996666667";"-67,7203333333";"0,0";"65"
"PIONEROS";"02735";"2025-02-09 07:53:00";"-49,2996666667";"-67,7203333333";"0,0";"65"
"PIONEROS";"02735";"2025-02-09 08:08:00";"-49,2996666667";"-67,7203333333";"0,0";"65"
"PIONEROS";"02735";"2025-02-09 08:23:00";"-49,2996666667";"-67,7203333333";"0,0";"65"
"PIONEROS";"02735";"2025-02-09 08:38:00";"-49,2996666667";"-67,7203333333";"0,0";"65"
"PIONEROS";"02735";"2025-02-09 08:53:00";"-49,2996666667";"-67,7203333333";"0,0";"65"
"PIONEROS";"02735";"2025-02-09 09:08:00";"-49,2996666667";"-67,7203333333";"0,0";"65"
"PIONEROS";"02735";"2025-02-09 09:23:00";"-49,2996666667";"-67,7203333333";"0,0";"65"
"PIONEROS";"02735";"2025-02-09 09:38:00";"-49,2996666667";"-67,7203333333";"0,0";"65"
"PIONEROS";"02735";"2025-02-09 09:53:00";"-49,2996666667";"-67,7203333333";"0,0";"65"
"PIONEROS";"02735";"2025-02-09 10:08:00";"-49,2996666667";"-67,7203333333";"0,0";"65"
"PIONEROS";"02735";"2025-02-09 10:23:00";"-49,2996666667";"-67,7203333333";"0,0";"65"
"PIONEROS";"02735";"2025-02-09 10:38:00";"-49,2996666667";"-67,7203333333";"0,0";"65"
"PIONEROS";"02735";"2025-02-09 10:53:00";"-49,2996666667";"-67,7203333333";"0,0";"65"
"PIONEROS";"02735";"2025-02-09 11:08:00";"-49,2996666667";"-67,7203333333";"0,0";"65"
"PIONEROS";"02735";"2025-02-09 11:23:00";"-49,2996666667";"-67,7203333333";"0,0";"65"
"PIONEROS";"02735";"2025-02-09 11:38:00";"-49,2996666667";"-67,7203333333";"0,0";"65"
"PIONEROS";"02735";"2025-02-09 11:53:00";"-49,2996666667";"-67,7203333333";"0,0";"65"
"PIONEROS";"02735";"2025-02-09 12:08:00";"-49,2996666667";"-67,7203333333";"0,0";"65"
"PIONEROS";"02735";"2025-02-09 12:23:00";"-49,2996666667";"-67,7203333333";"0,0";"65"
"PIONEROS";"02735";"2025-02-09 12:38:00";"-49,2996666667";"-67,7203333333";"0,0";"65"
"PIONEROS";"02735";"2025-02-09 12:53:00";"-49,2996666667";"-67,7203333333";"0,0";"65"
"PIONEROS";"02735";"2025-02-09 13:08:00";"-49,2996666667";"-67,7203333333";"0,0";"65"
"PIONEROS";"02735";"2025-02-09 13:23:00";"-49,2996666667";"-67,7203333333";"0,0";"65"
"PIONEROS";"02735";"2025-02-09 13:38:00";"-49,2996666667";"-67,7203333333";"0,0";"65"
"PIONEROS";"02735";"2025-02-09 13:53:00";"-49,2996666667";"-67,7203333333";"0,0";"65"
"PIONEROS";"02735";"2025-02-09 14:08:00";"-49,2996666667";"-67,7203333333";"0,0";"65"
"PIONEROS";"02735";"2025-02-09 14:23:00";"-49,2996666667";"-67,7203333333";"0,0";"65"
"PIONEROS";"02735";"2025-02-09 14:38:00";"-49,2996666667";"-67,7203333333";"0,0";"65"
"PIONEROS";"02735";"2025-02-09 14:53:00";"-49,2996666667";"-67,7203333333";"0,0";"65"
"PIONEROS";"02735";"2025-02-09 15:08:00";"-49,2996666667";"-67,7203333333";"0,0";"65"
"PIONEROS";"02735";"2025-02-09 15:23:00";"-49,2996666667";"-67,7203333333";"0,0";"65"
"PIONEROS";"02735";"2025-02-09 15:38:00";"-49,2996666667";"-67,7203333333";"0,0";"65"
"PIONEROS";"02735";"2025-02-09 15:53:00";"-49,2996666667";"-67,7203333333";"0,0";"65"
"PIONEROS";"02735";"2025-02-09 16:08:00";"-49,2996666667";"-67,7203333333";"0,0";"65"
"PIONEROS";"02735";"2025-02-09 16:23:00";"-49,2996666667";"-67,7203333333";"0,0";"65"
"PIONEROS";"02735";"2025-02-09 16:38:00";"-49,2996666667";"-67,7203333333";"0,0";"65"
"PIONEROS";"02735";"2025-02-09 16:53:00";"-49,2996666667";"-67,7203333333";"0,0";"65"
"PIONEROS";"02735";"2025-02-09 17:08:00";"-49,2996666667";"-67,7203333333";"0,0";"65"
"PIONEROS";"02735";"2025-02-09 17:23:00";"-49,2996666667";"-67,7203333333";"0,0";"65"
"PIONEROS";"02735";"2025-02-09 17:38:00";"-49,2996666667";"-67,7203333333";"0,0";"65"
"PIONEROS";"02735";"2025-02-09 17:53:00";"-49,2996666667";"-67,7203333333";"0,0";"65"
"PIONEROS";"02735";"2025-02-09 18:08:00";"-49,2996666667";"-67,7203333333";"0,0";"65"
"PIONEROS";"02735";"2025-02-09 18:23:00";"-49,2996666667";"-67,7203333333";"0,0";"65"
"PIONEROS";"02735";"2025-02-09 18:38:00";"-49,2996666667";"-67,7203333333";"0,0";"65"
"PIONEROS";"02735";"2025-02-09 18:53:00";"-49,2996666667";"-67,7203333333";"0,0";"65"
"PIONEROS";"02735";"2025-02-09 19:08:00";"-49,2996666667";"-67,7203333333";"0,0";"65"
"PIONEROS";"02735";"2025-02-09 19:23:00";"-49,2996666667";"-67,7203333333";"0,0";"65"
"PIONEROS";"02735";"2025-02-09 19:38:00";"-49,2996666667";"-67,7203333333";"0,0";"65"
"PIONEROS";"02735";"2025-02-09 19:53:00";"-49,2996666667";"-67,7203333333";"0,0";"65"
"PIONEROS";"02735";"2025-02-09 20:08:00";"-49,2996666667";"-67,7203333333";"0,0";"65"
"PIONEROS";"02735";"2025-02-09 20:23:00";"-49,2996666667";"-67,7203333333";"0,0";"65"
"PIONEROS";"02735";"2025-02-09 20:38:00";"-49,2996666667";"-67,7203333333";"0,0";"65"
"PIONEROS";"02735";"2025-02-09 20:53:00";"-49,2996666667";"-67,7203333333";"0,0";"25"
"PIONEROS";"02735";"2025-02-09 21:08:00";"-49,2996666667";"-67,7203333333";"0,0";"25"
"PIONEROS";"02735";"2025-02-09 21:23:00";"-49,2996666667";"-67,7203333333";"0,0";"25"
"PIONEROS";"02735";"2025-02-09 21:38:00";"-49,2996666667";"-67,7203333333";"0,0";"25"
"PIONEROS";"02735";"2025-02-09 21:53:00";"-49,2996666667";"-67,7203333333";"0,0";"25"
"PIONEROS";"02735";"2025-02-09 22:08:00";"-49,2996666667";"-67,7203333333";"0,0";"25"
"PIONEROS";"02735";"2025-02-09 22:23:00";"-49,2996666667";"-67,7203333333";"0,0";"25"
"PIONEROS";"02735";"2025-02-09 22:38:00";"-49,2996666667";"-67,7203333333";"0,0";"25"
"PIONEROS";"02735";"2025-02-09 22:53:00";"-49,2996666667";"-67,7203333333";"0,0";"25"
"PIONEROS";"02735";"2025-02-09 23:08:00";"-49,2996666667";"-67,7203333333";"0,0";"25"
"PIONEROS";"02735";"2025-02-09 23:23:00";"-49,2996666667";"-67,7203333333";"0,0";"25"
"PIONEROS";"02735";"2025-02-09 23:38:00";"-49,2996666667";"-67,7203333333";"0,0";"25"
"PIONEROS";"02735";"2025-02-09 23:53:00";"-49,2996666667";"-67,7203333333";"0,0";"25"
"PIONEROS";"02735";"2025-02-10 00:08:00";"-49,2996666667";"-67,7203333333";"0,0";"25"
"PIONEROS";"02735";"2025-02-10 00:23:00";"-49,2996666667";"-67,7203333333";"0,0";"25"
"PIONEROS";"02735";"2025-02-10 00:38:00";"-49,2996666667";"-67,7203333333";"0,0";"25"
"PIONEROS";"02735";"2025-02-10 00:53:00";"-49,2996666667";"-67,7203333333";"0,0";"330"
"PIONEROS";"02735";"2025-02-10 01:08:00";"-49,2996666667";"-67,7203333333";"0,0";"320"
"PIONEROS";"02735";"2025-02-10 01:23:00";"-49,2996666667";"-67,7203333333";"0,0";"320"
"PIONEROS";"02735";"2025-02-10 01:38:00";"-49,2996666667";"-67,7203333333";"0,0";"320"
"PIONEROS";"02735";"2025-02-10 01:53:00";"-49,2996666667";"-67,7203333333";"0,0";"100"
"PIONEROS";"02735";"2025-02-10 02:08:00";"-49,2996666667";"-67,7203333333";"0,0";"100"
"PIONEROS";"02735";"2025-02-10 02:23:00";"-49,2996666667";"-67,7203333333";"0,0";"100"
"PIONEROS";"02735";"2025-02-10 02:38:00";"-49,2996666667";"-67,7203333333";"0,0";"100"
"PIONEROS";"02735";"2025-02-10 02:53:00";"-49,2996666667";"-67,7203333333";"0,0";"100"
"PIONEROS";"02735";"2025-02-10 03:08:00";"-49,2996666667";"-67,7203333333";"0,0";"100"
"PIONEROS";"02735";"2025-02-10 03:23:00";"-49,2996666667";"-67,7203333333";"0,0";"100"
"PIONEROS";"02735";"2025-02-10 03:38:00";"-49,2996666667";"-67,7203333333";"0,0";"100"
"PIONEROS";"02735";"2025-02-10 03:53:00";"-49,2996666667";"-67,7203333333";"0,0";"100"
"PIONEROS";"02735";"2025-02-10 04:08:00";"-49,2996666667";"-67,7203333333";"0,0";"100"
"PIONEROS";"02735";"2025-02-10 04:23:00";"-49,2996666667";"-67,7203333333";"0,0";"100"
"PIONEROS";"02735";"2025-02-10 04:38:00";"-49,2996666667";"-67,7203333333";"0,0";"100"
"PIONEROS";"02735";"2025-02-10 04:53:00";"-49,2996666667";"-67,7203333333";"0,0";"100"
"PIONEROS";"02735";"2025-02-10 05:08:00";"-49,2996666667";"-67,7203333333";"0,0";"100"
"PIONEROS";"02735";"2025-02-10 05:23:00";"-49,2996666667";"-67,7203333333";"0,0";"100"
"PIONEROS";"02735";"2025-02-10 05:38:00";"-49,2996666667";"-67,7203333333";"0,0";"100"
"PIONEROS";"02735";"2025-02-10 05:53:00";"-49,2996666667";"-67,7203333333";"0,0";"100"
"PIONEROS";"02735";"2025-02-10 06:08:00";"-49,2996666667";"-67,7203333333";"0,0";"100"
"PIONEROS";"02735";"2025-02-10 06:23:00";"-49,2996666667";"-67,7203333333";"0,0";"100"
"PIONEROS";"02735";"2025-02-10 06:38:00";"-49,2996666667";"-67,7203333333";"0,0";"100"
"PIONEROS";"02735";"2025-02-10 06:53:00";"-49,2996666667";"-67,7203333333";"0,0";"100"
"PIONEROS";"02735";"2025-02-10 07:08:00";"-49,2996666667";"-67,7203333333";"0,0";"100"
"PIONEROS";"02735";"2025-02-10 07:23:00";"-49,2996666667";"-67,7203333333";"0,0";"100"
"PIONEROS";"02735";"2025-02-10 07:38:00";"-49,2996666667";"-67,7203333333";"0,0";"100"
"PIONEROS";"02735";"2025-02-10 07:53:00";"-49,2996666667";"-67,7203333333";"0,0";"100"
"PIONEROS";"02735";"2025-02-10 08:08:00";"-49,2996666667";"-67,7203333333";"0,0";"100"
"PIONEROS";"02735";"2025-02-10 08:23:00";"-49,2996666667";"-67,7203333333";"0,0";"100"
"PIONEROS";"02735";"2025-02-10 08:38:00";"-49,2996666667";"-67,7203333333";"0,0";"100"
"PIONEROS";"02735";"2025-02-10 08:53:00";"-49,2996666667";"-67,7203333333";"0,0";"100"
"PIONEROS";"02735";"2025-02-10 09:08:00";"-49,2996666667";"-67,7203333333";"0,0";"100"
"PIONEROS";"02735";"2025-02-10 09:23:00";"-49,2996666667";"-67,7203333333";"0,0";"100"
"PIONEROS";"02735";"2025-02-10 09:38:00";"-49,2996666667";"-67,7203333333";"0,0";"100"
"PIONEROS";"02735";"2025-02-10 09:53:00";"-49,2996666667";"-67,7203333333";"0,0";"100"
"PIONEROS";"02735";"2025-02-10 10:08:00";"-49,2996666667";"-67,7203333333";"0,0";"100"
"PIONEROS";"02735";"2025-02-10 10:23:00";"-49,2996666667";"-67,7203333333";"0,0";"100"
"PIONEROS";"02735";"2025-02-10 10:38:00";"-49,2996666667";"-67,7203333333";"0,0";"100"
"PIONEROS";"02735";"2025-02-10 10:53:00";"-49,2996666667";"-67,7203333333";"0,0";"100"
"PIONEROS";"02735";"2025-02-10 11:08:00";"-49,2996666667";"-67,7203333333";"0,0";"100"
"PIONEROS";"02735";"2025-02-10 11:23:00";"-49,2996666667";"-67,7203333333";"0,0";"100"
"PIONEROS";"02735";"2025-02-10 11:38:00";"-49,2996666667";"-67,7203333333";"0,0";"100"
"PIONEROS";"02735";"2025-02-10 11:53:00";"-49,2996666667";"-67,7203333333";"0,0";"305"
"PIONEROS";"02735";"2025-02-10 12:08:00";"-49,2996666667";"-67,7203333333";"0,0";"335"
"PIONEROS";"02735";"2025-02-10 12:23:00";"-49,2996666667";"-67,7203333333";"0,0";"60"
"PIONEROS";"02735";"2025-02-10 12:38:00";"-49,2996666667";"-67,7203333333";"0,0";"5"
"PIONEROS";"02735";"2025-02-10 12:53:00";"-49,2996666667";"-67,7203333333";"0,0";"5"
"PIONEROS";"02735";"2025-02-10 13:08:00";"-49,2996666667";"-67,7203333333";"0,0";"185"
"PIONEROS";"02735";"2025-02-10 13:23:00";"-49,2996666667";"-67,7203333333";"0,0";"150"
"PIONEROS";"02735";"2025-02-10 13:38:00";"-49,2996666667";"-67,7203333333";"0,0";"300"
"PIONEROS";"02735";"2025-02-10 13:53:00";"-49,2996666667";"-67,7203333333";"0,0";"335"
"PIONEROS";"02735";"2025-02-10 14:08:00";"-49,2996666667";"-67,7203333333";"0,0";"255"
"PIONEROS";"02735";"2025-02-10 14:23:00";"-49,2996666667";"-67,7203333333";"0,0";"255"
"PIONEROS";"02735";"2025-02-10 14:38:00";"-49,2996666667";"-67,7203333333";"0,0";"255"
"PIONEROS";"02735";"2025-02-10 14:53:00";"-49,2996666667";"-67,7203333333";"0,0";"255"
"PIONEROS";"02735";"2025-02-10 15:08:00";"-49,2996666667";"-67,7203333333";"0,0";"255"
"PIONEROS";"02735";"2025-02-10 15:23:00";"-49,2996666667";"-67,7203333333";"0,0";"255"
"PIONEROS";"02735";"2025-02-10 15:38:00";"-49,2996666667";"-67,7203333333";"0,0";"255"
"PIONEROS";"02735";"2025-02-10 15:53:00";"-49,2996666667";"-67,7203333333";"0,0";"255"
"PIONEROS";"02735";"2025-02-10 16:08:00";"-49,2996666667";"-67,7203333333";"0,0";"255"
"PIONEROS";"02735";"2025-02-10 16:23:00";"-49,2996666667";"-67,7203333333";"0,0";"255"
"PIONEROS";"02735";"2025-02-10 16:38:00";"-49,2996666667";"-67,7203333333";"0,0";"255"
"PIONEROS";"02735";"2025-02-10 16:53:00";"-49,2996666667";"-67,7203333333";"0,0";"255"
"PIONEROS";"02735";"2025-02-10 17:08:00";"-49,2996666667";"-67,7203333333";"0,0";"255"
"PIONEROS";"02735";"2025-02-10 17:23:00";"-49,2996666667";"-67,7203333333";"0,0";"255"
"PIONEROS";"02735";"2025-02-10 17:38:00";"-49,2996666667";"-67,7203333333";"0,0";"255"
"PIONEROS";"02735";"2025-02-10 17:53:00";"-49,2996666667";"-67,7203333333";"0,0";"255"
"PIONEROS";"02735";"2025-02-10 18:08:00";"-49,2996666667";"-67,7203333333";"0,0";"255"
"PIONEROS";"02735";"2025-02-10 18:23:00";"-49,2996666667";"-67,7203333333";"0,0";"255"
"PIONEROS";"02735";"2025-02-10 18:38:00";"-49,2996666667";"-67,7203333333";"0,0";"255"
"PIONEROS";"02735";"2025-02-10 18:53:00";"-49,2996666667";"-67,7203333333";"0,0";"255"
"PIONEROS";"02735";"2025-02-10 19:08:00";"-49,2996666667";"-67,7203333333";"0,0";"255"
"PIONEROS";"02735";"2025-02-10 19:23:00";"-49,2996666667";"-67,7203333333";"0,0";"255"
"PIONEROS";"02735";"2025-02-10 19:38:00";"-49,2996666667";"-67,7203333333";"0,0";"255"
"PIONEROS";"02735";"2025-02-10 19:53:00";"-49,2996666667";"-67,7203333333";"0,0";"255"
"PIONEROS";"02735";"2025-02-10 20:08:00";"-49,2996666667";"-67,7203333333";"0,0";"255"
"PIONEROS";"02735";"2025-02-10 20:23:00";"-49,2996666667";"-67,7203333333";"0,0";"255"
"PIONEROS";"02735";"2025-02-10 20:39:00";"-49,2996666667";"-67,7203333333";"0,0";"255"
"PIONEROS";"02735";"2025-02-10 20:54:00";"-49,2996666667";"-67,7203333333";"0,0";"255"
"PIONEROS";"02735";"2025-02-10 21:09:00";"-49,2996666667";"-67,7203333333";"0,0";"255"
"PIONEROS";"02735";"2025-02-10 21:24:00";"-49,2996666667";"-67,7203333333";"0,0";"255"
"PIONEROS";"02735";"2025-02-10 21:39:00";"-49,2996666667";"-67,7203333333";"0,0";"255"
"PIONEROS";"02735";"2025-02-10 21:54:00";"-49,2996666667";"-67,7203333333";"0,0";"255"
"PIONEROS";"02735";"2025-02-10 22:09:00";"-49,2996666667";"-67,7203333333";"0,0";"190"
"PIONEROS";"02735";"2025-02-10 22:24:00";"-49,2996666667";"-67,7203333333";"0,0";"190"
"PIONEROS";"02735";"2025-02-10 22:33:00";"-49,2996666667";"-67,7203333333";"0,0";"0"
"PIONEROS";"02735";"2025-02-10 22:48:00";"-49,2996666667";"-67,7203333333";"0,0";"220"
"PIONEROS";"02735";"2025-02-10 23:03:00";"-49,2996666667";"-67,7203333333";"0,0";"310"
"PIONEROS";"02735";"2025-02-10 23:20:00";"-49,2996666667";"-67,7203333333";"0,0";"0"
"PIONEROS";"02735";"2025-02-10 23:35:00";"-49,2996666667";"-67,7203333333";"0,0";"0"
"PIONEROS";"02735";"2025-02-10 23:50:00";"-49,2996666667";"-67,7203333333";"0,0";"0"
"PIONEROS";"02735";"2025-02-11 00:05:00";"-49,2996666667";"-67,7203333333";"0,0";"0"
"PIONEROS";"02735";"2025-02-11 00:20:00";"-49,2996666667";"-67,7203333333";"0,0";"0"
"PIONEROS";"02735";"2025-02-11 00:35:00";"-49,2996666667";"-67,7203333333";"0,0";"0"
"PIONEROS";"02735";"2025-02-11 00:50:00";"-49,2996666667";"-67,7203333333";"0,0";"0"
"PIONEROS";"02735";"2025-02-11 01:05:00";"-49,2996666667";"-67,7203333333";"0,0";"0"
"PIONEROS";"02735";"2025-02-11 01:20:00";"-49,2996666667";"-67,7203333333";"0,0";"0"
"PIONEROS";"02735";"2025-02-11 01:35:00";"-49,2996666667";"-67,7203333333";"0,0";"355"
"PIONEROS";"02735";"2025-02-11 01:50:00";"-49,2996666667";"-67,7203333333";"0,0";"355"
"PIONEROS";"02735";"2025-02-11 02:05:00";"-49,2996666667";"-67,7203333333";"0,0";"315"
"PIONEROS";"02735";"2025-02-11 02:20:00";"-49,2996666667";"-67,7203333333";"0,0";"315"
"PIONEROS";"02735";"2025-02-11 02:35:00";"-49,2996666667";"-67,7203333333";"0,0";"315"
"PIONEROS";"02735";"2025-02-11 02:50:00";"-49,2996666667";"-67,7203333333";"0,0";"315"
"PIONEROS";"02735";"2025-02-11 03:05:00";"-49,2996666667";"-67,7203333333";"0,0";"315"
"PIONEROS";"02735";"2025-02-11 03:20:00";"-49,2996666667";"-67,7203333333";"0,0";"315"
"PIONEROS";"02735";"2025-02-11 03:35:00";"-49,2996666667";"-67,7203333333";"0,0";"315"
"PIONEROS";"02735";"2025-02-11 03:50:00";"-49,2996666667";"-67,7203333333";"0,0";"315"
"PIONEROS";"02735";"2025-02-11 04:05:00";"-49,2996666667";"-67,7203333333";"0,0";"315"
"PIONEROS";"02735";"2025-02-11 04:20:00";"-49,2996666667";"-67,7203333333";"0,0";"315"
"PIONEROS";"02735";"2025-02-11 04:35:00";"-49,2996666667";"-67,7203333333";"0,0";"315"
"PIONEROS";"02735";"2025-02-11 04:50:00";"-49,2996666667";"-67,7203333333";"0,0";"315"
"PIONEROS";"02735";"2025-02-11 05:05:00";"-49,2996666667";"-67,7203333333";"0,0";"315"
"PIONEROS";"02735";"2025-02-11 05:20:00";"-49,2996666667";"-67,7203333333";"0,0";"315"
"PIONEROS";"02735";"2025-02-11 05:35:00";"-49,2996666667";"-67,7203333333";"0,0";"315"
"PIONEROS";"02735";"2025-02-11 05:50:00";"-49,2996666667";"-67,7203333333";"0,0";"315"
"PIONEROS";"02735";"2025-02-11 06:05:00";"-49,2996666667";"-67,7203333333";"0,0";"315"
"PIONEROS";"02735";"2025-02-11 06:20:00";"-49,2996666667";"-67,7203333333";"0,0";"315"
"PIONEROS";"02735";"2025-02-11 06:35:00";"-49,2996666667";"-67,7203333333";"0,0";"315"
"PIONEROS";"02735";"2025-02-11 06:50:00";"-49,2996666667";"-67,7203333333";"0,0";"315"
"PIONEROS";"02735";"2025-02-11 07:05:00";"-49,2996666667";"-67,7203333333";"0,0";"315"
"PIONEROS";"02735";"2025-02-11 07:20:00";"-49,2996666667";"-67,7203333333";"0,0";"315"
"PIONEROS";"02735";"2025-02-11 07:35:00";"-49,2996666667";"-67,7203333333";"0,0";"315"
"PIONEROS";"02735";"2025-02-11 07:50:00";"-49,2996666667";"-67,7203333333";"0,0";"315"
"PIONEROS";"02735";"2025-02-11 08:05:00";"-49,2996666667";"-67,7203333333";"0,0";"315"
"PIONEROS";"02735";"2025-02-11 08:20:00";"-49,2996666667";"-67,7203333333";"0,0";"315"
"PIONEROS";"02735";"2025-02-11 08:35:00";"-49,2996666667";"-67,7203333333";"0,0";"315"
"PIONEROS";"02735";"2025-02-11 08:50:00";"-49,2996666667";"-67,7203333333";"0,0";"315"
"PIONEROS";"02735";"2025-02-11 09:05:00";"-49,2996666667";"-67,7203333333";"0,0";"215"
"PIONEROS";"02735";"2025-02-11 09:20:00";"-49,2996666667";"-67,7203333333";"0,0";"215"
"PIONEROS";"02735";"2025-02-11 09:35:00";"-49,2996666667";"-67,7203333333";"0,0";"215"
"PIONEROS";"02735";"2025-02-11 09:50:00";"-49,2996666667";"-67,7203333333";"0,0";"215"
"PIONEROS";"02735";"2025-02-11 10:05:00";"-49,2996666667";"-67,7203333333";"0,0";"215"
"PIONEROS";"02735";"2025-02-11 10:20:00";"-49,2996666667";"-67,7203333333";"0,0";"215"
"PIONEROS";"02735";"2025-02-11 10:35:00";"-49,2996666667";"-67,7203333333";"0,0";"215"
"PIONEROS";"02735";"2025-02-11 10:50:00";"-49,2996666667";"-67,7203333333";"0,0";"215"
"PIONEROS";"02735";"2025-02-11 11:05:00";"-49,2996666667";"-67,7203333333";"0,0";"215"
"PIONEROS";"02735";"2025-02-11 11:20:00";"-49,2996666667";"-67,7203333333";"0,0";"215"
"PIONEROS";"02735";"2025-02-11 11:35:00";"-49,2996666667";"-67,7203333333";"0,0";"215"
"PIONEROS";"02735";"2025-02-11 11:50:00";"-49,2996666667";"-67,7203333333";"0,0";"215"
"PIONEROS";"02735";"2025-02-11 12:05:00";"-49,2996666667";"-67,7203333333";"0,0";"215"
"PIONEROS";"02735";"2025-02-11 12:20:00";"-49,2996666667";"-67,7203333333";"0,0";"215"
"PIONEROS";"02735";"2025-02-11 12:35:00";"-49,2996666667";"-67,7203333333";"0,0";"215"
"PIONEROS";"02735";"2025-02-11 12:50:00";"-49,2996666667";"-67,7203333333";"0,0";"215"
"PIONEROS";"02735";"2025-02-11 13:05:00";"-49,2996666667";"-67,7203333333";"0,0";"215"
"PIONEROS";"02735";"2025-02-11 13:20:00";"-49,2996666667";"-67,7203333333";"0,0";"215"
"PIONEROS";"02735";"2025-02-11 13:35:00";"-49,2996666667";"-67,7203333333";"0,0";"65"
"PIONEROS";"02735";"2025-02-11 13:50:00";"-49,2996666667";"-67,7203333333";"0,0";"40"
"PIONEROS";"02735";"2025-02-11 14:05:00";"-49,2996666667";"-67,7203333333";"0,0";"40"
"PIONEROS";"02735";"2025-02-11 14:20:00";"-49,2996666667";"-67,7203333333";"0,0";"40"
"PIONEROS";"02735";"2025-02-11 14:35:00";"-49,2996666667";"-67,7203333333";"0,0";"40"
"PIONEROS";"02735";"2025-02-11 14:50:00";"-49,2996666667";"-67,7203333333";"0,0";"40"
"PIONEROS";"02735";"2025-02-11 15:05:00";"-49,2996666667";"-67,7203333333";"0,0";"40"
"PIONEROS";"02735";"2025-02-11 15:20:00";"-49,2996666667";"-67,7203333333";"0,0";"40"
"PIONEROS";"02735";"2025-02-11 15:35:00";"-49,2996666667";"-67,7203333333";"0,0";"195"
"PIONEROS";"02735";"2025-02-11 15:50:00";"-49,2996666667";"-67,7203333333";"0,0";"195"
"PIONEROS";"02735";"2025-02-11 16:05:00";"-49,2996666667";"-67,7203333333";"0,0";"190"
"PIONEROS";"02735";"2025-02-11 16:20:00";"-49,2996666667";"-67,7203333333";"0,0";"190"
"PIONEROS";"02735";"2025-02-11 16:22:00";"-49,2996666667";"-67,7203333333";"0,0";"0"
"PIONEROS";"02735";"2025-02-11 16:37:00";"-49,2996666667";"-67,7203333333";"0,0";"220"
"PIONEROS";"02735";"2025-02-11 16:52:00";"-49,2996666667";"-67,7203333333";"0,0";"270"
"PIONEROS";"02735";"2025-02-11 17:07:00";"-49,2996666667";"-67,7203333333";"0,0";"270"
"PIONEROS";"02735";"2025-02-11 17:22:00";"-49,2996666667";"-67,7203333333";"0,0";"270"
"PIONEROS";"02735";"2025-02-11 17:37:00";"-49,2996666667";"-67,7203333333";"0,0";"270"
"PIONEROS";"02735";"2025-02-11 17:52:00";"-49,2996666667";"-67,7203333333";"0,0";"270"
"PIONEROS";"02735";"2025-02-11 18:07:00";"-49,2996666667";"-67,7203333333";"0,0";"270"
"PIONEROS";"02735";"2025-02-11 18:22:00";"-49,2996666667";"-67,7203333333";"0,0";"270"
"PIONEROS";"02735";"2025-02-11 18:38:00";"-49,2996666667";"-67,7203333333";"0,0";"0"
"PIONEROS";"02735";"2025-02-11 18:53:00";"-49,2996666667";"-67,7203333333";"0,0";"0"
"PIONEROS";"02735";"2025-02-11 19:08:00";"-49,2996666667";"-67,7203333333";"0,0";"0"
"PIONEROS";"02735";"2025-02-11 19:23:00";"-49,2996666667";"-67,7203333333";"0,0";"0"
"PIONEROS";"02735";"2025-02-11 19:38:00";"-49,2996666667";"-67,7203333333";"0,0";"0"
"PIONEROS";"02735";"2025-02-11 19:53:00";"-49,2996666667";"-67,7203333333";"0,0";"0"
"PIONEROS";"02735";"2025-02-11 20:08:00";"-49,2996666667";"-67,7203333333";"0,0";"0"
"PIONEROS";"02735";"2025-02-11 20:12:00";"-49,2996666667";"-67,7203333333";"0,0";"0"
"PIONEROS";"02735";"2025-02-11 20:27:00";"-49,2996666667";"-67,7203333333";"0,0";"10"
"PIONEROS";"02735";"2025-02-11 20:42:00";"-49,2996666667";"-67,7203333333";"0,0";"10"
"PIONEROS";"02735";"2025-02-11 20:52:00";"-49,2996666667";"-67,7203333333";"0,0";"0"
"PIONEROS";"02735";"2025-02-11 21:07:00";"-49,2996666667";"-67,7203333333";"0,0";"0"
"PIONEROS";"02735";"2025-02-11 21:22:00";"-49,2996666667";"-67,7203333333";"0,0";"0"
"PIONEROS";"02735";"2025-02-11 21:37:00";"-49,2996666667";"-67,7203333333";"0,0";"0"
"PIONEROS";"02735";"2025-02-11 21:52:00";"-49,2996666667";"-67,7203333333";"0,0";"0"
"PIONEROS";"02735";"2025-02-11 22:07:00";"-49,2996666667";"-67,7203333333";"0,0";"0"
"PIONEROS";"02735";"2025-02-11 22:22:00";"-49,2996666667";"-67,7203333333";"0,0";"0"
"PIONEROS";"02735";"2025-02-11 22:37:00";"-49,2996666667";"-67,7203333333";"0,0";"0"
"PIONEROS";"02735";"2025-02-11 22:52:00";"-49,2996666667";"-67,7203333333";"0,0";"0"
"PIONEROS";"02735";"2025-02-11 23:07:00";"-49,2996666667";"-67,7203333333";"0,0";"300"
"PIONEROS";"02735";"2025-02-11 23:22:00";"-49,2996666667";"-67,7203333333";"0,0";"300"
"PIONEROS";"02735";"2025-02-11 23:37:00";"-49,2996666667";"-67,7203333333";"0,0";"300"
"PIONEROS";"02735";"2025-02-11 23:52:00";"-49,2996666667";"-67,7203333333";"0,0";"300"
"PIONEROS";"02735";"2025-02-12 00:07:00";"-49,2996666667";"-67,7203333333";"0,0";"300"
"PIONEROS";"02735";"2025-02-12 00:22:00";"-49,2996666667";"-67,7203333333";"0,0";"300"
"PIONEROS";"02735";"2025-02-12 00:37:00";"-49,2996666667";"-67,7203333333";"0,0";"300"
"PIONEROS";"02735";"2025-02-12 00:52:00";"-49,2996666667";"-67,7203333333";"0,0";"300"
"PIONEROS";"02735";"2025-02-12 01:07:00";"-49,2996666667";"-67,7203333333";"0,0";"300"
"PIONEROS";"02735";"2025-02-12 01:22:00";"-49,2996666667";"-67,7203333333";"0,0";"300"
"PIONEROS";"02735";"2025-02-12 01:37:00";"-49,2996666667";"-67,7203333333";"0,0";"300"
"PIONEROS";"02735";"2025-02-12 01:52:00";"-49,2996666667";"-67,7203333333";"0,0";"300"
"PIONEROS";"02735";"2025-02-12 02:07:00";"-49,2996666667";"-67,7203333333";"0,0";"300"
"PIONEROS";"02735";"2025-02-12 02:22:00";"-49,2996666667";"-67,7203333333";"0,0";"300"
"PIONEROS";"02735";"2025-02-12 02:37:00";"-49,2996666667";"-67,7203333333";"0,0";"300"
"PIONEROS";"02735";"2025-02-12 02:52:00";"-49,2996666667";"-67,7203333333";"0,0";"20"
"PIONEROS";"02735";"2025-02-12 03:07:00";"-49,2996666667";"-67,7203333333";"0,0";"20"
"PIONEROS";"02735";"2025-02-12 03:22:00";"-49,2996666667";"-67,7203333333";"0,0";"20"
"PIONEROS";"02735";"2025-02-12 03:37:00";"-49,2996666667";"-67,7203333333";"0,0";"20"
"PIONEROS";"02735";"2025-02-12 03:52:00";"-49,2996666667";"-67,7203333333";"0,0";"20"
"PIONEROS";"02735";"2025-02-12 04:07:00";"-49,2996666667";"-67,7203333333";"0,0";"20"
"PIONEROS";"02735";"2025-02-12 04:22:00";"-49,2996666667";"-67,7203333333";"0,0";"20"
"PIONEROS";"02735";"2025-02-12 04:37:00";"-49,2996666667";"-67,7203333333";"0,0";"20"
"PIONEROS";"02735";"2025-02-12 04:52:00";"-49,2996666667";"-67,7203333333";"0,0";"20"
"PIONEROS";"02735";"2025-02-12 05:07:00";"-49,2996666667";"-67,7203333333";"0,0";"20"
"PIONEROS";"02735";"2025-02-12 05:22:00";"-49,2996666667";"-67,7203333333";"0,0";"20"
"PIONEROS";"02735";"2025-02-12 05:37:00";"-49,2996666667";"-67,7203333333";"0,0";"20"
"PIONEROS";"02735";"2025-02-12 05:52:00";"-49,2996666667";"-67,7203333333";"0,0";"20"
"PIONEROS";"02735";"2025-02-12 06:07:00";"-49,2996666667";"-67,7203333333";"0,0";"20"
"PIONEROS";"02735";"2025-02-12 06:22:00";"-49,2996666667";"-67,7203333333";"0,0";"20"
"PIONEROS";"02735";"2025-02-12 06:37:00";"-49,2996666667";"-67,7203333333";"0,0";"20"
"PIONEROS";"02735";"2025-02-12 06:52:00";"-49,2996666667";"-67,7203333333";"0,0";"20"
"PIONEROS";"02735";"2025-02-12 07:07:00";"-49,2996666667";"-67,7203333333";"0,0";"20"
"PIONEROS";"02735";"2025-02-12 07:22:00";"-49,2996666667";"-67,7203333333";"0,0";"20"
"PIONEROS";"02735";"2025-02-12 07:37:00";"-49,2996666667";"-67,7203333333";"0,0";"320"
"PIONEROS";"02735";"2025-02-12 07:52:00";"-49,2996666667";"-67,7203333333";"0,0";"220"
"PIONEROS";"02735";"2025-02-12 08:07:00";"-49,2996666667";"-67,7203333333";"0,0";"220"
"PIONEROS";"02735";"2025-02-12 08:22:00";"-49,2996666667";"-67,7203333333";"0,0";"220"
"PIONEROS";"02735";"2025-02-12 08:37:00";"-49,2996666667";"-67,7203333333";"0,0";"220"
"PIONEROS";"02735";"2025-02-12 08:52:00";"-49,2996666667";"-67,7203333333";"0,0";"220"
"PIONEROS";"02735";"2025-02-12 09:07:00";"-49,2996666667";"-67,7203333333";"0,0";"220"
"PIONEROS";"02735";"2025-02-12 09:22:00";"-49,2996666667";"-67,7203333333";"0,0";"220"
"PIONEROS";"02735";"2025-02-12 09:37:00";"-49,2996666667";"-67,7203333333";"0,0";"220"
"PIONEROS";"02735";"2025-02-12 09:52:00";"-49,2996666667";"-67,7203333333";"0,0";"220"
"PIONEROS";"02735";"2025-02-12 10:07:00";"-49,2996666667";"-67,7203333333";"0,0";"220"
"PIONEROS";"02735";"2025-02-12 10:22:00";"-49,2996666667";"-67,7203333333";"0,0";"220"
"PIONEROS";"02735";"2025-02-12 10:37:00";"-49,2996666667";"-67,7203333333";"0,0";"220"
"PIONEROS";"02735";"2025-02-12 10:52:00";"-49,2996666667";"-67,7203333333";"0,0";"220"
"PIONEROS";"02735";"2025-02-12 11:07:00";"-49,2996666667";"-67,7203333333";"0,0";"220"
"PIONEROS";"02735";"2025-02-12 11:22:00";"-49,2996666667";"-67,7203333333";"0,0";"220"
"PIONEROS";"02735";"2025-02-12 11:34:00";"-49,2996666667";"-67,7203333333";"0,0";"0"
"PIONEROS";"02735";"2025-02-12 11:49:00";"-49,2996666667";"-67,7203333333";"0,0";"0"
"PIONEROS";"02735";"2025-02-12 12:04:00";"-49,2996666667";"-67,7203333333";"0,0";"0"
"PIONEROS";"02735";"2025-02-12 12:19:00";"-49,2996666667";"-67,7203333333";"0,0";"90"
"PIONEROS";"02735";"2025-02-12 12:34:00";"-49,2996666667";"-67,7203333333";"0,0";"90"
"PIONEROS";"02735";"2025-02-12 12:49:00";"-49,2996666667";"-67,7203333333";"0,0";"90"
"PIONEROS";"02735";"2025-02-12 13:04:00";"-49,2996666667";"-67,7203333333";"0,0";"170"
"PIONEROS";"02735";"2025-02-12 13:19:00";"-49,2996666667";"-67,7203333333";"0,0";"170"
"PIONEROS";"02735";"2025-02-12 13:36:00";"-49,2996666667";"-67,7203333333";"0,0";"0"
"PIONEROS";"02735";"2025-02-12 13:51:00";"-49,2996666667";"-67,7203333333";"0,0";"0"
"PIONEROS";"02735";"2025-02-12 14:06:00";"-49,2996666667";"-67,7203333333";"0,0";"0"
"PIONEROS";"02735";"2025-02-12 14:21:00";"-49,2996666667";"-67,7203333333";"0,0";"0"
"PIONEROS";"02735";"2025-02-12 14:36:00";"-49,2996666667";"-67,7203333333";"0,0";"0"
"PIONEROS";"02735";"2025-02-12 14:51:00";"-49,2996666667";"-67,7203333333";"0,0";"0"
"PIONEROS";"02735";"2025-02-12 15:06:00";"-49,2996666667";"-67,7203333333";"0,0";"0"
"PIONEROS";"02735";"2025-02-12 15:21:00";"-49,2996666667";"-67,7203333333";"0,0";"0"
"PIONEROS";"02735";"2025-02-12 15:36:00";"-49,2996666667";"-67,7203333333";"0,0";"0"
"PIONEROS";"02735";"2025-02-12 15:51:00";"-49,2996666667";"-67,7203333333";"0,0";"0"
"PIONEROS";"02735";"2025-02-12 16:07:00";"-49,2996666667";"-67,7203333333";"0,5";"0"
"PIONEROS";"02735";"2025-02-12 16:22:00";"-49,2996666667";"-67,7203333333";"0,0";"0"
"PIONEROS";"02735";"2025-02-12 16:37:00";"-49,2996666667";"-67,7203333333";"0,0";"0"
"PIONEROS";"02735";"2025-02-12 16:52:00";"-49,2996666667";"-67,7203333333";"0,0";"260"
"PIONEROS";"02735";"2025-02-12 17:07:00";"-49,2996666667";"-67,7203333333";"0,0";"260"
"PIONEROS";"02735";"2025-02-12 17:22:00";"-49,2996666667";"-67,7203333333";"0,0";"260"
"PIONEROS";"02735";"2025-02-12 17:37:00";"-49,2996666667";"-67,7203333333";"0,0";"260"
"PIONEROS";"02735";"2025-02-12 17:52:00";"-49,2996666667";"-67,7203333333";"0,0";"260"
"PIONEROS";"02735";"2025-02-12 18:07:00";"-49,2996666667";"-67,7203333333";"0,0";"260"
"PIONEROS";"02735";"2025-02-12 18:22:00";"-49,2996666667";"-67,7203333333";"0,0";"260"
"PIONEROS";"02735";"2025-02-12 18:37:00";"-49,2996666667";"-67,7203333333";"0,0";"260"
"PIONEROS";"02735";"2025-02-12 18:52:00";"-49,2996666667";"-67,7203333333";"0,0";"260"
"PIONEROS";"02735";"2025-02-12 19:07:00";"-49,2996666667";"-67,7203333333";"0,0";"260"
"PIONEROS";"02735";"2025-02-12 19:22:00";"-49,2996666667";"-67,7203333333";"0,0";"260"
"PIONEROS";"02735";"2025-02-12 19:37:00";"-49,2996666667";"-67,7203333333";"0,0";"260"
"PIONEROS";"02735";"2025-02-12 19:52:00";"-49,2996666667";"-67,7203333333";"0,0";"260"
"PIONEROS";"02735";"2025-02-12 20:07:00";"-49,2996666667";"-67,7203333333";"0,0";"260"
"PIONEROS";"02735";"2025-02-12 20:22:00";"-49,2996666667";"-67,7203333333";"0,0";"260"
"PIONEROS";"02735";"2025-02-12 20:37:00";"-49,2996666667";"-67,7203333333";"0,0";"260"
"PIONEROS";"02735";"2025-02-12 20:52:00";"-49,2996666667";"-67,7203333333";"0,0";"260"
"PIONEROS";"02735";"2025-02-12 21:07:00";"-49,2996666667";"-67,7203333333";"0,0";"260"
"PIONEROS";"02735";"2025-02-12 21:22:00";"-49,2996666667";"-67,7203333333";"0,0";"260"
"PIONEROS";"02735";"2025-02-12 21:37:00";"-49,2996666667";"-67,7203333333";"0,0";"260"
"PIONEROS";"02735";"2025-02-12 21:52:00";"-49,2996666667";"-67,7203333333";"0,0";"260"
"PIONEROS";"02735";"2025-02-12 22:07:00";"-49,2996666667";"-67,7203333333";"0,0";"260"
"PIONEROS";"02735";"2025-02-12 22:22:00";"-49,2996666667";"-67,7203333333";"0,0";"260"
"PIONEROS";"02735";"2025-02-12 22:37:00";"-49,2996666667";"-67,7203333333";"0,0";"260"
"PIONEROS";"02735";"2025-02-12 22:52:00";"-49,2996666667";"-67,7203333333";"0,0";"260"
"PIONEROS";"02735";"2025-02-12 23:08:00";"-49,2996666667";"-67,7203333333";"0,0";"350"
"PIONEROS";"02735";"2025-02-12 23:23:00";"-49,2996666667";"-67,7196666667";"0,0";"255"
"PIONEROS";"02735";"2025-02-12 23:38:00";"-49,2996666667";"-67,7196666667";"0,0";"255"
"PIONEROS";"02735";"2025-02-12 23:53:00";"-49,2996666667";"-67,7196666667";"0,0";"175"
"PIONEROS";"02735";"2025-02-13 00:08:00";"-49,2996666667";"-67,7196666667";"0,0";"175"
"PIONEROS";"02735";"2025-02-13 00:23:00";"-49,2996666667";"-67,7196666667";"0,0";"175"
"PIONEROS";"02735";"2025-02-13 00:38:00";"-49,2996666667";"-67,7196666667";"0,0";"175"
"PIONEROS";"02735";"2025-02-13 00:53:00";"-49,2996666667";"-67,7196666667";"0,0";"135"
"PIONEROS";"02735";"2025-02-13 01:08:00";"-49,2996666667";"-67,7196666667";"0,0";"135"
"PIONEROS";"02735";"2025-02-13 01:23:00";"-49,2996666667";"-67,72";"0,0";"135"
"PIONEROS";"02735";"2025-02-13 01:38:00";"-49,2996666667";"-67,72";"0,0";"135"
"PIONEROS";"02735";"2025-02-13 01:53:00";"-49,2996666667";"-67,7196666667";"0,0";"135"
"PIONEROS";"02735";"2025-02-13 02:08:00";"-49,293";"-67,713";"5,4";"55"
"PIONEROS";"02735";"2025-02-13 02:23:00";"-49,2753333333";"-67,69";"5,9";"15"
"PIONEROS";"02735";"2025-02-13 02:38:00";"-49,2521666667";"-67,6738333333";"5,9";"35"
"PIONEROS";"02735";"2025-02-13 02:53:00";"-49,235";"-67,6411666667";"7,0";"35"
"PIONEROS";"02735";"2025-02-13 03:08:00";"-49,2155";"-67,5986666667";"9,2";"80"
"PIONEROS";"02735";"2025-02-13 03:23:00";"-49,1928333333";"-67,5496666667";"9,2";"65"
"PIONEROS";"02735";"2025-02-13 03:38:00";"-49,1711666667";"-67,4995";"9,7";"50"
"PIONEROS";"02735";"2025-02-13 03:53:00";"-49,1478333333";"-67,4483333333";"9,7";"60"
"PIONEROS";"02735";"2025-02-13 04:08:00";"-49,1241666667";"-67,3946666667";"10,3";"70"
"PIONEROS";"02735";"2025-02-13 04:23:00";"-49,1003333333";"-67,3405";"10,3";"60"
"PIONEROS";"02735";"2025-02-13 04:38:00";"-49,0758333333";"-67,287";"9,2";"60"
"PIONEROS";"02735";"2025-02-13 04:53:00";"-49,0525";"-67,2338333333";"9,7";"55"
"PIONEROS";"02735";"2025-02-13 05:08:00";"-49,0283333333";"-67,1811666667";"10,3";"40"
"PIONEROS";"02735";"2025-02-13 05:23:00";"-49,0038333333";"-67,1261666667";"9,7";"55"
"PIONEROS";"02735";"2025-02-13 05:38:00";"-48,98";"-67,0725";"9,7";"40"
"PIONEROS";"02735";"2025-02-13 05:53:00";"-48,9561666667";"-67,0195";"10,3";"75"
"PIONEROS";"02735";"2025-02-13 06:08:00";"-48,9321666667";"-66,9666666667";"9,7";"50"
"PIONEROS";"02735";"2025-02-13 06:23:00";"-48,9083333333";"-66,9141666667";"9,7";"50"
"PIONEROS";"02735";"2025-02-13 06:38:00";"-48,885";"-66,8611666667";"10,3";"50"
"PIONEROS";"02735";"2025-02-13 06:53:00";"-48,8616666667";"-66,8091666667";"9,7";"65"
"PIONEROS";"02735";"2025-02-13 07:08:00";"-48,838";"-66,757";"9,7";"55"
"PIONEROS";"02735";"2025-02-13 07:23:00";"-48,8153333333";"-66,7058333333";"9,2";"45"
"PIONEROS";"02735";"2025-02-13 07:38:00";"-48,792";"-66,655";"8,6";"55"
"PIONEROS";"02735";"2025-02-13 07:53:00";"-48,7703333333";"-66,6055";"8,6";"55"
"PIONEROS";"02735";"2025-02-13 08:08:00";"-48,747";"-66,555";"9,2";"55"
"PIONEROS";"02735";"2025-02-13 08:23:00";"-48,7241666667";"-66,5038333333";"9,2";"55"
"PIONEROS";"02735";"2025-02-13 08:38:00";"-48,7033333333";"-66,457";"9,2";"45"
"PIONEROS";"02735";"2025-02-13 08:53:00";"-48,6828333333";"-66,4103333333";"9,2";"55"
"PIONEROS";"02735";"2025-02-13 09:08:00";"-48,6608333333";"-66,3636666667";"8,6";"55"
"PIONEROS";"02735";"2025-02-13 09:23:00";"-48,6395";"-66,3178333333";"8,1";"50"
"PIONEROS";"02735";"2025-02-13 09:38:00";"-48,6208333333";"-66,273";"7,6";"55"
"PIONEROS";"02735";"2025-02-13 09:53:00";"-48,6021666667";"-66,233";"7,0";"55"
"PIONEROS";"02735";"2025-02-13 10:08:00";"-48,5845";"-66,1933333333";"7,6";"45"
"PIONEROS";"02735";"2025-02-13 10:23:00";"-48,567";"-66,1546666667";"7,0";"55"
"PIONEROS";"02735";"2025-02-13 10:38:00";"-48,5488333333";"-66,1163333333";"7,6";"60"
"PIONEROS";"02735";"2025-02-13 10:53:00";"-48,5313333333";"-66,078";"7,6";"65"
"PIONEROS";"02735";"2025-02-13 11:08:00";"-48,5138333333";"-66,0383333333";"7,0";"50"
"PIONEROS";"02735";"2025-02-13 11:23:00";"-48,4966666667";"-65,9986666667";"8,1";"35"
"PIONEROS";"02735";"2025-02-13 11:38:00";"-48,4788333333";"-65,96";"7,0";"45"
"PIONEROS";"02735";"2025-02-13 11:53:00";"-48,4603333333";"-65,9216666667";"7,0";"50"
"PIONEROS";"02735";"2025-02-13 12:08:00";"-48,4436666667";"-65,882";"7,6";"45"
"PIONEROS";"02735";"2025-02-13 12:23:00";"-48,4261666667";"-65,8433333333";"7,6";"55"
"PIONEROS";"02735";"2025-02-13 12:38:00";"-48,408";"-65,805";"7,0";"45"
"PIONEROS";"02735";"2025-02-13 12:53:00";"-48,3913333333";"-65,7661666667";"7,6";"60"
"PIONEROS";"02735";"2025-02-13 13:08:00";"-48,3736666667";"-65,7275";"7,6";"60"
"PIONEROS";"02735";"2025-02-13 13:23:00";"-48,3555";"-65,6883333333";"8,1";"45"
"PIONEROS";"02735";"2025-02-13 13:38:00";"-48,3371666667";"-65,6486666667";"7,6";"65"
"PIONEROS";"02735";"2025-02-13 13:53:00";"-48,3186666667";"-65,6078333333";"8,1";"55"
"PIONEROS";"02735";"2025-02-13 14:08:00";"-48,3";"-65,5653333333";"8,1";"60"
"PIONEROS";"02735";"2025-02-13 14:23:00";"-48,28";"-65,5228333333";"7,6";"55"
"PIONEROS";"02735";"2025-02-13 14:38:00";"-48,26";"-65,4795";"8,1";"55"
"PIONEROS";"02735";"2025-02-13 14:53:00";"-48,2396666667";"-65,4341666667";"9,2";"50"
"PIONEROS";"02735";"2025-02-13 15:08:00";"-48,2186666667";"-65,3871666667";"8,6";"55"
"PIONEROS";"02735";"2025-02-13 15:23:00";"-48,1953333333";"-65,3361666667";"10,3";"50"
"PIONEROS";"02735";"2025-02-13 15:38:00";"-48,1713333333";"-65,2866666667";"9,2";"55"
"PIONEROS";"02735";"2025-02-13 15:53:00";"-48,1495";"-65,2353333333";"10,3";"45"
"PIONEROS";"02735";"2025-02-13 16:08:00";"-48,1261666667";"-65,1796666667";"10,8";"50"
"PIONEROS";"02735";"2025-02-13 16:23:00";"-48,1";"-65,1275";"10,3";"45"
"PIONEROS";"02735";"2025-02-13 16:38:00";"-48,0741666667";"-65,0761666667";"10,3";"50"
"PIONEROS";"02735";"2025-02-13 16:53:00";"-48,0475";"-65,0211666667";"10,8";"55"
"PIONEROS";"02735";"2025-02-13 17:08:00";"-48,02";"-64,967";"10,8";"50"
"PIONEROS";"02735";"2025-02-13 17:23:00";"-47,993";"-64,9155";"9,7";"50"
"PIONEROS";"02735";"2025-02-13 17:38:00";"-47,9613333333";"-64,8688333333";"11,3";"40"
"PIONEROS";"02735";"2025-02-13 17:53:00";"-47,928";"-64,8236666667";"10,8";"50"
"PIONEROS";"02735";"2025-02-13 18:08:00";"-47,8978333333";"-64,777";"10,8";"35"
"PIONEROS";"02735";"2025-02-13 18:23:00";"-47,8666666667";"-64,7308333333";"9,2";"40"
"PIONEROS";"02735";"2025-02-13 18:38:00";"-47,8421666667";"-64,6958333333";"2,7";"170"
"PIONEROS";"02735";"2025-02-13 18:53:00";"-47,8461666667";"-64,7178333333";"5,9";"275"
"PIONEROS";"02735";"2025-02-13 19:08:00";"-47,8533333333";"-64,7358333333";"4,9";"275"
"PIONEROS";"02735";"2025-02-13 19:23:00";"-47,8395";"-64,7675";"3,2";"220"
"PIONEROS";"02735";"2025-02-13 19:38:00";"-47,8605";"-64,778";"7,6";"185"
"PIONEROS";"02735";"2025-02-13 19:53:00";"-47,8845";"-64,7978333333";"4,9";"240"
"PIONEROS";"02735";"2025-02-13 20:08:00";"-47,8883333333";"-64,8016666667";"1,1";"270"
"PIONEROS";"02735";"2025-02-13 20:23:00";"-47,893";"-64,8053333333";"1,1";"165"
"PIONEROS";"02735";"2025-02-13 20:38:00";"-47,8975";"-64,8086666667";"1,1";"190"
"PIONEROS";"02735";"2025-02-13 20:53:00";"-47,9011666667";"-64,812";"1,6";"230"
"PIONEROS";"02735";"2025-02-13 21:08:00";"-47,9028333333";"-64,813";"1,6";"335"
"PIONEROS";"02735";"2025-02-13 21:23:00";"-47,9261666667";"-64,8103333333";"0,5";"175"
"PIONEROS";"02735";"2025-02-13 21:38:00";"-47,9271666667";"-64,8108333333";"0,5";"235"
"PIONEROS";"02735";"2025-02-13 21:53:00";"-47,9325";"-64,8146666667";"0,5";"205"
"PIONEROS";"02735";"2025-02-13 22:08:00";"-47,9386666667";"-64,8195";"2,2";"210"
"PIONEROS";"02735";"2025-02-13 22:23:00";"-47,9441666667";"-64,8236666667";"2,2";"205"
"PIONEROS";"02735";"2025-02-13 22:38:00";"-47,9383333333";"-64,8036666667";"8,1";"55"
"PIONEROS";"02735";"2025-02-13 22:53:00";"-47,9213333333";"-64,7578333333";"8,1";"55"
"PIONEROS";"02735";"2025-02-13 23:08:00";"-47,9038333333";"-64,7133333333";"8,6";"65"
"PIONEROS";"02735";"2025-02-13 23:23:00";"-47,8938333333";"-64,6946666667";"3,2";"185"
"PIONEROS";"02735";"2025-02-13 23:38:00";"-47,9021666667";"-64,7003333333";"8,6";"235"
"PIONEROS";"02735";"2025-02-13 23:53:00";"-47,9146666667";"-64,7108333333";"0,0";"275"
"PIONEROS";"02735";"2025-02-14 00:08:00";"-47,9096666667";"-64,7075";"1,6";"0"
"PIONEROS";"02735";"2025-02-14 00:23:00";"-47,9061666667";"-64,7046666667";"2,2";"100"
"PIONEROS";"02735";"2025-02-14 00:38:00";"-47,9058333333";"-64,7055";"5,4";"120"
"PIONEROS";"02735";"2025-02-14 00:53:00";"-47,9155";"-64,6928333333";"2,7";"90"
"PIONEROS";"02735";"2025-02-14 01:08:00";"-47,9266666667";"-64,6858333333";"2,2";"350"
"PIONEROS";"02735";"2025-02-14 01:23:00";"-47,9436666667";"-64,6941666667";"7,6";"200"
"PIONEROS";"02735";"2025-02-14 01:38:00";"-47,943";"-64,6941666667";"1,1";"35"
"PIONEROS";"02735";"2025-02-14 01:53:00";"-47,9375";"-64,7103333333";"0,5";"250"
"PIONEROS";"02735";"2025-02-14 02:08:00";"-47,9421666667";"-64,7096666667";"3,8";"20"
"PIONEROS";"02735";"2025-02-14 02:23:00";"-47,917";"-64,7083333333";"7,0";"0"
"PIONEROS";"02735";"2025-02-14 02:38:00";"-47,8841666667";"-64,712";"8,1";"345"
"PIONEROS";"02735";"2025-02-14 02:53:00";"-47,8661666667";"-64,7155";"1,6";"355"
"PIONEROS";"02735";"2025-02-14 03:08:00";"-47,8608333333";"-64,7121666667";"2,7";"50"
"PIONEROS";"02735";"2025-02-14 03:23:00";"-47,8555";"-64,7083333333";"2,2";"80"
"PIONEROS";"02735";"2025-02-14 03:38:00";"-47,8516666667";"-64,7045";"0,5";"280"
"PIONEROS";"02735";"2025-02-14 03:53:00";"-47,847";"-64,7016666667";"1,6";"40"
"PIONEROS";"02735";"2025-02-14 04:08:00";"-47,8475";"-64,7111666667";"7,0";"265"
"PIONEROS";"02735";"2025-02-14 04:23:00";"-47,853";"-64,7363333333";"0,5";"190"
"PIONEROS";"02735";"2025-02-14 04:38:00";"-47,8536666667";"-64,7355";"1,1";"40"
"PIONEROS";"02735";"2025-02-14 04:53:00";"-47,8553333333";"-64,7371666667";"0,5";"190"
"PIONEROS";"02735";"2025-02-14 05:08:00";"-47,8603333333";"-64,7408333333";"1,6";"165"
"PIONEROS";"02735";"2025-02-14 05:23:00";"-47,8645";"-64,7433333333";"1,1";"170"
"PIONEROS";"02735";"2025-02-14 05:38:00";"-47,8675";"-64,7461666667";"1,1";"195"
"PIONEROS";"02735";"2025-02-14 05:53:00";"-47,8646666667";"-64,7438333333";"2,2";"30"
"PIONEROS";"02735";"2025-02-14 06:08:00";"-47,8653333333";"-64,7411666667";"2,7";"190"
"PIONEROS";"02735";"2025-02-14 06:23:00";"-47,8875";"-64,748";"5,4";"195"
"PIONEROS";"02735";"2025-02-14 06:38:00";"-47,9141666667";"-64,7575";"5,4";"200"
"PIONEROS";"02735";"2025-02-14 06:53:00";"-47,9386666667";"-64,7728333333";"5,4";"235"
"PIONEROS";"02735";"2025-02-14 07:08:00";"-47,953";"-64,8078333333";"6,5";"230"
"PIONEROS";"02735";"2025-02-14 07:23:00";"-47,9686666667";"-64,8413333333";"7,0";"240"
"PIONEROS";"02735";"2025-02-14 07:38:00";"-47,9841666667";"-64,8753333333";"5,4";"220"
"PIONEROS";"02735";"2025-02-14 07:53:00";"-47,9996666667";"-64,9095";"6,5";"230"
"PIONEROS";"02735";"2025-02-14 08:08:00";"-48,0153333333";"-64,9436666667";"5,9";"225"
"PIONEROS";"02735";"2025-02-14 08:23:00";"-48,0313333333";"-64,9788333333";"7,0";"245"
"PIONEROS";"02735";"2025-02-14 08:38:00";"-48,0486666667";"-65,0141666667";"5,9";"220"
"PIONEROS";"02735";"2025-02-14 08:53:00";"-48,0646666667";"-65,05";"7,6";"230"
"PIONEROS";"02735";"2025-02-14 09:08:00";"-48,0816666667";"-65,0866666667";"6,5";"230"
"PIONEROS";"02735";"2025-02-14 09:23:00";"-48,0988333333";"-65,1255";"6,5";"225"
"PIONEROS";"02735";"2025-02-14 09:38:00";"-48,1171666667";"-65,1628333333";"8,6";"240"
"PIONEROS";"02735";"2025-02-14 09:53:00";"-48,1341666667";"-65,2025";"7,6";"235"
"PIONEROS";"02735";"2025-02-14 10:08:00";"-48,153";"-65,2421666667";"8,1";"235"
"PIONEROS";"02735";"2025-02-14 10:23:00";"-48,172";"-65,2838333333";"7,6";"240"
"PIONEROS";"02735";"2025-02-14 10:38:00";"-48,1908333333";"-65,3263333333";"8,6";"230"
"PIONEROS";"02735";"2025-02-14 10:53:00";"-48,2111666667";"-65,368";"7,6";"235"
"PIONEROS";"02735";"2025-02-14 11:08:00";"-48,2308333333";"-65,4113333333";"8,1";"240"
"PIONEROS";"02735";"2025-02-14 11:23:00";"-48,2505";"-65,4563333333";"8,6";"235"
"PIONEROS";"02735";"2025-02-14 11:38:00";"-48,2716666667";"-65,5025";"6,5";"225"
"PIONEROS";"02735";"2025-02-14 11:53:00";"-48,293";"-65,5488333333";"10,8";"230"
"PIONEROS";"02735";"2025-02-14 12:08:00";"-48,3141666667";"-65,5961666667";"8,1";"245"
"PIONEROS";"02735";"2025-02-14 12:23:00";"-48,3358333333";"-65,6438333333";"8,1";"240"
"PIONEROS";"02735";"2025-02-14 12:38:00";"-48,3575";"-65,6913333333";"9,7";"235"
"PIONEROS";"02735";"2025-02-14 12:53:00";"-48,38";"-65,7396666667";"8,1";"230"
"PIONEROS";"02735";"2025-02-14 13:08:00";"-48,4016666667";"-65,7875";"8,1";"220"
"PIONEROS";"02735";"2025-02-14 13:23:00";"-48,4236666667";"-65,835";"8,6";"225"
"PIONEROS";"02735";"2025-02-14 13:38:00";"-48,4445";"-65,8816666667";"8,1";"235"
"PIONEROS";"02735";"2025-02-14 13:53:00";"-48,4655";"-65,9271666667";"9,7";"225"
"PIONEROS";"02735";"2025-02-14 14:08:00";"-48,4861666667";"-65,9711666667";"9,7";"240"
"PIONEROS";"02735";"2025-02-14 14:23:00";"-48,5053333333";"-66,0133333333";"8,1";"235"
"PIONEROS";"02735";"2025-02-14 14:38:00";"-48,5236666667";"-66,0555";"8,1";"225"
"PIONEROS";"02735";"2025-02-14 14:53:00";"-48,5421666667";"-66,0963333333";"7,6";"220"
"PIONEROS";"02735";"2025-02-14 15:08:00";"-48,56";"-66,1361666667";"6,5";"230"
"PIONEROS";"02735";"2025-02-14 15:23:00";"-48,5783333333";"-66,1736666667";"8,1";"265"
"PIONEROS";"02735";"2025-02-14 15:38:00";"-48,5961666667";"-66,2091666667";"7,0";"250"
"PIONEROS";"02735";"2025-02-14 15:53:00";"-48,6121666667";"-66,245";"6,5";"215"
"PIONEROS";"02735";"2025-02-14 16:08:00";"-48,63";"-66,277";"7,0";"220"
"PIONEROS";"02735";"2025-02-14 16:23:00";"-48,6511666667";"-66,3053333333";"5,4";"200"
"PIONEROS";"02735";"2025-02-14 16:38:00";"-48,6741666667";"-66,3291666667";"7,6";"220"
"PIONEROS";"02735";"2025-02-14 16:53:00";"-48,695";"-66,3578333333";"5,4";"225"
"PIONEROS";"02735";"2025-02-14 17:08:00";"-48,7186666667";"-66,3808333333";"5,4";"195"
"PIONEROS";"02735";"2025-02-14 17:23:00";"-48,7428333333";"-66,4013333333";"4,9";"210"
"PIONEROS";"02735";"2025-02-14 17:38:00";"-48,765";"-66,4261666667";"6,5";"210"
"PIONEROS";"02735";"2025-02-14 17:53:00";"-48,7875";"-66,4491666667";"7,6";"210"
"PIONEROS";"02735";"2025-02-14 18:08:00";"-48,8125";"-66,4716666667";"7,0";"200"
"PIONEROS";"02735";"2025-02-14 18:23:00";"-48,837";"-66,4941666667";"5,4";"220"
"PIONEROS";"02735";"2025-02-14 18:38:00";"-48,8583333333";"-66,5241666667";"5,9";"210"
"PIONEROS";"02735";"2025-02-14 18:53:00";"-48,8828333333";"-66,5491666667";"7,6";"220"
"PIONEROS";"02735";"2025-02-14 19:08:00";"-48,9075";"-66,5775";"8,1";"225"
"PIONEROS";"02735";"2025-02-14 19:23:00";"-48,9246666667";"-66,6158333333";"7,0";"225"
"PIONEROS";"02735";"2025-02-14 19:38:00";"-48,942";"-66,6555";"5,9";"240"
"PIONEROS";"02735";"2025-02-14 19:53:00";"-48,9553333333";"-66,7005";"7,6";"225"
"PIONEROS";"02735";"2025-02-14 20:08:00";"-48,9688333333";"-66,7466666667";"7,0";"255"
"PIONEROS";"02735";"2025-02-14 20:23:00";"-48,9836666667";"-66,7941666667";"8,1";"235"
"PIONEROS";"02735";"2025-02-14 20:38:00";"-48,9963333333";"-66,8458333333";"10,3";"255"
"PIONEROS";"02735";"2025-02-14 20:53:00";"-49,0086666667";"-66,8986666667";"8,6";"240"
"PIONEROS";"02735";"2025-02-14 21:08:00";"-49,0258333333";"-66,948";"8,1";"235"
"PIONEROS";"02735";"2025-02-14 21:23:00";"-49,0421666667";"-66,9978333333";"8,6";"250"
"PIONEROS";"02735";"2025-02-14 21:38:00";"-49,0571666667";"-67,05";"8,1";"240"
"PIONEROS";"02735";"2025-02-14 21:53:00";"-49,0711666667";"-67,1033333333";"9,2";"235"
"PIONEROS";"02735";"2025-02-14 22:08:00";"-49,0863333333";"-67,1591666667";"9,7";"260"
"PIONEROS";"02735";"2025-02-14 22:23:00";"-49,1033333333";"-67,2155";"9,2";"220"
"PIONEROS";"02735";"2025-02-14 22:38:00";"-49,1208333333";"-67,2703333333";"9,7";"245"
"PIONEROS";"02735";"2025-02-14 22:53:00";"-49,1375";"-67,327";"9,7";"245"
"PIONEROS";"02735";"2025-02-14 23:08:00";"-49,153";"-67,3846666667";"9,7";"245"
"PIONEROS";"02735";"2025-02-14 23:23:00";"-49,1696666667";"-67,4421666667";"9,7";"240"
"PIONEROS";"02735";"2025-02-14 23:38:00";"-49,188";"-67,4983333333";"9,7";"235"
"PIONEROS";"02735";"2025-02-14 23:53:00";"-49,2058333333";"-67,5536666667";"9,2";"250"
"PIONEROS";"02735";"2025-02-15 00:08:00";"-49,2088333333";"-67,573";"0,5";"210"
"PIONEROS";"02735";"2025-02-15 00:23:00";"-49,2116666667";"-67,5761666667";"1,1";"240"
"PIONEROS";"02735";"2025-02-15 00:38:00";"-49,2145";"-67,58";"0,5";"180"
"PIONEROS";"02735";"2025-02-15 00:53:00";"-49,2178333333";"-67,5841666667";"2,2";"190"
"PIONEROS";"02735";"2025-02-15 01:08:00";"-49,2211666667";"-67,5886666667";"0,5";"300"
"PIONEROS";"02735";"2025-02-15 01:23:00";"-49,2238333333";"-67,5925";"1,1";"175"
"PIONEROS";"02735";"2025-02-15 01:38:00";"-49,2258333333";"-67,5958333333";"0,0";"245"
"PIONEROS";"02735";"2025-02-15 01:53:00";"-49,2271666667";"-67,5988333333";"2,7";"190"
"PIONEROS";"02735";"2025-02-15 02:08:00";"-49,2166666667";"-67,5861666667";"1,1";"240"
"PIONEROS";"02735";"2025-02-15 02:23:00";"-49,218";"-67,59";"0,0";"240"
"PIONEROS";"02735";"2025-02-15 02:38:00";"-49,2188333333";"-67,6003333333";"9,2";"250"
"PIONEROS";"02735";"2025-02-15 02:53:00";"-49,242";"-67,6533333333";"11,3";"230"
"PIONEROS";"02735";"2025-02-15 03:08:00";"-49,282";"-67,6945";"11,3";"205"
"PIONEROS";"02735";"2025-02-15 03:23:00";"-49,2996666667";"-67,7203333333";"0,5";"125"
"PIONEROS";"02735";"2025-02-15 03:38:00";"-49,2996666667";"-67,72";"0,0";"130"
"PIONEROS";"02735";"2025-02-15 03:53:00";"-49,2996666667";"-67,72";"0,0";"130"
"PIONEROS";"02735";"2025-02-15 04:05:00";"-49,2996666667";"-67,72";"0,0";"0"
"PIONEROS";"02735";"2025-02-15 04:20:00";"-49,2996666667";"-67,72";"0,0";"0"
"PIONEROS";"02735";"2025-02-15 04:35:00";"-49,2996666667";"-67,72";"0,0";"0"
"PIONEROS";"02735";"2025-02-15 04:50:00";"-49,2996666667";"-67,7196666667";"0,0";"0"
"PIONEROS";"02735";"2025-02-15 05:05:00";"-49,2996666667";"-67,72";"0,0";"0"
"PIONEROS";"02735";"2025-02-15 05:20:00";"-49,2996666667";"-67,72";"0,0";"0"
"PIONEROS";"02735";"2025-02-15 05:35:00";"-49,2996666667";"-67,7196666667";"0,0";"0"
"PIONEROS";"02735";"2025-02-15 05:50:00";"-49,2996666667";"-67,7196666667";"0,0";"0"
"PIONEROS";"02735";"2025-02-15 06:05:00";"-49,2996666667";"-67,7196666667";"0,0";"0"
"PIONEROS";"02735";"2025-02-15 06:20:00";"-49,2996666667";"-67,7196666667";"0,0";"320"
"PIONEROS";"02735";"2025-02-15 06:35:00";"-49,2996666667";"-67,7196666667";"0,0";"320"
"PIONEROS";"02735";"2025-02-15 06:50:00";"-49,2996666667";"-67,7196666667";"0,0";"320"
"PIONEROS";"02735";"2025-02-15 07:05:00";"-49,2996666667";"-67,7196666667";"0,0";"320"
"PIONEROS";"02735";"2025-02-15 07:20:00";"-49,2996666667";"-67,7196666667";"0,0";"320"
"PIONEROS";"02735";"2025-02-15 07:27:00";"-49,2996666667";"-67,7196666667";"0,0";"0"
"PIONEROS";"02735";"2025-02-15 07:42:00";"-49,2996666667";"-67,72";"0,0";"315"
"PIONEROS";"02735";"2025-02-15 07:57:00";"-49,2996666667";"-67,7203333333";"0,0";"230"
"PIONEROS";"02735";"2025-02-15 08:12:00";"-49,2996666667";"-67,7203333333";"0,0";"230"
"PIONEROS";"02735";"2025-02-15 08:27:00";"-49,2996666667";"-67,7203333333";"0,0";"230"
"PIONEROS";"02735";"2025-02-15 08:33:00";"-49,2996666667";"-67,7203333333";"0,0";"0"
"PIONEROS";"02735";"2025-02-15 08:48:00";"-49,2996666667";"-67,7203333333";"0,0";"335"
"PIONEROS";"02735";"2025-02-15 09:03:00";"-49,2996666667";"-67,7203333333";"0,0";"335"
"PIONEROS";"02735";"2025-02-15 09:18:00";"-49,2996666667";"-67,7203333333";"0,0";"335"
"PIONEROS";"02735";"2025-02-15 09:33:00";"-49,2996666667";"-67,7203333333";"0,0";"335"
"PIONEROS";"02735";"2025-02-15 09:48:00";"-49,2996666667";"-67,7203333333";"0,0";"335"
"PIONEROS";"02735";"2025-02-15 10:03:00";"-49,2996666667";"-67,7203333333";"0,0";"335"
"PIONEROS";"02735";"2025-02-15 10:18:00";"-49,2996666667";"-67,7203333333";"0,0";"335"
"PIONEROS";"02735";"2025-02-15 10:33:00";"-49,2996666667";"-67,7203333333";"0,0";"335"
"PIONEROS";"02735";"2025-02-15 10:48:00";"-49,2996666667";"-67,7203333333";"0,0";"335"
"PIONEROS";"02735";"2025-02-15 11:03:00";"-49,2996666667";"-67,7203333333";"0,0";"335"
"PIONEROS";"02735";"2025-02-15 11:18:00";"-49,2996666667";"-67,7203333333";"0,0";"335"
"PIONEROS";"02735";"2025-02-15 11:33:00";"-49,2996666667";"-67,7203333333";"0,0";"335"
"PIONEROS";"02735";"2025-02-15 11:48:00";"-49,2996666667";"-67,7203333333";"0,0";"335"
"PIONEROS";"02735";"2025-02-15 12:03:00";"-49,2996666667";"-67,7203333333";"0,0";"335"
"PIONEROS";"02735";"2025-02-15 12:18:00";"-49,2996666667";"-67,7203333333";"0,0";"335"
"PIONEROS";"02735";"2025-02-15 12:33:00";"-49,2996666667";"-67,7203333333";"0,0";"335"
"PIONEROS";"02735";"2025-02-15 12:48:00";"-49,2996666667";"-67,7203333333";"0,0";"335"
"PIONEROS";"02735";"2025-02-15 13:03:00";"-49,2996666667";"-67,7203333333";"0,0";"335"
"PIONEROS";"02735";"2025-02-15 13:18:00";"-49,2996666667";"-67,7203333333";"0,0";"335"
"PIONEROS";"02735";"2025-02-15 13:34:00";"-49,2996666667";"-67,7203333333";"0,0";"0"
"PIONEROS";"02735";"2025-02-15 13:50:00";"-49,2996666667";"-67,7203333333";"0,0";"345"
"PIONEROS";"02735";"2025-02-15 14:05:00";"-49,2996666667";"-67,7203333333";"0,0";"345"
"PIONEROS";"02735";"2025-02-15 14:20:00";"-49,2996666667";"-67,7203333333";"0,0";"345"
"PIONEROS";"02735";"2025-02-15 14:34:00";"-49,2996666667";"-67,7203333333";"0,0";"345"
"PIONEROS";"02735";"2025-02-15 14:49:00";"-49,2996666667";"-67,7203333333";"0,0";"345"
"PIONEROS";"02735";"2025-02-15 15:04:00";"-49,2996666667";"-67,7203333333";"0,0";"345"
"PIONEROS";"02735";"2025-02-15 15:15:00";"-49,2996666667";"-67,7203333333";"0,0";"0"
"PIONEROS";"02735";"2025-02-15 15:30:00";"-49,2996666667";"-67,7203333333";"0,0";"0"
"PIONEROS";"02735";"2025-02-15 15:42:00";"-49,2996666667";"-67,7203333333";"0,0";"0"
"PIONEROS";"02735";"2025-02-15 15:57:00";"-49,2996666667";"-67,7203333333";"0,0";"0"
"PIONEROS";"02735";"2025-02-15 16:12:00";"-49,2996666667";"-67,7203333333";"0,0";"0"
"PIONEROS";"02735";"2025-02-15 16:27:00";"-49,2996666667";"-67,7203333333";"0,0";"0"
"PIONEROS";"02735";"2025-02-15 16:42:00";"-49,2996666667";"-67,7203333333";"0,0";"0"
"PIONEROS";"02735";"2025-02-15 16:57:00";"-49,2996666667";"-67,7203333333";"0,0";"0"
"PIONEROS";"02735";"2025-02-15 17:12:00";"-49,2996666667";"-67,7203333333";"0,0";"0"
"PIONEROS";"02735";"2025-02-15 17:27:00";"-49,2996666667";"-67,7203333333";"0,0";"0"
"PIONEROS";"02735";"2025-02-15 17:42:00";"-49,2996666667";"-67,7203333333";"0,0";"0"
"PIONEROS";"02735";"2025-02-15 17:57:00";"-49,2996666667";"-67,7203333333";"0,0";"0"
"PIONEROS";"02735";"2025-02-15 18:12:00";"-49,2996666667";"-67,7203333333";"0,0";"0"
"PIONEROS";"02735";"2025-02-15 18:27:00";"-49,2996666667";"-67,7203333333";"0,0";"0"
"PIONEROS";"02735";"2025-02-15 18:42:00";"-49,2996666667";"-67,7203333333";"0,0";"0"
"PIONEROS";"02735";"2025-02-15 18:57:00";"-49,2996666667";"-67,7203333333";"0,0";"0"
"PIONEROS";"02735";"2025-02-15 19:12:00";"-49,2996666667";"-67,7203333333";"0,0";"0"
"PIONEROS";"02735";"2025-02-15 19:27:00";"-49,2996666667";"-67,7203333333";"0,0";"0"
"PIONEROS";"02735";"2025-02-15 19:42:00";"-49,2996666667";"-67,7203333333";"0,0";"20"
"PIONEROS";"02735";"2025-02-15 19:57:00";"-49,2996666667";"-67,7203333333";"0,0";"20"
"PIONEROS";"02735";"2025-02-15 20:12:00";"-49,2996666667";"-67,7203333333";"0,0";"20"
"PIONEROS";"02735";"2025-02-15 20:27:00";"-49,2996666667";"-67,7203333333";"0,0";"20"
"PIONEROS";"02735";"2025-02-15 20:42:00";"-49,2996666667";"-67,7203333333";"0,0";"20"
"PIONEROS";"02735";"2025-02-15 20:57:00";"-49,2996666667";"-67,7203333333";"0,0";"20"
"PIONEROS";"02735";"2025-02-15 21:12:00";"-49,2996666667";"-67,7203333333";"0,0";"20"
"PIONEROS";"02735";"2025-02-15 21:24:00";"-49,2996666667";"-67,7203333333";"0,0";"0"
"PIONEROS";"02735";"2025-02-15 21:39:00";"-49,2996666667";"-67,7203333333";"0,0";"0"
"PIONEROS";"02735";"2025-02-15 21:54:00";"-49,2996666667";"-67,7203333333";"0,0";"0"
"PIONEROS";"02735";"2025-02-15 22:09:00";"-49,2996666667";"-67,7203333333";"0,0";"0"
"PIONEROS";"02735";"2025-02-15 22:24:00";"-49,2996666667";"-67,7203333333";"0,0";"0"
"PIONEROS";"02735";"2025-02-15 22:39:00";"-49,2996666667";"-67,7203333333";"0,0";"0"
"PIONEROS";"02735";"2025-02-15 22:54:00";"-49,2996666667";"-67,7203333333";"0,0";"0"
"PIONEROS";"02735";"2025-02-15 23:09:00";"-49,2996666667";"-67,7203333333";"0,0";"0"
"PIONEROS";"02735";"2025-02-15 23:24:00";"-49,2996666667";"-67,7203333333";"0,0";"0"
"PIONEROS";"02735";"2025-02-15 23:39:00";"-49,2996666667";"-67,7203333333";"0,0";"0"
"PIONEROS";"02735";"2025-02-15 23:54:00";"-49,2996666667";"-67,7203333333";"0,0";"0"
"PIONEROS";"02735";"2025-02-16 00:09:00";"-49,2996666667";"-67,7203333333";"0,0";"0"
"PIONEROS";"02735";"2025-02-16 00:24:00";"-49,2996666667";"-67,7203333333";"0,0";"0"
"PIONEROS";"02735";"2025-02-16 00:39:00";"-49,2996666667";"-67,7203333333";"0,0";"0"
"PIONEROS";"02735";"2025-02-16 00:54:00";"-49,2996666667";"-67,7203333333";"0,0";"0"
"PIONEROS";"02735";"2025-02-16 01:09:00";"-49,2996666667";"-67,7203333333";"0,0";"40"
"PIONEROS";"02735";"2025-02-16 01:24:00";"-49,2996666667";"-67,7203333333";"0,0";"40"
"PIONEROS";"02735";"2025-02-16 01:39:00";"-49,2996666667";"-67,7203333333";"0,0";"40"
"PIONEROS";"02735";"2025-02-16 01:54:00";"-49,2996666667";"-67,7203333333";"0,0";"40"
"PIONEROS";"02735";"2025-02-16 02:09:00";"-49,2996666667";"-67,7203333333";"0,0";"40"
"PIONEROS";"02735";"2025-02-16 02:24:00";"-49,2996666667";"-67,7203333333";"0,0";"40"
"PIONEROS";"02735";"2025-02-16 02:54:00";"-49,2996666667";"-67,7203333333";"0,0";"40"
"PIONEROS";"02735";"2025-02-16 03:09:00";"-49,2996666667";"-67,7203333333";"0,0";"40"
"PIONEROS";"02735";"2025-02-16 03:24:00";"-49,2996666667";"-67,7203333333";"0,0";"40"
"PIONEROS";"02735";"2025-02-16 03:39:00";"-49,2996666667";"-67,7203333333";"0,0";"40"
"PIONEROS";"02735";"2025-02-16 03:54:00";"-49,2996666667";"-67,7203333333";"0,0";"40"
"PIONEROS";"02735";"2025-02-16 04:09:00";"-49,2996666667";"-67,7203333333";"0,0";"40"
"PIONEROS";"02735";"2025-02-16 04:24:00";"-49,2996666667";"-67,7203333333";"0,0";"40"
"PIONEROS";"02735";"2025-02-16 04:39:00";"-49,2996666667";"-67,7203333333";"0,0";"40"
"PIONEROS";"02735";"2025-02-16 04:54:00";"-49,2996666667";"-67,7203333333";"0,0";"40"
"PIONEROS";"02735";"2025-02-16 05:09:00";"-49,2996666667";"-67,7203333333";"0,0";"40"
"PIONEROS";"02735";"2025-02-16 05:24:00";"-49,2996666667";"-67,7203333333";"0,0";"40"
"PIONEROS";"02735";"2025-02-16 05:39:00";"-49,2996666667";"-67,7203333333";"0,0";"40"
"PIONEROS";"02735";"2025-02-16 05:54:00";"-49,2996666667";"-67,7203333333";"0,0";"40"
"PIONEROS";"02735";"2025-02-16 06:09:00";"-49,2996666667";"-67,7203333333";"0,0";"40"
"PIONEROS";"02735";"2025-02-16 06:24:00";"-49,2996666667";"-67,7203333333";"0,0";"40"
"PIONEROS";"02735";"2025-02-16 06:39:00";"-49,2996666667";"-67,7203333333";"0,0";"40"
"PIONEROS";"02735";"2025-02-16 06:54:00";"-49,2996666667";"-67,7203333333";"0,0";"40"
"PIONEROS";"02735";"2025-02-16 07:09:00";"-49,2996666667";"-67,7203333333";"0,0";"40"
"PIONEROS";"02735";"2025-02-16 07:24:00";"-49,2996666667";"-67,7203333333";"0,0";"175"
"PIONEROS";"02735";"2025-02-16 07:39:00";"-49,2996666667";"-67,7203333333";"0,0";"175"
"PIONEROS";"02735";"2025-02-16 07:54:00";"-49,2996666667";"-67,7203333333";"0,0";"175"
"PIONEROS";"02735";"2025-02-16 08:09:00";"-49,2996666667";"-67,7203333333";"0,0";"175"
"PIONEROS";"02735";"2025-02-16 08:24:00";"-49,2996666667";"-67,7203333333";"0,0";"175"
"PIONEROS";"02735";"2025-02-16 08:39:00";"-49,2996666667";"-67,7203333333";"0,0";"175"
"PIONEROS";"02735";"2025-02-16 08:54:00";"-49,2996666667";"-67,7203333333";"0,0";"175"
"PIONEROS";"02735";"2025-02-16 09:09:00";"-49,2996666667";"-67,7203333333";"0,0";"175"
"PIONEROS";"02735";"2025-02-16 09:24:00";"-49,2996666667";"-67,7203333333";"0,0";"175"
"PIONEROS";"02735";"2025-02-16 09:39:00";"-49,2996666667";"-67,7203333333";"0,0";"175"
"PIONEROS";"02735";"2025-02-16 09:54:00";"-49,2996666667";"-67,7203333333";"0,0";"175"
"PIONEROS";"02735";"2025-02-16 10:09:00";"-49,2996666667";"-67,7203333333";"0,0";"175"
"PIONEROS";"02735";"2025-02-16 10:24:00";"-49,2996666667";"-67,7203333333";"0,0";"175"
"PIONEROS";"02735";"2025-02-16 10:39:00";"-49,2996666667";"-67,7203333333";"0,0";"175"
"PIONEROS";"02735";"2025-02-16 10:54:00";"-49,2996666667";"-67,7203333333";"0,0";"175"
"PIONEROS";"02735";"2025-02-16 11:09:00";"-49,2996666667";"-67,7203333333";"0,0";"175"
"PIONEROS";"02735";"2025-02-16 11:24:00";"-49,2996666667";"-67,7203333333";"0,0";"175"
"PIONEROS";"02735";"2025-02-16 11:39:00";"-49,2996666667";"-67,7203333333";"0,0";"175"
"PIONEROS";"02735";"2025-02-16 11:54:00";"-49,2996666667";"-67,7203333333";"0,0";"175"
"PIONEROS";"02735";"2025-02-16 12:09:00";"-49,2996666667";"-67,7203333333";"0,0";"175"
"PIONEROS";"02735";"2025-02-16 12:24:00";"-49,2996666667";"-67,7203333333";"0,0";"175"
"PIONEROS";"02735";"2025-02-16 12:39:00";"-49,2996666667";"-67,7203333333";"0,0";"175"
"PIONEROS";"02735";"2025-02-16 12:54:00";"-49,2996666667";"-67,7203333333";"0,0";"175"
"PIONEROS";"02735";"2025-02-16 13:09:00";"-49,2996666667";"-67,7203333333";"0,0";"175"
"PIONEROS";"02735";"2025-02-16 13:24:00";"-49,2996666667";"-67,7203333333";"0,0";"175"
"PIONEROS";"02735";"2025-02-16 13:39:00";"-49,2996666667";"-67,7203333333";"0,0";"175"
"PIONEROS";"02735";"2025-02-16 13:54:00";"-49,2996666667";"-67,7203333333";"0,0";"175"
"PIONEROS";"02735";"2025-02-16 14:09:00";"-49,2996666667";"-67,7203333333";"0,0";"175"
"PIONEROS";"02735";"2025-02-16 14:24:00";"-49,2996666667";"-67,7203333333";"0,0";"175"
"PIONEROS";"02735";"2025-02-16 14:39:00";"-49,2996666667";"-67,7203333333";"0,0";"175"
"PIONEROS";"02735";"2025-02-16 14:54:00";"-49,2996666667";"-67,7203333333";"0,0";"175"
"PIONEROS";"02735";"2025-02-16 15:09:00";"-49,2996666667";"-67,7203333333";"0,0";"325"
"PIONEROS";"02735";"2025-02-16 15:24:00";"-49,2996666667";"-67,7203333333";"0,0";"325"
"PIONEROS";"02735";"2025-02-16 15:39:00";"-49,2996666667";"-67,7203333333";"0,0";"325"
"PIONEROS";"02735";"2025-02-16 15:54:00";"-49,2996666667";"-67,7203333333";"0,0";"325"
"PIONEROS";"02735";"2025-02-16 16:09:00";"-49,2996666667";"-67,7203333333";"0,0";"325"
"PIONEROS";"02735";"2025-02-16 16:24:00";"-49,2996666667";"-67,7203333333";"0,0";"325"
"PIONEROS";"02735";"2025-02-16 16:39:00";"-49,2996666667";"-67,7203333333";"0,0";"325"
"PIONEROS";"02735";"2025-02-16 16:54:00";"-49,2996666667";"-67,7203333333";"0,0";"325"
"PIONEROS";"02735";"2025-02-16 17:09:00";"-49,2996666667";"-67,7203333333";"0,0";"325"
"PIONEROS";"02735";"2025-02-16 17:24:00";"-49,2996666667";"-67,7203333333";"0,0";"325"
"PIONEROS";"02735";"2025-02-16 17:39:00";"-49,2996666667";"-67,7203333333";"0,0";"20"
"PIONEROS";"02735";"2025-02-16 17:54:00";"-49,2996666667";"-67,7203333333";"0,0";"20"
"PIONEROS";"02735";"2025-02-16 18:09:00";"-49,2996666667";"-67,7203333333";"0,0";"20"
"PIONEROS";"02735";"2025-02-16 18:24:00";"-49,2996666667";"-67,7203333333";"0,0";"20"
"PIONEROS";"02735";"2025-02-16 18:39:00";"-49,2996666667";"-67,7203333333";"0,0";"20"
"PIONEROS";"02735";"2025-02-16 18:54:00";"-49,2996666667";"-67,7203333333";"0,0";"20"
"PIONEROS";"02735";"2025-02-16 19:09:00";"-49,2996666667";"-67,7203333333";"0,0";"20"
"PIONEROS";"02735";"2025-02-16 19:24:00";"-49,2996666667";"-67,7203333333";"0,0";"20"
"PIONEROS";"02735";"2025-02-16 19:39:00";"-49,2996666667";"-67,7203333333";"0,0";"20"
"PIONEROS";"02735";"2025-02-16 19:54:00";"-49,2996666667";"-67,7203333333";"0,0";"20"
"PIONEROS";"02735";"2025-02-16 20:09:00";"-49,2996666667";"-67,7203333333";"0,0";"20"
"PIONEROS";"02735";"2025-02-16 20:24:00";"-49,2996666667";"-67,7203333333";"0,0";"20"
"PIONEROS";"02735";"2025-02-16 20:39:00";"-49,2996666667";"-67,7203333333";"0,0";"20"
"PIONEROS";"02735";"2025-02-16 20:54:00";"-49,2996666667";"-67,7203333333";"0,0";"20"
"PIONEROS";"02735";"2025-02-16 21:09:00";"-49,2996666667";"-67,7203333333";"0,0";"20"
"PIONEROS";"02735";"2025-02-16 21:24:00";"-49,2996666667";"-67,7203333333";"0,0";"20"
"PIONEROS";"02735";"2025-02-16 21:39:00";"-49,2996666667";"-67,7203333333";"0,0";"20"
"PIONEROS";"02735";"2025-02-16 21:54:00";"-49,2996666667";"-67,7203333333";"0,0";"20"
"PIONEROS";"02735";"2025-02-16 22:09:00";"-49,2996666667";"-67,7203333333";"0,0";"20"
"PIONEROS";"02735";"2025-02-16 22:24:00";"-49,2996666667";"-67,7203333333";"0,0";"20"
"PIONEROS";"02735";"2025-02-16 22:39:00";"-49,2996666667";"-67,7203333333";"0,0";"20"
"PIONEROS";"02735";"2025-02-16 22:54:00";"-49,2996666667";"-67,7203333333";"0,0";"20"
"PIONEROS";"02735";"2025-02-16 23:09:00";"-49,2996666667";"-67,7203333333";"0,0";"20"
"PIONEROS";"02735";"2025-02-16 23:24:00";"-49,2996666667";"-67,7203333333";"0,0";"20"
"PIONEROS";"02735";"2025-02-16 23:39:00";"-49,2996666667";"-67,7203333333";"0,0";"20"
"PIONEROS";"02735";"2025-02-16 23:54:00";"-49,2996666667";"-67,7203333333";"0,0";"20"
"PIONEROS";"02735";"2025-02-17 00:09:00";"-49,2996666667";"-67,7203333333";"0,0";"20"
"PIONEROS";"02735";"2025-02-17 00:24:00";"-49,2996666667";"-67,7203333333";"0,0";"20"
"PIONEROS";"02735";"2025-02-17 00:39:00";"-49,2996666667";"-67,7203333333";"0,0";"20"
"PIONEROS";"02735";"2025-02-17 00:54:00";"-49,2996666667";"-67,7203333333";"0,0";"20"
"PIONEROS";"02735";"2025-02-17 01:09:00";"-49,2996666667";"-67,7203333333";"0,0";"20"
"PIONEROS";"02735";"2025-02-17 01:24:00";"-49,2996666667";"-67,7203333333";"0,0";"20"
"PIONEROS";"02735";"2025-02-17 01:39:00";"-49,2996666667";"-67,7203333333";"0,0";"20"
"PIONEROS";"02735";"2025-02-17 01:54:00";"-49,2996666667";"-67,7203333333";"0,0";"20"
"PIONEROS";"02735";"2025-02-17 02:09:00";"-49,2996666667";"-67,7203333333";"0,0";"20"
"PIONEROS";"02735";"2025-02-17 02:24:00";"-49,2996666667";"-67,7203333333";"0,0";"20"
"PIONEROS";"02735";"2025-02-17 02:39:00";"-49,2996666667";"-67,7203333333";"0,0";"20"
"PIONEROS";"02735";"2025-02-17 02:54:00";"-49,2996666667";"-67,7203333333";"0,0";"20"
"PIONEROS";"02735";"2025-02-17 03:09:00";"-49,2996666667";"-67,7203333333";"0,0";"20"
"PIONEROS";"02735";"2025-02-17 03:24:00";"-49,2996666667";"-67,7203333333";"0,0";"20"
"PIONEROS";"02735";"2025-02-17 03:39:00";"-49,2996666667";"-67,7203333333";"0,0";"20"
"PIONEROS";"02735";"2025-02-17 03:54:00";"-49,2996666667";"-67,7203333333";"0,0";"20"
"PIONEROS";"02735";"2025-02-17 04:09:00";"-49,2996666667";"-67,7203333333";"0,0";"20"
"PIONEROS";"02735";"2025-02-17 04:24:00";"-49,2996666667";"-67,7203333333";"0,0";"20"
"PIONEROS";"02735";"2025-02-17 04:39:00";"-49,2996666667";"-67,7203333333";"0,0";"20"
"PIONEROS";"02735";"2025-02-17 04:54:00";"-49,2996666667";"-67,7203333333";"0,0";"20"
"PIONEROS";"02735";"2025-02-17 05:09:00";"-49,2996666667";"-67,7203333333";"0,0";"20"
"PIONEROS";"02735";"2025-02-17 05:24:00";"-49,2996666667";"-67,7203333333";"0,0";"20"
"PIONEROS";"02735";"2025-02-17 05:39:00";"-49,2996666667";"-67,7203333333";"0,0";"20"
"PIONEROS";"02735";"2025-02-17 05:54:00";"-49,2996666667";"-67,7203333333";"0,0";"20"
"PIONEROS";"02735";"2025-02-17 06:09:00";"-49,2996666667";"-67,7203333333";"0,0";"20"
"PIONEROS";"02735";"2025-02-17 06:24:00";"-49,2996666667";"-67,7203333333";"0,0";"20"
"PIONEROS";"02735";"2025-02-17 06:39:00";"-49,2996666667";"-67,7203333333";"0,0";"20"
"PIONEROS";"02735";"2025-02-17 06:54:00";"-49,2996666667";"-67,7203333333";"0,0";"20"
"PIONEROS";"02735";"2025-02-17 07:09:00";"-49,2996666667";"-67,7203333333";"0,0";"20"
"PIONEROS";"02735";"2025-02-17 07:24:00";"-49,2996666667";"-67,7203333333";"0,0";"20"
"PIONEROS";"02735";"2025-02-17 07:39:00";"-49,2996666667";"-67,7203333333";"0,0";"20"
"PIONEROS";"02735";"2025-02-17 07:54:00";"-49,2996666667";"-67,7203333333";"0,0";"20"
"PIONEROS";"02735";"2025-02-17 08:09:00";"-49,2996666667";"-67,7203333333";"0,0";"20"
"PIONEROS";"02735";"2025-02-17 08:24:00";"-49,2996666667";"-67,7203333333";"0,0";"20"
"PIONEROS";"02735";"2025-02-17 08:39:00";"-49,2996666667";"-67,7203333333";"0,0";"20"
"PIONEROS";"02735";"2025-02-17 08:54:00";"-49,2996666667";"-67,7203333333";"0,0";"20"
"PIONEROS";"02735";"2025-02-17 09:09:00";"-49,2996666667";"-67,7203333333";"0,0";"20"
"PIONEROS";"02735";"2025-02-17 09:24:00";"-49,2996666667";"-67,7203333333";"0,0";"20"
"PIONEROS";"02735";"2025-02-17 09:39:00";"-49,2996666667";"-67,7203333333";"0,0";"20"
"PIONEROS";"02735";"2025-02-17 09:54:00";"-49,2996666667";"-67,7203333333";"0,0";"20"
"PIONEROS";"02735";"2025-02-17 10:09:00";"-49,2996666667";"-67,7203333333";"0,0";"20"
"PIONEROS";"02735";"2025-02-17 10:24:00";"-49,2996666667";"-67,7203333333";"0,0";"20"
"PIONEROS";"02735";"2025-02-17 10:39:00";"-49,2996666667";"-67,7203333333";"0,0";"20"
"PIONEROS";"02735";"2025-02-17 10:54:00";"-49,2996666667";"-67,7203333333";"0,0";"145"
"PIONEROS";"02735";"2025-02-17 11:09:00";"-49,2996666667";"-67,7203333333";"0,0";"145"
"PIONEROS";"02735";"2025-02-17 11:24:00";"-49,2996666667";"-67,7203333333";"0,0";"145"
"PIONEROS";"02735";"2025-02-17 11:39:00";"-49,2996666667";"-67,7203333333";"0,0";"145"
"PIONEROS";"02735";"2025-02-17 11:54:00";"-49,2996666667";"-67,7203333333";"0,0";"145"
"PIONEROS";"02735";"2025-02-17 12:01:00";"-49,2996666667";"-67,7203333333";"0,0";"0"
"PIONEROS";"02735";"2025-02-17 12:16:00";"-49,2996666667";"-67,7203333333";"0,0";"0"
"PIONEROS";"02735";"2025-02-17 12:31:00";"-49,2996666667";"-67,7203333333";"0,0";"0"
"PIONEROS";"02735";"2025-02-17 12:46:00";"-49,2996666667";"-67,7203333333";"0,0";"0"
"PIONEROS";"02735";"2025-02-17 13:01:00";"-49,2996666667";"-67,7203333333";"0,0";"295"
"PIONEROS";"02735";"2025-02-17 13:16:00";"-49,2996666667";"-67,7203333333";"0,0";"295"
"PIONEROS";"02735";"2025-02-17 13:31:00";"-49,2996666667";"-67,7203333333";"0,0";"295"
"PIONEROS";"02735";"2025-02-17 13:46:00";"-49,2996666667";"-67,7203333333";"0,0";"295"
"PIONEROS";"02735";"2025-02-17 14:01:00";"-49,2996666667";"-67,7203333333";"0,0";"295"
"PIONEROS";"02735";"2025-02-17 14:16:00";"-49,2996666667";"-67,7203333333";"0,0";"295"
"PIONEROS";"02735";"2025-02-17 14:31:00";"-49,2996666667";"-67,7203333333";"0,0";"295"
"PIONEROS";"02735";"2025-02-17 14:38:00";"-49,2996666667";"-67,7203333333";"0,0";"0"
"PIONEROS";"02735";"2025-02-17 14:53:00";"-49,2996666667";"-67,7203333333";"0,0";"155"
"PIONEROS";"02735";"2025-02-17 15:08:00";"-49,2996666667";"-67,7203333333";"0,0";"155"
"PIONEROS";"02735";"2025-02-17 15:23:00";"-49,2996666667";"-67,7203333333";"0,0";"155"
"PIONEROS";"02735";"2025-02-17 15:38:00";"-49,2996666667";"-67,7203333333";"0,0";"155"
"PIONEROS";"02735";"2025-02-17 15:45:00";"-49,2996666667";"-67,7203333333";"0,0";"0"
"PIONEROS";"02735";"2025-02-17 16:00:00";"-49,2996666667";"-67,7203333333";"0,0";"295"
"PIONEROS";"02735";"2025-02-17 16:15:00";"-49,2996666667";"-67,7203333333";"0,0";"295"
"PIONEROS";"02735";"2025-02-17 16:30:00";"-49,2996666667";"-67,7203333333";"0,0";"225"
"PIONEROS";"02735";"2025-02-17 16:45:00";"-49,2996666667";"-67,7203333333";"0,0";"225"
"PIONEROS";"02735";"2025-02-17 17:00:00";"-49,2996666667";"-67,7203333333";"0,0";"225"
"PIONEROS";"02735";"2025-02-17 17:15:00";"-49,2996666667";"-67,7203333333";"0,0";"225"
"PIONEROS";"02735";"2025-02-17 17:30:00";"-49,2878333333";"-67,702";"6,5";"50"
"PIONEROS";"02735";"2025-02-17 17:45:00";"-49,263";"-67,6816666667";"6,5";"20"
"PIONEROS";"02735";"2025-02-17 18:00:00";"-49,2416666667";"-67,6533333333";"7,0";"55"
"PIONEROS";"02735";"2025-02-17 18:15:00";"-49,2205";"-67,6141666667";"8,6";"55"
"PIONEROS";"02735";"2025-02-17 18:30:00";"-49,2";"-67,5633333333";"9,2";"45"
"PIONEROS";"02735";"2025-02-17 18:45:00";"-49,177";"-67,5141666667";"9,2";"55"
"PIONEROS";"02735";"2025-02-17 19:00:00";"-49,1541666667";"-67,462";"10,3";"50"
"PIONEROS";"02735";"2025-02-17 19:15:00";"-49,1303333333";"-67,4095";"9,7";"65"
"PIONEROS";"02735";"2025-02-17 19:30:00";"-49,107";"-67,3546666667";"10,3";"55"
"PIONEROS";"02735";"2025-02-17 19:45:00";"-49,0811666667";"-67,3005";"10,8";"50"
"PIONEROS";"02735";"2025-02-17 20:00:00";"-49,0575";"-67,2461666667";"9,7";"55"
"PIONEROS";"02735";"2025-02-17 20:15:00";"-49,035";"-67,1946666667";"9,7";"55"
"PIONEROS";"02735";"2025-02-17 20:30:00";"-49,0105";"-67,1408333333";"10,8";"55"
"PIONEROS";"02735";"2025-02-17 20:45:00";"-48,9871666667";"-67,0878333333";"9,2";"50"
"PIONEROS";"02735";"2025-02-17 21:00:00";"-48,9661666667";"-67,0341666667";"8,6";"60"
"PIONEROS";"02735";"2025-02-17 21:15:00";"-48,942";"-66,9863333333";"9,2";"55"
"PIONEROS";"02735";"2025-02-17 21:30:00";"-48,9195";"-66,937";"9,2";"45"
"PIONEROS";"02735";"2025-02-17 21:45:00";"-48,8983333333";"-66,887";"8,6";"55"
"PIONEROS";"02735";"2025-02-17 22:00:00";"-48,8771666667";"-66,8391666667";"8,6";"40"
"PIONEROS";"02735";"2025-02-17 22:15:00";"-48,8546666667";"-66,7911666667";"9,2";"55"
"PIONEROS";"02735";"2025-02-17 22:30:00";"-48,8328333333";"-66,7455";"8,1";"55"
"PIONEROS";"02735";"2025-02-17 22:45:00";"-48,812";"-66,7005";"8,1";"55"
"PIONEROS";"02735";"2025-02-17 23:00:00";"-48,7941666667";"-66,652";"8,6";"50"
"PIONEROS";"02735";"2025-02-17 23:15:00";"-48,773";"-66,6058333333";"8,6";"50"
"PIONEROS";"02735";"2025-02-17 23:30:00";"-48,7508333333";"-66,5603333333";"9,2";"50"
"PIONEROS";"02735";"2025-02-17 23:45:00";"-48,7303333333";"-66,5141666667";"8,6";"50"
"PIONEROS";"02735";"2025-02-18 00:00:00";"-48,7105";"-66,468";"8,6";"55"
"PIONEROS";"02735";"2025-02-18 00:15:00";"-48,6891666667";"-66,4246666667";"8,6";"40"
"PIONEROS";"02735";"2025-02-18 00:30:00";"-48,6716666667";"-66,3808333333";"7,6";"50"
"PIONEROS";"02735";"2025-02-18 00:45:00";"-48,653";"-66,3395";"7,6";"50"
"PIONEROS";"02735";"2025-02-18 01:00:00";"-48,6333333333";"-66,2988333333";"8,1";"55"
"PIONEROS";"02735";"2025-02-18 01:15:00";"-48,6155";"-66,26";"7,0";"65"
"PIONEROS";"02735";"2025-02-18 01:30:00";"-48,6016666667";"-66,2211666667";"7,0";"50"
"PIONEROS";"02735";"2025-02-18 01:45:00";"-48,5861666667";"-66,1845";"5,9";"50"
"PIONEROS";"02735";"2025-02-18 02:00:00";"-48,5708333333";"-66,1496666667";"6,5";"50"
"PIONEROS";"02735";"2025-02-18 02:15:00";"-48,5545";"-66,115";"5,9";"55"
"PIONEROS";"02735";"2025-02-18 02:30:00";"-48,538";"-66,0805";"5,9";"50"
"PIONEROS";"02735";"2025-02-18 02:45:00";"-48,5205";"-66,0438333333";"7,0";"55"
"PIONEROS";"02735";"2025-02-18 03:00:00";"-48,5038333333";"-66,0061666667";"6,5";"55"
"PIONEROS";"02735";"2025-02-18 03:15:00";"-48,4846666667";"-65,9678333333";"7,0";"50"
"PIONEROS";"02735";"2025-02-18 03:30:00";"-48,4658333333";"-65,928";"8,1";"55"
"PIONEROS";"02735";"2025-02-18 03:45:00";"-48,4483333333";"-65,8863333333";"8,1";"60"
"PIONEROS";"02735";"2025-02-18 04:00:00";"-48,4286666667";"-65,8471666667";"8,1";"55"
"PIONEROS";"02735";"2025-02-18 04:15:00";"-48,4108333333";"-65,8058333333";"7,6";"55"
"PIONEROS";"02735";"2025-02-18 04:30:00";"-48,393";"-65,7638333333";"8,1";"50"
"PIONEROS";"02735";"2025-02-18 04:45:00";"-48,3746666667";"-65,7225";"7,6";"55"
"PIONEROS";"02735";"2025-02-18 05:00:00";"-48,3553333333";"-65,6805";"7,0";"45"
"PIONEROS";"02735";"2025-02-18 05:15:00";"-48,3361666667";"-65,6355";"8,1";"55"
"PIONEROS";"02735";"2025-02-18 05:30:00";"-48,3155";"-65,5896666667";"9,2";"45"
"PIONEROS";"02735";"2025-02-18 05:45:00";"-48,2945";"-65,5413333333";"9,2";"45"
"PIONEROS";"02735";"2025-02-18 06:00:00";"-48,2728333333";"-65,492";"8,6";"50"
"PIONEROS";"02735";"2025-02-18 06:15:00";"-48,2496666667";"-65,443";"8,6";"45"
"PIONEROS";"02735";"2025-02-18 06:30:00";"-48,2258333333";"-65,395";"7,6";"45"
"PIONEROS";"02735";"2025-02-18 06:45:00";"-48,2016666667";"-65,3455";"9,2";"50"
"PIONEROS";"02735";"2025-02-18 07:00:00";"-48,1775";"-65,295";"9,7";"50"
"PIONEROS";"02735";"2025-02-18 07:15:00";"-48,1533333333";"-65,2425";"10,3";"55"
"PIONEROS";"02735";"2025-02-18 07:30:00";"-48,1288333333";"-65,1883333333";"10,3";"50"
"PIONEROS";"02735";"2025-02-18 07:45:00";"-48,1036666667";"-65,135";"10,8";"55"
"PIONEROS";"02735";"2025-02-18 08:00:00";"-48,0786666667";"-65,0816666667";"9,7";"60"
"PIONEROS";"02735";"2025-02-18 08:15:00";"-48,053";"-65,0266666667";"11,3";"55"
"PIONEROS";"02735";"2025-02-18 08:30:00";"-48,0266666667";"-64,9733333333";"9,7";"50"
"PIONEROS";"02735";"2025-02-18 08:45:00";"-48,0";"-64,922";"10,3";"50"
"PIONEROS";"02735";"2025-02-18 09:00:00";"-47,9766666667";"-64,8786666667";"7,6";"55"
"PIONEROS";"02735";"2025-02-18 09:15:00";"-47,9563333333";"-64,833";"9,2";"55"
"PIONEROS";"02735";"2025-02-18 09:30:00";"-47,9411666667";"-64,785";"8,6";"70"
"PIONEROS";"02735";"2025-02-18 09:45:00";"-47,9238333333";"-64,737";"9,7";"55"
"PIONEROS";"02735";"2025-02-18 10:00:00";"-47,9166666667";"-64,6933333333";"1,1";"65"
"PIONEROS";"02735";"2025-02-18 10:15:00";"-47,9188333333";"-64,6945";"0,5";"115"
"PIONEROS";"02735";"2025-02-18 10:30:00";"-47,9191666667";"-64,6955";"1,6";"295"
"PIONEROS";"02735";"2025-02-18 10:45:00";"-47,9245";"-64,6983333333";"1,6";"180"
"PIONEROS";"02735";"2025-02-18 11:00:00";"-47,9291666667";"-64,702";"2,7";"190"
"PIONEROS";"02735";"2025-02-18 11:15:00";"-47,9338333333";"-64,7055";"1,1";"265"
"PIONEROS";"02735";"2025-02-18 11:30:00";"-47,9355";"-64,7055";"4,9";"110"
"PIONEROS";"02735";"2025-02-18 11:45:00";"-47,9236666667";"-64,685";"0,0";"190"
"PIONEROS";"02735";"2025-02-18 12:00:00";"-47,9286666667";"-64,6875";"1,6";"220"
"PIONEROS";"02735";"2025-02-18 12:15:00";"-47,9345";"-64,6903333333";"0,5";"145"
"PIONEROS";"02735";"2025-02-18 12:30:00";"-47,9396666667";"-64,6928333333";"1,6";"175"
"PIONEROS";"02735";"2025-02-18 12:45:00";"-47,935";"-64,702";"7,6";"325"
"PIONEROS";"02735";"2025-02-18 13:00:00";"-47,903";"-64,723";"8,1";"325"
"PIONEROS";"02735";"2025-02-18 13:15:00";"-47,8725";"-64,7446666667";"6,5";"330"
"PIONEROS";"02735";"2025-02-18 13:30:00";"-47,843";"-64,7655";"7,6";"290"
"PIONEROS";"02735";"2025-02-18 13:45:00";"-47,843";"-64,7683333333";"1,6";"255"
"PIONEROS";"02735";"2025-02-18 14:00:00";"-47,848";"-64,7721666667";"1,6";"215"
"PIONEROS";"02735";"2025-02-18 14:15:00";"-47,8541666667";"-64,777";"1,1";"235"
"PIONEROS";"02735";"2025-02-18 14:30:00";"-47,8596666667";"-64,7813333333";"1,1";"335"
"PIONEROS";"02735";"2025-02-18 14:45:00";"-47,8491666667";"-64,7821666667";"7,0";"10"
"PIONEROS";"02735";"2025-02-18 15:00:00";"-47,8191666667";"-64,7766666667";"8,1";"5"
"PIONEROS";"02735";"2025-02-18 15:15:00";"-47,7891666667";"-64,7778333333";"8,6";"350"
"PIONEROS";"02735";"2025-02-18 15:30:00";"-47,7805";"-64,7771666667";"1,1";"310"
"PIONEROS";"02735";"2025-02-18 15:45:00";"-47,775";"-64,778";"1,6";"325"
"PIONEROS";"02735";"2025-02-18 16:00:00";"-47,7686666667";"-64,7775";"2,2";"340"
"PIONEROS";"02735";"2025-02-18 16:15:00";"-47,7633333333";"-64,7775";"1,6";"355"
"PIONEROS";"02735";"2025-02-18 16:30:00";"-47,7633333333";"-64,7778333333";"1,1";"130"
"PIONEROS";"02735";"2025-02-18 16:45:00";"-47,7663333333";"-64,7783333333";"2,2";"240"
"PIONEROS";"02735";"2025-02-18 17:00:00";"-47,7428333333";"-64,7778333333";"8,6";"5"
"PIONEROS";"02735";"2025-02-18 17:15:00";"-47,7228333333";"-64,7716666667";"2,2";"35"
"PIONEROS";"02735";"2025-02-18 17:30:00";"-47,7253333333";"-64,7696666667";"0,0";"200"
"PIONEROS";"02735";"2025-02-18 17:45:00";"-47,7261666667";"-64,7703333333";"1,1";"25"
"PIONEROS";"02735";"2025-02-18 18:00:00";"-47,7286666667";"-64,7713333333";"1,6";"155"
"PIONEROS";"02735";"2025-02-18 18:15:00";"-47,7341666667";"-64,7711666667";"2,7";"175"
"PIONEROS";"02735";"2025-02-18 18:30:00";"-47,7391666667";"-64,7708333333";"1,1";"235"
"PIONEROS";"02735";"2025-02-18 18:45:00";"-47,7405";"-64,7696666667";"1,1";"65"
"PIONEROS";"02735";"2025-02-18 19:00:00";"-47,7233333333";"-64,7855";"7,0";"325"
"PIONEROS";"02735";"2025-02-18 19:15:00";"-47,6908333333";"-64,8133333333";"8,6";"335"
"PIONEROS";"02735";"2025-02-18 19:30:00";"-47,6558333333";"-64,8408333333";"9,2";"330"
"PIONEROS";"02735";"2025-02-18 19:45:00";"-47,6205";"-64,8663333333";"8,6";"340"
"PIONEROS";"02735";"2025-02-18 20:00:00";"-47,585";"-64,8933333333";"9,7";"325"
"PIONEROS";"02735";"2025-02-18 20:15:00";"-47,5488333333";"-64,9213333333";"10,3";"325"
"PIONEROS";"02735";"2025-02-18 20:30:00";"-47,513";"-64,953";"9,7";"325"
"PIONEROS";"02735";"2025-02-18 20:45:00";"-47,4761666667";"-64,9866666667";"10,8";"320"
"PIONEROS";"02735";"2025-02-18 21:00:00";"-47,4383333333";"-65,0221666667";"11,9";"320"
"PIONEROS";"02735";"2025-02-18 21:15:00";"-47,4";"-65,0563333333";"10,8";"320"
"PIONEROS";"02735";"2025-02-18 21:30:00";"-47,3613333333";"-65,0883333333";"10,3";"330"
"PIONEROS";"02735";"2025-02-18 21:45:00";"-47,3228333333";"-65,1183333333";"10,3";"335"
"PIONEROS";"02735";"2025-02-18 22:00:00";"-47,2846666667";"-65,147";"8,6";"335"
"PIONEROS";"02735";"2025-02-18 22:15:00";"-47,2475";"-65,178";"10,3";"330"
"PIONEROS";"02735";"2025-02-18 22:30:00";"-47,2108333333";"-65,2113333333";"9,7";"325"
"PIONEROS";"02735";"2025-02-18 22:45:00";"-47,1741666667";"-65,2436666667";"9,7";"325"
"PIONEROS";"02735";"2025-02-18 23:00:00";"-47,137";"-65,2728333333";"9,2";"335"
"PIONEROS";"02735";"2025-02-18 23:15:00";"-47,0995";"-65,3003333333";"9,7";"325"
"PIONEROS";"02735";"2025-02-18 23:30:00";"-47,0675";"-65,3375";"9,2";"320"
"PIONEROS";"02735";"2025-02-18 23:45:00";"-47,0421666667";"-65,3878333333";"9,7";"305"
